151643 47 8 44 28 29 77 118 83 7 46
0 47 8 0 80 61 17 67 83 23 119
151644 47 8 46 101 77 48 83 125 2 110
151667 0 8 60 115 37 82 94 78 102 13
151667 1 8 70 127 119 10 5 84 108 125
151667 2 8 16 2 107 127 126 99 93 77
151667 3 8 66 107 87 18 37 12 14 5
151667 4 8 122 73 29 52 101 7 126 11
151667 5 8 18 7 64 16 49 33 84 25
151667 6 8 107 108 71 44 40 80 70 11
151667 7 8 56 7 9 71 24 59 0 97
151667 8 8 22 16 53 57 11 41 114 8
151667 9 8 55 2 82 69 74 122 78 85
151667 10 8 3 26 57 16 71 55 7 126
151667 11 8 30 25 56 52 59 103 14 63
151667 12 8 85 8 21 64 126 105 41 92
151667 13 8 0 122 81 61 26 47 68 78
151667 14 8 22 117 1 42 33 104 92 61
151667 15 8 52 51 41 49 0 93 125 66
151667 16 8 103 48 27 81 105 65 42 76
151667 17 8 18 118 58 41 83 75 109 88
151667 18 8 107 81 24 70 44 68 122 38
151667 19 8 56 9 28 59 62 7 119 88
151667 20 8 16 57 53 111 72 22 11 114
151667 21 8 69 55 85 50 82 2 87 122
151667 22 8 26 71 122 57 3 16 98 55
151667 23 8 56 63 25 52 14 5 28 3
151667 24 8 85 105 64 126 93 8 75 50
151667 25 8 0 122 68 26 103 8 61 19
151667 26 8 117 22 104 1 5 81 61 98
151667 27 8 49 120 52 41 5 75 8 51
151667 28 8 103 81 98 27 69 65 42 76
151667 29 8 78 18 88 58 83 75 94 81
151667 30 8 70 71 44 107 120 24 26 98
151667 31 8 56 28 7 59 119 75 113 62
151667 32 8 57 16 72 11 53 111 3 22
151667 33 8 69 55 122 85 87 50 2 64
151667 34 8 71 68 26 98 57 21 3 55
151667 35 8 52 3 14 56 63 7 5 28
151667 36 8 105 85 126 75 65 8 73 64
151667 37 8 0 26 14 122 8 103 68 104
151667 38 8 81 117 5 100 61 4 22 124
151667 39 8 2 5 41 49 127 59 75 70
151667 40 8 58 103 81 76 17 65 48 64
151667 41 8 33 78 26 108 118 21 18 88
151667 42 8 113 81 52 57 47 35 60 118
151667 43 8 84 31 96 86 108 72 23 37
151667 44 8 102 51 94 30 127 90 117 70
151667 45 8 82 1 44 38 107 29 54 14
151667 46 8 37 118 85 34 5 103 41 71
151667 47 8 44 77 122 46 74 28 105 116
198 0 8 60 16 84 115 1 114 53 45
198 1 8 119 82 127 5 121 10 70 15
198 2 8 80 38 116 47 82 48 93 39
198 3 8 120 115 16 82 57 107 47 31
198 4 8 115 123 126 104 81 73 52 75
198 5 8 25 51 66 1 37 33 9 13
198 6 8 8 80 78 34 71 40 24 27
198 7 8 71 101 9 59 112 0 3 31
198 8 8 116 65 57 16 26 9 46 111
198 9 8 19 74 114 85 55 10 87 69
198 10 8 53 26 29 56 3 112 104 16
198 11 8 7 113 3 14 125 6 5 60
198 12 8 8 56 85 78 96 105 126 72
198 13 8 19 0 14 9 78 122 26 58
198 14 8 117 100 104 90 17 81 32 86
198 15 8 123 70 10 49 41 101 120 12
198 16 8 39 103 81 99 65 64 73 17
198 17 8 21 78 41 55 83 58 42 23
198 18 8 78 24 80 8 107 81 44 122
198 19 8 101 59 119 9 71 62 28 85
198 20 8 72 16 57 26 111 65 9 3
198 21 8 85 69 55 114 19 64 2 122
198 22 8 26 98 68 29 16 58 56 57
198 23 8 3 5 7 113 14 6 63 125
198 24 8 8 78 65 126 85 49 105 21
198 25 8 19 0 103 14 122 78 58 81
198 26 8 117 100 86 98 104 5 17 85
198 27 8 49 127 70 41 120 101 59 12
198 28 8 103 39 99 105 76 17 81 48
198 29 8 78 55 21 58 41 42 83 18
198 30 8 24 78 81 44 71 98 70 26
198 31 8 101 28 59 75 9 62 71 112
198 32 8 57 16 65 111 72 26 9 53
198 33 8 69 85 87 122 55 74 125 64
198 34 8 29 26 68 78 56 98 16 72
198 35 8 113 3 7 5 14 125 52 63
198 36 8 96 56 78 105 65 75 8 21
198 37 8 19 0 26 78 14 58 104 103
198 38 8 117 100 17 107 86 90 81 5
198 39 8 70 49 59 123 10 101 66 5
198 40 8 103 81 17 99 87 64 65 105
198 41 8 78 55 21 41 18 48 42 71
198 42 8 56 6 113 64 81 60 32 54
198 43 8 92 37 71 107 31 86 78 77
198 44 8 90 31 51 127 73 65 91 53
198 45 8 44 1 107 74 101 94 54 29
198 46 8 34 38 103 118 97 11 119 84
198 47 8 125 73 101 20 2 105 77 126
32313 0 8 21 75 87 60 62 34 56 33
32313 1 8 119 6 10 58 23 125 127 88
32313 2 8 47 127 93 8 54 9 95 70
32313 3 8 16 4 38 107 82 115 43 47
32313 4 8 81 124 48 56 104 86 25 84
32313 5 8 68 82 25 13 34 22 21 24
32313 6 8 8 80 52 40 107 110 30 34
32313 7 8 9 71 110 51 31 59 3 97
32313 8 8 116 46 36 26 3 57 109 111
32313 9 8 65 75 52 96 87 114 19 49
32313 10 8 53 112 26 74 30 29 98 104
32313 11 8 7 89 63 113 107 37 65 125
32313 12 8 116 56 24 97 98 65 75 105
32313 13 8 0 26 82 23 122 14 102 32
32313 14 8 90 75 117 88 82 100 81 17
32313 15 8 70 10 123 16 8 87 120 49
32313 16 8 65 17 73 64 103 7 45 58
32313 17 8 18 91 27 78 23 69 94 21
32313 18 8 8 52 79 80 40 44 27 110
32313 19 8 9 110 31 59 51 71 75 62
32313 20 8 116 46 3 36 57 26 9 72
32313 21 8 65 96 64 114 49 52 122 85
32313 22 8 26 53 112 98 35 30 74 66
32313 23 8 7 43 107 89 37 125 63 96
32313 24 8 65 56 50 97 75 105 8 24
32313 25 8 0 73 20 103 58 26 2 82
32313 26 8 90 75 115 100 17 76 86 117
32313 27 8 70 8 10 49 120 101 87 123
32313 28 8 17 65 103 84 45 73 83 24
32313 29 8 18 1 78 69 27 58 91 83
32313 30 8 8 52 80 44 79 40 56 127
32313 31 8 110 9 31 71 51 75 59 45
32313 32 8 116 46 3 36 109 43 57 105
32313 33 8 65 52 1 85 96 111 118 64
32313 34 8 53 98 112 26 35 66 74 30
32313 35 8 7 107 37 96 43 89 63 8
32313 36 8 65 75 56 97 50 24 105 116
32313 37 8 101 73 81 82 104 0 23 2
32313 38 8 90 75 107 86 34 115 82 17
32313 39 8 10 8 70 87 103 95 120 123
32313 40 8 65 17 45 73 89 11 75 7
32313 41 8 18 26 17 48 58 49 78 69
32313 42 8 2 58 64 114 50 36 32 60
32313 43 8 30 96 77 112 82 31 75 78
32313 44 8 94 113 29 51 53 73 90 11
32313 45 8 100 107 29 94 1 86 84 53
32313 46 8 122 103 38 84 37 17 97 26
32313 47 8 79 12 44 82 108 14 54 114
11 0 8 44 26 59 65 114 45 104 38
11 1 8 50 127 23 58 119 94 124 80
11 2 8 47 84 93 88 127 54 40 82
11 3 8 16 2 82 47 38 39 124 4
11 4 8 104 81 124 106 56 25 48 85
11 5 8 82 13 68 22 25 107 34 51
11 6 8 8 34 80 30 35 83 105 52
11 7 8 9 71 3 16 51 59 117 60
11 8 8 116 109 46 26 36 7 57 9
11 9 8 114 117 54 65 10 9 96 19
11 10 8 53 56 112 30 98 26 81 39
11 11 8 7 89 67 82 125 127 21 113
11 12 8 116 56 96 65 104 15 97 98
11 13 8 32 58 19 42 23 0 28 124
11 14 8 90 20 17 117 88 100 75 48
11 15 8 70 10 123 101 76 4 16 49
11 16 8 73 17 39 64 67 124 84 65
11 17 8 42 69 21 71 48 23 25 91
11 18 8 8 80 34 30 40 56 27 52
11 19 8 71 9 16 0 59 34 75 31
11 20 8 116 43 65 46 9 57 101 63
11 21 8 114 111 117 10 54 122 59 45
11 22 8 53 98 78 104 56 26 66 58
11 23 8 7 125 89 113 127 67 21 39
11 24 8 56 65 116 96 105 97 50 8
11 25 8 58 32 26 42 19 104 25 23
11 26 8 90 17 117 88 100 20 86 75
11 27 8 123 101 70 10 76 14 49 103
11 28 8 73 39 81 67 17 21 59 103
11 29 8 71 42 21 91 1 48 23 25
11 30 8 80 8 40 83 56 30 34 105
11 31 8 71 0 75 9 117 112 59 34
11 32 8 116 43 109 9 65 63 57 46
11 33 8 117 59 114 111 65 54 122 9
11 34 8 98 112 78 66 105 61 104 30
11 35 8 7 4 113 37 125 61 21 89
11 36 8 65 56 116 97 50 96 75 99
11 37 8 104 15 58 28 23 0 42 20
11 38 8 20 90 17 48 75 107 86 7
11 39 8 10 101 70 85 103 8 123 120
11 40 8 65 45 73 17 124 84 8 103
11 41 8 18 42 48 69 72 17 78 19
11 42 8 36 31 39 32 64 74 2 54
11 43 8 77 78 88 43 112 40 30 37
11 44 8 53 73 98 0 97 121 65 29
11 45 8 94 84 100 1 22 85 127 107
11 46 8 103 38 84 97 75 68 29 67
11 47 8 73 32 117 111 126 109 95 85
358 0 8 104 103 49 78 50 32 6 37
358 1 8 9 58 23 6 30 77 95 126
358 2 8 51 122 47 93 127 14 100 40
358 3 8 16 2 38 112 39 124 29 99
358 4 8 104 81 48 56 23 25 124 50
358 5 8 107 82 13 22 25 74 97 68
358 6 8 8 80 79 52 40 42 30 111
358 7 8 9 110 71 2 51 31 50 117
358 8 8 116 46 109 36 3 61 26 57
358 9 8 52 65 96 1 118 64 71 75
358 10 8 53 112 35 26 98 30 74 39
358 11 8 7 89 6 113 37 107 43 125
358 12 8 116 56 50 98 97 24 59 65
358 13 8 2 122 0 23 16 101 104 82
358 14 8 90 80 75 88 117 115 79 86
358 15 8 10 70 13 8 123 60 16 120
358 16 8 11 65 7 17 73 64 55 45
358 17 8 39 52 91 18 17 78 83 23
358 18 8 79 80 8 52 71 27 40 64
358 19 8 9 71 31 110 51 59 125 34
358 20 8 116 46 3 109 57 43 9 26
358 21 8 114 96 65 84 64 111 87 10
358 22 8 35 53 98 26 112 30 66 74
358 23 8 7 6 113 43 125 96 60 82
358 24 8 50 56 65 75 59 116 97 8
358 25 8 0 2 73 23 104 122 20 103
358 26 8 90 80 75 115 86 88 105 100
358 27 8 10 120 70 123 8 14 76 13
358 28 8 11 17 84 45 65 7 83 103
358 29 8 39 18 52 78 22 34 83 27
358 30 8 52 8 79 80 64 25 44 71
358 31 8 31 110 9 71 2 51 56 34
358 32 8 116 109 3 43 46 36 2 61
358 33 8 65 52 59 118 111 96 77 87
358 34 8 35 112 98 103 53 66 85 26
358 35 8 7 37 43 107 96 89 6 21
358 36 8 50 75 97 56 65 26 24 116
358 37 8 2 82 101 104 23 16 73 10
358 38 8 75 80 7 90 107 115 79 34
358 39 8 10 13 60 8 120 82 95 123
358 40 8 11 7 45 17 65 15 84 55
358 41 8 39 18 17 52 46 106 15 103
358 42 8 2 74 125 36 37 24 123 60
358 43 8 56 19 43 12 112 78 97 77
358 44 8 88 45 99 65 37 7 98 44
358 45 8 58 46 17 112 84 92 107 100
358 46 8 84 30 29 39 105 38 103 88
358 47 8 111 108 95 35 52 6 59 87
1184 0 8 111 2 62 126 12 97 22 29
1184 1 8 86 123 88 76 3 10 77 58
1184 2 8 47 24 14 51 9 119 127 7
1184 3 8 16 38 2 105 59 25 35 39
1184 4 8 48 104 56 25 81 124 23 22
1184 5 8 34 102 80 22 107 13 126 82
1184 6 8 79 8 52 80 42 110 71 25
1184 7 8 87 110 34 71 9 31 51 50
1184 8 8 116 46 36 3 51 2 26 113
1184 9 8 94 52 65 87 1 64 118 96
1184 10 8 74 112 53 35 26 98 67 39
1184 11 8 89 65 7 37 107 87 127 14
1184 12 8 116 50 97 56 53 104 85 75
1184 13 8 75 44 24 16 2 23 98 11
1184 14 8 75 62 90 88 79 80 115 8
1184 15 8 10 13 60 8 70 120 18 95
1184 16 8 15 17 7 45 65 73 91 11
1184 17 8 18 14 52 15 17 83 22 29
1184 18 8 79 8 52 71 25 64 44 110
1184 19 8 87 110 31 9 34 51 59 125
1184 20 8 116 3 46 36 57 51 15 33
1184 21 8 94 65 64 52 118 96 114 87
1184 22 8 74 35 53 98 112 30 26 58
1184 23 8 89 7 87 96 37 4 43 82
1184 24 8 50 116 97 56 104 85 65 75
1184 25 8 24 75 82 73 16 2 44 21
1184 26 8 62 90 75 8 28 79 88 6
1184 27 8 10 120 60 13 18 4 14 35
1184 28 8 17 15 45 73 7 123 65 20
1184 29 8 18 97 14 83 85 52 17 22
1184 30 8 79 8 52 64 25 80 30 44
1184 31 8 87 31 9 110 34 71 51 3
1184 32 8 116 3 46 36 43 51 57 15
1184 33 8 52 94 65 118 64 87 59 45
1184 34 8 35 74 98 112 53 30 62 26
1184 35 8 89 37 87 65 7 96 21 67
1184 36 8 50 116 97 100 56 53 28 124
1184 37 8 44 75 24 21 2 101 98 82
1184 38 8 75 62 107 88 6 34 36 28
1184 39 8 120 10 98 13 82 8 76 18
1184 40 8 123 45 15 84 17 65 83 73
1184 41 8 17 18 14 106 58 22 83 85
1184 42 8 2 36 75 65 60 74 123 101
1184 43 8 2 112 52 78 23 4 96 45
1184 44 8 65 113 82 54 98 94 121 117
1184 45 8 100 86 107 53 19 92 1 31
1184 46 8 74 103 84 97 29 100 17 110
1184 47 8 54 79 108 6 118 45 72 96
311 0 8 11 84 93 61 92 81 118 31
311 1 8 123 86 76 19 83 77 95 116
311 2 8 47 117 51 14 9 10 127 12
311 3 8 39 105 59 91 16 38 35 46
311 4 8 104 23 48 56 124 86 25 102
311 5 8 34 80 107 102 22 82 74 70
311 6 8 79 8 80 52 25 30 42 64
311 7 8 34 71 110 31 9 50 117 87
311 8 8 46 109 116 3 43 36 51 50
311 9 8 52 65 59 87 47 96 94 45
311 10 8 74 112 53 35 30 98 23 56
311 11 8 67 89 37 9 82 127 7 47
311 12 8 68 104 120 50 116 119 100 47
311 13 8 121 42 44 75 21 16 12 31
311 14 8 80 88 90 28 79 75 96 11
311 15 8 4 60 76 111 123 10 13 14
311 16 8 15 73 7 17 91 84 45 64
311 17 8 52 97 71 15 122 91 83 34
311 18 8 8 79 80 30 52 64 25 27
311 19 8 9 34 71 31 0 87 60 16
311 20 8 116 43 46 3 109 101 2 63
311 21 8 117 10 114 111 65 54 59 118
311 22 8 74 53 98 30 112 35 58 62
311 23 8 89 67 21 70 82 0 37 51
311 24 8 116 104 56 50 120 28 47 97
311 25 8 16 82 42 121 21 75 91 12
311 26 8 80 8 90 88 28 11 75 79
311 27 8 4 60 10 14 76 111 35 123
311 28 8 15 7 73 45 84 17 67 11
311 29 8 52 15 71 97 91 116 103 85
311 30 8 79 80 30 8 32 40 56 68
311 31 8 71 9 34 0 31 117 98 60
311 32 8 43 109 116 46 36 3 63 28
311 33 8 59 52 117 45 10 94 65 112
311 34 8 74 98 35 112 53 104 30 101
311 35 8 89 67 21 37 71 58 0 82
311 36 8 116 104 100 124 50 97 119 56
311 37 8 75 21 2 44 42 98 82 10
311 38 8 80 58 75 79 88 11 112 107
311 39 8 60 10 13 123 120 76 78 35
311 40 8 15 7 11 45 17 84 67 59
311 41 8 52 15 17 18 71 106 45 113
311 42 8 37 7 74 2 54 65 36 60
311 43 8 43 19 78 40 112 56 89 12
311 44 8 113 45 65 97 98 0 88 37
311 45 8 84 46 112 1 17 100 35 85
311 46 8 29 105 39 84 30 38 75 103
311 47 8 108 52 95 35 111 6 59 126
3270 0 8 62 126 3 29 36 111 87 124
3270 1 8 123 78 88 45 76 58 10 95
3270 2 8 47 23 119 125 44 66 51 32
3270 3 8 105 16 120 7 11 91 25 84
3270 4 8 104 39 91 48 105 21 118 4
3270 5 8 70 80 74 13 39 126 122 117
3270 6 8 8 79 80 64 40 25 32 52
3270 7 8 71 87 34 117 9 31 97 110
3270 8 8 51 24 46 43 116 3 2 63
3270 9 8 52 59 10 94 87 118 49 54
3270 10 8 74 53 35 112 30 120 56 98
3270 11 8 87 71 70 89 37 82 127 47
3270 12 8 104 77 100 116 25 68 50 120
3270 13 8 24 121 18 75 44 42 84 12
3270 14 8 28 11 96 62 88 75 27 66
3270 15 8 4 123 115 76 38 98 14 82
3270 16 8 91 20 123 73 17 67 64 121
3270 17 8 71 97 14 124 84 122 83 91
3270 18 8 79 80 64 8 30 25 27 52
3270 19 8 9 71 34 31 87 16 117 0
3270 20 8 46 51 24 116 3 43 2 101
3270 21 8 10 114 59 52 118 87 94 117
3270 22 8 74 35 30 53 23 98 112 120
3270 23 8 71 87 82 70 89 37 64 39
3270 24 8 77 50 17 120 28 116 104 56
3270 25 8 24 121 42 75 82 91 12 49
3270 26 8 11 62 96 28 75 88 107 8
3270 27 8 4 115 54 76 14 123 98 120
3270 28 8 123 20 121 67 84 115 73 23
3270 29 8 84 97 71 14 116 126 54 83
3270 30 8 80 79 8 27 68 30 74 32
3270 31 8 71 9 0 34 31 117 87 63
3270 32 8 51 43 24 116 63 46 3 60
3270 33 8 59 52 10 117 54 94 112 118
3270 34 8 120 74 98 101 30 104 35 65
3270 35 8 87 71 21 89 47 37 82 70
3270 36 8 120 100 68 104 124 50 77 116
3270 37 8 24 49 121 75 99 42 107 44
3270 38 8 62 96 28 11 118 112 107 91
3270 39 8 4 76 98 115 123 3 113 14
3270 40 8 123 121 20 67 59 84 115 17
3270 41 8 84 14 97 71 91 113 20 58
3270 42 8 28 54 65 101 34 93 8 36
3270 43 8 40 4 20 2 89 9 86 45
3270 44 8 71 121 97 98 92 13 21 54
3270 45 8 100 1 84 56 85 31 19 6
3270 46 8 67 47 74 103 119 110 99 44
3270 47 8 34 117 54 32 79 27 55 99
264 0 8 106 27 61 110 50 78 49 48
264 1 8 99 88 105 91 62 95 104 75
264 2 8 45 47 122 7 125 66 72 23
264 3 8 94 120 7 39 16 71 11 105
264 4 8 104 48 39 4 65 63 23 11
264 5 8 105 51 70 74 13 9 85 35
264 6 8 80 40 32 111 8 86 102 59
264 7 8 71 117 97 9 0 90 122 16
264 8 8 2 43 46 28 3 63 117 116
264 9 8 27 54 75 38 59 114 112 117
264 10 8 23 83 104 14 110 74 59 21
264 11 8 70 47 67 51 127 21 89 110
264 12 8 68 120 119 17 29 122 104 100
264 13 8 12 66 113 119 18 99 42 55
264 14 8 96 120 71 118 105 88 66 15
264 15 8 76 4 3 123 115 113 35 14
264 16 8 21 67 51 64 121 59 23 84
264 17 8 91 23 35 71 2 66 126 116
264 18 8 40 80 32 45 21 102 113 69
264 19 8 90 97 71 0 117 19 122 9
264 20 8 43 7 117 49 63 1 2 50
264 21 8 27 75 61 117 54 29 114 112
264 22 8 104 65 83 51 66 71 98 21
264 23 8 67 51 21 89 100 113 127 87
264 24 8 95 115 17 44 104 119 111 10
264 25 8 25 66 104 82 12 89 99 113
264 26 8 120 96 112 105 66 88 45 118
264 27 8 76 123 113 66 97 42 14 114
264 28 8 21 67 51 59 121 64 31 50
264 29 8 91 71 23 35 72 2 66 32
264 30 8 40 80 45 32 21 72 98 59
264 31 8 90 0 71 97 117 19 9 122
264 32 8 43 7 63 2 9 49 46 127
264 33 8 117 54 75 27 61 112 114 59
264 34 8 104 66 110 65 20 98 14 0
264 35 8 4 21 34 87 78 89 64 113
264 36 8 92 119 47 111 98 91 95 32
264 37 8 12 66 119 20 113 104 61 70
264 38 8 105 96 112 87 120 118 107 11
264 39 8 98 76 14 4 123 66 113 115
264 40 8 51 121 67 21 123 59 64 84
264 41 8 2 35 126 66 91 71 23 124
264 42 8 54 98 93 102 18 34 60 103
264 43 8 40 89 20 54 81 9 86 78
264 44 8 48 21 97 68 98 36 91 121
264 45 8 100 1 84 56 14 20 6 111
264 46 8 47 44 91 8 114 75 6 2
264 47 8 36 120 126 7 59 72 22 47
13027 0 8 84 75 95 91 36 87 22 125
13027 1 8 48 88 7 90 71 28 45 104
13027 2 8 23 46 5 60 64 71 26 44
13027 3 8 73 16 24 103 43 70 36 20
13027 4 8 5 21 104 81 48 84 60 93
13027 5 8 115 35 87 74 63 122 17 103
13027 6 8 40 80 103 118 32 21 113 8
13027 7 8 0 71 117 97 9 105 90 55
13027 8 8 7 43 10 63 94 2 4 60
13027 9 8 25 54 59 27 7 75 68 114
13027 10 8 82 104 21 53 13 103 124 33
13027 11 8 100 51 21 70 39 37 94 96
13027 12 8 14 103 17 115 50 32 0 36
13027 13 8 18 112 12 127 57 42 70 106
13027 14 8 15 60 96 31 112 88 102 45
13027 15 8 76 66 123 27 125 126 14 111
13027 16 8 13 94 67 64 21 84 100 115
13027 17 8 23 91 26 92 35 66 71 0
13027 18 8 40 80 21 103 68 32 102 113
13027 19 8 0 71 9 117 90 97 19 85
13027 20 8 43 7 63 94 2 116 96 60
13027 21 8 54 59 7 75 68 114 27 25
13027 22 8 21 104 82 23 103 53 0 98
13027 23 8 100 22 42 51 97 39 21 113
13027 24 8 14 17 36 0 50 127 103 111
13027 25 8 112 18 127 12 104 82 57 89
13027 26 8 15 102 112 96 88 60 71 16
13027 27 8 66 123 76 125 27 113 111 14
13027 28 8 67 59 13 94 21 84 100 64
13027 29 8 23 26 71 91 92 35 66 30
13027 30 8 80 40 68 103 21 113 102 32
13027 31 8 0 9 71 117 97 78 31 19
13027 32 8 43 63 7 94 2 116 60 96
13027 33 8 68 59 7 54 75 25 117 27
13027 34 8 21 82 104 110 23 103 98 41
13027 35 8 100 22 21 51 70 94 38 96
13027 36 8 17 103 14 111 25 24 98 32
13027 37 8 112 127 12 18 91 70 120 104
13027 38 8 15 112 11 73 60 102 24 87
13027 39 8 66 126 123 27 125 76 113 37
13027 40 8 13 100 93 59 67 51 21 84
13027 41 8 26 92 124 71 66 35 91 23
13027 42 8 54 86 98 60 18 102 30 103
13027 43 8 82 86 40 9 89 20 16 54
13027 44 8 97 21 11 91 121 68 98 18
13027 45 8 1 14 84 100 56 26 6 76
13027 46 8 47 51 88 75 122 2 33 114
13027 47 8 26 21 126 120 36 14 82 15
729 0 8 30 36 112 23 116 56 54 122
729 1 8 52 88 71 29 120 45 105 13
729 2 8 23 76 67 47 26 66 115 44
729 3 8 16 92 57 70 111 13 43 85
729 4 8 27 36 48 81 104 84 21 4
729 5 8 10 70 87 13 57 44 74 17
729 6 8 40 80 8 118 45 32 111 113
729 7 8 71 117 97 0 122 85 9 55
729 8 8 2 63 20 43 7 15 29 42
729 9 8 54 27 10 114 106 75 87 59
729 10 8 104 109 121 110 84 95 53 89
729 11 8 64 70 42 55 127 21 16 22
729 12 8 0 17 115 119 38 82 25 104
729 13 8 18 41 57 12 123 70 109 42
729 14 8 18 88 60 120 11 47 45 46
729 15 8 20 123 76 111 27 66 37 113
729 16 8 110 77 67 64 21 59 29 109
729 17 8 0 71 23 64 91 63 25 65
729 18 8 40 80 45 27 113 21 68 8
729 19 8 71 0 117 9 97 90 85 16
729 20 8 63 2 43 20 7 101 116 96
729 21 8 114 54 10 59 75 29 66 27
729 22 8 109 23 104 53 110 65 95 98
729 23 8 42 64 97 55 22 70 21 9
729 24 8 0 103 38 82 17 119 31 25
729 25 8 109 57 123 18 41 12 70 45
729 26 8 60 102 18 120 47 71 88 112
729 27 8 123 76 111 20 66 113 46 27
729 28 8 110 21 67 77 59 29 44 109
729 29 8 71 64 23 0 63 65 91 25
729 30 8 118 80 113 8 40 45 68 21
729 31 8 0 71 117 34 90 9 92 55
729 32 8 63 2 43 20 116 7 96 15
729 33 8 106 59 54 35 40 29 10 75
729 34 8 109 104 110 23 53 95 65 124
729 35 8 64 42 21 22 55 9 97 16
729 36 8 25 0 38 17 103 98 116 101
729 37 8 41 12 57 109 123 18 70 91
729 38 8 60 11 102 112 18 47 71 46
729 39 8 76 20 107 111 123 113 35 60
729 40 8 110 77 44 29 59 67 108 109
729 41 8 64 65 0 63 71 91 113 36
729 42 8 24 49 90 54 68 126 75 20
729 43 8 125 121 40 9 47 19 20 49
729 44 8 110 21 23 80 13 97 18 98
729 45 8 47 84 76 86 83 1 100 56
729 46 8 96 10 45 82 47 124 123 71
729 47 8 31 11 127 90 121 14 15 82
429 0 8 84 120 2 103 80 70 83 61
429 1 8 58 83 3 88 53 123 2 104
429 2 8 116 122 47 23 100 117 10 84
429 3 8 89 10 16 32 64 43 41 95
429 4 8 91 124 81 104 10 48 105 79
429 5 8 70 107 111 13 125 35 22 106
429 6 8 8 80 79 30 52 64 56 9
429 7 8 71 34 50 117 16 97 9 31
429 8 8 2 109 116 43 46 3 63 42
429 9 8 43 52 54 10 59 75 117 114
429 10 8 83 74 53 110 30 112 35 98
429 11 8 70 47 71 89 79 127 37 64
429 12 8 120 104 53 68 119 100 116 56
429 13 8 121 12 79 18 42 31 77 44
429 14 8 11 28 80 79 88 118 66 73
429 15 8 4 38 60 111 76 35 123 14
429 16 8 15 55 60 91 73 67 20 42
429 17 8 52 15 97 71 124 122 91 72
429 18 8 8 80 30 79 86 112 9 27
429 19 8 34 71 9 117 16 31 97 28
429 20 8 2 43 116 46 109 3 63 101
429 21 8 43 117 10 111 114 59 54 112
429 22 8 53 74 122 14 98 35 22 23
429 23 8 70 89 71 21 37 4 79 64
429 24 8 120 104 116 56 20 124 39 50
429 25 8 121 12 77 75 42 91 24 31
429 26 8 11 28 80 79 118 90 88 8
429 27 8 4 111 60 10 76 14 35 123
429 28 8 15 60 55 67 20 84 11 59
429 29 8 52 15 71 97 91 116 103 46
429 30 8 80 32 8 40 56 102 30 9
429 31 8 71 117 0 97 60 34 9 98
429 32 8 43 109 63 116 2 39 42 38
429 33 8 43 112 117 59 45 54 10 102
429 34 8 74 104 53 101 98 14 107 83
429 35 8 79 21 67 89 64 0 37 70
429 36 8 124 53 104 119 100 39 98 116
429 37 8 79 21 70 75 115 95 121 44
429 38 8 80 11 79 112 58 88 8 55
429 39 8 76 60 90 123 113 35 78 61
429 40 8 67 15 60 55 59 84 45 7
429 41 8 52 46 15 71 113 91 69 103
429 42 8 37 54 7 125 73 24 34 68
429 43 8 19 40 12 9 43 49 89 127
429 44 8 88 45 99 21 18 97 73 92
429 45 8 112 84 17 46 58 1 100 35
429 46 8 81 29 30 39 105 84 75 47
429 47 8 52 108 95 35 111 59 126 6
5169 0 8 126 3 116 29 56 77 54 36
5169 1 8 78 107 88 71 86 116 3 123
5169 2 8 23 119 66 86 15 116 47 44
5169 3 8 7 16 10 26 41 43 57 32
5169 4 8 91 39 10 89 105 84 21 104
5169 5 8 70 80 102 111 56 117 12 26
5169 6 8 40 32 80 111 8 30 27 98
5169 7 8 87 71 97 117 0 122 90 16
5169 8 8 43 24 51 63 2 7 82 42
5169 9 8 43 54 27 94 112 10 75 117
5169 10 8 14 104 23 74 101 0 30 28
5169 11 8 110 87 79 6 47 21 71 82
5169 12 8 25 120 124 53 68 104 119 98
5169 13 8 18 24 121 79 44 12 75 49
5169 14 8 28 62 11 96 19 24 118 2
5169 15 8 4 115 76 38 35 113 3 98
5169 16 8 20 123 121 67 43 91 84 21
5169 17 8 91 97 71 14 84 116 124 32
5169 18 8 40 32 86 80 30 27 45 102
5169 19 8 71 97 34 117 90 87 0 78
5169 20 8 43 51 24 63 2 46 6 42
5169 21 8 117 54 10 43 59 112 66 27
5169 22 8 23 14 104 37 29 125 0 2
5169 23 8 110 87 71 21 68 79 82 51
5169 24 8 120 124 17 101 39 119 49 106
5169 25 8 24 121 91 12 18 89 49 37
5169 26 8 11 62 28 96 24 9 112 108
5169 27 8 4 115 76 14 46 113 61 123
5169 28 8 20 121 123 67 84 93 109 19
5169 29 8 124 97 116 71 14 84 91 100
5169 30 8 32 80 40 102 47 30 68 27
5169 31 8 117 97 0 71 19 9 118 63
5169 32 8 43 51 24 63 42 50 127 117
5169 33 8 117 59 68 112 48 43 54 66
5169 34 8 14 104 120 29 83 0 98 101
5169 35 8 110 21 71 47 87 79 82 0
5169 36 8 120 124 98 68 39 119 104 95
5169 37 8 24 49 121 107 55 99 70 44
5169 38 8 62 28 11 118 112 96 107 87
5169 39 8 115 76 4 98 113 123 14 66
5169 40 8 121 20 123 67 84 59 105 115
5169 41 8 14 97 84 91 71 113 124 20
5169 42 8 54 65 119 34 101 28 93 68
5169 43 8 40 20 4 2 89 9 75 54
5169 44 8 21 71 97 36 13 92 68 98
5169 45 8 100 56 84 1 7 6 34 15
5169 46 8 67 47 110 119 44 99 75 83
5169 47 8 34 117 27 32 54 79 39 99
458 0 8 106 27 110 50 61 78 32 118
458 1 8 99 91 75 39 88 109 115 17
458 2 8 45 122 92 66 47 123 74 121
458 3 8 94 7 43 16 11 32 44 95
458 4 8 36 39 111 118 4 21 54 110
458 5 8 105 51 70 102 85 111 17 56
458 6 8 40 32 8 80 111 13 27 102
458 7 8 117 97 71 90 0 107 105 72
458 8 8 2 43 28 63 117 49 7 24
458 9 8 27 75 112 48 54 38 72 68
458 10 8 0 110 14 23 104 83 125 84
458 11 8 110 47 51 75 79 87 13 67
458 12 8 120 119 68 111 29 25 124 122
458 13 8 12 113 119 66 18 55 89 127
458 14 8 96 120 118 71 105 19 49 84
458 15 8 76 4 3 113 115 61 35 14
458 16 8 51 67 21 121 91 64 84 100
458 17 8 91 35 2 66 71 23 116 126
458 18 8 40 80 32 45 102 21 108 113
458 19 8 90 97 71 117 0 27 9 105
458 20 8 43 117 63 2 7 49 38 1
458 21 8 27 117 112 38 54 83 25 68
458 22 8 37 66 104 29 51 0 33 98
458 23 8 51 21 75 113 22 52 99 6
458 24 8 111 124 119 17 115 9 95 70
458 25 8 12 66 99 82 89 113 104 119
458 26 8 120 96 105 66 112 83 108 107
458 27 8 113 76 21 123 66 14 111 61
458 28 8 67 21 51 64 84 93 121 4
458 29 8 91 71 113 35 116 126 23 124
458 30 8 40 32 80 113 102 21 27 108
458 31 8 117 0 97 56 71 90 27 9
458 32 8 2 63 43 117 50 7 28 9
458 33 8 27 117 68 83 38 66 75 112
458 34 8 104 66 29 110 14 0 21 20
458 35 8 21 51 110 78 4 13 64 50
458 36 8 111 98 92 119 95 115 9 32
458 37 8 12 66 119 113 61 104 70 27
458 38 8 105 87 96 120 118 112 11 2
458 39 8 76 64 113 14 115 4 66 89
458 40 8 51 67 93 105 64 21 121 115
458 41 8 91 126 2 71 124 35 66 113
458 42 8 54 98 102 34 93 119 92 46
458 43 8 91 40 20 54 89 9 86 117
458 44 8 21 36 97 68 48 18 98 91
458 45 8 100 56 84 1 66 32 15 6
458 46 8 47 44 8 114 3 75 91 31
458 47 8 99 36 126 120 57 124 26 9
444 0 8 78 49 6 75 50 72 18 37
444 1 8 48 28 71 59 36 57 37 24
444 2 8 46 2 111 31 5 107 71 26
444 3 8 43 103 24 44 95 37 74 36
444 4 8 101 21 54 36 30 53 84 37
444 5 8 14 85 12 84 56 35 17 53
444 6 8 40 32 55 21 90 102 80 91
444 7 8 97 117 27 107 90 78 0 124
444 8 8 98 50 117 2 49 7 43 4
444 9 8 27 40 112 88 25 72 54 7
444 10 8 82 33 124 104 55 125 37 38
444 11 8 51 18 114 22 97 100 41 21
444 12 8 119 115 20 29 110 95 17 9
444 13 8 18 89 127 12 115 120 70 104
444 14 8 36 25 71 95 112 33 52 120
444 15 8 76 113 80 42 61 46 9 53
444 16 8 67 36 84 101 114 21 126 64
444 17 8 91 92 39 113 35 23 126 36
444 18 8 40 19 32 102 50 21 108 55
444 19 8 97 90 117 124 27 103 122 55
444 20 8 117 49 55 50 7 43 63 94
444 21 8 27 40 72 62 112 30 121 93
444 22 8 104 37 100 44 33 83 9 125
444 23 8 91 19 126 114 67 51 22 34
444 24 8 115 51 95 124 29 82 119 121
444 25 8 89 99 115 104 7 70 82 27
444 26 8 7 25 36 56 120 112 66 45
444 27 8 113 42 78 53 37 62 46 80
444 28 8 67 126 59 64 84 47 100 21
444 29 8 91 113 72 39 23 32 71 31
444 30 8 32 19 40 102 115 21 50 98
444 31 8 117 27 97 90 105 96 124 0
444 32 8 117 9 63 50 98 43 49 55
444 33 8 27 72 54 75 93 121 61 62
444 34 8 37 104 125 71 7 72 88 65
444 35 8 4 126 114 34 51 36 71 21
444 36 8 92 51 119 24 101 108 115 95
444 37 8 20 61 104 27 89 7 70 12
444 38 8 125 33 13 7 87 92 73 61
444 39 8 80 111 0 84 26 25 72 89
444 40 8 100 93 82 64 101 35 42 50
444 41 8 39 92 99 91 124 3 118 100
444 42 8 111 58 4 106 92 33 86 38
444 43 8 20 41 5 40 69 82 51 86
444 44 8 96 11 62 64 76 97 65 91
444 45 8 56 100 1 48 15 90 121 108
444 46 8 79 47 26 54 3 43 35 13
444 47 8 0 42 39 53 80 17 106 124
36003 0 8 111 89 4 33 6 75 22 46
36003 1 8 57 104 59 48 28 56 71 101
36003 2 8 46 26 111 49 5 71 60 28
36003 3 8 43 24 114 44 36 103 87 18
36003 4 8 5 36 84 21 30 127 49 35
36003 5 8 14 0 115 85 44 90 92 30
36003 6 8 40 103 98 32 111 21 5 55
36003 7 8 55 117 97 122 0 27 7 105
36003 8 8 50 94 7 117 4 49 1 52
36003 9 8 27 40 93 88 112 54 51 121
36003 10 8 51 33 124 37 82 104 100 15
36003 11 8 51 114 73 22 34 91 19 100
36003 12 8 20 29 119 98 103 92 17 95
36003 13 8 89 127 12 18 62 70 119 115
36003 14 8 61 45 82 71 46 31 120 26
36003 15 8 27 46 80 125 76 113 33 42
36003 16 8 100 13 28 67 64 93 21 51
36003 17 8 26 91 23 49 92 118 126 66
36003 18 8 40 103 55 32 98 21 91 108
36003 19 8 55 97 7 71 117 122 27 90
36003 20 8 50 117 94 7 49 4 1 43
36003 21 8 40 27 39 121 112 36 54 72
36003 22 8 23 124 71 82 51 37 2 43
36003 23 8 51 73 114 22 100 25 34 97
36003 24 8 20 29 103 92 25 112 119 98
36003 25 8 89 62 127 18 7 120 119 97
36003 26 8 61 71 82 26 15 45 46 33
36003 27 8 46 80 126 125 113 27 110 42
36003 28 8 13 93 28 67 100 21 59 64
36003 29 8 26 91 92 49 113 100 36 23
36003 30 8 91 103 40 32 21 102 50 59
36003 31 8 117 97 7 55 19 0 27 43
36003 32 8 50 117 94 43 49 7 97 4
36003 33 8 40 27 54 112 7 82 0 68
36003 34 8 71 82 23 33 124 51 104 110
36003 35 8 73 51 25 22 21 30 18 100
36003 36 8 29 20 112 25 127 103 119 92
36003 37 8 89 62 127 12 18 7 120 70
36003 38 8 61 73 15 87 11 46 71 112
36003 39 8 27 80 126 46 66 125 113 37
36003 40 8 93 13 100 67 21 59 84 101
36003 41 8 26 92 91 113 71 49 16 124
36003 42 8 86 54 34 33 50 103 106 98
36003 43 8 40 20 82 16 9 122 89 105
36003 44 8 21 11 36 18 97 68 41 92
36003 45 8 56 100 84 26 121 20 66 1
36003 46 8 47 71 51 3 91 75 8 114
36003 47 8 26 21 126 82 14 15 59 121
320 0 8 107 26 113 119 47 114 100 31
320 1 8 35 94 70 18 10 127 100 106
320 2 8 87 75 53 88 93 47 111 41
320 3 8 99 16 31 43 89 116 34 79
320 4 8 79 85 30 118 106 29 54 124
320 5 8 42 33 85 114 59 35 17 56
320 6 8 8 40 80 32 91 27 34 55
320 7 8 8 97 117 123 71 85 30 107
320 8 8 99 50 127 43 2 118 49 116
320 9 8 117 112 27 54 108 39 111 68
320 10 8 73 53 110 83 29 38 2 33
320 11 8 26 90 51 104 116 21 79 50
320 12 8 9 115 60 32 29 104 119 20
320 13 8 47 12 32 64 79 6 18 127
320 14 8 125 61 73 49 11 87 71 26
320 15 8 38 125 61 3 27 10 76 111
320 16 8 93 105 91 100 51 64 67 8
320 17 8 59 72 92 91 116 1 99 34
320 18 8 8 34 80 91 13 56 55 32
320 19 8 8 9 60 97 118 71 19 85
320 20 8 99 127 50 116 124 42 43 118
320 21 8 117 111 7 68 108 8 34 69
320 22 8 73 2 53 40 110 13 57 16
320 23 8 26 79 51 99 116 89 39 4
320 24 8 9 115 127 20 33 111 92 104
320 25 8 79 47 6 64 32 12 1 89
320 26 8 125 87 61 49 88 0 16 22
320 27 8 61 52 89 14 87 27 85 76
320 28 8 93 105 8 84 67 41 63 51
320 29 8 59 116 53 42 100 91 120 92
320 30 8 32 13 34 91 74 55 27 40
320 31 8 8 97 19 118 9 0 123 85
320 32 8 50 127 117 99 43 42 53 126
320 33 8 117 108 68 7 0 112 33 26
320 34 8 73 57 16 98 71 94 66 2
320 35 8 26 79 90 99 51 21 81 100
320 36 8 115 127 9 107 119 52 33 95
320 37 8 32 47 6 89 93 79 12 104
320 38 8 125 87 112 66 61 49 107 10
320 39 8 61 89 76 52 113 85 101 123
320 40 8 8 105 67 93 84 124 115 59
320 41 8 59 42 91 72 113 90 53 71
320 42 8 21 39 54 92 30 46 119 34
320 43 8 40 75 20 88 89 9 51 117
320 44 8 36 21 18 68 0 97 53 98
320 45 8 100 56 84 66 101 104 1 15
320 46 8 47 44 11 75 123 88 38 60
320 47 8 2 101 125 73 126 20 65 105
81816 0 8 63 75 34 21 2 68 17 87
81816 1 8 90 6 28 99 59 110 71 35
81816 2 8 24 46 90 66 70 26 71 8
81816 3 8 43 37 93 99 36 77 24 29
81816 4 8 87 60 54 36 21 32 37 127
81816 5 8 90 85 14 24 12 56 54 101
81816 6 8 32 40 55 102 27 90 21 20
81816 7 8 117 97 27 103 122 124 105 90
81816 8 8 4 50 117 49 126 43 79 52
81816 9 8 88 27 112 40 12 51 93 39
81816 10 8 33 37 51 124 2 15 66 82
81816 11 8 50 114 51 62 41 90 100 97
81816 12 8 24 29 119 123 115 112 52 127
81816 13 8 89 120 115 127 102 108 12 18
81816 14 8 82 87 64 36 125 25 95 85
81816 15 8 33 76 104 53 113 37 71 9
81816 16 8 51 13 67 100 4 93 36 33
81816 17 8 126 91 92 113 100 115 60 117
81816 18 8 55 19 32 123 40 115 50 47
81816 19 8 27 97 103 43 96 122 124 117
81816 20 8 117 50 4 79 55 49 42 19
81816 21 8 33 27 88 62 112 40 82 77
81816 22 8 37 100 2 86 51 43 33 23
81816 23 8 50 79 114 30 81 25 126 97
81816 24 8 24 115 123 112 52 29 32 127
81816 25 8 89 127 120 102 108 113 115 27
81816 26 8 87 82 64 94 36 125 37 92
81816 27 8 33 87 89 84 100 37 90 9
81816 28 8 100 51 13 40 93 67 114 115
81816 29 8 92 91 100 126 115 113 120 49
81816 30 8 32 55 115 40 13 19 91 50
81816 31 8 97 27 43 124 117 78 28 104
81816 32 8 117 50 4 55 79 119 49 43
81816 33 8 33 82 27 0 62 61 68 108
81816 34 8 33 71 37 43 100 2 15 51
81816 35 8 30 81 51 114 50 79 25 19
81816 36 8 24 123 115 127 29 52 32 112
81816 37 8 89 120 7 127 102 124 27 93
81816 38 8 82 87 64 73 7 112 21 68
81816 39 8 33 37 87 89 53 113 69 76
81816 40 8 33 100 67 84 40 51 50 111
81816 41 8 126 100 91 92 113 81 11 71
81816 42 8 46 8 86 34 92 60 98 54
81816 43 8 72 16 40 75 20 54 9 79
81816 44 8 5 21 36 113 3 59 33 18
81816 45 8 56 20 104 84 100 34 66 15
81816 46 8 47 51 44 88 94 21 84 74
81816 47 8 99 57 26 94 27 114 21 126
40996 0 8 77 63 67 75 17 12 82 125
40996 1 8 113 23 59 99 89 85 7 53
40996 2 8 65 49 54 121 8 46 66 71
40996 3 8 43 121 93 77 97 1 65 106
40996 4 8 87 103 60 36 1 9 49 32
40996 5 8 90 30 71 58 12 14 85 97
40996 6 8 40 55 32 115 21 51 59 102
40996 7 8 43 117 97 124 27 55 7 103
40996 8 8 4 50 117 79 49 19 43 27
40996 9 8 62 27 88 40 112 72 77 51
40996 10 8 51 100 33 38 37 119 124 86
40996 11 8 114 91 104 51 19 97 81 126
40996 12 8 123 24 59 29 43 115 112 119
40996 13 8 89 115 102 127 52 120 7 108
40996 14 8 87 80 82 21 7 36 25 46
40996 15 8 33 53 78 37 46 113 90 9
40996 16 8 114 33 67 111 7 28 40 13
40996 17 8 91 113 125 52 92 115 126 61
40996 18 8 115 55 19 40 50 32 47 108
40996 19 8 27 97 90 43 55 124 103 122
40996 20 8 117 4 55 50 49 93 19 7
40996 21 8 27 40 62 88 93 121 72 39
40996 22 8 37 51 100 104 33 9 15 86
40996 23 8 114 91 68 19 81 34 97 73
40996 24 8 24 29 51 123 112 59 98 62
40996 25 8 89 52 7 102 127 62 43 95
40996 26 8 87 64 82 80 5 7 61 69
40996 27 8 33 87 46 90 31 110 37 84
40996 28 8 111 40 7 13 33 64 67 100
40996 29 8 91 92 52 115 113 100 61 126
40996 30 8 55 115 32 40 102 50 91 47
40996 31 8 97 27 104 124 7 117 96 87
40996 32 8 117 4 50 119 55 93 31 49
40996 33 8 27 85 33 68 72 61 54 39
40996 34 8 33 37 51 71 104 100 43 38
40996 35 8 81 114 34 126 73 50 30 79
40996 36 8 24 59 29 115 7 98 123 112
40996 37 8 89 102 7 70 124 52 27 127
40996 38 8 87 7 64 82 68 2 112 61
40996 39 8 33 87 37 46 113 53 84 66
40996 40 8 40 100 111 67 93 50 84 33
40996 41 8 11 81 91 92 53 100 113 126
40996 42 8 86 37 38 34 30 92 54 46
40996 43 8 16 40 75 20 56 54 96 9
40996 44 8 21 37 18 3 5 36 60 117
40996 45 8 104 100 56 20 84 121 34 66
40996 46 8 47 51 82 44 124 33 122 11
40996 47 8 57 26 14 27 108 52 114 58
12199 0 8 7 126 75 62 116 29 36 97
12199 1 8 113 11 78 76 107 4 52 91
12199 2 8 49 67 121 15 119 90 69 66
12199 3 8 43 93 121 11 97 104 1 65
12199 4 8 127 9 1 60 21 87 30 119
12199 5 8 48 90 0 85 14 102 30 97
12199 6 8 40 32 55 103 21 102 19 98
12199 7 8 27 97 117 43 113 124 55 122
12199 8 8 50 4 117 49 94 27 43 7
12199 9 8 51 27 88 112 40 41 93 79
12199 10 8 51 33 2 100 37 124 38 15
12199 11 8 114 51 100 73 81 19 22 34
12199 12 8 24 115 59 103 38 119 29 123
12199 13 8 89 31 62 115 127 102 7 109
12199 14 8 85 87 45 46 125 36 2 62
12199 15 8 27 61 113 76 9 46 115 37
12199 16 8 111 100 13 67 44 64 33 126
12199 17 8 91 126 0 23 92 63 26 113
12199 18 8 40 103 55 32 50 98 102 115
12199 19 8 43 97 122 27 55 103 124 117
12199 20 8 50 117 94 49 4 7 55 6
12199 21 8 27 39 40 112 77 88 62 72
12199 22 8 37 51 71 100 29 23 82 124
12199 23 8 114 51 73 68 97 81 22 34
12199 24 8 24 115 98 29 103 59 20 111
12199 25 8 89 62 127 31 49 7 18 109
12199 26 8 87 85 71 2 18 45 82 46
12199 27 8 27 46 37 110 79 115 126 61
12199 28 8 111 13 67 93 44 23 51 64
12199 29 8 91 26 126 100 92 81 84 113
12199 30 8 55 40 32 103 98 19 102 101
12199 31 8 43 97 124 7 117 27 96 19
12199 32 8 50 117 94 4 55 49 43 7
12199 33 8 40 39 11 27 79 106 0 51
12199 34 8 51 71 37 33 23 124 82 29
12199 35 8 73 114 81 51 68 92 34 21
12199 36 8 29 98 24 115 112 17 127 52
12199 37 8 89 62 127 7 112 102 70 27
12199 38 8 87 85 71 46 31 64 15 82
12199 39 8 27 46 126 113 66 37 61 51
12199 40 8 111 93 13 23 67 84 51 59
12199 41 8 92 100 81 91 116 126 26 84
12199 42 8 28 86 34 30 38 98 54 109
12199 43 8 40 20 16 86 96 75 2 110
12199 44 8 59 21 94 117 98 36 97 11
12199 45 8 23 56 100 84 124 1 26 48
12199 46 8 47 9 90 51 122 96 14 110
12199 47 8 44 14 82 114 57 30 7 26
8 0 8 98 99 93 80 114 73 45 100
8 1 8 80 94 70 84 117 18 56 64
8 2 8 49 84 67 47 40 88 111 54
8 3 8 16 31 6 124 43 89 34 41
8 4 8 99 85 106 29 37 30 127 54
8 5 8 42 66 85 35 56 90 24 30
8 6 8 8 55 80 40 32 56 27 105
8 7 8 117 97 71 6 49 78 90 112
8 8 8 50 4 117 49 2 43 127 83
8 9 8 117 27 112 54 40 75 110 12
8 10 8 33 82 29 110 37 105 104 2
8 11 8 51 49 100 61 21 114 99 50
8 12 8 20 119 99 29 21 115 125 24
8 13 8 119 18 127 12 47 70 28 89
8 14 8 71 32 31 46 120 87 20 61
8 15 8 76 126 27 38 125 21 113 61
8 16 8 13 21 100 93 28 51 64 44
8 17 8 91 92 26 35 66 0 71 100
8 18 8 80 40 103 32 118 45 105 30
8 19 8 71 90 97 0 117 19 34 98
8 20 8 43 7 63 94 50 49 42 117
8 21 8 117 112 54 27 40 110 9 25
8 22 8 82 23 2 33 51 110 104 13
8 23 8 22 51 42 99 21 100 114 127
8 24 8 119 0 115 103 111 32 95 17
8 25 8 89 18 99 57 127 112 25 20
8 26 8 32 61 31 15 71 111 60 24
8 27 8 76 27 125 126 113 61 14 84
8 28 8 93 13 67 94 84 28 100 19
8 29 8 26 91 92 100 124 118 116 66
8 30 8 32 40 80 118 103 55 30 91
8 31 8 97 117 19 71 94 9 0 103
8 32 8 50 94 43 117 42 4 11 67
8 33 8 117 112 40 27 106 41 14 39
8 34 8 82 23 110 71 33 37 124 104
8 35 8 51 21 22 114 81 92 99 50
8 36 8 119 25 29 17 20 103 32 98
8 37 8 89 127 120 12 18 119 102 112
8 38 8 32 61 15 31 11 73 87 64
8 39 8 27 46 80 125 76 126 37 113
8 40 8 93 13 100 67 51 84 23 21
8 41 8 26 92 91 124 49 113 116 118
8 42 8 86 54 30 98 34 33 106 25
8 43 8 40 16 20 82 54 75 74 9
8 44 8 21 68 11 36 117 97 98 79
8 45 8 100 56 84 26 121 20 15 1
8 46 8 47 51 3 26 110 75 88 94
8 47 8 26 21 109 14 126 82 121 30
6500 0 8 112 124 3 62 36 54 23 95
6500 1 8 90 29 98 101 62 71 7 113
6500 2 8 76 44 49 5 126 23 66 26
6500 3 8 43 92 70 121 13 99 44 36
6500 4 8 5 36 27 21 84 1 35 37
6500 5 8 44 14 115 87 0 10 48 50
6500 6 8 40 103 98 21 32 111 118 108
6500 7 8 55 117 122 0 113 97 90 124
6500 8 8 94 7 1 2 29 43 20 96
6500 9 8 27 40 54 75 106 93 11 41
6500 10 8 51 0 42 104 121 10 124 37
6500 11 8 51 55 76 42 22 34 104 73
6500 12 8 98 103 17 29 10 101 0 109
6500 13 8 12 1 41 89 57 43 18 62
6500 14 8 45 120 71 31 26 22 46 60
6500 15 8 46 27 64 51 21 20 125 111
6500 16 8 64 21 110 70 120 67 44 94
6500 17 8 23 63 91 0 64 25 54 70
6500 18 8 103 40 108 5 32 98 21 111
6500 19 8 90 0 71 55 97 117 124 122
6500 20 8 94 7 1 117 43 2 49 63
6500 21 8 40 75 27 121 36 83 61 29
6500 22 8 51 0 23 104 37 109 110 125
6500 23 8 51 73 55 42 22 34 76 97
6500 24 8 103 0 17 29 10 119 98 25
6500 25 8 62 18 12 89 57 43 41 1
6500 26 8 71 120 60 45 22 26 31 102
6500 27 8 46 126 64 27 51 20 21 113
6500 28 8 44 21 64 110 94 67 77 108
6500 29 8 91 63 0 54 64 71 23 65
6500 30 8 40 103 118 32 102 21 80 47
6500 31 8 71 0 97 117 90 55 122 105
6500 32 8 94 43 20 117 63 2 7 27
6500 33 8 106 40 27 83 112 41 54 75
6500 34 8 23 104 110 109 124 37 71 10
6500 35 8 42 55 73 51 22 76 21 97
6500 36 8 38 0 103 25 119 17 98 95
6500 37 8 57 41 109 123 62 12 18 70
6500 38 8 18 60 11 112 71 22 46 102
6500 39 8 76 107 20 46 35 113 126 71
6500 40 8 77 44 67 29 110 108 59 23
6500 41 8 0 65 63 122 64 71 91 113
6500 42 8 49 126 90 24 54 68 20 8
6500 43 8 40 47 121 9 125 49 74 20
6500 44 8 110 21 33 80 18 13 23 92
6500 45 8 47 83 100 84 76 56 5 26
6500 46 8 10 1 123 47 124 45 82 96
6500 47 8 11 31 127 90 121 14 82 12
448 0 8 120 31 69 61 81 93 53 80
448 1 8 107 83 53 66 105 91 41 104
448 2 8 116 117 47 69 66 72 44 23
448 3 8 41 89 43 10 16 32 109 44
448 4 8 79 91 10 111 36 4 84 37
448 5 8 111 70 125 102 85 41 2 114
448 6 8 8 40 32 80 111 112 59 86
448 7 8 72 117 71 97 16 90 34 28
448 8 8 43 99 27 2 63 117 7 116
448 9 8 43 117 54 27 112 68 10 48
448 10 8 14 110 73 40 56 53 28 36
448 11 8 17 58 26 21 79 13 71 51
448 12 8 69 119 120 104 107 47 49 25
448 13 8 79 121 12 18 6 36 24 77
448 14 8 11 28 10 118 96 120 2 88
448 15 8 76 38 35 112 4 113 23 123
448 16 8 121 91 67 21 20 64 73 40
448 17 8 45 20 14 97 71 91 72 30
448 18 8 80 40 30 8 9 55 27 86
448 19 8 72 34 97 71 117 95 3 0
448 20 8 43 99 63 2 64 116 3 46
448 21 8 43 117 112 68 10 106 54 59
448 22 8 73 14 28 40 33 53 104 2
448 23 8 17 58 26 21 79 78 71 96
448 24 8 69 39 95 107 9 104 56 115
448 25 8 121 79 6 12 91 24 77 59
448 26 8 11 28 79 96 88 118 91 107
448 27 8 4 76 35 112 113 87 2 71
448 28 8 121 20 67 40 19 66 91 84
448 29 8 97 91 14 20 45 71 124 116
448 30 8 32 13 40 80 8 72 30 47
448 31 8 97 117 72 103 95 63 0 27
448 32 8 43 99 63 117 39 79 19 64
448 33 8 112 83 43 68 45 117 113 54
448 34 8 40 14 101 104 45 83 73 107
448 35 8 58 78 17 21 79 47 85 86
448 36 8 95 69 39 104 119 120 68 115
448 37 8 79 121 115 107 6 55 24 99
448 38 8 28 118 11 21 112 10 25 0
448 39 8 76 4 71 113 104 115 35 23
448 40 8 121 67 20 59 36 66 84 40
448 41 8 91 14 45 97 20 71 113 117
448 42 8 65 46 34 101 54 21 93 119
448 43 8 40 4 117 81 51 9 79 20
448 44 8 33 21 71 68 18 43 3 54
448 45 8 100 84 19 56 111 66 34 103
448 46 8 47 67 114 8 31 44 75 77
448 47 8 34 117 27 59 9 126 55 32
506 0 8 110 49 78 6 75 50 72 37
506 1 8 71 59 28 36 44 37 101 75
506 2 8 31 2 46 66 71 5 127 111
506 3 8 41 103 43 106 94 37 16 95
506 4 8 103 54 21 36 37 84 101 72
506 5 8 77 90 54 30 85 95 16 56
506 6 8 40 80 32 72 21 111 59 90
506 7 8 97 117 27 71 105 28 107 63
506 8 8 19 43 98 79 63 7 117 125
506 9 8 112 83 27 61 54 116 119 10
506 10 8 104 40 33 28 55 38 99 20
506 11 8 78 50 114 41 79 104 45 90
506 12 8 95 119 36 66 58 110 115 9
506 13 8 18 115 119 4 107 79 61 47
506 14 8 52 21 68 31 11 82 33 112
506 15 8 76 35 80 71 113 116 31 52
506 16 8 90 67 101 50 51 40 100 91
506 17 8 91 39 5 92 117 115 23 44
506 18 8 40 123 32 80 55 102 72 21
506 19 8 97 27 117 71 19 8 98 122
506 20 8 43 19 98 117 89 63 4 79
506 21 8 112 83 33 27 61 116 119 62
506 22 8 99 40 104 23 33 2 119 110
506 23 8 114 78 79 85 50 97 111 9
506 24 8 95 58 32 74 66 52 39 115
506 25 8 89 18 127 4 47 115 27 91
506 26 8 33 68 82 52 31 125 64 21
506 27 8 80 76 71 46 35 52 30 14
506 28 8 67 100 90 66 101 84 91 64
506 29 8 39 91 5 92 116 26 71 44
506 30 8 32 40 80 72 123 21 115 55
506 31 8 97 27 117 8 28 9 71 19
506 32 8 19 98 79 43 117 89 63 42
506 33 8 112 83 116 14 33 68 61 27
506 34 8 55 33 99 38 104 40 23 87
506 35 8 114 30 21 45 78 9 41 85
506 36 8 95 39 119 115 66 111 64 29
506 37 8 89 47 4 32 88 91 127 119
506 38 8 33 21 19 68 61 119 91 49
506 39 8 80 27 30 105 84 104 108 64
506 40 8 92 64 93 100 41 66 90 98
506 41 8 91 39 119 38 124 5 74 116
506 42 8 58 104 91 30 34 94 116 50
506 43 8 5 15 122 118 27 108 82 69
506 44 8 57 96 67 11 109 1 117 41
506 45 8 100 98 90 0 95 56 124 8
506 46 8 71 47 43 79 26 77 89 126
506 47 8 14 42 30 93 65 80 58 6
7 0 8 113 22 119 26 47 102 100 4
7 1 8 37 35 44 70 102 36 12 33
7 2 8 75 30 31 127 1 16 37 2
7 3 8 43 63 103 41 16 94 36 99
7 4 8 36 49 101 103 81 119 48 92
7 5 8 77 44 51 14 85 17 21 64
7 6 8 40 32 111 21 80 102 27 90
7 7 8 97 107 117 27 90 122 0 105
7 8 8 49 117 7 83 63 19 1 126
7 9 8 27 83 93 61 30 29 72 54
7 10 8 104 37 125 63 28 33 51 0
7 11 8 51 88 81 34 65 41 113 106
7 12 8 119 29 95 82 98 115 101 105
7 13 8 25 89 115 18 127 104 94 7
7 14 8 120 118 56 25 45 71 52 96
7 15 8 76 42 46 113 105 114 104 62
7 16 8 67 64 21 120 23 119 27 101
7 17 8 91 35 23 92 54 126 43 26
7 18 8 40 108 19 32 72 102 21 47
7 19 8 90 97 7 107 117 55 122 27
7 20 8 49 117 7 1 43 50 19 93
7 21 8 27 61 75 121 29 30 93 54
7 22 8 65 104 51 83 37 93 125 111
7 23 8 67 51 34 91 100 64 80 81
7 24 8 10 95 29 44 98 119 5 105
7 25 8 89 25 99 32 82 7 104 66
7 26 8 120 45 56 25 66 26 118 112
7 27 8 42 97 113 76 114 46 123 62
7 28 8 21 67 64 31 120 59 93 126
7 29 8 91 23 72 71 32 113 43 31
7 30 8 40 32 59 108 80 21 98 45
7 31 8 90 97 117 0 23 7 122 71
7 32 8 7 9 63 117 43 49 93 1
7 33 8 54 27 75 29 30 61 92 93
7 34 8 104 65 66 0 71 125 21 17
7 35 8 51 4 34 126 109 64 78 108
7 36 8 95 119 92 98 109 17 111 10
7 37 8 20 25 104 70 27 7 85 82
7 38 8 125 120 45 26 105 61 87 16
7 39 8 27 75 66 112 11 46 102 79
7 40 8 42 12 93 21 64 107 67 126
7 41 8 91 59 88 34 26 23 39 29
7 42 8 111 56 17 33 8 25 60 21
7 43 8 72 69 90 82 51 80 99 91
7 44 8 5 70 76 117 34 96 112 25
7 45 8 29 100 121 41 51 88 116 48
7 46 8 47 100 94 110 46 43 76 16
7 47 8 3 76 102 61 87 24 65 22
16 0 8 58 88 123 109 7 76 121 127
16 1 8 37 65 35 44 1 36 38 102
16 2 8 31 71 75 27 110 21 102 111
16 3 8 43 63 17 94 18 28 126 103
16 4 8 103 49 21 36 30 101 84 37
16 5 8 77 30 58 14 85 112 90 54
16 6 8 40 32 21 72 102 103 111 59
16 7 8 117 97 90 27 105 55 122 43
16 8 8 117 81 63 19 43 7 4 52
16 9 8 27 83 61 112 116 88 40 72
16 10 8 104 33 15 99 51 124 4 87
16 11 8 45 114 88 41 50 34 126 19
16 12 8 95 94 119 58 117 38 110 123
16 13 8 89 115 4 67 7 18 102 127
16 14 8 68 46 52 45 82 21 31 18
16 15 8 76 27 35 71 24 113 54 19
16 16 8 67 13 64 101 90 51 100 21
16 17 8 91 11 44 0 92 23 63 120
16 18 8 40 19 32 102 103 72 50 108
16 19 8 97 19 55 90 117 27 7 107
16 20 8 117 43 49 4 83 19 63 125
16 21 8 27 112 83 61 40 68 100 33
16 22 8 99 33 104 51 82 124 23 37
16 23 8 45 97 78 51 34 50 73 114
16 24 8 95 25 119 38 117 103 10 32
16 25 8 89 4 127 67 18 62 7 102
16 26 8 68 64 82 46 71 18 31 120
16 27 8 76 27 46 113 71 80 125 31
16 28 8 67 13 101 51 64 93 50 21
16 29 8 91 92 11 26 63 35 32 116
16 30 8 40 32 72 103 47 55 80 98
16 31 8 97 117 27 19 7 0 55 122
16 32 8 117 43 63 19 7 4 49 83
16 33 8 112 83 27 61 40 68 54 41
16 34 8 99 33 104 82 50 51 40 23
16 35 8 45 73 114 78 34 100 85 21
16 36 8 119 95 117 92 109 98 115 7
16 37 8 89 4 119 102 67 127 47 7
16 38 8 46 68 33 87 61 73 71 82
16 39 8 27 80 76 126 104 113 46 100
16 40 8 101 13 67 64 93 51 100 41
16 41 8 91 11 92 44 34 36 38 39
16 42 8 86 98 34 46 87 104 77 69
16 43 8 122 15 40 75 72 16 53 94
16 44 8 59 67 1 11 21 117 58 94
16 45 8 100 23 95 121 99 0 52 86
16 46 8 32 9 47 90 109 110 71 94
16 47 8 4 14 44 30 107 46 72 12
8 0 8 93 99 45 98 52 80 8 1
8 1 8 80 84 94 70 117 89 37 33
8 2 8 49 93 41 77 111 115 40 20
8 3 8 104 41 43 86 95 36 79 12
8 4 8 99 29 30 119 103 48 37 93
8 5 8 77 42 54 90 4 24 58 16
8 6 8 55 32 80 72 40 27 94 90
8 7 8 117 97 103 43 63 27 115 36
8 8 8 4 117 43 63 83 2 82 113
8 9 8 83 112 27 61 88 54 116 33
8 10 8 33 104 40 99 38 119 98 63
8 11 8 50 45 78 114 51 41 21 34
8 12 8 95 119 25 58 9 115 110 117
8 13 8 18 102 115 89 113 4 124 109
8 14 8 52 82 32 68 111 31 112 46
8 15 8 35 76 71 113 27 38 22 18
8 16 8 67 13 51 101 50 66 115 64
8 17 8 91 0 92 117 35 11 126 66
8 18 8 40 30 123 80 32 110 55 72
8 19 8 97 34 98 19 117 27 71 0
8 20 8 43 106 27 117 4 42 83 63
8 21 8 112 117 10 33 127 83 79 113
8 22 8 40 23 33 99 62 2 39 104
8 23 8 114 97 50 122 16 45 85 92
8 24 8 58 38 32 25 95 103 9 74
8 25 8 109 18 123 102 89 4 77 127
8 26 8 82 32 18 52 68 71 64 111
8 27 8 76 35 27 20 71 100 46 2
8 28 8 13 51 19 67 44 101 77 115
8 29 8 92 91 35 124 66 34 126 11
8 30 8 118 32 80 40 55 123 30 42
8 31 8 34 97 103 117 27 98 9 94
8 32 8 43 4 79 63 117 19 103 83
8 33 8 112 40 117 41 83 116 104 68
8 34 8 40 33 23 99 110 124 104 95
8 35 8 114 50 78 85 21 45 97 9
8 36 8 103 25 95 117 119 92 110 32
8 37 8 102 4 127 18 89 113 91 115
8 38 8 32 68 82 11 64 118 61 112
8 39 8 76 27 113 104 46 126 100 37
8 40 8 67 13 51 101 59 66 36 6
8 41 8 91 11 35 92 71 2 115 113
8 42 8 86 98 34 46 102 54 18 87
8 43 8 40 16 51 79 9 20 117 127
8 44 8 68 21 18 1 17 36 48 61
8 45 8 100 84 103 56 111 20 19 1
8 46 8 47 8 114 31 75 51 88 44
8 47 8 26 59 21 109 9 36 126 15
7525 0 8 112 105 23 83 36 41 52 54
7525 1 8 31 29 59 89 37 101 71 104
7525 2 8 115 67 76 23 66 71 44 49
7525 3 8 43 41 104 92 86 12 40 106
7525 4 8 27 36 1 4 21 10 5 103
7525 5 8 48 77 54 30 10 58 14 85
7525 6 8 40 32 118 21 80 19 27 72
7525 7 8 117 103 97 90 27 105 55 0
7525 8 8 63 43 14 6 20 120 7 49
7525 9 8 27 83 112 54 41 106 114 40
7525 10 8 99 104 70 109 28 33 40 45
7525 11 8 78 55 45 42 114 126 64 92
7525 12 8 38 95 119 103 36 58 32 17
7525 13 8 115 41 36 109 57 123 18 25
7525 14 8 18 47 31 112 120 52 60 71
7525 15 8 76 20 113 35 27 62 107 31
7525 16 8 67 77 44 29 110 21 64 46
7525 17 8 91 0 64 65 71 63 23 113
7525 18 8 40 80 32 19 21 108 72 102
7525 19 8 97 117 0 34 90 71 27 98
7525 20 8 43 6 117 27 63 7 124 42
7525 21 8 112 27 40 83 117 61 10 114
7525 22 8 109 99 40 70 23 33 104 41
7525 23 8 114 42 55 78 97 85 45 16
7525 24 8 38 0 58 103 95 119 25 39
7525 25 8 109 36 57 18 123 41 115 4
7525 26 8 18 60 71 47 31 52 0 46
7525 27 8 76 20 126 37 35 46 113 2
7525 28 8 44 67 77 110 29 23 66 108
7525 29 8 91 65 0 63 64 11 71 84
7525 30 8 118 40 32 80 72 30 88 56
7525 31 8 34 103 97 117 98 50 43 3
7525 32 8 20 43 63 27 6 117 116 103
7525 33 8 112 41 40 106 117 83 35 104
7525 34 8 70 99 23 109 95 124 33 40
7525 35 8 42 55 114 97 21 9 37 22
7525 36 8 0 38 25 103 119 17 109 58
7525 37 8 41 57 36 109 123 18 4 91
7525 38 8 47 18 60 46 111 71 107 11
7525 39 8 107 20 76 64 126 61 104 90
7525 40 8 77 29 44 110 23 67 108 109
7525 41 8 63 65 11 0 64 115 91 113
7525 42 8 25 126 49 90 20 24 59 30
7525 43 8 121 74 47 40 125 94 75 27
7525 44 8 1 110 13 80 94 11 21 101
7525 45 8 100 83 47 26 5 7 86 84
7525 46 8 1 96 123 10 45 103 20 47
7525 47 8 11 31 127 82 14 121 12 44
13 0 8 65 98 43 73 45 114 44 106
13 1 8 18 94 38 10 119 26 127 70
13 2 8 84 88 38 47 93 57 40 16
13 3 8 89 16 6 31 41 2 124 104
13 4 8 85 106 124 76 115 81 48 104
13 5 8 125 61 66 8 13 70 22 74
13 6 8 105 83 8 80 30 52 56 112
13 7 8 49 112 34 71 16 9 117 31
13 8 8 84 121 116 65 2 46 43 3
13 9 8 110 117 9 10 54 52 114 125
13 10 8 56 61 105 98 53 112 30 58
13 11 8 61 49 24 125 7 89 127 21
13 12 8 99 15 56 104 96 116 49 97
13 13 8 6 28 15 77 23 42 18 19
13 14 8 48 20 90 11 104 17 88 86
13 15 8 85 101 70 76 10 123 103 18
13 16 8 73 124 8 17 39 45 65 84
13 17 8 42 21 69 19 48 105 99 91
13 18 8 105 8 83 56 80 30 34 88
13 19 8 49 112 34 9 71 31 51 3
13 20 8 84 121 116 65 3 46 43 57
13 21 8 110 9 117 125 10 102 111 114
13 22 8 61 105 53 56 98 112 58 30
13 23 8 61 24 49 125 7 23 96 89
13 24 8 99 15 56 96 65 116 50 97
13 25 8 58 28 15 6 23 19 73 77
13 26 8 20 90 48 17 11 104 100 86
13 27 8 85 101 70 10 103 76 123 16
13 28 8 124 73 8 45 81 17 65 84
13 29 8 19 42 21 69 48 105 1 83
13 30 8 105 83 8 80 52 56 30 110
13 31 8 49 112 34 110 9 51 98 3
13 32 8 121 65 84 116 46 43 3 103
13 33 8 125 110 9 117 118 10 64 127
13 34 8 105 61 53 112 56 98 78 39
13 35 8 24 61 125 49 23 37 7 89
13 36 8 99 15 56 96 97 116 65 50
13 37 8 15 28 58 23 6 25 10 104
13 38 8 17 20 48 90 86 107 75 8
13 39 8 101 10 85 103 70 95 23 76
13 40 8 73 45 124 65 8 81 17 84
13 41 8 42 48 19 69 21 18 17 113
13 42 8 36 31 32 114 64 74 2 123
13 43 8 77 88 78 43 40 31 112 20
13 44 8 0 73 90 53 121 107 98 92
13 45 8 84 100 101 94 27 1 2 22
13 46 8 103 38 84 34 11 97 75 98
13 47 8 105 73 57 20 126 109 9 86
88190 0 8 75 33 82 21 37 64 42 56
88190 1 8 58 6 26 23 10 28 9 53
88190 2 8 93 127 47 8 9 54 46 100
88190 3 8 16 38 4 124 2 64 43 117
88190 4 8 56 48 22 25 104 47 124 67
88190 5 8 78 82 13 47 22 34 74 68
88190 6 8 110 52 38 8 42 79 80 30
88190 7 8 110 60 51 9 31 56 48 45
88190 8 8 36 116 46 118 3 105 2 8
88190 9 8 1 65 52 75 107 127 96 77
88190 10 8 112 53 26 113 29 3 67 39
88190 11 8 107 65 76 98 37 104 8 52
88190 12 8 116 97 75 20 42 77 111 52
88190 13 8 23 98 84 73 64 101 81 52
88190 14 8 34 22 76 88 26 90 75 6
88190 15 8 95 8 87 10 70 16 56 110
88190 16 8 65 58 45 17 73 27 7 70
88190 17 8 18 69 49 48 27 99 58 54
88190 18 8 52 79 110 8 80 83 42 44
88190 19 8 110 51 9 31 60 45 125 75
88190 20 8 46 36 116 3 118 105 57 33
88190 21 8 65 1 52 96 64 107 118 99
88190 22 8 53 112 26 30 98 35 3 74
88190 23 8 107 89 43 8 7 37 6 52
88190 24 8 75 50 97 116 56 111 42 104
88190 25 8 73 23 98 81 101 21 52 16
88190 26 8 90 8 34 6 26 88 22 76
88190 27 8 10 8 95 87 56 18 103 16
88190 28 8 65 45 17 73 83 55 124 18
88190 29 8 18 69 49 17 48 54 26 39
88190 30 8 52 110 42 56 80 8 79 30
88190 31 8 110 51 60 9 31 56 34 45
88190 32 8 116 36 46 118 3 103 44 105
88190 33 8 65 1 127 107 96 52 117 64
88190 34 8 112 53 26 113 98 64 9 3
88190 35 8 107 37 8 89 43 98 7 96
88190 36 8 97 116 75 42 52 50 24 56
88190 37 8 52 73 81 23 101 98 10 42
88190 38 8 34 26 107 75 88 90 22 24
88190 39 8 8 87 10 95 25 120 56 103
88190 40 8 65 45 17 73 35 83 27 6
88190 41 8 49 18 26 48 85 118 58 69
88190 42 8 58 32 2 64 66 31 113 36
88190 43 8 99 69 77 2 94 47 75 30
88190 44 8 94 73 42 113 62 11 53 114
88190 45 8 51 48 87 94 54 100 88 84
88190 46 8 122 103 1 33 84 38 97 37
88190 47 8 44 114 82 127 23 14 11 42
11 0 8 26 44 65 70 59 114 101 73
11 1 8 50 23 26 58 30 127 94 124
11 2 8 93 84 88 47 127 54 18 61
11 3 8 2 16 38 82 124 64 39 112
11 4 8 56 124 106 48 25 118 47 81
11 5 8 82 22 13 47 42 107 61 126
11 6 8 52 8 110 42 80 30 83 38
11 7 8 60 110 51 31 9 50 49 45
11 8 8 109 46 36 116 3 103 84 43
11 9 8 45 65 117 127 1 9 49 96
11 10 8 112 39 53 113 30 122 56 105
11 11 8 67 107 127 98 89 37 125 61
11 12 8 9 116 97 104 50 42 52 63
11 13 8 23 21 98 16 42 77 84 6
11 14 8 20 88 90 8 79 48 22 34
11 15 8 76 95 18 4 56 123 103 10
11 16 8 45 73 65 124 17 67 55 64
11 17 8 71 69 91 48 23 42 17 103
11 18 8 80 30 8 40 34 110 42 52
11 19 8 0 97 117 34 60 71 9 90
11 20 8 43 116 46 117 63 7 36 109
11 21 8 117 112 45 27 59 114 10 54
11 22 8 53 62 113 104 83 112 98 66
11 23 8 67 89 122 0 51 37 127 82
11 24 8 104 116 97 56 74 63 111 28
11 25 8 25 21 76 16 42 23 98 32
11 26 8 90 8 88 20 111 107 79 22
11 27 8 76 10 56 85 103 35 123 95
11 28 8 124 45 67 73 65 55 84 17
11 29 8 91 71 69 48 42 103 97 116
11 30 8 80 40 30 32 105 42 56 110
11 31 8 34 60 97 98 117 0 9 49
11 32 8 43 109 36 116 84 46 63 121
11 33 8 117 112 45 65 9 110 59 10
11 34 8 53 112 61 105 123 13 113 39
11 35 8 37 61 67 24 49 89 122 98
11 36 8 99 97 15 74 116 9 63 56
11 37 8 15 28 23 58 6 76 98 77
11 38 8 20 48 90 17 107 8 88 86
11 39 8 85 101 23 103 95 10 76 61
11 40 8 124 8 73 45 65 17 67 84
11 41 8 42 19 69 48 18 72 91 71
11 42 8 32 31 39 64 36 54 74 34
11 43 8 40 77 88 43 20 78 89 9
11 44 8 53 0 73 18 98 97 121 92
11 45 8 84 100 94 1 27 111 32 22
11 46 8 38 84 103 75 114 31 47 8
11 47 8 73 117 32 126 9 111 109 124
358 0 8 103 104 49 50 78 32 6 92
358 1 8 9 30 23 58 6 77 4 26
358 2 8 51 122 93 127 47 100 14 2
358 3 8 2 38 112 16 39 64 18 29
358 4 8 48 56 23 25 104 124 121 67
358 5 8 107 82 22 13 47 126 97 75
358 6 8 79 52 80 42 8 110 38 25
358 7 8 110 2 51 9 31 71 60 125
358 8 8 46 109 116 36 3 61 103 44
358 9 8 65 1 52 45 96 118 75 71
358 10 8 112 35 53 122 39 113 103 30
358 11 8 107 37 67 89 43 125 7 104
358 12 8 50 116 104 97 59 75 52 56
358 13 8 2 98 23 43 21 101 122 76
358 14 8 90 80 88 75 115 79 6 34
358 15 8 10 60 8 123 95 18 76 70
358 16 8 45 65 7 11 55 17 15 76
358 17 8 39 17 52 15 71 75 91 29
358 18 8 80 8 79 52 64 30 34 40
358 19 8 9 71 110 31 0 34 51 117
358 20 8 46 116 3 43 109 124 36 65
358 21 8 117 118 59 114 65 52 10 5
358 22 8 53 98 112 30 35 66 13 65
358 23 8 37 89 67 51 7 6 4 125
358 24 8 116 50 59 56 111 97 104 28
358 25 8 23 25 99 73 20 2 119 16
358 26 8 90 8 80 88 75 115 111 79
358 27 8 76 10 60 18 95 123 120 111
358 28 8 45 7 11 84 65 67 15 17
358 29 8 39 17 91 52 71 103 46 18
358 30 8 79 52 80 30 40 42 110 36
358 31 8 110 9 34 51 31 2 3 0
358 32 8 46 109 36 43 116 3 44 103
358 33 8 65 52 117 96 1 118 59 64
358 34 8 35 112 13 53 113 39 66 64
358 35 8 37 107 89 115 98 43 8 7
358 36 8 50 97 116 26 75 63 74 52
358 37 8 2 98 76 82 21 23 101 10
358 38 8 80 75 79 34 88 107 7 90
358 39 8 60 13 8 95 120 82 10 56
358 40 8 11 45 7 65 17 15 83 55
358 41 8 39 18 17 106 52 46 15 85
358 42 8 2 125 74 37 22 123 36 7
358 43 8 56 43 19 12 78 112 97 77
358 44 8 88 45 99 37 0 98 65 44
358 45 8 58 92 46 17 112 84 22 100
358 46 8 84 38 29 105 30 39 103 88
358 47 8 108 52 111 35 95 6 59 87
6099 0 8 111 62 77 126 29 12 21 3
6099 1 8 58 86 76 23 78 77 45 107
6099 2 8 9 51 119 14 47 15 73 54
6099 3 8 25 38 105 16 7 2 79 112
6099 4 8 47 25 56 48 22 86 91 39
6099 5 8 80 82 126 34 78 22 47 122
6099 6 8 52 79 8 42 80 38 30 110
6099 7 8 110 87 51 60 31 48 9 97
6099 8 8 36 46 51 44 24 116 103 39
6099 9 8 65 1 94 96 52 45 127 49
6099 10 8 112 35 13 39 53 74 64 113
6099 11 8 115 107 87 37 98 89 67 105
6099 12 8 104 75 97 116 42 50 52 63
6099 13 8 75 24 98 21 44 64 101 73
6099 14 8 62 28 34 88 8 75 79 76
6099 15 8 95 8 98 56 10 16 18 120
6099 16 8 45 73 83 65 123 20 75 17
6099 17 8 14 17 97 106 85 27 69 22
6099 18 8 79 52 8 34 42 30 25 86
6099 19 8 110 51 87 9 60 31 100 98
6099 20 8 36 46 44 116 3 103 51 43
6099 21 8 65 96 94 45 64 1 117 52
6099 22 8 13 35 112 53 30 39 74 113
6099 23 8 89 37 87 115 107 8 0 39
6099 24 8 50 116 97 104 75 42 74 60
6099 25 8 24 98 75 21 73 42 64 101
6099 26 8 8 62 28 111 88 90 79 34
6099 27 8 10 95 56 18 76 120 98 103
6099 28 8 73 45 123 84 20 83 55 17
6099 29 8 97 69 85 14 17 103 18 120
6099 30 8 79 52 34 30 80 8 56 42
6099 31 8 9 110 60 51 98 31 3 87
6099 32 8 36 44 43 46 103 116 101 127
6099 33 8 117 96 65 94 45 111 127 64
6099 34 8 53 13 112 35 108 113 39 123
6099 35 8 37 89 87 67 115 98 0 8
6099 36 8 97 116 50 63 74 9 53 42
6099 37 8 24 98 42 10 75 21 44 121
6099 38 8 62 8 28 88 34 111 107 75
6099 39 8 98 103 61 95 56 76 120 18
6099 40 8 73 123 45 84 20 67 83 17
6099 41 8 85 48 69 14 97 84 18 91
6099 42 8 75 31 2 36 101 34 65 54
6099 43 8 40 2 20 77 4 43 81 78
6099 44 8 13 121 98 73 54 97 92 71
6099 45 8 84 100 94 1 19 103 127 53
6099 46 8 67 47 75 17 82 84 119 60
6099 47 8 34 117 32 27 54 90 126 124
429 0 8 84 2 61 103 80 111 14 83
429 1 8 58 3 83 86 23 30 76 113
429 2 8 122 84 9 100 117 51 47 50
429 3 8 105 25 38 7 16 39 90 112
429 4 8 47 48 25 91 124 56 22 77
429 5 8 107 82 126 111 80 34 105 22
429 6 8 52 30 42 8 79 80 110 85
429 7 8 60 110 51 100 9 50 95 31
429 8 8 109 46 44 36 103 15 3 116
429 9 8 45 117 65 1 96 127 34 27
429 10 8 112 39 13 83 108 113 23 123
429 11 8 67 115 98 37 127 8 89 47
429 12 8 104 68 97 74 116 63 9 50
429 13 8 121 21 42 98 64 16 66 76
429 14 8 79 28 8 90 88 58 111 86
429 15 8 103 4 76 61 56 3 18 6
429 16 8 55 73 45 84 119 67 20 21
429 17 8 48 97 69 91 103 45 116 23
429 18 8 8 30 34 80 32 40 52 56
429 19 8 60 9 98 97 0 34 71 117
429 20 8 43 109 127 36 46 116 63 101
429 21 8 117 45 112 65 27 59 54 111
429 22 8 13 53 123 112 113 0 104 39
429 23 8 89 67 37 0 47 127 8 111
429 24 8 74 104 9 97 116 115 60 68
429 25 8 98 21 42 121 82 76 16 64
429 26 8 90 79 8 111 28 88 58 52
429 27 8 103 4 76 61 10 56 35 123
429 28 8 55 73 67 124 45 84 66 20
429 29 8 91 48 97 69 71 103 116 45
429 30 8 32 40 80 30 56 8 102 42
429 31 8 60 98 97 117 34 0 103 9
429 32 8 109 43 127 36 63 117 42 46
429 33 8 117 112 45 27 65 59 68 83
429 34 8 123 13 53 113 104 45 39 108
429 35 8 67 89 122 37 0 98 127 61
429 36 8 114 74 104 9 63 97 119 99
429 37 8 98 76 16 23 121 28 21 25
429 38 8 90 79 8 48 28 112 88 107
429 39 8 4 76 103 23 61 85 123 10
429 40 8 73 124 67 55 20 45 84 59
429 41 8 69 91 48 97 71 113 19 20
429 42 8 64 37 54 31 7 101 34 93
429 43 8 40 77 88 9 20 43 89 117
429 44 8 73 53 18 21 97 91 98 68
429 45 8 100 84 1 56 111 32 94 103
429 46 8 67 47 114 8 44 31 75 82
429 47 8 117 34 32 73 126 124 59 9
444 0 8 49 75 72 78 6 50 37 47
444 1 8 28 59 36 71 24 57 37 9
444 2 8 46 2 107 31 111 5 71 66
444 3 8 43 112 103 24 74 95 44 37
444 4 8 50 21 53 54 48 84 36 101
444 5 8 85 14 12 56 35 44 122 101
444 6 8 40 32 80 27 21 113 90 91
444 7 8 97 117 0 9 105 78 107 71
444 8 8 127 43 98 117 50 49 7 42
444 9 8 27 112 54 7 40 25 117 88
444 10 8 13 88 82 104 33 124 55 21
444 11 8 51 22 122 18 100 127 41 89
444 12 8 26 9 74 114 115 119 24 34
444 13 8 18 76 61 82 104 89 127 2
444 14 8 111 71 73 90 88 52 15 31
444 15 8 61 76 72 111 14 18 3 6
444 16 8 60 55 93 84 100 82 33 19
444 17 8 46 91 116 92 103 39 82 26
444 18 8 32 80 40 34 30 27 86 118
444 19 8 97 60 98 9 34 71 117 19
444 20 8 43 127 42 50 117 46 116 15
444 21 8 117 112 111 25 7 27 102 65
444 22 8 13 82 53 23 88 103 37 66
444 23 8 22 51 89 37 0 111 100 99
444 24 8 74 9 26 115 114 104 124 119
444 25 8 18 82 76 98 42 13 16 99
444 26 8 90 8 111 15 88 0 92 80
444 27 8 61 76 0 56 72 60 80 35
444 28 8 60 100 55 82 93 67 73 84
444 29 8 91 46 39 92 116 34 26 103
444 30 8 32 80 30 40 56 27 34 20
444 31 8 60 97 34 117 103 98 3 9
444 32 8 127 43 94 50 117 42 116 67
444 33 8 117 112 27 7 45 102 65 40
444 34 8 88 23 82 9 13 37 55 103
444 35 8 22 51 37 89 9 0 18 36
444 36 8 114 74 119 115 9 26 24 25
444 37 8 61 82 89 18 127 52 120 76
444 38 8 33 15 73 92 31 90 24 87
444 39 8 80 72 0 61 25 87 111 77
444 40 8 100 82 93 35 28 64 84 94
444 41 8 39 92 99 116 91 118 93 3
444 42 8 111 4 58 33 106 34 38 92
444 43 8 41 20 5 69 82 30 40 27
444 44 8 96 11 62 64 65 76 101 114
444 45 8 100 56 1 48 73 67 31 107
444 46 8 79 47 26 54 3 43 35 92
444 47 8 0 42 39 80 17 53 124 51
36003 0 8 111 89 4 33 6 75 46 122
36003 1 8 57 104 59 28 56 71 101 98
36003 2 8 46 49 60 111 5 71 26 66
36003 3 8 43 24 114 103 93 44 18 87
36003 4 8 5 50 127 21 84 36 30 35
36003 5 8 14 0 115 85 44 90 35 12
36003 6 8 103 40 32 98 21 111 102 27
36003 7 8 55 117 97 122 7 27 103 19
36003 8 8 50 94 117 7 49 43 126 98
36003 9 8 40 88 112 27 51 54 93 41
36003 10 8 51 124 33 37 82 15 104 100
36003 11 8 51 114 22 100 73 25 34 126
36003 12 8 20 114 29 26 119 103 115 92
36003 13 8 89 127 62 1 7 25 18 119
36003 14 8 61 71 46 82 31 90 26 64
36003 15 8 61 79 125 76 80 46 54 126
36003 16 8 100 13 28 93 60 44 67 51
36003 17 8 26 46 91 49 92 116 23 118
36003 18 8 103 40 32 98 55 37 50 102
36003 19 8 97 7 19 122 55 27 117 107
36003 20 8 50 117 94 42 43 7 4 127
36003 21 8 40 112 39 7 117 27 88 68
36003 22 8 23 82 51 71 124 88 104 37
36003 23 8 51 73 22 100 114 97 25 42
36003 24 8 20 92 103 0 25 114 115 119
36003 25 8 89 62 18 82 127 57 7 20
36003 26 8 61 71 60 15 90 82 26 46
36003 27 8 126 61 46 80 79 113 76 125
36003 28 8 60 67 13 93 108 44 28 55
36003 29 8 26 91 46 92 52 15 113 71
36003 30 8 32 103 40 91 118 102 80 19
36003 31 8 117 97 50 103 27 98 60 124
36003 32 8 50 117 94 43 127 20 42 4
36003 33 8 112 117 40 27 88 35 7 54
36003 34 8 23 71 82 51 88 104 37 124
36003 35 8 22 51 73 42 89 25 18 126
36003 36 8 115 119 26 25 0 103 74 9
36003 37 8 18 62 16 57 115 82 127 64
36003 38 8 61 71 60 52 112 8 73 80
36003 39 8 76 61 126 60 80 35 113 46
36003 40 8 93 60 67 55 15 13 44 108
36003 41 8 26 46 36 15 91 92 113 71
36003 42 8 86 125 7 73 34 54 49 46
36003 43 8 40 19 12 49 20 9 16 43
36003 44 8 11 88 99 18 45 21 36 121
36003 45 8 100 84 56 17 103 112 46 26
36003 46 8 47 81 30 75 29 51 91 39
36003 47 8 21 15 26 126 111 127 121 59
53588 0 8 112 3 124 36 126 82 62 122
53588 1 8 78 107 86 71 59 29 98 66
53588 2 8 119 44 115 66 5 62 126 76
53588 3 8 43 13 99 70 44 95 92 34
53588 4 8 21 36 5 1 27 84 50 35
53588 5 8 44 10 115 85 0 87 48 14
53588 6 8 40 103 32 118 98 102 19 21
53588 7 8 55 117 97 124 103 122 19 113
53588 8 8 94 43 7 127 117 20 49 1
53588 9 8 106 40 27 112 51 25 54 66
53588 10 8 70 104 51 88 10 13 109 37
53588 11 8 51 55 22 42 6 0 73 34
53588 12 8 101 103 37 114 115 26 119 0
53588 13 8 36 57 41 89 7 1 109 123
53588 14 8 24 71 60 90 45 31 112 87
53588 15 8 79 76 61 20 125 126 46 113
53588 16 8 60 108 110 44 67 77 21 84
53588 17 8 46 91 64 0 116 23 52 25
53588 18 8 103 40 32 102 50 21 80 27
53588 19 8 98 97 90 117 19 0 9 78
53588 20 8 117 43 94 127 7 50 20 63
53588 21 8 117 112 40 27 25 54 35 106
53588 22 8 70 88 13 109 82 104 51 23
53588 23 8 55 22 51 42 73 6 97 0
53588 24 8 0 115 103 37 26 101 25 38
53588 25 8 57 18 76 41 82 109 36 62
53588 26 8 60 71 22 24 80 111 102 90
53588 27 8 60 20 61 76 46 126 113 51
53588 28 8 60 67 108 110 15 44 55 94
53588 29 8 15 46 91 52 71 64 113 103
53588 30 8 32 40 118 103 80 102 19 8
53588 31 8 117 50 97 103 27 98 34 124
53588 32 8 117 43 20 94 127 63 106 55
53588 33 8 106 117 112 27 45 35 40 88
53588 34 8 70 104 53 108 109 23 62 13
53588 35 8 55 89 42 22 98 51 126 122
53588 36 8 115 0 53 119 26 12 95 25
53588 37 8 115 36 57 41 16 18 21 64
53588 38 8 80 60 112 52 71 8 102 111
53588 39 8 76 61 60 113 78 20 35 71
53588 40 8 67 15 110 55 60 44 108 59
53588 41 8 15 46 36 52 113 91 117 71
53588 42 8 7 125 25 49 73 46 24 54
53588 43 8 40 19 12 43 49 9 20 125
53588 44 8 45 88 99 18 21 13 36 33
53588 45 8 84 17 112 46 100 56 58 35
53588 46 8 47 29 30 39 105 84 75 91
53588 47 8 52 35 111 95 108 59 127 126
3637 0 8 33 37 0 36 64 72 92 46
3637 1 8 19 53 90 71 78 107 106 7
3637 2 8 107 66 94 62 127 2 5 77
3637 3 8 43 13 44 97 55 108 12 24
3637 4 8 21 40 37 36 74 29 32 1
3637 5 8 16 14 30 90 85 44 56 0
3637 6 8 55 40 32 123 111 13 102 99
3637 7 8 97 96 124 27 117 103 122 43
3637 8 8 6 117 24 50 98 49 13 43
3637 9 8 40 112 27 88 33 106 34 83
3637 10 8 37 124 70 120 51 104 55 110
3637 11 8 114 97 68 51 78 126 59 116
3637 12 8 95 119 74 32 115 76 29 52
3637 13 8 89 49 115 127 52 120 61 36
3637 14 8 95 36 52 7 26 31 25 112
3637 15 8 78 113 87 76 69 53 46 54
3637 16 8 67 35 29 23 13 123 114 84
3637 17 8 84 92 91 36 46 113 126 70
3637 18 8 103 32 19 40 102 108 55 123
3637 19 8 43 97 124 90 27 117 103 96
3637 20 8 117 55 24 49 6 94 43 7
3637 21 8 40 27 83 112 61 93 121 72
3637 22 8 37 9 120 124 104 101 100 119
3637 23 8 68 97 91 19 71 126 114 34
3637 24 8 95 103 115 101 80 25 51 29
3637 25 8 49 89 115 127 82 62 52 120
3637 26 8 7 26 92 71 62 56 36 22
3637 27 8 78 46 25 113 0 79 53 69
3637 28 8 35 67 82 23 123 84 50 29
3637 29 8 91 84 113 92 46 71 36 54
3637 30 8 32 40 19 50 55 47 102 21
3637 31 8 117 43 124 97 96 27 90 85
3637 32 8 117 24 6 55 49 43 51 63
3637 33 8 40 27 72 51 54 112 94 106
3637 34 8 9 37 120 104 88 124 51 119
3637 35 8 68 71 25 126 114 87 46 73
3637 36 8 115 101 95 53 80 25 29 52
3637 37 8 52 61 49 89 45 120 127 44
3637 38 8 92 26 33 87 7 36 49 95
3637 39 8 25 0 87 113 111 78 69 61
3637 40 8 35 82 67 100 60 84 123 126
3637 41 8 84 46 54 99 92 113 72 91
3637 42 8 33 4 116 70 66 58 28 74
3637 43 8 2 82 40 72 18 20 51 61
3637 44 8 42 62 96 23 5 49 21 92
3637 45 8 51 48 88 56 98 93 15 67
3637 46 8 33 43 54 47 26 35 74 29
3637 47 8 0 17 80 23 39 42 67 53
849 0 8 29 92 100 4 117 3 24 46
849 1 8 91 78 39 13 115 107 98 67
849 2 8 119 62 66 49 4 91 0 28
849 3 8 43 120 7 11 65 24 13 95
849 4 8 39 74 4 40 21 5 36 10
849 5 8 16 85 52 48 30 80 0 14
849 6 8 32 40 19 123 102 55 50 21
849 7 8 117 124 87 27 103 43 96 105
849 8 8 24 117 51 49 43 6 27 94
849 9 8 88 94 27 40 112 51 93 52
849 10 8 37 120 51 119 101 95 104 100
849 11 8 114 91 126 71 68 19 87 86
849 12 8 53 95 101 76 103 115 38 123
849 13 8 49 115 24 89 44 109 123 52
849 14 8 62 52 95 29 36 19 28 87
849 15 8 78 113 112 76 87 115 69 53
849 16 8 29 123 67 20 77 64 109 60
849 17 8 84 91 14 92 0 97 113 120
849 18 8 103 32 19 40 102 98 50 100
849 19 8 43 97 87 124 117 27 90 103
849 20 8 117 24 55 49 51 6 94 43
849 21 8 94 40 27 112 88 61 51 93
849 22 8 37 120 101 95 124 119 51 100
849 23 8 71 97 87 68 91 15 19 126
849 24 8 115 103 101 53 123 95 80 52
849 25 8 49 24 44 89 123 115 77 62
849 26 8 62 95 7 26 60 22 36 71
849 27 8 78 46 115 113 98 53 61 112
849 28 8 123 20 67 29 23 109 36 114
849 29 8 84 91 14 113 97 126 36 32
849 30 8 32 19 40 13 118 50 123 102
849 31 8 43 124 97 117 87 27 103 96
849 32 8 117 24 55 51 49 39 43 122
849 33 8 51 94 27 52 40 88 54 112
849 34 8 37 120 101 100 51 104 119 65
849 35 8 71 87 126 15 86 97 19 46
849 36 8 115 53 101 95 120 100 12 123
849 37 8 49 24 115 121 44 107 55 64
849 38 8 62 28 118 25 112 21 22 36
849 39 8 115 53 113 98 25 4 71 69
849 40 8 67 123 20 109 121 36 59 23
849 41 8 84 14 97 113 91 71 28 20
849 42 8 28 65 46 101 70 8 75 34
849 43 8 2 40 4 75 20 117 9 81
849 44 8 21 23 13 71 36 33 54 3
849 45 8 84 56 103 100 48 104 66 20
849 46 8 67 47 44 33 75 74 8 117
849 47 8 114 34 117 27 54 32 79 0
279 0 8 106 18 57 61 24 14 103 120
279 1 8 91 9 48 39 3 106 115 17
279 2 8 90 122 120 62 66 69 68 121
279 3 8 7 11 65 120 26 105 43 39
279 4 8 40 39 0 4 63 74 105 36
279 5 8 80 16 51 105 30 85 70 52
279 6 8 123 19 32 13 40 80 10 86
279 7 8 117 124 97 43 27 103 72 105
279 8 8 51 28 24 39 117 27 43 50
279 9 8 94 48 88 32 112 27 51 105
279 10 8 101 83 14 120 23 37 70 110
279 11 8 87 71 15 109 47 106 86 10
279 12 8 115 53 106 47 120 95 119 123
279 13 8 49 44 66 24 115 75 36 55
279 14 8 19 105 118 62 28 22 16 36
279 15 8 115 98 78 4 113 61 112 76
279 16 8 12 123 119 67 43 20 29 84
279 17 8 91 2 84 126 35 14 20 120
279 18 8 19 13 32 40 100 50 123 9
279 19 8 97 43 103 27 87 96 124 78
279 20 8 117 24 55 51 39 49 106 28
279 21 8 94 27 51 48 77 112 32 43
279 22 8 101 120 37 51 14 2 123 100
279 23 8 87 71 47 15 86 109 36 126
279 24 8 115 47 123 120 53 68 76 106
279 25 8 49 44 66 24 113 115 97 121
279 26 8 105 62 118 87 19 16 82 95
279 27 8 115 4 78 61 53 98 112 9
279 28 8 67 12 119 123 36 20 114 84
279 29 8 126 91 35 2 113 84 117 20
279 30 8 13 32 19 40 98 50 115 102
279 31 8 97 43 27 124 117 113 85 95
279 32 8 117 24 28 49 55 79 50 51
279 33 8 51 27 32 48 77 88 72 62
279 34 8 51 110 100 101 83 14 104 120
279 35 8 109 87 19 126 71 10 47 29
279 36 8 115 120 47 119 123 95 68 60
279 37 8 66 49 113 107 115 7 55 99
279 38 8 105 21 118 16 112 25 96 37
279 39 8 98 115 113 53 4 69 76 71
279 40 8 12 119 67 123 59 36 84 126
279 41 8 2 35 91 113 126 117 66 28
279 42 8 27 102 46 93 34 109 38 18
279 43 8 40 29 20 9 51 81 79 117
279 44 8 21 36 48 68 18 3 61 20
279 45 8 56 58 84 104 100 20 80 66
279 46 8 47 44 8 75 114 31 88 67
279 47 8 36 59 120 126 66 47 123 88
3245 0 8 63 34 17 2 41 21 118 87
3245 1 8 99 48 16 75 59 7 53 23
3245 2 8 90 8 24 66 70 54 94 50
3245 3 8 77 43 93 44 55 97 37 112
3245 4 8 87 10 36 21 40 86 105 22
3245 5 8 90 54 16 58 85 14 71 105
3245 6 8 19 32 40 55 123 21 27 13
3245 7 8 103 43 117 27 124 97 105 122
3245 8 8 4 117 49 50 79 52 126 43
3245 9 8 88 27 33 112 32 93 72 51
3245 10 8 110 100 101 40 33 119 37 15
3245 11 8 50 91 114 79 116 19 126 34
3245 12 8 115 123 76 101 36 118 29 119
3245 13 8 115 102 113 107 89 18 66 7
3245 14 8 82 118 64 87 95 21 36 16
3245 15 8 33 37 115 113 69 9 78 111
3245 16 8 51 67 33 40 13 7 114 123
3245 17 8 126 91 35 2 117 113 20 100
3245 18 8 55 19 32 123 13 40 115 108
3245 19 8 43 97 27 103 96 124 122 86
3245 20 8 117 4 50 49 79 55 27 42
3245 21 8 27 33 88 62 77 112 116 32
3245 22 8 100 110 51 101 15 37 86 2
3245 23 8 50 79 114 19 97 71 126 22
3245 24 8 115 123 62 101 25 32 76 36
3245 25 8 102 89 113 18 115 7 13 77
3245 26 8 82 87 64 46 7 37 21 25
3245 27 8 33 90 87 37 100 69 9 115
3245 28 8 51 40 114 100 33 67 13 36
3245 29 8 126 115 91 92 117 113 53 35
3245 30 8 55 115 13 32 19 40 20 99
3245 31 8 43 27 97 124 95 28 117 78
3245 32 8 117 4 50 18 55 64 49 79
3245 33 8 33 62 27 51 77 32 61 113
3245 34 8 33 51 23 110 100 119 15 40
3245 35 8 79 114 50 126 29 19 22 9
3245 36 8 115 123 43 51 36 119 98 28
3245 37 8 89 102 7 18 115 77 66 27
3245 38 8 87 82 64 7 25 112 73 37
3245 39 8 33 37 53 113 87 69 76 54
3245 40 8 40 100 33 67 51 84 7 4
3245 41 8 126 113 53 117 91 92 124 28
3245 42 8 73 98 38 46 86 37 8 34
3245 43 8 16 40 20 81 127 72 51 9
3245 44 8 5 21 37 3 33 68 36 34
3245 45 8 20 104 84 56 66 100 34 121
3245 46 8 47 44 51 82 84 124 70 33
3245 47 8 99 27 26 90 52 94 108 19
5926 0 8 63 77 17 67 120 111 87 34
5926 1 8 113 99 53 59 7 23 16 76
5926 2 8 65 49 121 54 70 8 50 66
5926 3 8 121 93 43 77 106 97 65 1
5926 4 8 87 10 9 1 21 36 105 102
5926 5 8 58 97 90 30 71 12 85 14
5926 6 8 40 32 55 115 19 50 21 102
5926 7 8 43 117 124 97 55 103 27 105
5926 8 8 4 50 117 19 27 79 49 43
5926 9 8 62 27 88 51 15 30 77 105
5926 10 8 51 100 119 33 38 37 72 124
5926 11 8 114 91 19 79 50 81 126 51
5926 12 8 123 59 115 43 101 29 51 36
5926 13 8 89 102 115 127 86 18 52 7
5926 14 8 87 80 21 82 46 59 36 69
5926 15 8 33 53 90 78 37 46 113 112
5926 16 8 114 33 40 111 67 7 51 100
5926 17 8 91 125 52 92 126 113 115 15
5926 18 8 115 55 19 40 108 32 50 103
5926 19 8 27 97 55 122 124 90 96 43
5926 20 8 117 4 50 55 49 19 7 94
5926 21 8 27 40 93 62 88 39 121 85
5926 22 8 37 51 23 100 44 86 104 71
5926 23 8 114 91 50 81 34 97 68 126
5926 24 8 59 123 98 103 29 62 51 101
5926 25 8 89 7 18 102 25 127 52 95
5926 26 8 82 87 64 80 25 45 46 101
5926 27 8 33 87 46 37 90 31 113 84
5926 28 8 40 111 33 7 67 100 13 114
5926 29 8 91 113 52 126 115 92 125 32
5926 30 8 55 115 32 102 40 50 19 98
5926 31 8 27 97 117 124 96 104 105 118
5926 32 8 117 4 119 50 49 55 31 43
5926 33 8 27 33 72 85 61 54 39 62
5926 34 8 51 37 33 104 71 100 23 119
5926 35 8 114 81 126 34 50 79 22 116
5926 36 8 115 59 51 98 7 43 123 36
5926 37 8 89 102 7 70 18 127 108 2
5926 38 8 87 7 64 68 82 112 25 36
5926 39 8 37 33 113 53 87 90 69 78
5926 40 8 67 40 59 84 126 100 33 111
5926 41 8 113 53 11 91 126 52 92 71
5926 42 8 37 38 86 34 59 98 46 103
5926 43 8 16 40 51 20 9 54 86 56
5926 44 8 21 37 18 36 45 117 5 97
5926 45 8 104 56 84 100 112 46 121 108
5926 46 8 47 82 105 124 39 51 84 122
5926 47 8 52 108 26 35 14 95 27 90
1483 0 8 7 29 126 116 97 111 62 120
1483 1 8 113 11 78 107 116 52 76 91
1483 2 8 49 121 67 15 90 119 66 69
1483 3 8 93 121 43 11 77 65 44 104
1483 4 8 21 10 87 9 1 127 36 37
1483 5 8 48 90 58 85 97 30 0 16
1483 6 8 19 55 40 32 98 102 103 50
1483 7 8 43 124 27 113 117 55 103 97
1483 8 8 50 4 27 79 49 18 94 117
1483 9 8 51 27 88 41 40 32 77 112
1483 10 8 51 100 110 119 33 37 38 104
1483 11 8 114 91 19 50 116 22 126 109
1483 12 8 115 38 123 103 59 101 36 43
1483 13 8 102 115 85 89 113 31 109 7
1483 14 8 87 59 19 46 18 82 13 45
1483 15 8 115 27 33 107 113 37 46 111
1483 16 8 111 51 13 29 100 67 77 33
1483 17 8 126 91 26 63 113 0 115 35
1483 18 8 55 19 103 40 32 98 50 115
1483 19 8 43 55 97 27 124 103 96 122
1483 20 8 50 117 4 55 49 27 6 79
1483 21 8 27 40 51 77 62 32 88 30
1483 22 8 51 100 37 110 23 71 86 33
1483 23 8 114 19 68 22 50 73 91 81
1483 24 8 115 103 38 62 123 25 98 101
1483 25 8 89 31 7 49 113 123 18 109
1483 26 8 87 62 18 82 19 46 64 96
1483 27 8 115 37 46 50 27 107 20 113
1483 28 8 111 13 51 29 67 44 77 123
1483 29 8 126 91 84 113 63 35 115 0
1483 30 8 55 19 40 32 13 98 115 50
1483 31 8 43 27 124 97 117 113 122 55
1483 32 8 117 4 49 50 27 55 43 18
1483 33 8 51 27 30 72 40 41 77 11
1483 34 8 51 100 110 33 37 104 23 95
1483 35 8 114 50 68 97 34 126 22 73
1483 36 8 115 103 98 25 119 36 123 101
1483 37 8 102 113 7 89 49 127 18 70
1483 38 8 87 64 96 82 112 118 25 62
1483 39 8 37 113 46 53 115 27 98 76
1483 40 8 111 67 51 13 59 84 23 123
1483 41 8 91 126 113 35 2 71 84 66
1483 42 8 98 86 46 38 34 54 102 109
1483 43 8 40 16 20 9 105 117 54 79
1483 44 8 21 36 68 13 18 48 61 97
1483 45 8 84 56 100 20 104 66 1 103
1483 46 8 47 8 75 114 51 44 88 91
1483 47 8 26 120 59 126 36 21 66 94
1509 0 8 125 36 112 23 105 87 30 124
1509 1 8 7 29 90 71 68 14 3 28
1509 2 8 67 76 6 44 66 49 126 96
1509 3 8 43 70 50 92 121 93 44 77
1509 4 8 27 10 21 36 38 127 5 9
1509 5 8 48 90 10 87 58 16 14 85
1509 6 8 19 40 32 21 102 118 51 123
1509 7 8 43 124 103 97 27 55 117 113
1509 8 8 50 20 49 14 7 29 2 1
1509 9 8 51 30 27 11 32 77 41 93
1509 10 8 100 110 109 104 51 119 34 84
1509 11 8 76 91 65 42 70 117 19 15
1509 12 8 101 115 108 62 98 109 123 0
1509 13 8 86 41 31 85 57 84 97 115
1509 14 8 87 59 19 46 45 18 36 94
1509 15 8 107 111 20 64 37 31 113 51
1509 16 8 110 29 77 67 108 64 33 84
1509 17 8 0 63 91 64 65 11 115 113
1509 18 8 40 19 32 102 98 111 103 50
1509 19 8 97 124 43 90 103 27 55 117
1509 20 8 117 55 27 49 20 50 43 7
1509 21 8 11 27 30 51 77 41 83 61
1509 22 8 109 51 100 104 110 84 111 99
1509 23 8 76 42 65 19 64 91 46 126
1509 24 8 101 115 0 38 109 62 108 123
1509 25 8 41 7 86 57 31 85 123 97
1509 26 8 87 59 18 46 45 60 102 37
1509 27 8 107 111 20 37 51 113 84 78
1509 28 8 110 29 77 108 44 67 70 33
1509 29 8 63 65 0 91 64 113 115 120
1509 30 8 19 32 40 13 50 118 8 98
1509 31 8 117 124 97 43 27 113 2 85
1509 32 8 27 117 55 43 20 49 119 127
1509 33 8 11 51 27 41 112 77 54 106
1509 34 8 51 109 104 110 100 65 95 101
1509 35 8 76 42 55 126 64 97 46 65
1509 36 8 101 115 0 38 109 58 119 25
1509 37 8 41 57 123 109 115 7 95 70
1509 38 8 18 60 112 46 87 25 111 102
1509 39 8 107 20 53 113 37 90 76 71
1509 40 8 29 77 67 110 44 108 84 114
1509 41 8 65 63 0 64 113 115 84 91
1509 42 8 20 126 49 75 90 34 46 59
1509 43 8 47 40 121 20 125 8 127 9
1509 44 8 110 21 80 23 3 33 13 92
1509 45 8 47 83 76 84 5 56 100 87
1509 46 8 47 45 10 1 123 96 82 124
1509 47 8 11 31 90 127 14 121 27 82
979 0 8 13 120 2 69 61 70 93 31
979 1 8 83 53 58 76 41 26 113 104
979 2 8 116 122 117 65 66 9 54 120
979 3 8 89 64 106 26 1 93 65 10
979 4 8 79 76 91 102 40 4 0 105
979 5 8 125 111 30 70 16 82 90 71
979 6 8 19 123 10 13 80 32 42 115
979 7 8 95 117 72 124 43 97 103 27
979 8 8 109 27 39 117 43 49 28 122
979 9 8 43 88 112 62 52 27 105 117
979 10 8 123 101 83 100 110 37 120 62
979 11 8 58 86 126 71 47 76 13 10
979 12 8 115 120 69 36 100 53 12 124
979 13 8 79 121 115 95 6 64 55 44
979 14 8 87 118 28 79 101 52 36 95
979 15 8 34 112 78 103 113 98 69 90
979 16 8 55 15 20 123 67 114 124 36
979 17 8 45 69 97 48 91 113 84 17
979 18 8 13 19 100 32 123 9 50 102
979 19 8 95 97 72 43 34 27 117 124
979 20 8 117 27 55 39 109 122 106 43
979 21 8 43 27 77 88 62 61 48 112
979 22 8 123 101 37 120 100 51 14 73
979 23 8 58 47 13 71 126 111 86 19
979 24 8 115 120 69 124 123 51 68 36
979 25 8 121 79 115 55 95 7 64 6
979 26 8 79 28 7 118 87 95 101 45
979 27 8 112 103 34 113 4 78 69 53
979 28 8 55 20 67 84 15 114 126 59
979 29 8 91 48 113 45 97 69 126 115
979 30 8 19 32 13 40 102 21 99 50
979 31 8 27 124 95 117 97 96 43 78
979 32 8 117 109 55 79 43 106 49 63
979 33 8 83 43 27 77 72 51 54 88
979 34 8 101 123 104 40 72 100 83 119
979 35 8 111 58 126 19 34 47 10 67
979 36 8 36 51 115 120 80 119 124 68
979 37 8 121 115 79 7 55 21 70 77
979 38 8 7 28 79 112 118 25 55 21
979 39 8 53 112 69 113 103 71 78 34
979 40 8 20 55 67 59 84 126 15 36
979 41 8 48 97 45 69 113 91 71 15
979 42 8 37 101 59 46 74 7 103 34
979 43 8 40 4 20 9 19 51 89 43
979 44 8 73 21 33 37 18 45 71 36
979 45 8 56 84 104 100 46 94 112 35
979 46 8 67 47 82 124 75 105 39 44
979 47 8 34 27 117 32 79 59 126 108
279 0 8 106 57 103 71 110 127 118 70
279 1 8 9 48 76 116 95 109 91 46
279 2 8 90 122 66 7 65 92 120 52
279 3 8 64 39 93 112 106 10 43 12
279 4 8 63 23 40 102 86 4 105 111
279 5 8 108 51 105 85 47 30 107 70
279 6 8 19 32 123 40 13 102 21 27
279 7 8 95 117 97 103 27 96 124 72
279 8 8 109 117 28 79 39 43 49 126
279 9 8 32 88 27 77 112 62 51 30
279 10 8 123 101 40 23 83 100 104 86
279 11 8 111 47 109 10 126 19 58 91
279 12 8 51 68 115 120 36 119 69 112
279 13 8 66 113 115 55 79 7 107 65
279 14 8 105 16 118 7 13 21 101 95
279 15 8 103 112 113 34 69 115 72 4
279 16 8 55 119 67 12 84 15 47 114
279 17 8 2 35 20 66 113 91 45 115
279 18 8 19 102 32 50 40 21 123 13
279 19 8 97 27 96 124 95 117 78 107
279 20 8 117 55 109 79 28 49 119 43
279 21 8 83 32 27 48 43 61 62 77
279 22 8 123 101 72 104 40 37 14 100
279 23 8 109 111 47 10 87 58 34 19
279 24 8 51 120 36 115 123 69 124 101
279 25 8 66 113 115 55 7 31 79 70
279 26 8 105 7 16 118 45 56 112 95
279 27 8 112 42 113 103 53 71 72 115
279 28 8 12 55 119 67 59 84 126 20
279 29 8 35 91 115 2 113 23 66 31
279 30 8 32 40 19 102 50 13 98 21
279 31 8 27 124 97 117 105 96 90 95
279 32 8 117 79 109 28 7 49 55 19
279 33 8 83 32 27 72 51 48 54 77
279 34 8 123 101 104 72 103 119 100 14
279 35 8 109 111 34 126 47 10 87 19
279 36 8 51 120 115 68 114 80 123 119
279 37 8 66 113 55 115 70 99 107 7
279 38 8 105 7 118 16 112 21 25 101
279 39 8 72 115 113 4 53 104 103 34
279 40 8 119 12 55 67 59 84 43 126
279 41 8 35 2 91 113 66 20 71 61
279 42 8 27 102 46 38 34 103 93 18
279 43 8 40 29 20 65 51 9 105 89
279 44 8 21 68 48 36 97 18 1 123
279 45 8 56 100 84 58 20 108 111 6
279 46 8 47 8 75 88 91 68 114 117
279 47 8 36 120 126 22 59 7 26 66
6500 0 8 112 36 124 3 28 64 62 23
6500 1 8 90 48 16 68 59 71 101 122
6500 2 8 76 44 126 5 66 0 26 28
6500 3 8 70 43 92 112 61 24 44 46
6500 4 8 36 50 27 21 5 84 34 101
6500 5 8 87 10 115 85 44 14 108 50
6500 6 8 40 32 103 118 19 21 102 69
6500 7 8 124 55 117 97 122 90 0 27
6500 8 8 20 94 7 18 43 117 1 49
6500 9 8 27 40 51 25 32 112 66 77
6500 10 8 103 104 109 10 51 37 28 111
6500 11 8 111 22 42 51 15 94 126 104
6500 12 8 26 101 51 0 115 119 103 19
6500 13 8 57 50 115 41 1 85 7 13
6500 14 8 60 45 7 120 46 112 16 22
6500 15 8 111 46 51 113 112 20 72 90
6500 16 8 55 110 64 67 23 21 108 60
6500 17 8 46 64 91 52 23 54 113 0
6500 18 8 103 32 40 102 19 21 50 108
6500 19 8 90 124 27 97 117 55 78 105
6500 20 8 117 20 94 49 55 1 43 18
6500 21 8 83 27 40 75 72 61 121 51
6500 22 8 103 104 109 37 41 51 23 0
6500 23 8 22 42 51 15 34 68 111 114
6500 24 8 101 26 0 103 44 115 17 119
6500 25 8 50 41 57 18 7 1 89 115
6500 26 8 7 102 45 22 60 120 25 26
6500 27 8 46 51 111 113 112 42 53 125
6500 28 8 60 110 67 55 23 94 108 13
6500 29 8 46 91 52 64 54 113 15 23
6500 30 8 32 19 40 102 103 21 5 118
6500 31 8 124 27 117 90 43 105 55 2
6500 32 8 117 20 94 7 43 18 49 119
6500 33 8 51 72 83 40 32 27 77 41
6500 34 8 103 104 72 119 41 10 111 109
6500 35 8 22 111 42 19 126 34 51 78
6500 36 8 51 101 26 115 25 0 80 103
6500 37 8 18 115 57 41 1 70 7 50
6500 38 8 7 60 21 112 80 25 102 52
6500 39 8 53 60 69 113 71 46 51 126
6500 40 8 110 108 67 55 60 23 59 126
6500 41 8 122 46 52 36 15 91 113 54
6500 42 8 90 125 49 46 59 8 105 34
6500 43 8 12 40 20 74 19 125 80 49
6500 44 8 88 99 23 21 45 33 123 36
6500 45 8 17 76 56 84 100 46 112 26
6500 46 8 81 29 30 47 39 105 84 96
6500 47 8 121 52 14 108 114 95 59 111
374 0 8 104 120 16 107 53 66 92 111
374 1 8 107 34 76 20 66 92 126 105
374 2 8 14 116 66 87 100 120 10 126
374 3 8 76 89 13 105 44 25 93 1
374 4 8 23 105 74 102 86 40 19 107
374 5 8 108 107 80 85 34 30 27 71
374 6 8 19 32 13 123 115 14 102 40
374 7 8 87 117 95 124 103 97 96 90
374 8 8 64 117 43 39 122 27 50 55
374 9 8 62 94 112 32 51 72 27 88
374 10 8 101 40 14 103 123 104 67 17
374 11 8 111 126 86 19 91 47 104 36
374 12 8 51 36 115 26 53 112 11 119
374 13 8 75 115 43 44 79 2 85 95
374 14 8 7 80 118 79 101 36 16 112
374 15 8 60 34 113 69 78 112 111 100
374 16 8 40 15 7 67 114 47 11 84
374 17 8 52 15 91 113 53 45 117 51
374 18 8 19 32 50 13 40 123 102 9
374 19 8 97 87 27 124 96 117 95 90
374 20 8 117 64 55 49 119 124 43 122
374 21 8 27 94 62 51 43 83 105 32
374 22 8 101 40 123 14 72 104 37 100
374 23 8 111 58 76 65 126 71 47 62
374 24 8 51 115 36 53 124 120 101 76
374 25 8 75 95 115 97 79 7 13 44
374 26 8 7 80 101 118 79 95 82 69
374 27 8 34 60 69 113 53 78 112 100
374 28 8 40 67 15 114 7 126 84 11
374 29 8 52 91 15 113 53 117 115 71
374 30 8 19 32 40 13 102 50 101 21
374 31 8 27 87 124 96 97 117 43 113
374 32 8 117 64 79 55 43 63 49 27
374 33 8 51 94 27 83 77 72 62 54
374 34 8 72 101 104 119 40 14 100 107
374 35 8 111 126 19 86 34 29 46 71
374 36 8 53 51 115 36 80 26 90 119
374 37 8 75 44 115 21 7 70 2 107
374 38 8 7 80 112 21 79 25 36 29
374 39 8 69 53 60 113 71 112 78 76
374 40 8 40 7 67 15 59 84 126 60
374 41 8 52 53 113 91 15 71 117 16
374 42 8 125 37 73 46 59 105 74 38
374 43 8 40 20 51 81 100 89 9 127
374 44 8 37 33 21 45 80 36 54 18
374 45 8 56 104 84 112 46 20 100 34
374 46 8 82 47 124 44 84 105 39 63
374 47 8 27 90 52 19 108 35 59 95
2480 0 8 62 34 17 36 87 0 63 124
2480 1 8 99 76 71 105 66 118 86 104
2480 2 8 112 68 66 70 121 8 120 52
2480 3 8 1 76 43 44 105 95 65 121
2480 4 8 1 74 105 116 87 21 36 117
2480 5 8 108 48 54 30 85 16 90 80
2480 6 8 19 32 40 123 102 21 7 50
2480 7 8 27 124 117 97 103 90 87 105
2480 8 8 117 27 79 49 43 122 4 64
2480 9 8 51 83 27 88 94 41 72 112
2480 10 8 51 101 104 72 37 119 67 100
2480 11 8 19 114 111 91 34 104 126 15
2480 12 8 38 51 101 36 108 80 53 119
2480 13 8 102 95 115 123 109 24 7 12
2480 14 8 18 7 82 13 95 45 46 36
2480 15 8 33 20 113 53 71 112 76 42
2480 16 8 29 77 40 67 64 53 7 44
2480 17 8 0 91 63 65 23 25 120 113
2480 18 8 40 19 111 55 32 21 102 103
2480 19 8 97 27 90 107 117 124 43 55
2480 20 8 117 49 79 27 55 125 7 43
2480 21 8 83 27 41 40 62 75 54 121
2480 22 8 37 51 72 40 28 104 100 124
2480 23 8 19 97 114 91 34 76 68 42
2480 24 8 51 36 103 38 0 82 101 119
2480 25 8 123 109 115 57 102 89 70 95
2480 26 8 7 18 82 45 64 56 46 60
2480 27 8 46 33 20 113 42 53 51 78
2480 28 8 44 67 108 77 29 40 53 110
2480 29 8 0 91 65 63 115 113 54 120
2480 30 8 19 118 40 55 32 50 80 21
2480 31 8 96 27 97 117 43 87 55 107
2480 32 8 27 117 4 43 79 49 63 55
2480 33 8 41 83 27 94 51 40 54 33
2480 34 8 33 37 51 95 40 104 72 124
2480 35 8 114 68 76 97 94 42 19 104
2480 36 8 38 115 101 53 0 119 25 103
2480 37 8 95 123 109 102 84 24 115 41
2480 38 8 18 82 64 46 111 22 112 52
2480 39 8 107 76 20 61 113 69 46 33
2480 40 8 29 77 44 108 67 53 111 40
2480 41 8 65 63 0 115 85 11 91 122
2480 42 8 8 20 126 75 24 109 28 46
2480 43 8 16 47 80 121 94 100 75 8
2480 44 8 110 80 33 11 60 84 49 13
2480 45 8 100 47 83 34 77 31 5 7
2480 46 8 1 20 123 37 109 110 62 96
2480 47 8 11 31 127 82 14 0 22 44
13 0 8 65 43 98 73 45 114 44 72
13 1 8 18 94 38 26 127 10 119 113
13 2 8 84 88 38 93 57 47 40 18
13 3 8 6 89 16 31 2 124 41 93
13 4 8 76 106 85 115 124 48 86 40
13 5 8 125 61 66 8 22 126 97 13
13 6 8 83 105 8 80 52 56 30 40
13 7 8 49 112 117 98 97 103 43 9
13 8 8 84 121 127 49 43 116 65 103
13 9 8 117 9 110 112 88 27 54 127
13 10 8 105 61 53 13 39 56 112 104
13 11 8 49 24 61 127 122 37 125 7
13 12 8 99 15 74 104 97 115 9 119
13 13 8 6 28 15 23 77 64 115 42
13 14 8 20 48 90 111 104 17 52 88
13 15 8 85 76 101 10 61 103 123 70
13 16 8 124 8 73 39 45 17 67 65
13 17 8 19 69 42 91 105 48 21 1
13 18 8 105 30 83 8 80 56 34 86
13 19 8 49 34 60 112 3 98 97 9
13 20 8 84 43 121 127 116 65 46 42
13 21 8 117 9 110 125 112 27 54 12
13 22 8 61 105 53 13 56 65 112 37
13 23 8 61 24 49 23 125 127 37 0
13 24 8 99 15 56 96 9 74 119 104
13 25 8 6 58 15 28 23 64 115 19
13 26 8 20 17 90 48 86 100 88 111
13 27 8 85 101 10 76 103 70 61 56
13 28 8 124 8 73 81 45 67 39 17
13 29 8 19 69 42 48 21 91 105 103
13 30 8 105 83 56 30 80 32 8 40
13 31 8 112 49 34 98 97 117 103 60
13 32 8 65 121 43 84 116 46 106 127
13 33 8 125 117 9 112 110 118 27 127
13 34 8 105 61 56 53 78 13 39 112
13 35 8 24 61 23 49 125 37 127 0
13 36 8 99 15 97 96 56 116 63 74
13 37 8 15 58 23 28 6 118 25 115
13 38 8 20 48 17 90 8 86 107 52
13 39 8 101 85 103 23 10 76 70 61
13 40 8 73 124 8 81 17 45 67 84
13 41 8 42 69 19 48 21 113 71 91
13 42 8 31 64 36 114 32 7 54 74
13 43 8 77 40 43 88 127 78 20 117
13 44 8 53 73 0 90 18 121 98 92
13 45 8 84 101 94 100 1 27 7 2
13 46 8 38 11 34 75 84 31 47 60
13 47 8 105 73 57 20 109 126 9 86
1988 0 8 2 63 21 50 103 75 34 68
1988 1 8 23 6 58 41 26 3 95 42
1988 2 8 84 88 8 93 54 47 53 100
1988 3 8 16 64 38 2 124 4 6 39
1988 4 8 25 56 124 76 48 86 106 67
1988 5 8 82 47 61 22 125 126 13 34
1988 6 8 83 52 42 105 30 8 80 110
1988 7 8 49 51 95 110 98 60 48 45
1988 8 8 84 36 46 103 121 116 44 109
1988 9 8 9 127 117 110 1 65 52 118
1988 10 8 39 112 61 53 113 105 13 64
1988 11 8 26 61 49 98 127 37 107 24
1988 12 8 15 63 107 104 97 116 75 99
1988 13 8 76 98 6 23 21 28 42 77
1988 14 8 79 48 8 88 10 90 34 52
1988 15 8 95 85 103 56 76 18 10 51
1988 16 8 45 124 8 73 65 7 83 55
1988 17 8 69 19 48 17 85 117 97 71
1988 18 8 8 83 30 52 42 80 34 110
1988 19 8 95 110 51 49 60 9 34 98
1988 20 8 84 36 46 116 103 43 121 3
1988 21 8 117 9 110 127 65 118 10 1
1988 22 8 53 61 112 105 39 13 113 73
1988 23 8 26 61 49 24 0 37 98 89
1988 24 8 116 99 97 107 15 63 104 56
1988 25 8 76 6 98 21 23 28 42 16
1988 26 8 79 8 90 48 88 111 10 58
1988 27 8 85 76 10 56 95 103 35 18
1988 28 8 45 124 8 73 55 84 65 67
1988 29 8 69 19 97 117 48 17 91 85
1988 30 8 30 105 42 80 110 32 34 56
1988 31 8 95 34 49 98 103 117 51 60
1988 32 8 36 43 109 84 121 46 103 116
1988 33 8 117 112 9 45 127 65 110 10
1988 34 8 113 61 123 105 112 39 53 45
1988 35 8 61 98 67 24 49 122 37 26
1988 36 8 99 63 74 97 15 116 104 30
1988 37 8 76 6 98 28 23 21 77 42
1988 38 8 48 90 79 8 107 88 34 10
1988 39 8 23 76 103 85 95 56 10 18
1988 40 8 124 73 8 45 67 17 55 84
1988 41 8 19 69 48 17 113 71 18 91
1988 42 8 32 31 64 7 37 74 36 34
1988 43 8 77 40 43 88 78 19 9 127
1988 44 8 0 53 73 45 92 18 121 98
1988 45 8 84 94 46 1 100 111 112 7
1988 46 8 84 38 82 75 105 39 67 31
1988 47 8 73 32 117 95 126 9 111 35
1246 0 8 2 13 21 80 18 50 63 61
1246 1 8 23 58 95 3 8 72 116 83
1246 2 8 122 47 9 15 93 8 127 100
1246 3 8 112 38 2 29 64 16 39 37
1246 4 8 56 48 25 86 124 22 47 104
1246 5 8 13 47 82 22 34 126 102 107
1246 6 8 30 42 52 110 80 8 79 56
1246 7 8 110 51 60 98 34 9 95 45
1246 8 8 109 36 46 116 103 3 124 123
1246 9 8 1 10 65 127 38 52 117 96
1246 10 8 107 74 112 39 113 64 86 98
1246 11 8 9 82 107 67 98 8 37 127
1246 12 8 104 63 97 116 75 107 77 42
1246 13 8 42 77 76 98 21 73 16 64
1246 14 8 79 8 88 34 6 10 58 75
1246 15 8 90 95 56 18 8 103 23 60
1246 16 8 55 45 65 15 73 83 17 18
1246 17 8 69 85 15 48 116 83 52 106
1246 18 8 30 52 80 42 79 110 64 34
1246 19 8 51 34 110 60 9 98 95 31
1246 20 8 46 36 109 43 116 103 39 3
1246 21 8 10 117 118 65 45 22 127 59
1246 22 8 74 53 112 107 113 39 30 108
1246 23 8 0 8 82 37 89 107 98 47
1246 24 8 104 116 97 63 50 42 74 43
1246 25 8 42 21 98 77 76 73 75 64
1246 26 8 8 79 88 58 28 39 90 111
1246 27 8 90 56 76 4 95 35 10 18
1246 28 8 45 55 15 65 84 73 20 67
1246 29 8 85 69 97 116 83 48 15 91
1246 30 8 30 80 42 34 110 52 32 8
1246 31 8 34 98 60 103 117 3 97 95
1246 32 8 43 109 36 39 116 46 103 106
1246 33 8 10 117 112 118 45 22 59 65
1246 34 8 74 107 112 113 53 62 108 45
1246 35 8 98 37 8 82 0 67 89 122
1246 36 8 97 116 43 104 30 118 124 100
1246 37 8 77 42 98 21 10 95 75 115
1246 38 8 8 79 34 88 112 75 107 52
1246 39 8 90 76 35 95 103 56 23 71
1246 40 8 55 45 7 84 65 67 73 15
1246 41 8 85 69 48 46 117 18 106 113
1246 42 8 32 37 31 73 125 101 36 7
1246 43 8 12 81 27 19 77 43 40 127
1246 44 8 113 30 99 88 45 73 92 65
1246 45 8 127 84 17 100 94 112 46 7
1246 46 8 84 29 30 105 44 39 81 103
1246 47 8 111 52 95 35 79 32 108 54
311 0 8 11 93 84 81 111 118 69 63
311 1 8 123 83 19 23 116 88 76 45
311 2 8 47 117 9 15 10 51 14 127
311 3 8 112 91 16 38 10 120 59 105
311 4 8 56 86 23 48 124 105 22 20
311 5 8 34 13 126 117 111 22 47 107
311 6 8 79 80 30 8 42 110 52 9
311 7 8 34 87 98 117 72 110 9 51
311 8 8 109 43 46 36 39 28 116 51
311 9 8 10 52 65 1 118 54 117 112
311 10 8 74 107 112 39 23 35 113 88
311 11 8 9 58 98 82 47 69 37 13
311 12 8 116 68 97 104 114 100 120 63
311 13 8 77 75 42 121 98 76 21 64
311 14 8 80 8 28 88 79 75 34 10
311 15 8 76 90 4 60 95 35 87 56
311 16 8 15 45 65 84 67 20 121 7
311 17 8 15 52 45 85 71 97 116 91
311 18 8 79 30 80 42 32 8 34 110
311 19 8 34 117 97 87 9 0 98 90
311 20 8 43 46 36 63 39 109 116 82
311 21 8 117 45 112 118 10 59 54 94
311 22 8 74 107 62 113 101 53 104 112
311 23 8 0 47 89 58 8 82 67 37
311 24 8 104 68 116 100 120 97 114 74
311 25 8 42 75 21 121 77 98 65 64
311 26 8 28 80 8 88 58 118 39 112
311 27 8 4 76 35 56 90 60 113 123
311 28 8 15 67 45 121 20 84 19 59
311 29 8 15 91 52 97 71 85 116 45
311 30 8 32 80 40 30 79 102 110 42
311 31 8 117 97 34 103 0 98 90 30
311 32 8 43 39 109 63 36 46 82 49
311 33 8 112 10 117 45 59 27 118 54
311 34 8 74 107 101 104 113 45 62 65
311 35 8 58 67 47 71 0 8 122 98
311 36 8 104 124 119 100 116 43 68 118
311 37 8 75 77 21 98 115 65 121 42
311 38 8 80 58 79 112 88 0 8 28
311 39 8 35 76 60 90 78 113 23 71
311 40 8 15 67 7 84 45 59 36 121
311 41 8 52 15 91 85 45 117 113 71
311 42 8 7 37 74 65 21 34 54 125
311 43 8 40 19 43 9 12 127 20 89
311 44 8 113 45 0 88 37 18 21 30
311 45 8 112 84 46 17 100 63 1 15
311 46 8 29 39 105 84 30 75 47 38
311 47 8 52 108 35 95 111 59 126 6
653 0 8 104 2 126 7 62 111 50 63
653 1 8 123 78 76 88 116 58 23 46
653 2 8 86 47 119 67 23 7 66 15
653 3 8 112 120 7 91 16 105 38 10
653 4 8 23 105 86 48 56 22 39 20
653 5 8 117 13 70 126 102 22 80 81
653 6 8 80 110 30 42 79 52 13 32
653 7 8 87 34 98 117 97 110 26 71
653 8 8 43 51 36 24 46 39 3 116
653 9 8 10 52 117 94 112 65 54 8
653 10 8 107 74 112 39 113 101 62 35
653 11 8 87 82 71 8 98 9 37 65
653 12 8 25 120 43 116 100 63 97 45
653 13 8 77 75 24 42 121 76 98 95
653 14 8 8 28 62 34 88 75 73 6
653 15 8 90 76 95 35 98 60 56 38
653 16 8 123 20 45 65 84 15 67 18
653 17 8 85 14 71 116 97 93 91 12
653 18 8 30 79 80 42 110 86 34 52
653 19 8 87 34 98 9 117 63 110 60
653 20 8 43 24 46 51 36 116 27 39
653 21 8 10 59 117 118 94 43 52 22
653 22 8 74 112 122 62 107 35 113 30
653 23 8 8 71 87 0 82 37 98 113
653 24 8 116 120 97 104 50 43 26 53
653 25 8 24 75 121 42 77 95 98 73
653 26 8 28 8 62 88 111 75 58 54
653 27 8 90 76 4 35 98 56 18 95
653 28 8 123 20 45 121 84 67 19 65
653 29 8 85 97 14 116 71 20 84 91
653 30 8 80 30 42 32 110 13 79 86
653 31 8 34 87 117 98 97 9 103 60
653 32 8 24 43 51 39 36 116 46 15
653 33 8 112 10 117 52 94 48 59 45
653 34 8 107 120 74 113 112 101 45 62
653 35 8 87 71 8 37 98 47 0 122
653 36 8 124 104 120 97 43 100 119 116
653 37 8 77 24 75 121 55 98 95 115
653 38 8 62 28 88 112 118 0 34 107
653 39 8 76 98 35 4 113 90 95 23
653 40 8 123 20 67 121 36 45 84 66
653 41 8 85 97 14 20 113 71 91 84
653 42 8 28 101 65 32 34 22 75 54
653 43 8 40 2 4 81 127 20 9 117
653 44 8 113 71 54 33 121 21 92 30
653 45 8 121 100 84 7 1 85 127 21
653 46 8 67 47 84 74 75 44 29 103
653 47 8 34 117 32 54 27 126 55 9
429 0 8 84 103 61 2 80 111 104 118
429 1 8 3 76 52 58 123 62 9 91
429 2 8 100 47 122 86 8 54 67 7
429 3 8 120 7 38 112 16 105 26 59
429 4 8 105 39 48 86 56 77 20 22
429 5 8 107 13 70 126 82 102 22 105
429 6 8 30 80 42 110 9 52 19 40
429 7 8 117 34 97 98 43 60 87 103
429 8 8 27 43 15 49 36 109 117 63
429 9 8 117 112 27 10 54 52 88 45
429 10 8 101 113 110 39 62 107 112 104
429 11 8 8 71 98 127 82 126 109 87
429 12 8 26 63 100 9 43 119 116 38
429 13 8 95 77 115 66 75 42 123 98
429 14 8 18 52 88 105 112 79 8 58
429 15 8 76 35 113 90 98 20 18 87
429 16 8 119 67 77 123 29 21 108 33
429 17 8 91 0 65 63 71 85 84 69
429 18 8 40 30 80 32 19 27 21 50
429 19 8 97 90 117 34 0 124 27 103
429 20 8 43 117 49 63 7 24 42 55
429 21 8 117 27 112 61 54 45 72 93
429 22 8 65 104 37 101 62 110 45 33
429 23 8 8 67 51 127 71 126 0 22
429 24 8 26 74 119 43 115 9 104 95
429 25 8 25 66 95 115 98 99 77 16
429 26 8 105 8 88 62 111 112 79 18
429 27 8 76 113 20 35 90 56 78 61
429 28 8 67 119 77 123 29 44 66 59
429 29 8 91 65 63 0 113 71 85 116
429 30 8 32 40 80 30 19 118 72 102
429 31 8 34 117 97 103 98 50 0 90
429 32 8 43 27 63 15 39 24 117 46
429 33 8 112 117 10 45 27 118 59 54
429 34 8 107 110 113 104 112 45 101 120
429 35 8 8 71 109 86 37 98 122 68
429 36 8 26 119 97 38 43 53 58 74
429 37 8 95 77 109 24 123 115 66 75
429 38 8 111 105 62 18 112 88 0 101
429 39 8 20 76 35 107 98 71 90 113
429 40 8 67 119 29 77 123 108 44 84
429 41 8 65 85 91 63 0 53 71 84
429 42 8 75 126 20 28 55 34 37 73
429 43 8 121 40 47 81 127 117 9 8
429 44 8 110 80 33 21 3 11 121 30
429 45 8 47 84 83 100 87 5 7 34
429 46 8 10 45 44 47 75 84 82 124
429 47 8 11 31 127 90 27 15 59 121
448 0 8 93 31 69 81 53 61 80 16
448 1 8 107 83 3 53 76 91 23 41
448 2 8 117 116 100 66 47 69 15 67
448 3 8 41 26 106 1 112 64 16 10
448 4 8 105 91 111 79 48 86 39 4
448 5 8 111 13 70 2 117 102 126 108
448 6 8 80 30 42 40 110 8 32 9
448 7 8 72 34 117 95 98 97 43 71
448 8 8 27 43 99 15 39 28 46 116
448 9 8 43 10 112 48 117 45 52 54
448 10 8 123 14 39 101 112 107 113 104
448 11 8 58 8 98 17 127 86 13 71
448 12 8 69 63 120 43 68 116 97 53
448 13 8 77 121 79 55 95 24 42 25
448 14 8 28 111 88 10 118 101 52 112
448 15 8 76 4 35 98 90 112 18 95
448 16 8 121 20 43 67 45 84 123 33
448 17 8 20 45 14 85 97 91 71 117
448 18 8 42 30 80 86 110 40 79 9
448 19 8 72 34 97 95 98 117 0 60
448 20 8 43 39 99 106 27 63 46 15
448 21 8 117 112 45 43 10 127 48 59
448 22 8 123 14 107 101 39 62 113 112
448 23 8 58 8 86 47 98 0 17 122
448 24 8 69 68 104 120 43 74 116 58
448 25 8 77 79 121 55 25 24 75 65
448 26 8 28 39 111 88 8 11 118 58
448 27 8 4 76 35 56 18 14 113 67
448 28 8 121 67 20 43 66 84 19 45
448 29 8 97 20 45 91 14 117 71 116
448 30 8 32 40 80 110 30 21 102 42
448 31 8 97 72 117 95 103 34 0 98
448 32 8 43 99 39 63 7 42 79 49
448 33 8 112 83 45 10 117 27 43 48
448 34 8 14 101 45 40 104 83 107 123
448 35 8 58 47 86 122 17 78 13 71
448 36 8 69 104 120 119 68 95 74 30
448 37 8 79 121 25 115 77 99 107 55
448 38 8 28 118 21 112 11 10 101 0
448 39 8 76 4 71 113 23 35 104 53
448 40 8 67 121 20 59 36 66 84 43
448 41 8 91 45 14 20 97 71 117 113
448 42 8 65 101 34 46 54 75 119 21
448 43 8 40 4 81 117 9 79 20 21
448 44 8 33 71 68 21 18 43 54 3
448 45 8 100 84 111 19 103 56 66 34
448 46 8 47 67 114 8 44 31 75 77
448 47 8 34 117 27 9 126 59 32 124
506 0 8 110 49 6 78 75 50 72 37
506 1 8 59 71 28 36 44 60 37 75
506 2 8 31 2 46 66 5 71 127 102
506 3 8 41 103 43 106 94 95 81 60
506 4 8 103 21 54 48 37 93 84 101
506 5 8 77 108 90 54 35 30 85 95
506 6 8 80 40 32 72 47 21 115 111
506 7 8 97 117 27 0 71 63 69 105
506 8 8 43 19 98 79 63 7 4 99
506 9 8 112 83 27 61 54 116 33 10
506 10 8 40 104 33 119 55 99 45 107
506 11 8 78 111 41 50 0 114 45 122
506 12 8 95 36 58 43 74 119 69 9
506 13 8 77 107 25 18 115 4 89 79
506 14 8 52 68 82 0 21 33 15 95
506 15 8 76 35 80 71 100 113 116 87
506 16 8 67 90 100 40 84 66 51 91
506 17 8 91 39 20 5 92 117 116 26
506 18 8 40 32 123 80 30 102 72 55
506 19 8 97 27 34 117 98 19 71 72
506 20 8 43 98 19 117 89 63 27 39
506 21 8 112 83 33 117 113 45 116 27
506 22 8 99 23 119 40 110 33 2 104
506 23 8 78 86 114 111 37 85 79 50
506 24 8 58 95 74 43 114 66 12 9
506 25 8 18 77 89 79 4 102 127 107
506 26 8 82 52 68 33 64 125 0 42
506 27 8 80 76 71 35 100 46 30 52
506 28 8 100 67 101 90 66 84 51 19
506 29 8 39 91 5 92 116 61 20 26
506 30 8 32 40 80 72 21 123 55 115
506 31 8 97 27 117 8 42 19 103 0
506 32 8 19 98 117 79 43 63 89 42
506 33 8 83 112 14 116 33 27 61 10
506 34 8 40 23 99 33 55 104 87 38
506 35 8 9 30 78 114 45 22 85 21
506 36 8 95 119 66 36 29 64 115 92
506 37 8 89 47 4 18 32 127 88 7
506 38 8 33 21 68 73 19 61 49 107
506 39 8 80 27 105 104 30 108 118 84
506 40 8 92 64 100 126 66 41 93 98
506 41 8 91 39 119 38 76 92 5 74
506 42 8 58 34 104 91 94 46 50 112
506 43 8 5 15 122 118 82 40 27 100
506 44 8 96 57 67 109 16 11 49 1
506 45 8 100 98 56 95 90 0 51 124
506 46 8 47 71 43 79 26 90 77 18
506 47 8 14 42 93 30 80 65 17 99
7 0 8 113 22 119 26 47 100 102 4
7 1 8 37 35 44 70 102 36 12 33
7 2 8 75 31 30 1 127 16 2 37
7 3 8 43 63 103 99 41 94 36 126
7 4 8 48 36 49 101 52 119 93 92
7 5 8 17 51 85 44 77 14 8 64
7 6 8 40 32 80 21 72 111 102 90
7 7 8 97 107 117 27 122 105 90 0
7 8 8 49 117 7 63 83 126 43 19
7 9 8 27 83 61 93 54 88 72 30
7 10 8 104 37 65 33 0 63 125 93
7 11 8 51 81 127 41 34 126 88 65
7 12 8 119 95 29 43 9 74 110 17
7 13 8 25 115 89 107 127 7 18 66
7 14 8 118 52 56 25 120 71 0 22
7 15 8 76 42 113 46 105 4 104 62
7 16 8 67 64 21 119 23 93 51 66
7 17 8 91 35 23 92 54 126 100 113
7 18 8 40 19 32 102 21 108 72 50
7 19 8 97 90 117 103 7 107 19 124
7 20 8 117 49 7 43 50 1 55 93
7 21 8 27 61 93 30 75 121 29 112
7 22 8 65 104 83 51 37 93 71 44
7 23 8 67 51 100 91 34 78 64 126
7 24 8 95 10 44 29 60 121 109 115
7 25 8 25 89 99 7 66 27 104 49
7 26 8 120 45 22 25 66 26 118 112
7 27 8 76 113 46 42 97 123 114 62
7 28 8 21 67 93 64 59 31 126 119
7 29 8 91 23 72 71 32 116 113 26
7 30 8 40 32 21 59 102 80 72 108
7 31 8 90 97 117 0 71 122 19 105
7 32 8 7 9 43 63 49 50 117 99
7 33 8 54 27 117 61 112 104 92 32
7 34 8 65 104 66 71 45 37 33 21
7 35 8 51 4 126 34 78 109 94 127
7 36 8 95 119 74 92 115 109 111 9
7 37 8 20 25 104 7 70 82 89 12
7 38 8 125 61 87 120 105 45 16 26
7 39 8 75 27 11 66 112 79 100 102
7 40 8 42 107 12 64 93 1 113 119
7 41 8 91 59 34 88 13 51 23 58
7 42 8 17 111 56 25 33 8 78 28
7 43 8 72 90 69 91 92 99 82 18
7 44 8 5 25 82 26 96 112 70 7
7 45 8 100 29 73 41 121 54 77 116
7 46 8 100 47 79 46 43 40 94 76
7 47 8 3 76 102 99 103 55 112 7
16 0 8 58 88 123 109 7 76 121 127
16 1 8 37 65 35 1 44 36 38 102
16 2 8 31 102 21 71 110 37 75 27
16 3 8 43 63 17 94 126 18 28 103
16 4 8 103 49 21 84 30 101 35 119
16 5 8 77 58 30 85 90 112 14 35
16 6 8 40 32 21 72 102 103 80 118
16 7 8 117 97 55 90 27 105 122 0
16 8 8 117 43 63 7 4 81 19 83
16 9 8 27 83 112 61 88 116 40 41
16 10 8 104 33 99 15 124 119 51 4
16 11 8 45 114 41 88 126 50 51 34
16 12 8 58 95 119 94 38 117 110 43
16 13 8 115 89 4 7 67 18 102 109
16 14 8 68 52 82 46 18 21 0 37
16 15 8 76 71 35 24 27 113 46 78
16 16 8 67 13 101 64 100 44 90 56
16 17 8 91 11 44 0 92 116 63 113
16 18 8 40 32 19 102 72 103 123 37
16 19 8 97 27 117 55 19 90 107 103
16 20 8 43 117 4 83 49 19 125 63
16 21 8 27 112 83 61 33 77 40 100
16 22 8 99 33 104 23 51 2 4 82
16 23 8 45 97 78 50 114 34 51 100
16 24 8 38 25 95 119 117 103 32 124
16 25 8 18 4 89 109 123 67 127 102
16 26 8 68 82 64 18 52 71 46 0
16 27 8 76 27 46 125 71 35 80 113
16 28 8 67 13 101 51 19 44 84 66
16 29 8 91 92 11 35 0 32 63 101
16 30 8 40 32 72 118 103 55 47 21
16 31 8 97 27 117 34 19 7 55 122
16 32 8 117 63 43 4 19 49 42 79
16 33 8 112 83 27 61 40 68 33 41
16 34 8 99 33 104 23 82 110 40 51
16 35 8 45 114 78 73 22 50 85 34
16 36 8 119 25 95 117 92 7 29 43
16 37 8 4 89 102 18 119 127 67 7
16 38 8 46 68 73 82 61 71 33 36
16 39 8 27 80 104 76 46 126 113 125
16 40 8 101 67 13 6 51 66 41 126
16 41 8 91 11 36 92 39 115 71 44
16 42 8 34 86 98 46 87 77 126 104
16 43 8 122 40 15 16 75 47 72 20
16 44 8 59 67 1 30 21 11 16 68
16 45 8 100 23 95 52 0 99 86 56
16 46 8 47 9 32 90 37 109 71 103
16 47 8 4 44 14 107 30 46 25 72
8 0 8 93 99 45 52 80 98 100 73
8 1 8 80 84 94 70 117 89 37 102
8 2 8 49 93 41 127 115 70 108 111
8 3 8 104 41 43 95 86 36 12 79
8 4 8 99 29 48 93 119 30 37 23
8 5 8 77 42 108 54 90 24 35 58
8 6 8 80 55 32 40 72 109 27 94
8 7 8 117 97 103 43 63 0 83 42
8 8 8 43 4 117 63 82 83 2 67
8 9 8 112 83 27 33 117 54 61 41
8 10 8 33 40 104 119 99 37 107 36
8 11 8 50 111 78 45 41 114 51 0
8 12 8 58 9 36 25 119 74 95 43
8 13 8 102 18 77 115 25 89 109 4
8 14 8 68 82 52 32 18 71 0 111
8 15 8 76 35 71 100 38 113 22 18
8 16 8 67 51 101 13 66 19 90 84
8 17 8 91 117 0 126 92 20 11 35
8 18 8 30 32 123 40 42 110 72 55
8 19 8 97 34 98 27 19 115 43 63
8 20 8 43 27 106 117 4 42 39 63
8 21 8 112 117 83 127 33 10 119 40
8 22 8 23 39 99 33 119 40 62 95
8 23 8 50 114 45 122 78 97 86 16
8 24 8 58 25 38 74 32 9 43 103
8 25 8 18 77 109 123 102 4 113 127
8 26 8 82 68 32 18 52 71 64 111
8 27 8 76 35 100 46 27 71 20 125
8 28 8 51 13 67 19 101 66 84 86
8 29 8 91 35 92 20 2 11 116 126
8 30 8 32 40 118 80 72 123 55 30
8 31 8 97 27 34 117 103 98 0 50
8 32 8 43 63 117 4 39 19 79 42
8 33 8 112 83 40 33 117 27 41 116
8 34 8 33 99 40 23 104 45 110 107
8 35 8 114 50 97 78 85 45 9 22
8 36 8 95 25 119 103 117 43 58 124
8 37 8 102 4 115 18 113 127 77 66
8 38 8 32 68 82 118 64 112 73 58
8 39 8 76 113 104 27 46 4 100 30
8 40 8 67 13 51 101 6 59 43 66
8 41 8 91 11 35 36 71 92 2 115
8 42 8 86 98 34 46 126 102 54 18
8 43 8 40 16 51 9 117 20 79 122
8 44 8 68 21 18 1 36 17 20 3
8 45 8 100 84 103 56 111 19 20 14
8 46 8 47 8 114 31 75 51 123 44
8 47 8 26 21 59 109 15 127 126 107
882 0 8 95 83 87 41 54 73 112 21
882 1 8 63 31 37 89 101 59 71 85
882 2 8 65 59 76 49 54 50 66 8
882 3 8 12 41 43 104 106 86 40 77
882 4 8 27 103 87 116 1 48 21 4
882 5 8 77 30 48 90 108 85 24 58
882 6 8 40 80 32 115 123 19 21 47
882 7 8 117 97 103 43 122 27 105 55
882 8 8 19 43 63 117 7 20 4 49
882 9 8 83 27 112 41 54 61 40 106
882 10 8 104 99 33 119 95 41 40 28
882 11 8 45 114 78 111 41 55 34 70
882 12 8 38 58 95 103 36 43 74 119
882 13 8 4 123 41 115 109 102 43 95
882 14 8 18 47 52 68 46 73 82 112
882 15 8 76 35 20 71 113 30 100 27
882 16 8 67 77 29 13 6 58 64 84
882 17 8 115 91 0 11 65 64 63 92
882 18 8 40 32 102 72 21 80 123 19
882 19 8 97 27 117 122 124 90 71 69
882 20 8 43 19 117 63 27 7 106 6
882 21 8 112 83 27 61 40 41 113 54
882 22 8 99 104 41 95 109 119 33 40
882 23 8 114 97 45 85 78 55 42 34
882 24 8 38 103 95 25 0 58 119 115
882 25 8 123 109 4 57 41 89 43 127
882 26 8 47 18 60 71 82 46 52 68
882 27 8 76 27 46 100 71 20 35 31
882 28 8 13 67 6 44 84 77 64 29
882 29 8 115 91 92 0 11 63 65 64
882 30 8 40 118 32 80 21 115 72 13
882 31 8 97 117 34 27 103 50 71 0
882 32 8 19 43 20 117 63 79 7 27
882 33 8 112 106 40 41 83 27 10 35
882 34 8 41 99 40 104 95 124 33 109
882 35 8 114 97 55 78 42 85 45 22
882 36 8 103 25 119 38 95 0 52 43
882 37 8 4 127 123 115 18 109 57 41
882 38 8 47 18 60 71 46 112 87 52
882 39 8 76 107 20 104 27 126 90 113
882 40 8 67 13 77 44 29 6 110 59
882 41 8 115 11 0 65 91 63 64 36
882 42 8 90 126 34 8 49 86 46 77
882 43 8 74 40 47 125 121 16 20 9
882 44 8 1 23 110 17 30 18 11 21
882 45 8 76 100 84 26 56 83 103 47
882 46 8 96 47 51 10 45 75 8 114
882 47 8 21 121 127 15 26 31 114 11
369 0 8 31 120 69 93 70 53 61 81
369 1 8 124 83 19 98 63 76 105 104
369 2 8 7 116 117 66 65 50 47 67
369 3 8 60 89 12 10 104 41 26 64
369 4 8 111 91 79 105 48 86 76 103
369 5 8 111 90 30 77 108 24 125 102
369 6 8 80 110 115 123 32 30 40 42
369 7 8 72 34 97 117 103 27 95 43
369 8 8 28 43 27 39 63 51 106 19
369 9 8 43 83 48 112 27 45 10 116
369 10 8 123 14 101 99 107 119 104 40
369 11 8 13 58 47 78 111 45 10 86
369 12 8 120 69 58 124 36 68 95 43
369 13 8 79 121 55 95 77 115 64 107
369 14 8 121 28 118 52 82 101 73 84
369 15 8 35 76 115 4 71 113 87 30
369 16 8 121 67 20 91 43 15 33 114
369 17 8 45 91 97 14 20 115 117 72
369 18 8 40 32 19 13 9 72 123 102
369 19 8 72 97 27 34 95 117 122 98
369 20 8 28 39 43 117 63 27 106 19
369 21 8 43 27 112 48 83 61 45 62
369 22 8 99 101 123 104 14 40 107 83
369 23 8 13 47 58 10 85 45 111 86
369 24 8 120 58 68 124 95 69 104 119
369 25 8 79 55 121 107 77 115 65 4
369 26 8 121 118 28 58 11 82 84 45
369 27 8 4 115 76 35 113 78 104 14
369 28 8 67 121 20 84 59 36 15 64
369 29 8 91 97 45 113 71 14 20 23
369 30 8 32 40 19 80 21 13 102 72
369 31 8 117 27 72 97 124 103 90 0
369 32 8 117 63 43 28 49 55 39 7
369 33 8 43 27 112 54 61 72 48 83
369 34 8 104 101 83 99 123 45 14 40
369 35 8 58 13 126 47 85 111 34 41
369 36 8 120 68 69 124 36 104 119 95
369 37 8 79 55 121 99 107 115 70 7
369 38 8 121 118 28 112 84 120 101 36
369 39 8 76 113 115 4 78 35 53 123
369 40 8 121 67 20 59 36 21 126 47
369 41 8 45 91 14 97 71 113 20 23
369 42 8 65 54 34 101 46 93 103 29
369 43 8 51 40 4 38 54 9 20 86
369 44 8 71 18 21 36 91 68 97 3
369 45 8 100 56 14 103 84 1 66 35
369 46 8 47 67 8 91 75 114 40 68
369 47 8 117 126 34 59 55 32 36 26
2176 0 8 34 63 80 21 106 7 69 50
2176 1 8 89 75 16 9 3 60 105 23
2176 2 8 8 54 90 100 7 122 69 68
2176 3 8 60 10 94 106 64 1 26 43
2176 4 8 87 111 105 79 86 4 48 102
2176 5 8 54 42 105 111 108 34 102 70
2176 6 8 30 80 123 32 40 110 42 19
2176 7 8 95 97 103 117 72 34 27 98
2176 8 8 43 28 39 27 63 106 117 59
2176 9 8 104 112 27 48 43 83 45 116
2176 10 8 45 123 73 101 99 40 104 33
2176 11 8 50 13 26 58 47 85 10 102
2176 12 8 118 36 107 120 58 68 95 124
2176 13 8 79 102 113 55 66 107 115 64
2176 14 8 84 121 118 52 95 96 64 68
2176 15 8 76 115 35 4 23 37 113 71
2176 16 8 67 119 51 36 43 101 91 33
2176 17 8 91 126 97 45 11 20 14 35
2176 18 8 40 32 19 72 102 50 123 9
2176 19 8 97 95 72 27 122 117 90 103
2176 20 8 117 28 43 19 39 63 83 27
2176 21 8 27 112 48 104 43 61 83 33
2176 22 8 99 104 73 45 123 101 40 83
2176 23 8 50 47 85 13 58 45 26 10
2176 24 8 118 95 107 120 115 36 68 58
2176 25 8 102 66 113 55 107 64 79 89
2176 26 8 84 118 121 64 45 96 68 82
2176 27 8 115 4 113 76 35 37 78 100
2176 28 8 67 119 51 101 64 20 59 121
2176 29 8 91 113 126 35 97 71 45 2
2176 30 8 32 40 19 102 80 13 21 47
2176 31 8 27 117 97 95 124 122 69 0
2176 32 8 117 63 43 28 7 19 55 49
2176 33 8 27 72 54 112 61 77 48 104
2176 34 8 104 123 73 83 101 45 40 99
2176 35 8 126 50 26 47 90 34 13 122
2176 36 8 118 107 36 120 68 119 95 115
2176 37 8 102 107 7 70 55 66 99 79
2176 38 8 118 84 112 121 25 45 36 28
2176 39 8 113 115 76 53 62 4 78 123
2176 40 8 67 59 20 119 51 36 47 7
2176 41 8 91 126 97 71 23 14 113 20
2176 42 8 46 34 54 101 65 37 21 29
2176 43 8 51 40 54 4 9 38 20 117
2176 44 8 21 71 18 36 68 91 97 48
2176 45 8 100 56 14 103 84 1 121 66
2176 46 8 47 67 8 114 75 3 91 68
2176 47 8 126 117 34 59 26 36 103 55
633 0 8 126 97 111 29 80 62 36 3
633 1 8 107 89 78 71 113 16 76 123
633 2 8 7 14 66 94 119 10 91 116
633 3 8 65 60 120 37 43 103 95 44
633 4 8 36 35 84 21 32 125 4 40
633 5 8 30 108 92 70 14 85 28 96
633 6 8 40 21 32 80 5 102 13 113
633 7 8 117 124 27 122 90 0 105 97
633 8 8 1 63 7 96 49 24 43 6
633 9 8 27 93 29 40 121 54 30 72
633 10 8 104 125 37 51 124 0 15 120
633 11 8 97 87 126 68 34 116 51 91
633 12 8 82 36 29 43 119 103 10 111
633 13 8 70 115 89 94 127 50 57 48
633 14 8 26 45 120 62 46 56 7 25
633 15 8 54 62 74 43 113 42 110 114
633 16 8 64 23 120 27 67 31 47 13
633 17 8 91 23 25 84 81 63 0 58
633 18 8 40 108 19 5 103 98 32 111
633 19 8 122 55 7 124 97 90 27 57
633 20 8 1 24 63 117 49 51 6 7
633 21 8 27 75 93 29 121 72 40 61
633 22 8 125 51 104 37 15 72 124 127
633 23 8 68 73 34 97 19 51 91 15
633 24 8 10 98 51 82 112 105 103 111
633 25 8 89 62 94 127 70 50 48 7
633 26 8 26 120 71 36 7 62 45 56
633 27 8 54 43 62 113 78 126 115 110
633 28 8 64 67 23 13 123 44 27 31
633 29 8 91 58 92 49 71 110 81 36
633 30 8 40 5 108 32 113 19 103 47
633 31 8 122 117 55 97 105 90 69 124
633 32 8 63 1 117 97 24 31 94 51
633 33 8 27 93 29 121 40 72 54 4
633 34 8 104 37 124 125 127 15 51 23
633 35 8 73 68 51 30 18 22 25 9
633 36 8 29 98 25 111 103 82 36 55
633 37 8 127 89 62 70 63 18 7 120
633 38 8 46 26 71 112 25 120 36 7
633 39 8 54 126 113 46 27 62 21 115
633 40 8 23 67 13 59 64 126 123 6
633 41 8 92 58 91 49 113 84 71 81
633 42 8 28 8 46 86 34 70 103 90
633 43 8 51 40 2 69 54 9 75 80
633 44 8 23 21 18 36 113 123 11 76
633 45 8 121 56 100 48 104 76 84 30
633 46 8 47 45 74 51 40 71 26 99
633 47 8 114 14 126 21 82 121 98 30
323 0 8 83 63 31 107 18 61 69 11
323 1 8 8 41 54 34 124 42 2 76
323 2 8 53 67 62 54 7 10 41 70
323 3 8 65 59 36 34 43 89 5 11
323 4 8 79 76 40 36 85 48 86 29
323 5 8 42 108 54 30 70 85 41 122
323 6 8 80 40 19 32 113 13 21 55
323 7 8 117 95 103 97 27 124 0 105
323 8 8 66 63 43 49 7 6 14 120
323 9 8 98 27 104 112 54 117 93 62
323 10 8 104 73 45 101 90 0 40 37
323 11 8 26 122 85 116 126 75 78 109
323 12 8 36 107 119 118 23 43 79 124
323 13 8 80 115 6 70 102 107 95 83
323 14 8 10 52 111 73 120 118 25 121
323 15 8 76 23 35 113 37 85 62 115
323 16 8 8 67 64 23 66 21 4 51
323 17 8 19 91 97 126 92 29 117 115
323 18 8 40 19 108 80 32 123 72 88
323 19 8 97 27 117 122 34 90 103 71
323 20 8 66 43 117 63 19 49 27 6
323 21 8 112 98 27 104 83 62 61 54
323 22 8 73 90 104 40 45 33 99 37
323 23 8 26 85 114 78 51 41 126 122
323 24 8 107 115 36 58 95 74 119 62
323 25 8 80 89 6 36 27 102 115 77
323 26 8 10 31 96 37 79 52 118 36
323 27 8 115 76 85 113 14 35 9 87
323 28 8 67 8 64 51 119 4 28 23
323 29 8 19 91 71 35 113 115 75 60
323 30 8 40 88 32 13 72 55 80 19
323 31 8 97 122 27 117 36 95 0 124
323 32 8 117 66 63 43 19 28 55 29
323 33 8 98 27 112 77 92 61 104 4
323 34 8 90 73 104 0 50 33 37 10
323 35 8 26 126 41 51 109 81 34 116
323 36 8 107 111 79 119 36 98 23 91
323 37 8 80 83 6 118 70 7 107 30
323 38 8 10 36 112 66 120 113 118 110
323 39 8 113 62 115 123 76 78 93 9
323 40 8 67 21 8 59 64 47 126 120
323 41 8 91 90 19 23 71 31 58 113
323 42 8 21 60 54 29 46 34 103 85
323 43 8 51 54 40 9 88 67 86 89
323 44 8 21 91 36 65 18 0 55 97
323 45 8 100 121 56 14 1 66 6 104
323 46 8 47 67 40 86 26 85 29 2
323 47 8 126 36 73 54 60 14 26 108
2182 0 8 126 62 97 29 21 80 3 36
2182 1 8 8 54 78 11 76 71 123 21
2182 2 8 66 7 67 28 119 5 26 121
2182 3 8 65 29 43 95 59 120 11 44
2182 4 8 35 84 21 36 5 32 125 119
2182 5 8 96 14 43 44 92 0 28 48
2182 6 8 40 88 21 32 111 5 102 27
2182 7 8 124 90 55 117 122 0 7 27
2182 8 8 1 63 94 7 6 24 43 81
2182 9 8 27 93 79 75 29 30 40 121
2182 10 8 51 104 125 37 0 124 15 77
2182 11 8 1 91 92 81 73 51 34 126
2182 12 8 98 82 67 10 77 103 119 36
2182 13 8 70 89 94 84 115 57 62 50
2182 14 8 45 26 120 46 62 18 56 13
2182 15 8 62 54 19 78 113 115 112 27
2182 16 8 64 23 27 67 6 58 28 13
2182 17 8 91 0 63 70 23 54 84 49
2182 18 8 40 103 108 88 19 111 5 98
2182 19 8 122 55 90 97 124 7 117 27
2182 20 8 1 24 55 6 117 63 94 7
2182 21 8 27 75 29 93 79 121 40 72
2182 22 8 51 125 37 104 15 124 0 82
2182 23 8 1 81 92 73 34 51 15 68
2182 24 8 77 98 67 103 10 0 101 111
2182 25 8 89 84 62 57 49 127 70 123
2182 26 8 26 18 71 120 45 46 60 7
2182 27 8 126 78 46 113 51 20 107 27
2182 28 8 23 64 44 67 27 123 13 28
2182 29 8 91 63 0 49 92 84 58 54
2182 30 8 88 40 103 32 118 19 108 55
2182 31 8 97 117 55 7 124 122 0 90
2182 32 8 63 117 94 6 24 20 43 1
2182 33 8 27 79 41 40 54 61 93 29
2182 34 8 104 37 51 124 15 82 50 40
2182 35 8 92 1 81 73 68 51 97 42
2182 36 8 98 103 36 67 25 38 29 17
2182 37 8 84 127 62 70 89 123 109 18
2182 38 8 46 18 112 71 60 26 25 120
2182 39 8 113 126 27 107 76 46 51 37
2182 40 8 67 13 23 44 59 77 64 29
2182 41 8 91 0 92 63 71 65 58 113
2182 42 8 28 86 126 8 54 34 46 103
2182 43 8 40 47 9 51 38 54 121 20
2182 44 8 21 18 110 23 30 36 11 68
2182 45 8 100 84 103 56 121 26 76 87
2182 46 8 47 45 51 75 74 71 1 33
2182 47 8 21 26 127 15 121 126 14 11
7525 0 8 36 105 112 23 83 41 86 116
7525 1 8 7 29 17 105 104 71 68 31
7525 2 8 67 76 23 115 66 28 0 5
7525 3 8 65 92 43 13 12 44 95 40
7525 4 8 1 27 21 36 4 10 71 5
7525 5 8 87 108 48 10 30 71 85 58
7525 6 8 88 40 118 19 32 108 21 80
7525 7 8 117 97 103 90 27 122 105 0
7525 8 8 63 43 6 20 49 7 117 82
7525 9 8 27 41 112 104 106 83 54 93
7525 10 8 104 45 109 0 70 99 40 42
7525 11 8 122 126 55 42 76 116 111 92
7525 12 8 108 38 36 0 119 103 58 7
7525 13 8 115 36 57 41 123 109 70 35
7525 14 8 18 73 47 81 52 59 60 46
7525 15 8 76 35 64 20 113 62 122 71
7525 16 8 67 44 23 64 77 21 110 108
7525 17 8 91 0 65 63 64 120 117 72
7525 18 8 40 88 19 108 32 80 72 50
7525 19 8 34 97 117 27 90 43 71 122
7525 20 8 43 117 27 6 63 42 49 19
7525 21 8 112 27 83 61 41 117 62 40
7525 22 8 104 33 109 99 62 42 23 37
7525 23 8 42 97 114 51 22 55 45 41
7525 24 8 38 58 0 25 119 7 26 115
7525 25 8 123 109 18 57 41 36 115 4
7525 26 8 18 71 60 47 52 0 111 31
7525 27 8 76 20 35 126 107 71 67 64
7525 28 8 44 67 77 108 29 110 23 19
7525 29 8 91 65 0 63 64 116 32 103
7525 30 8 118 40 88 32 72 80 30 42
7525 31 8 34 97 50 98 117 103 19 9
7525 32 8 43 27 20 63 6 42 116 84
7525 33 8 41 112 117 106 104 10 27 68
7525 34 8 95 112 33 109 23 70 99 39
7525 35 8 42 55 97 37 92 22 114 16
7525 36 8 0 38 25 97 1 119 17 52
7525 37 8 41 123 109 57 36 77 95 18
7525 38 8 18 60 111 47 71 107 46 81
7525 39 8 20 107 76 64 90 35 126 120
7525 40 8 77 29 44 23 110 108 65 34
7525 41 8 65 63 85 115 64 0 11 18
7525 42 8 25 49 126 77 32 90 20 75
7525 43 8 121 47 74 94 125 27 100 40
7525 44 8 30 13 110 80 11 94 33 1
7525 45 8 87 100 5 47 83 26 84 7
7525 46 8 37 96 123 1 103 45 84 10
7525 47 8 11 127 31 82 14 44 15 121
1939 0 8 53 65 1 100 98 73 102 99
1939 1 8 18 70 119 127 94 10 82 15
1939 2 8 84 80 38 88 93 47 57 39
1939 3 8 6 16 89 31 2 124 75 41
1939 4 8 106 124 115 76 85 48 111 86
1939 5 8 125 13 61 66 8 37 9 22
1939 6 8 105 83 78 30 8 52 80 42
1939 7 8 49 112 101 34 9 71 75 51
1939 8 8 84 65 121 116 46 103 9 57
1939 9 8 9 110 10 117 127 52 112 44
1939 10 8 61 105 53 56 98 112 39 30
1939 11 8 125 49 61 24 127 7 98 37
1939 12 8 96 99 15 56 63 116 97 50
1939 13 8 19 6 28 15 77 58 42 23
1939 14 8 48 20 17 90 100 104 86 88
1939 15 8 101 70 85 10 76 18 123 95
1939 16 8 124 65 73 45 8 39 17 81
1939 17 8 21 42 69 19 48 91 17 55
1939 18 8 105 8 78 83 30 80 52 56
1939 19 8 49 112 9 34 101 51 75 71
1939 20 8 84 121 65 116 46 43 103 3
1939 21 8 117 9 110 125 10 112 64 127
1939 22 8 53 105 61 56 112 78 98 39
1939 23 8 125 61 49 24 23 7 37 89
1939 24 8 99 96 56 15 65 116 50 97
1939 25 8 58 19 15 28 6 23 73 25
1939 26 8 17 100 20 90 48 86 117 88
1939 27 8 101 85 70 10 103 76 123 18
1939 28 8 124 81 65 45 73 8 17 39
1939 29 8 42 21 1 19 69 48 18 91
1939 30 8 105 78 52 8 83 80 30 56
1939 31 8 112 49 34 101 75 110 51 9
1939 32 8 65 121 84 116 46 43 44 103
1939 33 8 125 9 110 117 114 118 96 122
1939 34 8 78 112 105 53 56 61 39 98
1939 35 8 125 61 24 49 37 23 7 127
1939 36 8 99 96 97 15 56 116 65 63
1939 37 8 58 15 19 28 25 23 6 73
1939 38 8 100 17 48 90 20 86 107 8
1939 39 8 101 10 103 85 70 23 95 76
1939 40 8 73 45 65 124 81 17 8 84
1939 41 8 42 48 69 21 19 18 91 71
1939 42 8 31 6 64 32 56 36 54 114
1939 43 8 77 71 88 40 78 20 31 43
1939 44 8 90 53 73 0 31 121 107 98
1939 45 8 84 100 101 94 27 1 2 22
1939 46 8 38 34 103 84 11 97 75 98
1939 47 8 73 125 20 2 101 105 126 9
14190 0 8 21 75 126 124 62 60 3 34
14190 1 8 58 6 23 125 10 127 119 4
14190 2 8 93 47 127 54 9 8 119 51
14190 3 8 16 4 107 59 38 82 2 124
14190 4 8 56 124 25 48 104 22 86 47
14190 5 8 13 82 68 22 30 47 25 11
14190 6 8 52 8 80 42 30 79 110 38
14190 7 8 110 51 31 60 9 75 34 95
14190 8 8 36 118 46 116 105 103 80 24
14190 9 8 1 65 52 96 99 45 118 127
14190 10 8 53 112 113 3 26 39 74 6
14190 11 8 107 63 67 125 31 65 69 23
14190 12 8 75 24 116 97 63 104 56 79
14190 13 8 84 98 23 73 21 26 64 76
14190 14 8 76 88 90 34 75 6 22 79
14190 15 8 8 95 51 103 10 70 16 18
14190 16 8 65 73 45 17 91 58 83 7
14190 17 8 69 48 58 54 17 18 99 27
14190 18 8 52 79 8 42 83 30 110 80
14190 19 8 110 51 60 9 31 34 95 45
14190 20 8 118 36 46 116 103 3 57 105
14190 21 8 65 96 45 64 1 52 127 118
14190 22 8 112 53 113 39 74 30 35 66
14190 23 8 107 89 37 65 8 63 87 82
14190 24 8 116 97 75 56 104 50 63 24
14190 25 8 84 73 98 21 23 76 42 16
14190 26 8 90 8 88 79 62 34 101 6
14190 27 8 51 95 103 10 87 8 18 56
14190 28 8 65 73 45 124 55 17 83 84
14190 29 8 69 54 18 48 17 58 1 85
14190 30 8 52 42 30 80 110 8 34 56
14190 31 8 51 110 60 9 34 95 49 3
14190 32 8 36 103 118 46 116 109 43 106
14190 33 8 65 117 45 127 96 1 52 64
14190 34 8 112 53 113 39 13 64 61 26
14190 35 8 37 107 8 67 98 89 61 87
14190 36 8 97 24 63 116 75 74 9 52
14190 37 8 84 98 73 76 23 77 21 10
14190 38 8 107 34 88 62 22 101 90 86
14190 39 8 51 95 87 8 103 120 56 76
14190 40 8 65 73 45 17 123 83 7 55
14190 41 8 58 18 48 69 85 49 54 17
14190 42 8 2 8 28 31 64 32 58 113
14190 43 8 77 30 2 94 121 20 78 56
14190 44 8 94 113 107 73 53 11 3 97
14190 45 8 100 86 54 94 84 87 1 2
14190 46 8 122 74 103 97 84 37 38 17
14190 47 8 44 114 79 54 82 6 23 14
11 0 8 44 26 59 65 18 114 73 83
11 1 8 23 50 127 58 62 124 94 26
11 2 8 84 93 88 47 127 54 87 82
11 3 8 2 38 16 82 124 64 39 112
11 4 8 56 25 106 48 124 104 86 58
11 5 8 82 13 68 22 107 47 122 126
11 6 8 30 8 80 42 52 83 105 34
11 7 8 51 60 110 95 31 34 9 98
11 8 8 109 103 36 46 116 43 59 117
11 9 8 45 117 65 127 9 10 1 96
11 10 8 39 112 113 53 123 83 13 3
11 11 8 67 98 127 37 89 8 107 69
11 12 8 63 97 9 116 74 104 77 75
11 13 8 21 98 76 16 77 23 42 25
11 14 8 20 52 88 79 8 90 39 48
11 15 8 76 95 4 103 56 18 23 85
11 16 8 124 73 45 67 55 66 65 8
11 17 8 91 69 17 117 48 97 85 103
11 18 8 40 32 42 30 80 8 102 106
11 19 8 97 34 117 60 90 98 0 95
11 20 8 43 117 49 39 63 106 36 109
11 21 8 117 112 27 45 61 127 83 54
11 22 8 113 62 123 39 53 104 101 83
11 23 8 67 122 89 0 37 127 98 8
11 24 8 104 116 97 74 9 63 60 114
11 25 8 25 98 21 82 77 76 16 99
11 26 8 90 88 20 8 111 79 107 118
11 27 8 76 103 85 10 113 56 61 35
11 28 8 124 67 73 45 55 84 21 59
11 29 8 91 71 48 69 103 97 42 116
11 30 8 40 32 30 80 42 102 72 105
11 31 8 34 97 0 117 60 98 103 49
11 32 8 43 109 63 36 7 84 117 127
11 33 8 117 112 45 65 9 110 59 27
11 34 8 13 113 123 61 53 105 104 39
11 35 8 67 61 37 122 24 89 49 98
11 36 8 99 74 15 97 63 9 116 119
11 37 8 15 23 28 58 76 25 6 77
11 38 8 20 48 90 17 8 107 112 86
11 39 8 23 85 76 103 101 95 10 123
11 40 8 73 124 8 67 45 17 65 84
11 41 8 69 42 91 19 48 71 72 18
11 42 8 39 31 64 32 54 34 36 74
11 43 8 40 77 88 43 9 117 20 78
11 44 8 53 0 73 18 121 98 21 97
11 45 8 84 100 94 1 111 103 27 32
11 46 8 47 114 31 84 75 38 67 8
11 47 8 73 117 32 126 9 34 109 111
279 0 8 106 57 103 14 110 127 71 24
279 1 8 9 6 23 48 3 62 95 50
279 2 8 90 122 47 93 127 100 10 70
279 3 8 2 112 38 39 29 64 37 16
279 4 8 50 56 63 48 25 23 86 118
279 5 8 51 105 22 13 82 107 126 8
279 6 8 52 80 42 30 8 110 32 27
279 7 8 60 51 117 31 110 95 9 103
279 8 8 103 109 36 46 43 101 116 59
279 9 8 65 45 32 117 96 127 49 1
279 10 8 112 39 123 113 23 13 88 53
279 11 8 109 67 37 98 127 89 69 115
279 12 8 74 97 63 9 104 52 116 114
279 13 8 66 76 98 21 77 16 73 82
279 14 8 105 88 16 90 52 8 79 107
279 15 8 76 95 103 72 4 56 61 18
279 16 8 119 45 55 12 65 91 67 84
279 17 8 2 66 91 35 18 48 71 103
279 18 8 42 30 8 52 80 40 34 110
279 19 8 60 95 34 51 9 97 125 31
279 20 8 36 15 103 43 106 109 3 46
279 21 8 117 65 45 112 32 127 49 96
279 22 8 123 113 112 39 53 101 13 86
279 23 8 37 89 109 98 8 122 67 127
279 24 8 9 104 116 97 74 63 52 114
279 25 8 98 76 66 21 77 82 64 23
279 26 8 105 16 88 90 8 111 52 79
279 27 8 76 4 103 72 95 61 10 56
279 28 8 119 55 45 12 67 84 124 66
279 29 8 2 35 91 66 103 71 117 45
279 30 8 32 30 42 80 40 34 110 102
279 31 8 60 97 34 95 9 117 98 0
279 32 8 109 43 36 63 103 127 15 39
279 33 8 32 117 112 45 65 68 27 83
279 34 8 123 113 13 88 104 66 112 39
279 35 8 109 122 37 67 89 98 0 127
279 36 8 114 74 9 104 116 119 63 97
279 37 8 66 82 98 76 113 23 55 10
279 38 8 105 16 8 90 88 112 118 107
279 39 8 4 72 76 103 61 56 123 104
279 40 8 12 119 43 67 84 55 36 59
279 41 8 66 2 35 20 91 71 117 112
279 42 8 27 18 102 93 54 36 34 22
279 43 8 29 40 6 87 20 9 78 117
279 44 8 48 20 121 68 98 97 21 18
279 45 8 100 84 111 80 70 1 58 32
279 46 8 8 47 114 115 75 44 31 60
279 47 8 36 120 47 66 88 123 124 9
1376 0 8 36 12 34 7 124 28 112 62
1376 1 8 48 16 23 117 71 88 116 99
1376 2 8 9 70 90 66 8 47 76 15
1376 3 8 112 77 16 62 38 43 44 90
1376 4 8 56 50 48 104 87 77 21 22
1376 5 8 126 78 102 105 90 82 13 10
1376 6 8 32 40 80 30 102 21 8 47
1376 7 8 117 97 60 105 0 51 90 9
1376 8 8 7 93 117 49 43 36 4 63
1376 9 8 27 30 32 54 93 29 65 72
1376 10 8 104 41 111 80 109 49 112 37
1376 11 8 98 64 127 34 8 89 50 91
1376 12 8 114 74 9 118 63 52 97 116
1376 13 8 76 98 84 102 77 41 82 45
1376 14 8 8 16 64 88 47 90 22 120
1376 15 8 72 56 95 76 111 113 61 33
1376 16 8 45 60 67 51 29 65 110 55
1376 17 8 91 54 66 46 85 23 2 16
1376 18 8 30 110 42 8 32 40 80 59
1376 19 8 60 97 51 34 98 118 105 3
1376 20 8 36 43 46 103 4 106 15 116
1376 21 8 65 117 32 33 112 45 22 27
1376 22 8 80 113 112 53 74 41 39 86
1376 23 8 8 89 37 50 98 107 0 127
1376 24 8 116 97 104 118 63 74 9 75
1376 25 8 102 98 76 21 42 113 73 64
1376 26 8 8 16 64 82 90 88 22 111
1376 27 8 56 76 95 72 18 33 10 35
1376 28 8 45 51 60 65 67 84 29 18
1376 29 8 66 85 46 2 54 91 117 35
1376 30 8 30 110 80 42 32 52 8 40
1376 31 8 60 34 98 51 3 103 97 117
1376 32 8 36 43 4 106 46 103 116 15
1376 33 8 117 32 33 65 45 112 22 118
1376 34 8 80 113 112 108 41 53 39 109
1376 35 8 98 37 8 89 50 16 122 0
1376 36 8 116 97 74 63 9 12 114 32
1376 37 8 102 98 76 82 66 10 113 16
1376 38 8 8 64 82 88 96 47 16 34
1376 39 8 56 77 72 76 95 37 18 35
1376 40 8 51 13 45 84 67 18 43 65
1376 41 8 36 85 46 66 2 64 126 35
1376 42 8 77 8 18 98 125 102 49 73
1376 43 8 125 16 40 12 6 87 49 121
1376 44 8 99 20 121 88 48 13 80 23
1376 45 8 84 76 17 47 100 80 83 5
1376 46 8 75 81 8 10 96 30 84 98
1376 47 8 127 26 66 15 31 21 111 120
1588 0 8 120 2 125 61 103 21 69 41
1588 1 8 9 88 53 83 58 45 76 113
1588 2 8 100 68 116 9 54 8 47 127
1588 3 8 10 38 106 26 59 16 62 112
1588 4 8 77 48 102 25 104 56 50 86
1588 5 8 107 126 82 78 22 102 13 11
1588 6 8 30 52 110 42 8 80 79 56
1588 7 8 51 60 110 34 9 31 72 98
1588 8 8 15 46 103 36 116 27 3 124
1588 9 8 22 105 65 1 45 127 117 43
1588 10 8 112 80 113 39 103 53 108 88
1588 11 8 8 98 37 64 79 89 58 13
1588 12 8 116 42 26 97 63 104 32 7
1588 13 8 95 76 10 77 98 79 64 74
1588 14 8 8 88 34 101 22 47 75 90
1588 15 8 95 72 18 34 56 120 38 8
1588 16 8 45 18 83 91 55 65 7 108
1588 17 8 85 46 49 30 107 22 72 17
1588 18 8 8 30 110 52 42 56 44 80
1588 19 8 60 34 9 51 31 125 110 3
1588 20 8 15 3 46 36 116 103 106 43
1588 21 8 65 117 45 22 127 118 96 111
1588 22 8 112 53 113 39 80 103 30 74
1588 23 8 8 37 98 89 96 120 0 107
1588 24 8 26 116 97 104 63 74 50 42
1588 25 8 98 73 74 76 95 102 21 16
1588 26 8 8 90 88 101 22 107 75 79
1588 27 8 95 76 10 18 56 72 34 87
1588 28 8 45 15 108 119 83 60 29 77
1588 29 8 85 46 49 30 18 69 65 116
1588 30 8 30 110 42 56 52 64 80 36
1588 31 8 60 51 34 50 56 9 110 3
1588 32 8 15 36 106 103 46 116 3 124
1588 33 8 45 117 65 49 127 112 118 64
1588 34 8 113 80 112 103 62 39 108 53
1588 35 8 8 98 37 89 122 17 0 16
1588 36 8 97 26 7 116 12 9 74 63
1588 37 8 95 16 76 21 10 98 102 24
1588 38 8 101 8 34 88 111 47 80 52
1588 39 8 20 76 56 95 60 18 87 90
1588 40 8 45 108 29 55 44 60 83 77
1588 41 8 49 85 36 46 52 15 115 18
1588 42 8 77 125 37 49 66 73 7 8
1588 43 8 121 12 49 19 56 125 20 127
1588 44 8 99 88 11 92 45 80 13 121
1588 45 8 58 17 84 5 100 7 76 89
1588 46 8 81 84 30 29 96 45 103 97
1588 47 8 111 127 52 108 31 11 114 6
374 0 8 16 104 111 107 120 66 53 47
374 1 8 86 107 34 58 53 23 76 124
374 2 8 87 14 9 116 100 84 54 47
374 3 8 76 38 26 16 105 89 59 99
374 4 8 77 0 48 25 124 104 118 86
374 5 8 80 126 82 102 78 107 22 11
374 6 8 30 42 8 110 52 80 86 79
374 7 8 60 51 87 34 50 98 110 9
374 8 8 46 103 15 36 39 64 116 43
374 9 8 45 94 22 117 65 1 127 118
374 10 8 112 80 108 39 113 64 74 53
374 11 8 98 67 8 37 64 89 127 86
374 12 8 53 104 97 116 63 74 42 9
374 13 8 44 21 75 76 16 98 25 24
374 14 8 8 28 79 88 47 82 80 34
374 15 8 95 56 23 18 76 60 4 55
374 16 8 45 40 18 15 7 73 6 17
374 17 8 53 97 85 69 117 14 52 106
374 18 8 30 110 42 8 52 106 80 75
374 19 8 34 60 51 87 98 97 9 39
374 20 8 39 36 15 106 103 46 43 116
374 21 8 117 45 22 94 112 65 118 127
374 22 8 113 112 53 80 39 123 108 74
374 23 8 8 89 67 98 37 0 86 127
374 24 8 104 97 116 63 9 68 74 53
374 25 8 21 44 25 98 75 16 64 65
374 26 8 28 8 79 88 39 58 90 82
374 27 8 4 76 56 10 23 35 18 95
374 28 8 15 45 73 67 84 43 19 20
374 29 8 97 91 85 116 69 20 53 71
374 30 8 32 30 40 80 42 110 8 56
374 31 8 34 97 98 60 103 117 95 0
374 32 8 43 39 36 46 116 106 63 109
374 33 8 45 112 117 118 94 104 59 113
374 34 8 53 62 74 83 123 113 101 45
374 35 8 67 98 89 122 37 0 8 127
374 36 8 104 9 97 74 100 116 119 53
374 37 8 25 44 21 75 98 42 115 24
374 38 8 28 79 8 88 80 112 58 62
374 39 8 23 76 35 56 95 60 78 4
374 40 8 67 15 40 7 45 20 84 36
374 41 8 91 53 97 17 85 69 14 15
374 42 8 37 7 74 34 101 125 32 73
374 43 8 40 43 4 19 127 81 9 77
374 44 8 45 71 37 54 121 18 21 98
374 45 8 100 84 94 111 112 46 103 80
374 46 8 47 67 82 75 114 31 8 84
374 47 8 117 34 32 95 126 35 9 73
311 0 8 11 93 84 0 101 97 111 31
311 1 8 19 123 86 83 23 113 3 58
311 2 8 117 9 87 14 116 51 10 15
311 3 8 91 26 76 120 105 59 38 16
311 4 8 77 91 124 25 0 104 4 48
311 5 8 34 126 82 102 80 111 78 107
311 6 8 30 79 110 80 42 8 52 50
311 7 8 34 50 98 72 117 60 51 110
311 8 8 46 109 39 43 15 28 103 36
311 9 8 45 118 112 52 65 1 117 22
311 10 8 74 83 62 39 112 23 80 101
311 11 8 67 98 127 58 47 37 8 89
311 12 8 68 104 100 63 116 97 74 47
311 13 8 121 21 25 65 44 75 107 76
311 14 8 28 80 118 88 52 8 79 58
311 15 8 76 4 35 60 23 111 18 113
311 16 8 15 67 121 21 7 66 45 20
311 17 8 91 15 45 52 97 71 17 23
311 18 8 40 80 32 79 30 50 108 19
311 19 8 97 90 34 117 0 103 122 27
311 20 8 117 43 49 63 7 46 109 39
311 21 8 27 112 45 117 61 29 72 54
311 22 8 104 83 74 65 101 66 51 62
311 23 8 67 89 127 47 51 111 0 58
311 24 8 68 104 100 115 74 119 124 114
311 25 8 25 21 121 75 98 44 16 64
311 26 8 80 28 118 88 79 8 112 120
311 27 8 76 4 60 113 56 35 61 23
311 28 8 67 15 21 121 7 59 84 66
311 29 8 91 15 52 71 97 113 116 45
311 30 8 40 32 80 19 102 79 59 72
311 31 8 117 97 34 103 90 0 98 27
311 32 8 43 109 63 39 49 7 117 46
311 33 8 112 45 117 27 61 104 54 118
311 34 8 104 74 101 53 83 65 35 45
311 35 8 67 58 71 122 89 0 126 47
311 36 8 119 100 104 124 95 9 53 58
311 37 8 75 115 21 98 44 25 2 65
311 38 8 80 58 79 112 88 0 28 8
311 39 8 76 35 60 78 113 23 71 123
311 40 8 67 15 7 59 84 121 45 11
311 41 8 15 52 91 17 71 45 117 113
311 42 8 7 37 65 74 21 34 54 125
311 43 8 40 19 43 9 12 127 20 117
311 44 8 45 113 0 88 18 21 37 92
311 45 8 84 112 100 17 46 63 56 35
311 46 8 29 39 105 84 30 47 75 38
311 47 8 108 52 35 95 111 59 6 126
614 0 8 104 29 97 16 111 2 126 70
614 1 8 123 116 58 107 76 78 86 23
614 2 8 7 9 119 14 66 51 117 47
614 3 8 41 120 7 91 105 16 38 39
614 4 8 91 22 105 48 86 0 124 4
614 5 8 34 126 80 107 102 111 70 82
614 6 8 110 79 30 80 42 8 52 32
614 7 8 34 87 98 117 103 97 50 16
614 8 8 43 39 51 106 103 46 24 36
614 9 8 45 112 52 8 27 65 127 118
614 10 8 101 83 74 62 39 104 80 14
614 11 8 87 98 47 71 127 67 120 17
614 12 8 104 68 100 76 74 63 97 124
614 13 8 75 24 65 121 44 77 64 21
614 14 8 28 79 118 8 88 39 62 52
614 15 8 35 76 4 56 95 60 98 113
614 16 8 40 121 67 20 45 15 7 123
614 17 8 20 14 97 91 71 85 117 45
614 18 8 30 79 40 80 110 42 32 86
614 19 8 34 97 87 117 90 98 103 0
614 20 8 43 39 106 63 117 46 51 36
614 21 8 117 112 45 94 118 27 113 59
614 22 8 62 101 74 53 107 104 39 14
614 23 8 98 78 89 87 0 47 127 122
614 24 8 104 68 74 9 100 76 12 52
614 25 8 75 44 24 21 77 98 121 65
614 26 8 28 39 62 118 58 79 8 88
614 27 8 76 4 35 56 113 67 123 61
614 28 8 67 40 121 123 20 84 66 43
614 29 8 97 91 20 14 71 117 113 116
614 30 8 32 40 80 19 102 21 30 110
614 31 8 97 117 103 0 34 90 27 98
614 32 8 43 63 39 117 49 7 24 51
614 33 8 112 45 27 117 104 94 61 83
614 34 8 83 101 104 45 53 120 14 107
614 35 8 87 78 67 71 47 122 89 98
614 36 8 104 68 119 95 120 100 74 124
614 37 8 24 75 121 115 99 44 65 98
614 38 8 62 28 112 118 58 0 25 21
614 39 8 76 4 113 35 98 71 23 104
614 40 8 67 20 121 123 40 59 36 43
614 41 8 91 14 97 20 71 117 113 28
614 42 8 65 101 34 54 46 93 22 119
614 43 8 4 40 81 9 117 51 20 79
614 44 8 71 33 68 21 18 54 36 121
614 45 8 100 84 19 103 111 56 80 66
614 46 8 47 67 44 114 8 75 31 19
614 47 8 34 117 32 126 27 59 9 124
821 0 8 125 36 95 112 105 62 86 111
821 1 8 7 90 45 71 68 123 59 29
821 2 8 44 76 66 23 126 96 6 5
821 3 8 43 41 44 92 40 70 24 90
821 4 8 36 21 27 5 4 84 50 10
821 5 8 87 10 70 117 115 85 56 100
821 6 8 40 32 80 19 102 21 111 118
821 7 8 117 124 103 0 90 97 105 55
821 8 8 43 14 20 7 49 63 2 31
821 9 8 27 30 112 25 77 29 54 72
821 10 8 104 41 110 109 111 65 70 95
821 11 8 64 78 126 42 0 6 127 34
821 12 8 95 101 119 76 74 115 47 124
821 13 8 70 1 65 57 50 41 12 82
821 14 8 120 102 60 45 112 96 25 47
821 15 8 113 111 76 35 61 90 87 114
821 16 8 67 13 110 64 21 94 40 60
821 17 8 91 92 71 23 64 116 43 66
821 18 8 40 19 32 21 47 102 5 80
821 19 8 90 97 0 124 117 122 71 23
821 20 8 43 7 49 63 20 14 117 96
821 21 8 27 75 61 29 40 121 112 30
821 22 8 41 104 109 65 110 70 111 9
821 23 8 78 64 42 97 82 126 89 51
821 24 8 95 103 47 101 119 115 124 76
821 25 8 127 41 36 50 77 82 1 7
821 26 8 102 47 120 112 45 92 25 96
821 27 8 113 76 46 66 61 25 111 37
821 28 8 67 94 21 59 110 13 123 84
821 29 8 91 71 92 113 23 64 116 32
821 30 8 40 32 72 21 80 19 102 59
821 31 8 90 117 0 97 103 124 3 122
821 32 8 43 14 63 7 20 127 49 97
821 33 8 112 54 61 40 114 117 104 25
821 34 8 41 104 110 109 45 65 9 111
821 35 8 78 18 64 0 97 51 116 42
821 36 8 103 95 25 119 47 17 115 74
821 37 8 127 120 45 18 50 89 70 36
821 38 8 87 112 102 47 31 73 0 25
821 39 8 76 113 77 35 46 37 126 87
821 40 8 67 94 100 13 40 59 84 109
821 41 8 92 122 91 71 113 36 116 64
821 42 8 86 90 54 34 18 106 5 98
821 43 8 40 74 9 20 80 127 125 89
821 44 8 23 21 18 121 11 97 36 98
821 45 8 100 76 26 84 56 103 109 15
821 46 8 96 51 47 75 14 13 83 44
821 47 8 121 26 21 114 30 15 14 59
14389 0 8 112 36 23 30 86 105 77 41
14389 1 8 104 38 29 13 14 71 118 88
14389 2 8 23 115 76 66 44 49 59 126
14389 3 8 41 43 92 24 70 44 16 40
14389 4 8 27 93 5 21 36 84 4 71
14389 5 8 87 115 10 117 85 48 56 63
14389 6 8 40 80 32 103 118 102 21 59
14389 7 8 117 90 97 0 71 103 55 105
14389 8 8 20 43 14 7 63 127 49 94
14389 9 8 27 112 54 25 61 51 75 29
14389 10 8 70 104 109 110 95 65 41 13
14389 11 8 78 0 42 82 16 127 6 51
14389 12 8 37 103 74 0 76 38 95 115
14389 13 8 36 123 41 109 57 42 85 76
14389 14 8 60 120 112 31 102 58 52 45
14389 15 8 76 20 113 111 35 56 61 46
14389 16 8 67 110 77 21 29 59 94 60
14389 17 8 91 64 0 65 71 23 29 116
14389 18 8 40 19 80 103 32 21 102 72
14389 19 8 90 97 0 117 122 55 124 71
14389 20 8 43 7 14 49 94 20 117 96
14389 21 8 27 40 61 112 54 117 114 29
14389 22 8 65 104 70 109 41 110 95 124
14389 23 8 78 97 42 16 55 89 0 126
14389 24 8 103 0 38 25 37 95 74 115
14389 25 8 36 123 57 41 109 64 77 18
14389 26 8 60 71 102 18 47 112 88 111
14389 27 8 76 20 46 113 31 56 35 61
14389 28 8 67 110 77 59 29 44 21 84
14389 29 8 64 91 71 65 0 36 116 85
14389 30 8 40 118 80 32 30 102 19 21
14389 31 8 34 103 97 117 0 98 3 90
14389 32 8 43 14 20 63 39 7 46 127
14389 33 8 112 104 35 117 40 114 118 106
14389 34 8 70 109 110 95 45 104 53 124
14389 35 8 78 42 97 79 98 0 122 16
14389 36 8 0 103 58 25 74 119 76 12
14389 37 8 36 41 57 115 123 77 64 109
14389 38 8 60 111 112 47 52 18 80 71
14389 39 8 76 20 35 90 60 56 113 107
14389 40 8 67 110 44 40 77 29 108 84
14389 41 8 64 65 91 36 117 0 15 122
14389 42 8 49 25 90 59 34 126 73 24
14389 43 8 49 121 125 40 19 47 18 127
14389 44 8 13 110 37 80 11 21 73 45
14389 45 8 47 100 84 5 83 112 26 76
14389 46 8 124 82 10 47 96 84 123 75
14389 47 8 31 11 127 90 121 27 52 82
429 0 8 120 84 103 2 80 0 61 14
429 1 8 83 58 3 2 53 14 19 124
429 2 8 116 122 10 117 66 115 67 100
429 3 8 10 41 89 64 44 16 43 121
429 4 8 91 10 105 124 38 48 4 0
429 5 8 107 111 70 125 102 13 126 56
429 6 8 8 80 30 110 86 13 32 64
429 7 8 34 117 98 103 50 97 0 95
429 8 8 43 14 39 109 63 46 2 106
429 9 8 43 112 117 45 118 52 27 22
429 10 8 70 83 62 101 104 110 23 39
429 11 8 47 78 98 127 71 0 79 58
429 12 8 76 100 53 68 104 74 124 97
429 13 8 36 65 79 121 64 77 75 21
429 14 8 28 79 80 118 58 52 39 82
429 15 8 35 76 60 56 90 113 4 98
429 16 8 55 60 15 67 40 20 121 45
429 17 8 15 91 45 117 20 85 97 52
429 18 8 40 30 32 110 8 13 42 80
429 19 8 90 97 34 117 50 0 98 124
429 20 8 43 39 14 117 109 63 64 49
429 21 8 117 43 112 27 45 118 104 114
429 22 8 70 101 62 74 104 53 107 45
429 23 8 47 89 78 0 127 98 86 122
429 24 8 53 76 124 104 100 68 74 58
429 25 8 36 121 79 21 65 75 44 64
429 26 8 80 28 79 58 118 39 111 52
429 27 8 76 35 4 60 56 90 113 67
429 28 8 67 60 15 55 36 66 84 59
429 29 8 91 15 117 52 71 85 113 97
429 30 8 40 32 80 110 21 19 72 59
429 31 8 97 117 34 103 98 0 90 30
429 32 8 43 39 63 14 109 64 49 7
429 33 8 112 43 104 117 27 45 113 61
429 34 8 101 45 104 107 53 62 70 83
429 35 8 79 86 98 122 67 0 126 8
429 36 8 53 124 104 58 74 119 76 12
429 37 8 79 115 21 36 77 65 95 75
429 38 8 80 79 112 58 52 111 0 25
429 39 8 76 60 35 90 113 78 71 23
429 40 8 67 55 15 60 36 59 7 84
429 41 8 46 52 15 91 117 113 71 69
429 42 8 37 125 7 73 34 54 59 46
429 43 8 19 40 12 49 43 9 127 117
429 44 8 88 45 21 73 99 18 33 43
429 45 8 112 84 17 46 100 58 15 56
429 46 8 29 105 84 39 30 47 75 88
429 47 8 52 108 35 59 111 95 6 126
2138 0 8 126 29 12 2 62 116 3 21
2138 1 8 107 78 3 76 116 123 91 83
2138 2 8 7 119 14 24 66 9 116 10
2138 3 8 26 7 10 16 25 64 105 41
2138 4 8 91 10 105 39 0 22 124 86
2138 5 8 102 80 111 34 85 70 78 56
2138 6 8 32 80 30 110 8 86 13 40
2138 7 8 87 34 117 97 50 98 103 0
2138 8 8 43 39 51 24 63 106 82 49
2138 9 8 112 43 94 117 27 45 22 54
2138 10 8 23 101 74 83 104 70 62 67
2138 11 8 47 87 79 78 0 58 86 71
2138 12 8 124 53 68 58 104 74 119 76
2138 13 8 24 65 36 121 75 79 85 44
2138 14 8 28 62 118 58 27 52 19 112
2138 15 8 35 76 4 103 90 113 56 112
2138 16 8 15 123 67 20 60 121 73 66
2138 17 8 20 97 14 91 117 116 15 85
2138 18 8 40 32 9 72 30 102 79 19
2138 19 8 97 90 87 34 117 122 50 98
2138 20 8 43 39 24 51 117 64 63 14
2138 21 8 112 94 43 117 45 27 61 38
2138 22 8 74 101 107 62 104 14 83 53
2138 23 8 47 79 87 86 0 78 122 71
2138 24 8 124 68 53 58 76 104 120 74
2138 25 8 24 121 75 44 79 65 21 107
2138 26 8 28 62 58 118 27 39 52 0
2138 27 8 4 35 76 56 113 60 103 18
2138 28 8 67 15 123 20 121 66 36 59
2138 29 8 91 97 20 14 113 85 117 71
2138 30 8 32 40 19 80 72 21 13 102
2138 31 8 97 117 103 34 87 98 27 90
2138 32 8 43 39 63 24 117 49 14 51
2138 33 8 112 94 27 45 43 61 104 48
2138 34 8 101 83 104 74 45 107 120 108
2138 35 8 87 47 67 79 71 122 126 86
2138 36 8 124 104 119 68 120 53 58 100
2138 37 8 24 115 121 75 44 55 65 99
2138 38 8 62 28 112 58 118 25 0 36
2138 39 8 76 98 113 78 35 4 23 71
2138 40 8 123 67 20 121 36 59 15 84
2138 41 8 91 97 14 20 71 117 113 84
2138 42 8 65 101 34 46 7 54 93 36
2138 43 8 4 40 51 9 81 117 2 43
2138 44 8 71 18 21 13 54 36 33 113
2138 45 8 100 84 111 103 56 35 80 15
2138 46 8 47 74 67 8 114 31 44 75
2138 47 8 117 34 32 126 27 59 9 63
506 0 8 110 49 6 75 78 72 50 92
506 1 8 59 17 28 36 71 9 7 113
506 2 8 31 66 2 46 5 102 71 111
506 3 8 43 103 94 37 112 95 41 60
506 4 8 103 21 54 36 37 87 101 50
506 5 8 90 77 30 54 58 85 95 56
506 6 8 32 80 40 72 123 19 55 21
506 7 8 97 117 103 27 0 34 42 28
506 8 8 43 98 63 79 19 4 2 117
506 9 8 112 83 27 33 116 61 51 88
506 10 8 110 104 33 101 38 119 45 55
506 11 8 50 78 114 79 70 110 41 126
506 12 8 58 95 124 74 115 70 24 76
506 13 8 107 65 115 47 89 77 18 117
506 14 8 52 68 33 21 82 19 61 118
506 15 8 35 76 80 71 21 87 61 36
506 16 8 67 100 90 51 91 101 123 66
506 17 8 91 39 5 20 92 26 14 115
506 18 8 40 72 32 55 123 13 91 9
506 19 8 97 27 8 19 117 124 122 72
506 20 8 43 98 89 117 19 4 63 18
506 21 8 112 33 83 61 27 105 20 54
506 22 8 99 110 2 23 104 33 40 38
506 23 8 79 78 50 114 85 45 90 111
506 24 8 95 66 74 58 12 115 124 114
506 25 8 18 47 4 89 107 102 77 127
506 26 8 68 82 52 125 33 21 118 61
506 27 8 80 76 71 35 30 46 52 125
506 28 8 67 100 101 90 92 66 51 126
506 29 8 91 39 5 92 26 44 32 116
506 30 8 40 32 72 55 21 47 91 80
506 31 8 97 27 117 19 8 0 56 123
506 32 8 117 19 63 98 43 79 49 89
506 33 8 83 112 27 61 14 33 116 77
506 34 8 104 99 33 38 55 110 87 16
506 35 8 30 45 114 78 22 34 85 79
506 36 8 95 119 115 66 111 60 92 36
506 37 8 47 89 4 18 32 7 127 107
506 38 8 33 21 19 68 73 61 49 82
506 39 8 80 27 30 105 104 88 76 58
506 40 8 92 100 64 93 126 41 2 98
506 41 8 91 39 119 116 38 5 11 92
506 42 8 58 34 104 50 116 46 91 119
506 43 8 5 15 118 82 122 27 69 100
506 44 8 96 57 117 49 109 16 67 101
506 45 8 100 98 56 90 0 18 51 95
506 46 8 47 43 71 79 26 90 18 113
506 47 8 42 30 14 93 80 65 99 17
7 0 8 113 22 119 47 26 100 102 4
7 1 8 37 35 44 70 102 36 12 33
7 2 8 75 31 30 16 1 127 2 102
7 3 8 43 63 103 36 94 126 99 97
7 4 8 49 48 36 103 52 101 72 119
7 5 8 77 51 14 85 44 17 64 30
7 6 8 40 32 72 80 21 102 111 27
7 7 8 97 107 117 27 90 122 0 105
7 8 8 117 63 49 43 83 7 19 126
7 9 8 27 83 61 93 88 54 112 72
7 10 8 104 37 33 0 51 63 125 65
7 11 8 51 81 22 65 34 41 100 127
7 12 8 119 29 95 115 74 17 109 110
7 13 8 89 25 115 127 49 99 66 7
7 14 8 120 118 71 52 25 26 22 56
7 15 8 76 46 42 113 105 61 4 3
7 16 8 67 64 21 100 120 119 23 101
7 17 8 91 35 23 92 54 126 26 39
7 18 8 40 19 108 72 32 50 21 102
7 19 8 7 97 90 19 55 117 111 122
7 20 8 117 49 7 1 50 43 96 4
7 21 8 27 61 121 29 93 75 54 40
7 22 8 65 104 51 83 71 0 66 125
7 23 8 67 51 34 91 100 80 78 81
7 24 8 10 95 29 121 44 105 17 114
7 25 8 89 25 7 99 105 66 49 27
7 26 8 120 45 25 22 26 118 66 56
7 27 8 97 113 46 76 42 123 114 79
7 28 8 21 67 64 93 31 119 59 23
7 29 8 91 23 72 71 32 26 116 120
7 30 8 40 32 72 59 21 108 102 19
7 31 8 90 0 97 117 122 7 19 111
7 32 8 7 63 43 49 9 50 117 96
7 33 8 54 27 61 32 36 93 117 29
7 34 8 104 65 66 0 71 33 17 125
7 35 8 51 4 34 126 109 78 94 76
7 36 8 95 119 109 115 74 98 111 92
7 37 8 20 25 104 7 70 27 89 49
7 38 8 125 120 87 16 45 105 26 82
7 39 8 27 75 66 11 46 115 79 61
7 40 8 42 12 107 93 21 64 4 119
7 41 8 91 59 88 34 29 30 26 51
7 42 8 17 8 56 111 27 33 25 66
7 43 8 72 82 69 91 90 80 92 106
7 44 8 5 117 76 127 70 26 29 96
7 45 8 29 100 121 41 51 48 88 8
7 46 8 100 47 94 46 110 16 43 76
7 47 8 3 76 102 24 22 103 87 0
16 0 8 58 88 123 109 7 76 121 127
16 1 8 37 65 35 1 36 44 38 102
16 2 8 31 102 21 71 110 27 75 37
16 3 8 43 63 17 94 126 18 28 103
16 4 8 103 49 21 119 30 36 35 101
16 5 8 77 58 30 85 90 54 14 0
16 6 8 40 32 72 21 102 103 113 118
16 7 8 117 97 90 55 0 122 105 43
16 8 8 117 63 43 4 94 83 81 19
16 9 8 27 83 112 61 51 40 88 116
16 10 8 104 33 15 99 51 124 37 119
16 11 8 45 114 70 41 50 88 126 84
16 12 8 58 117 119 94 95 38 90 110
16 13 8 89 4 115 102 67 7 18 1
16 14 8 68 46 82 52 27 21 125 37
16 15 8 76 35 71 27 54 24 46 113
16 16 8 67 13 101 100 51 90 64 21
16 17 8 91 11 44 92 0 35 120 39
16 18 8 40 72 19 32 102 103 92 47
16 19 8 97 90 55 122 19 117 27 107
16 20 8 117 43 4 83 49 19 63 87
16 21 8 27 112 83 61 33 77 40 100
16 22 8 99 104 33 51 23 4 15 110
16 23 8 45 50 34 78 114 22 100 97
16 24 8 95 25 38 117 124 119 10 103
16 25 8 18 4 7 89 102 67 127 123
16 26 8 68 82 64 46 45 25 52 120
16 27 8 27 76 46 113 71 24 125 35
16 28 8 67 101 64 13 51 21 28 19
16 29 8 91 11 92 32 44 113 0 63
16 30 8 40 72 32 47 55 59 21 103
16 31 8 97 117 27 122 19 0 55 7
16 32 8 117 63 43 49 4 7 19 83
16 33 8 112 27 61 83 51 33 54 77
16 34 8 104 33 99 110 51 23 15 82
16 35 8 45 114 78 22 34 100 73 50
16 36 8 25 119 117 115 95 124 92 29
16 37 8 4 102 89 18 7 127 119 67
16 38 8 68 46 82 36 64 25 0 37
16 39 8 27 76 46 104 80 79 113 125
16 40 8 13 101 67 51 66 126 100 64
16 41 8 91 11 92 36 39 115 81 38
16 42 8 98 86 34 46 87 104 20 77
16 43 8 122 15 40 51 16 72 28 94
16 44 8 59 67 1 21 117 11 70 16
16 45 8 100 124 23 95 52 0 121 56
16 46 8 47 9 90 32 109 13 26 37
16 47 8 14 30 46 4 44 107 72 7
8 0 8 93 99 45 52 80 98 8 11
8 1 8 80 84 94 70 117 37 89 102
8 2 8 49 41 93 70 20 16 36 108
8 3 8 43 104 95 36 79 12 73 121
8 4 8 99 29 119 30 48 93 37 23
8 5 8 77 42 54 90 24 30 58 16
8 6 8 55 32 80 72 40 27 21 94
8 7 8 117 103 97 42 43 0 115 63
8 8 8 4 43 63 117 83 2 79 6
8 9 8 112 51 83 33 27 88 61 116
8 10 8 33 110 104 101 23 36 63 99
8 11 8 50 70 114 45 78 22 9 110
8 12 8 124 58 25 119 117 76 115 95
8 13 8 99 102 89 18 115 113 65 4
8 14 8 52 82 32 68 71 46 73 61
8 15 8 35 76 71 38 113 61 24 27
8 16 8 51 67 13 101 100 90 91 29
8 17 8 91 20 35 126 120 117 66 11
8 18 8 40 19 72 123 32 55 47 92
8 19 8 34 97 98 117 19 27 90 115
8 20 8 43 27 39 117 83 4 106 63
8 21 8 112 33 117 27 83 61 113 51
8 22 8 99 101 62 23 33 110 104 107
8 23 8 50 45 78 114 47 85 122 86
8 24 8 58 124 74 68 95 76 120 115
8 25 8 18 102 113 4 77 65 44 107
8 26 8 82 68 118 64 52 32 58 39
8 27 8 76 35 4 46 113 27 115 104
8 28 8 67 51 13 101 109 59 43 15
8 29 8 91 35 20 92 2 113 126 71
8 30 8 32 40 55 19 72 102 80 21
8 31 8 97 117 27 103 34 124 0 90
8 32 8 117 43 63 4 39 83 19 49
8 33 8 112 33 27 61 51 54 83 40
8 34 8 33 110 104 99 101 83 23 107
8 35 8 78 50 114 45 126 22 97 85
8 36 8 124 119 103 58 25 95 68 100
8 37 8 102 115 18 4 127 99 113 7
8 38 8 82 68 112 32 64 118 58 25
8 39 8 46 76 113 27 78 98 104 35
8 40 8 67 13 51 59 101 36 109 126
8 41 8 91 11 71 35 92 2 113 115
8 42 8 86 98 34 46 54 102 103 119
8 43 8 51 40 16 9 20 117 67 105
8 44 8 18 21 68 36 48 1 20 61
8 45 8 100 84 56 103 111 121 14 35
8 46 8 47 8 114 31 51 75 44 68
8 47 8 26 21 59 109 126 107 15 120
2615 0 8 112 12 3 62 36 126 29 124
2615 1 8 78 59 107 7 89 31 29 37
2615 2 8 66 69 76 119 44 121 5 49
2615 3 8 43 40 104 44 13 65 121 122
2615 4 8 27 21 116 1 36 37 4 54
2615 5 8 48 117 85 30 58 90 14 54
2615 6 8 40 32 19 102 72 21 80 46
2615 7 8 117 97 103 90 0 122 124 6
2615 8 8 6 43 63 117 27 49 82 14
2615 9 8 27 112 51 93 40 61 106 52
2615 10 8 104 101 95 99 37 110 67 120
2615 11 8 78 114 126 55 68 45 85 71
2615 12 8 38 101 76 103 58 124 119 74
2615 13 8 115 109 123 41 85 99 57 1
2615 14 8 18 62 59 52 47 37 45 112
2615 15 8 35 76 113 20 54 62 78 116
2615 16 8 67 29 77 23 21 64 79 66
2615 17 8 91 84 0 65 64 63 115 116
2615 18 8 19 40 32 98 72 102 108 21
2615 19 8 97 90 122 117 27 124 0 67
2615 20 8 6 24 43 117 63 49 27 7
2615 21 8 27 61 112 40 93 72 121 75
2615 22 8 104 37 120 124 41 101 95 110
2615 23 8 97 68 114 71 78 55 126 42
2615 24 8 103 38 58 95 74 124 119 0
2615 25 8 123 109 41 57 24 115 45 49
2615 26 8 47 62 18 60 71 36 112 87
2615 27 8 54 20 76 35 113 46 78 53
2615 28 8 67 23 29 77 44 123 84 36
2615 29 8 91 84 0 65 113 64 63 36
2615 30 8 40 32 19 118 21 102 72 80
2615 31 8 97 117 34 103 90 27 0 124
2615 32 8 6 43 63 117 49 39 20 31
2615 33 8 112 27 40 61 72 54 93 106
2615 34 8 104 37 95 124 110 120 101 99
2615 35 8 97 68 114 78 42 16 55 126
2615 36 8 38 103 119 25 0 58 124 121
2615 37 8 109 123 41 57 115 49 127 95
2615 38 8 18 47 60 112 111 71 25 62
2615 39 8 20 76 107 54 113 104 46 35
2615 40 8 23 44 67 77 29 110 59 13
2615 41 8 0 65 91 63 113 64 84 71
2615 42 8 90 126 34 49 20 46 75 28
2615 43 8 74 40 47 121 125 9 20 2
2615 44 8 110 23 21 18 13 80 1 36
2615 45 8 100 83 84 47 56 26 103 86
2615 46 8 96 47 10 1 45 123 51 75
2615 47 8 11 31 127 121 15 21 114 82
323 0 8 83 81 31 120 63 107 61 43
323 1 8 41 8 34 104 39 26 124 2
323 2 8 53 67 88 62 84 69 10 66
323 3 8 89 6 41 59 32 11 65 122
323 4 8 79 76 106 124 40 48 85 37
323 5 8 42 125 61 85 70 90 24 54
323 6 8 105 32 83 80 110 8 123 30
323 7 8 49 117 34 103 97 95 0 63
323 8 8 66 43 84 63 106 121 6 117
323 9 8 98 112 110 9 27 117 113 106
323 10 8 73 101 110 62 61 104 33 37
323 11 8 26 78 61 49 71 79 0 109
323 12 8 107 79 76 58 124 74 99 104
323 13 8 6 80 28 118 65 115 64 77
323 14 8 10 48 79 52 118 58 111 73
323 15 8 35 76 85 23 113 46 21 60
323 16 8 8 124 67 15 84 36 21 66
323 17 8 19 91 97 20 117 72 15 116
323 18 8 40 32 50 102 19 72 55 21
323 19 8 97 34 90 0 117 49 98 19
323 20 8 43 66 63 117 7 39 49 84
323 21 8 98 112 117 27 61 104 9 110
323 22 8 73 101 90 104 110 62 83 105
323 23 8 26 78 47 61 49 71 79 0
323 24 8 107 95 115 74 79 76 104 58
323 25 8 80 6 118 77 107 64 28 65
323 26 8 10 118 79 48 25 112 96 52
323 27 8 85 76 113 35 23 4 78 42
323 28 8 67 8 15 124 59 126 36 21
323 29 8 91 19 20 113 97 90 71 15
323 30 8 40 32 19 72 21 59 102 80
323 31 8 97 117 103 90 27 124 34 122
323 32 8 66 117 43 63 49 55 39 14
323 33 8 112 98 27 61 54 93 88 72
323 34 8 73 104 101 90 83 65 45 74
323 35 8 26 126 78 47 49 69 71 0
323 36 8 107 79 68 119 124 23 100 58
323 37 8 80 115 6 83 118 65 70 7
323 38 8 10 112 58 48 25 118 79 96
323 39 8 76 113 23 85 78 35 53 62
323 40 8 67 8 124 59 36 15 43 126
323 41 8 91 19 20 71 90 113 69 117
323 42 8 21 34 46 7 54 93 103 101
323 43 8 40 88 51 9 105 20 117 54
323 44 8 0 21 18 36 68 71 20 123
323 45 8 100 56 84 103 111 35 70 105
323 46 8 47 8 114 75 67 31 44 115
323 47 8 117 34 59 73 126 36 47 32
33686 0 8 67 3 77 112 83 62 86 36
33686 1 8 8 71 114 90 104 91 39 68
33686 2 8 15 66 76 23 73 44 119 120
33686 3 8 29 120 44 65 43 11 95 41
33686 4 8 27 116 21 36 37 39 4 105
33686 5 8 96 48 117 70 85 56 78 26
33686 6 8 40 88 80 32 19 21 79 86
33686 7 8 117 97 90 103 0 122 34 124
33686 8 8 63 6 43 14 24 7 49 120
33686 9 8 79 27 112 93 75 61 77 54
33686 10 8 104 101 120 95 107 62 37 35
33686 11 8 92 81 71 68 126 16 0 78
33686 12 8 124 76 103 38 58 119 100 67
33686 13 8 115 49 109 123 41 7 65 24
33686 14 8 62 18 112 52 120 13 25 37
33686 15 8 35 76 20 113 78 115 62 21
33686 16 8 67 77 29 23 36 59 123 109
33686 17 8 91 84 0 65 64 116 113 117
33686 18 8 40 19 32 88 27 72 55 69
33686 19 8 90 97 124 117 34 122 0 103
33686 20 8 24 43 6 63 14 49 117 7
33686 21 8 27 79 112 77 93 61 54 62
33686 22 8 104 120 37 101 95 41 65 125
33686 23 8 92 68 81 97 116 16 71 126
33686 24 8 38 103 76 67 0 58 124 119
33686 25 8 123 49 109 57 115 41 24 95
33686 26 8 18 62 60 47 112 71 7 13
33686 27 8 20 76 35 78 113 115 31 46
33686 28 8 23 77 67 44 29 123 59 84
33686 29 8 84 0 65 91 113 64 63 71
33686 30 8 88 118 40 32 19 72 21 27
33686 31 8 103 97 117 34 98 124 90 0
33686 32 8 6 43 14 20 63 24 39 27
33686 33 8 112 79 40 35 104 106 27 61
33686 34 8 95 120 37 104 110 45 101 124
33686 35 8 92 97 42 68 81 16 78 126
33686 36 8 38 103 0 58 124 74 119 67
33686 37 8 109 123 41 57 49 115 95 36
33686 38 8 18 111 60 47 112 71 52 62
33686 39 8 76 20 107 113 35 90 57 71
33686 40 8 23 77 29 44 67 109 110 84
33686 41 8 65 0 63 84 64 113 91 85
33686 42 8 90 126 49 75 20 34 55 46
33686 43 8 74 47 121 40 125 20 9 8
33686 44 8 110 13 21 80 3 84 121 117
33686 45 8 100 26 83 47 84 7 5 87
33686 46 8 1 96 10 45 47 123 37 20
33686 47 8 11 31 127 121 82 15 21 14
13 0 8 65 43 98 73 45 114 70 72
13 1 8 18 94 38 26 127 10 119 43
13 2 8 84 88 93 38 57 40 47 20
13 3 8 89 6 31 41 2 16 124 36
13 4 8 124 106 76 115 48 85 44 93
13 5 8 125 61 66 126 8 22 13 64
13 6 8 83 105 8 30 110 80 42 52
13 7 8 49 34 112 98 117 0 9 103
13 8 8 84 121 43 103 106 46 116 14
13 9 8 117 110 9 112 127 118 119 52
13 10 8 105 61 39 112 62 53 64 56
13 11 8 61 49 24 98 127 0 37 125
13 12 8 99 74 15 97 104 63 76 116
13 13 8 6 28 15 77 36 25 23 115
13 14 8 20 48 90 52 17 111 88 6
13 15 8 76 85 10 35 101 103 14 18
13 16 8 124 8 45 73 67 17 39 84
13 17 8 117 69 19 42 91 105 48 21
13 18 8 105 30 110 8 80 42 56 83
13 19 8 34 49 60 98 97 112 3 0
13 20 8 84 43 121 106 116 14 46 103
13 21 8 117 110 9 112 125 118 127 59
13 22 8 105 53 62 61 39 56 112 101
13 23 8 61 49 24 89 0 122 127 37
13 24 8 99 15 96 116 56 97 74 104
13 25 8 58 6 15 28 23 25 64 77
13 26 8 20 17 48 90 88 111 86 104
13 27 8 85 101 10 76 103 70 23 18
13 28 8 124 8 73 81 45 17 67 66
13 29 8 42 69 19 48 21 91 1 103
13 30 8 105 30 56 83 80 8 40 32
13 31 8 34 112 49 97 103 98 9 117
13 32 8 121 65 84 43 116 46 35 106
13 33 8 125 117 9 110 104 45 112 114
13 34 8 105 61 56 53 112 13 78 39
13 35 8 24 61 125 49 23 37 122 89
13 36 8 99 15 97 96 116 56 74 63
13 37 8 15 58 25 28 23 6 10 77
13 38 8 20 17 48 90 86 107 8 100
13 39 8 101 85 23 103 10 76 70 95
13 40 8 73 124 45 8 17 81 67 65
13 41 8 42 91 69 19 48 21 18 71
13 42 8 31 64 32 34 54 36 114 74
13 43 8 40 77 88 117 43 20 9 78
13 44 8 53 73 0 90 18 121 98 21
13 45 8 100 84 101 94 27 1 32 103
13 46 8 38 47 11 34 84 31 75 103
13 47 8 105 73 57 20 126 109 9 86
358 0 8 103 104 49 32 50 78 92 58
358 1 8 9 6 58 95 23 51 19 33
358 2 8 51 84 122 93 100 2 127 47
358 3 8 2 39 4 38 16 124 64 85
358 4 8 56 48 23 124 104 25 50 47
358 5 8 107 47 82 22 13 75 8 97
358 6 8 79 52 80 42 8 44 83 30
358 7 8 2 9 110 51 31 34 71 125
358 8 8 109 46 36 116 3 61 43 103
358 9 8 65 52 1 118 45 96 39 59
358 10 8 112 35 113 53 39 103 59 122
358 11 8 67 107 98 9 125 37 6 65
358 12 8 97 116 75 104 50 71 63 109
358 13 8 98 2 23 21 119 73 16 77
358 14 8 80 90 88 115 79 8 17 75
358 15 8 10 60 76 95 70 13 123 18
358 16 8 45 7 11 65 55 124 15 17
358 17 8 39 52 75 15 91 17 71 23
358 18 8 8 80 79 30 83 52 40 68
358 19 8 9 71 34 0 31 75 60 97
358 20 8 43 116 3 36 46 65 63 57
358 21 8 117 114 59 45 65 54 111 64
358 22 8 53 112 66 13 65 59 98 21
358 23 8 89 51 125 67 37 6 7 127
358 24 8 116 56 104 97 96 50 60 74
358 25 8 23 25 119 16 73 99 20 21
358 26 8 90 80 8 88 79 111 115 105
358 27 8 76 10 60 14 125 103 18 13
358 28 8 7 45 11 67 84 55 15 65
358 29 8 39 91 46 103 71 15 17 52
358 30 8 79 52 80 30 40 32 42 34
358 31 8 34 9 110 2 51 97 0 117
358 32 8 36 109 43 46 44 116 3 61
358 33 8 65 117 96 52 45 59 118 111
358 34 8 35 112 13 113 53 39 66 103
358 35 8 37 89 115 98 107 8 122 67
358 36 8 97 116 26 63 74 75 52 50
358 37 8 2 98 76 82 23 21 16 10
358 38 8 80 79 34 88 107 75 115 90
358 39 8 13 95 60 8 120 82 76 18
358 40 8 7 45 11 17 65 15 83 55
358 41 8 39 52 18 17 106 15 46 103
358 42 8 2 74 125 22 37 123 7 24
358 43 8 56 43 19 12 78 97 112 77
358 44 8 88 45 99 37 0 44 98 121
358 45 8 58 92 46 112 17 84 100 63
358 46 8 84 105 29 38 30 39 103 81
358 47 8 108 95 87 35 52 111 6 59
1744 0 8 62 111 2 12 126 77 29 22
1744 1 8 58 23 86 3 76 77 42 95
1744 2 8 54 9 51 93 8 24 14 127
1744 3 8 25 38 105 2 16 4 64 124
1744 4 8 48 56 25 47 22 86 114 104
1744 5 8 82 34 47 80 22 107 126 45
1744 6 8 52 79 42 30 110 80 8 38
1744 7 8 60 51 110 87 31 50 9 45
1744 8 8 36 103 46 109 105 44 116 57
1744 9 8 65 1 45 94 96 127 52 99
1744 10 8 112 35 39 113 108 74 64 13
1744 11 8 98 107 67 37 87 115 9 69
1744 12 8 97 75 116 52 63 104 71 118
1744 13 8 98 21 75 73 24 16 76 23
1744 14 8 79 62 8 88 34 75 76 90
1744 15 8 95 103 8 18 16 87 60 76
1744 16 8 45 73 55 65 58 17 123 83
1744 17 8 69 48 17 85 18 30 15 97
1744 18 8 52 42 79 30 8 110 80 34
1744 19 8 60 51 34 110 87 31 9 98
1744 20 8 36 103 46 116 109 3 43 44
1744 21 8 65 45 117 96 64 94 127 118
1744 22 8 112 53 113 13 39 35 108 74
1744 23 8 89 37 87 8 107 67 98 115
1744 24 8 116 97 104 75 63 74 50 56
1744 25 8 98 21 73 16 75 24 64 23
1744 26 8 8 79 90 88 111 62 28 39
1744 27 8 76 103 10 95 23 56 18 6
1744 28 8 55 73 45 123 84 17 15 66
1744 29 8 69 97 48 85 103 91 17 116
1744 30 8 30 32 42 52 80 56 110 40
1744 31 8 60 34 97 98 9 103 117 51
1744 32 8 36 43 109 46 44 116 127 103
1744 33 8 117 45 65 112 94 68 114 104
1744 34 8 53 113 108 13 112 123 39 45
1744 35 8 67 37 89 98 122 87 8 115
1744 36 8 97 116 63 104 9 12 74 118
1744 37 8 98 16 24 21 76 75 10 23
1744 38 8 8 62 79 88 107 28 34 112
1744 39 8 23 76 103 95 56 123 87 120
1744 40 8 73 45 123 55 67 84 20 59
1744 41 8 91 69 48 71 85 97 58 112
1744 42 8 64 75 31 54 34 37 36 101
1744 43 8 40 77 9 20 89 43 117 81
1744 44 8 73 18 98 91 53 13 21 121
1744 45 8 84 100 111 94 103 1 32 56
1744 46 8 47 67 114 82 8 31 75 91
1744 47 8 117 34 32 126 73 9 27 90
1667 0 8 7 126 61 93 116 62 120 35
1667 1 8 78 83 23 107 123 53 58 62
1667 2 8 117 15 119 66 67 116 51 23
1667 3 8 120 112 7 64 16 37 105 26
1667 4 8 50 56 91 48 39 4 22 104
1667 5 8 102 126 2 70 108 82 111 47
1667 6 8 30 80 110 79 42 52 8 64
1667 7 8 34 98 117 72 87 0 9 97
1667 8 8 99 43 36 39 24 51 46 63
1667 9 8 45 117 52 118 112 65 127 54
1667 10 8 88 83 14 39 62 112 113 120
1667 11 8 67 87 71 98 58 127 37 115
1667 12 8 114 104 68 97 116 100 63 12
1667 13 8 24 121 98 21 25 77 64 16
1667 14 8 28 62 8 88 19 118 90 112
1667 15 8 76 72 4 3 35 23 95 87
1667 16 8 20 121 67 123 45 21 73 59
1667 17 8 91 97 20 45 14 71 23 53
1667 18 8 40 30 80 79 8 9 32 50
1667 19 8 34 0 97 90 117 72 60 98
1667 20 8 43 99 7 39 36 63 24 51
1667 21 8 117 45 112 27 54 59 61 68
1667 22 8 83 14 104 53 88 62 113 65
1667 23 8 89 87 127 67 47 122 71 37
1667 24 8 68 114 104 100 116 118 97 119
1667 25 8 25 24 121 107 64 44 21 98
1667 26 8 28 62 118 45 88 112 19 111
1667 27 8 4 76 23 113 72 115 3 123
1667 28 8 67 121 21 20 59 123 64 84
1667 29 8 91 97 71 23 45 14 20 116
1667 30 8 40 32 21 102 80 59 72 113
1667 31 8 0 90 97 117 19 103 107 71
1667 32 8 99 7 43 63 49 117 31 42
1667 33 8 27 45 54 117 61 104 112 93
1667 34 8 104 83 14 88 65 53 120 101
1667 35 8 71 67 87 89 34 58 122 47
1667 36 8 119 95 114 120 68 104 69 82
1667 37 8 25 24 121 107 99 70 75 82
1667 38 8 62 28 112 118 120 45 25 10
1667 39 8 76 113 4 115 112 123 23 98
1667 40 8 121 67 21 59 20 123 36 105
1667 41 8 91 97 14 71 23 20 84 45
1667 42 8 54 65 101 34 119 29 93 103
1667 43 8 40 9 4 105 86 89 117 20
1667 44 8 91 21 18 71 68 106 36 97
1667 45 8 100 14 1 56 84 103 111 6
1667 46 8 47 67 114 8 6 44 91 31
1667 47 8 34 117 126 32 27 54 55 57
264 0 8 106 27 110 48 50 78 61 49
264 1 8 99 91 75 62 39 46 116 20
264 2 8 45 122 66 7 15 68 50 67
264 3 8 94 120 43 7 3 95 106 39
264 4 8 4 50 56 111 48 21 37 36
264 5 8 51 105 102 85 70 108 111 2
264 6 8 40 80 32 86 13 21 111 113
264 7 8 117 90 97 0 72 34 103 105
264 8 8 2 43 7 99 63 49 117 28
264 9 8 45 27 75 61 112 117 54 38
264 10 8 83 104 14 65 88 23 0 20
264 11 8 67 47 51 34 78 87 71 58
264 12 8 68 114 95 119 120 29 47 44
264 13 8 12 66 25 119 113 107 99 70
264 14 8 96 105 118 45 56 120 94 71
264 15 8 3 76 4 115 113 42 114 23
264 16 8 51 121 67 64 21 120 43 59
264 17 8 91 23 35 2 66 20 43 126
264 18 8 40 108 72 19 50 45 32 111
264 19 8 90 97 122 19 124 0 117 23
264 20 8 117 49 7 2 99 1 43 50
264 21 8 27 75 61 29 30 121 93 38
264 22 8 83 65 104 14 51 93 44 37
264 23 8 67 51 34 91 80 87 78 10
264 24 8 95 44 10 68 47 115 114 119
264 25 8 66 12 25 113 107 119 32 82
264 26 8 105 45 96 120 118 25 56 22
264 27 8 97 115 42 113 114 76 61 51
264 28 8 21 51 121 64 67 120 31 59
264 29 8 91 35 23 2 71 66 39 126
264 30 8 40 32 98 102 59 21 45 108
264 31 8 90 0 97 117 105 23 122 71
264 32 8 2 7 117 49 63 43 99 96
264 33 8 27 75 54 61 29 30 93 68
264 34 8 104 14 83 65 66 51 110 88
264 35 8 34 78 67 51 13 58 87 126
264 36 8 95 119 82 68 115 47 120 69
264 37 8 12 119 66 99 25 107 113 70
264 38 8 105 118 120 45 112 96 66 25
264 39 8 113 4 76 115 42 123 62 66
264 40 8 21 51 121 67 59 105 64 4
264 41 8 91 35 2 71 23 66 126 90
264 42 8 98 54 102 93 29 34 103 46
264 43 8 40 9 105 117 20 86 81 89
264 44 8 21 91 48 68 18 36 106 97
264 45 8 100 84 14 1 56 111 11 66
264 46 8 47 44 114 8 31 91 6 75
264 47 8 36 120 126 59 7 47 22 9
10601 0 8 77 12 67 23 30 112 3 28
10601 1 8 48 29 85 71 114 88 90 7
10601 2 8 69 8 76 66 126 73 23 54
10601 3 8 77 62 16 43 106 37 41 79
10601 4 8 4 22 87 48 116 21 54 37
10601 5 8 54 108 56 126 78 117 102 85
10601 6 8 30 32 8 40 80 86 110 72
10601 7 8 97 117 34 103 0 90 107 98
10601 8 8 43 2 63 49 14 6 46 39
10601 9 8 104 117 22 112 33 45 27 118
10601 10 8 45 88 110 83 39 112 104 62
10601 11 8 50 78 71 16 127 102 0 37
10601 12 8 118 104 25 114 107 100 76 116
10601 13 8 12 102 25 64 77 107 79 41
10601 14 8 47 96 88 62 8 112 94 10
10601 15 8 76 56 38 72 123 87 98 3
10601 16 8 67 29 6 84 45 51 77 36
10601 17 8 91 126 20 71 103 116 53 97
10601 18 8 30 40 80 8 27 86 32 72
10601 19 8 34 97 0 117 90 103 95 104
10601 20 8 43 2 39 7 63 99 117 14
10601 21 8 104 117 33 45 112 27 54 61
10601 22 8 53 45 14 83 65 104 62 101
10601 23 8 50 89 71 78 86 0 127 8
10601 24 8 118 116 114 100 107 104 97 95
10601 25 8 102 12 24 64 49 44 25 77
10601 26 8 96 62 64 47 8 88 28 111
10601 27 8 76 46 56 72 115 4 23 87
10601 28 8 6 51 67 29 77 121 111 20
10601 29 8 91 126 97 116 71 64 84 85
10601 30 8 80 40 30 32 56 8 27 13
10601 31 8 103 34 97 0 95 117 3 98
10601 32 8 43 2 116 39 63 127 7 14
10601 33 8 104 117 112 45 114 54 59 118
10601 34 8 45 83 110 53 88 104 109 65
10601 35 8 50 16 37 89 122 68 78 102
10601 36 8 118 95 116 103 119 30 97 107
10601 37 8 12 102 49 41 25 24 107 64
10601 38 8 47 111 96 62 112 64 88 107
10601 39 8 76 77 46 37 56 113 72 35
10601 40 8 6 23 67 110 29 109 101 111
10601 41 8 91 126 64 36 116 46 71 84
10601 42 8 77 54 34 90 114 98 59 49
10601 43 8 74 125 40 86 20 72 16 27
10601 44 8 21 13 84 92 117 91 32 49
10601 45 8 100 86 26 76 1 56 124 15
10601 46 8 96 47 110 51 14 92 4 103
10601 47 8 94 54 24 14 114 99 65 12
315 0 8 68 107 81 31 69 70 93 53
315 1 8 85 75 83 20 91 89 88 39
315 2 8 8 117 69 123 54 66 15 50
315 3 8 10 26 77 62 16 106 1 41
315 4 8 91 4 111 87 22 48 0 77
315 5 8 54 111 102 126 108 70 56 117
315 6 8 30 80 110 64 86 32 79 52
315 7 8 34 117 98 95 103 97 0 72
315 8 8 43 39 28 99 14 63 51 49
315 9 8 45 104 117 48 112 27 43 54
315 10 8 83 45 14 23 104 101 62 88
315 11 8 102 13 47 67 50 127 58 0
315 12 8 68 118 120 107 60 95 104 47
315 13 8 121 25 55 107 7 79 64 12
315 14 8 84 28 118 96 112 120 45 10
315 15 8 76 4 3 23 113 115 56 112
315 16 8 67 121 43 20 21 59 51 64
315 17 8 91 97 20 23 14 126 45 71
315 18 8 40 19 80 72 113 30 21 32
315 19 8 90 97 117 0 103 95 19 72
315 20 8 99 7 117 49 43 28 96 2
315 21 8 27 104 45 48 61 54 112 30
315 22 8 65 14 104 83 45 73 93 70
315 23 8 102 67 34 13 50 47 78 89
315 24 8 118 68 95 107 120 47 60 69
315 25 8 25 121 107 55 7 113 44 64
315 26 8 45 84 28 118 120 96 87 25
315 27 8 115 4 76 113 112 42 23 123
315 28 8 121 21 67 20 64 59 43 93
315 29 8 91 97 23 71 14 126 20 116
315 30 8 40 32 21 102 59 80 72 113
315 31 8 90 0 97 117 105 71 19 107
315 32 8 7 63 43 117 28 49 99 31
315 33 8 27 54 61 104 29 93 48 45
315 34 8 104 14 83 65 45 0 93 20
315 35 8 102 34 13 47 67 58 78 90
315 36 8 95 120 119 68 82 60 107 69
315 37 8 121 25 107 99 70 49 55 79
315 38 8 84 28 112 120 118 45 10 25
315 39 8 113 76 115 4 23 42 123 112
315 40 8 67 21 121 59 20 36 105 64
315 41 8 91 97 71 14 23 45 20 126
315 42 8 54 65 101 41 29 119 34 93
315 43 8 40 9 105 4 117 86 54 89
315 44 8 21 91 18 71 106 68 36 97
315 45 8 100 14 1 56 84 103 111 11
315 46 8 47 67 114 8 44 6 31 91
315 47 8 34 117 126 32 99 103 55 27
264 0 8 106 27 50 110 48 101 49 78
264 1 8 99 75 20 85 91 89 113 39
264 2 8 45 122 123 69 66 7 100 41
264 3 8 94 10 26 37 43 3 79 122
264 4 8 4 111 119 54 118 77 124 48
264 5 8 51 105 111 102 85 56 70 108
264 6 8 86 30 80 32 13 40 27 21
264 7 8 117 97 95 90 0 103 34 72
264 8 8 2 43 63 99 28 49 7 39
264 9 8 45 27 48 104 112 117 61 54
264 10 8 83 14 65 104 23 0 73 45
264 11 8 102 67 47 13 78 34 58 110
264 12 8 68 95 120 107 118 47 119 104
264 13 8 12 119 66 25 113 107 64 55
264 14 8 118 105 96 120 84 56 45 25
264 15 8 3 4 76 23 115 113 42 114
264 16 8 121 51 67 43 64 21 120 59
264 17 8 91 2 35 23 66 20 39 29
264 18 8 40 19 108 69 9 50 72 47
264 19 8 90 97 124 0 23 117 122 105
264 20 8 7 49 117 2 99 43 28 1
264 21 8 27 75 61 30 29 72 93 54
264 22 8 83 65 14 104 93 44 49 73
264 23 8 34 90 67 10 78 102 13 87
264 24 8 95 47 10 44 60 120 69 107
264 25 8 12 66 113 25 107 119 32 7
264 26 8 45 105 120 118 96 56 84 25
264 27 8 115 97 42 113 114 4 27 112
264 28 8 21 51 121 64 67 120 31 59
264 29 8 91 35 23 2 71 39 66 126
264 30 8 40 32 102 21 59 108 45 98
264 31 8 90 0 97 105 117 23 27 122
264 32 8 7 2 117 49 63 28 43 96
264 33 8 27 75 54 29 61 93 30 72
264 34 8 104 14 83 65 66 110 20 0
264 35 8 34 78 13 67 64 102 10 58
264 36 8 95 119 82 47 69 115 60 120
264 37 8 12 119 66 70 113 107 25 99
264 38 8 105 120 45 112 118 96 84 66
264 39 8 113 42 115 62 76 123 4 81
264 40 8 21 51 59 67 121 64 126 4
264 41 8 91 23 2 35 71 126 66 90
264 42 8 98 54 102 29 93 103 34 46
264 43 8 40 9 105 54 117 86 89 20
264 44 8 21 91 48 18 68 36 106 97
264 45 8 100 14 84 1 56 111 11 66
264 46 8 47 44 114 8 91 6 31 13
264 47 8 36 120 126 59 7 22 47 9
10997 0 8 36 23 112 105 125 77 28 67
10997 1 8 48 90 71 59 85 68 45 88
10997 2 8 66 76 26 126 96 23 5 44
10997 3 8 24 43 92 70 44 41 79 95
10997 4 8 36 5 27 21 4 84 35 54
10997 5 8 115 57 85 87 92 14 10 48
10997 6 8 40 103 32 21 80 113 102 5
10997 7 8 90 117 0 55 97 122 105 23
10997 8 8 7 49 20 94 63 43 2 96
10997 9 8 27 40 54 93 75 51 25 29
10997 10 8 104 65 124 93 82 13 2 51
10997 11 8 51 97 42 34 80 88 78 62
10997 12 8 101 82 103 10 109 0 38 119
10997 13 8 12 70 57 41 25 89 1 85
10997 14 8 45 46 120 18 56 25 71 60
10997 15 8 27 54 42 20 46 126 76 113
10997 16 8 110 77 120 67 64 44 21 108
10997 17 8 23 91 0 25 64 63 67 54
10997 18 8 40 5 103 32 19 108 102 21
10997 19 8 55 90 97 0 122 57 23 117
10997 20 8 7 49 94 2 20 63 117 73
10997 21 8 27 75 40 93 30 121 61 54
10997 22 8 65 104 124 82 44 93 109 49
10997 23 8 34 42 97 73 51 91 80 64
10997 24 8 103 0 10 82 101 25 95 119
10997 25 8 62 89 57 12 70 41 1 127
10997 26 8 120 71 56 102 45 60 46 26
10997 27 8 27 46 54 42 113 126 20 76
10997 28 8 67 44 21 59 110 109 108 77
10997 29 8 91 36 0 63 23 71 54 64
10997 30 8 40 59 103 118 5 32 102 72
10997 31 8 90 0 117 55 97 105 23 71
10997 32 8 94 7 63 20 49 43 2 93
10997 33 8 40 54 61 93 27 29 72 41
10997 34 8 104 124 82 65 109 53 23 95
10997 35 8 42 51 97 73 34 64 78 9
10997 36 8 103 0 25 38 82 119 101 29
10997 37 8 57 12 41 62 70 109 123 89
10997 38 8 71 112 60 46 120 18 87 25
10997 39 8 27 54 20 113 126 46 107 76
10997 40 8 44 67 77 110 109 59 29 108
10997 41 8 63 65 64 36 91 122 71 0
10997 42 8 90 49 77 54 34 126 24 106
10997 43 8 40 121 9 125 72 49 80 86
10997 44 8 21 11 110 91 23 18 99 84
10997 45 8 100 86 76 84 124 47 1 56
10997 46 8 47 10 123 45 96 81 71 110
10997 47 8 11 31 121 127 82 14 21 15
323 0 8 83 120 31 63 107 69 41 111
323 1 8 41 8 34 124 126 2 42 20
323 2 8 53 67 69 10 41 88 62 123
323 3 8 89 79 3 122 41 44 32 6
323 4 8 79 4 106 48 76 85 93 124
323 5 8 42 125 54 70 102 108 35 85
323 6 8 80 30 86 8 113 27 13 52
323 7 8 117 95 103 0 34 98 97 90
323 8 8 43 66 2 7 63 84 49 99
323 9 8 98 117 104 112 54 110 59 61
323 10 8 83 73 90 65 45 62 104 53
323 11 8 26 78 122 9 49 127 61 102
323 12 8 107 104 79 69 95 118 74 120
323 13 8 80 6 25 12 64 70 107 55
323 14 8 10 111 118 48 112 79 58 88
323 15 8 76 23 3 113 85 123 115 4
323 16 8 8 67 43 121 59 15 124 21
323 17 8 97 91 19 23 20 71 29 14
323 18 8 40 30 80 19 69 32 27 8
323 19 8 90 117 97 0 34 95 23 124
323 20 8 66 43 99 7 49 2 117 63
323 21 8 98 27 112 117 54 104 61 48
323 22 8 90 73 65 83 104 14 101 13
323 23 8 26 122 47 127 89 58 86 78
323 24 8 107 69 119 115 23 114 100 95
323 25 8 80 6 25 118 121 64 12 107
323 26 8 10 118 45 79 28 120 112 56
323 27 8 76 42 113 4 85 23 115 123
323 28 8 67 21 8 121 59 93 64 20
323 29 8 91 23 97 19 71 90 31 20
323 30 8 40 21 32 59 72 80 102 69
323 31 8 90 97 0 117 19 107 103 67
323 32 8 7 66 63 49 117 43 99 31
323 33 8 98 27 61 54 93 48 30 117
323 34 8 104 90 83 73 65 14 93 101
323 35 8 26 34 47 78 126 90 58 102
323 36 8 107 119 95 79 68 23 82 69
323 37 8 80 25 6 83 70 107 121 118
323 38 8 10 28 118 112 120 25 45 96
323 39 8 76 113 115 42 4 123 23 66
323 40 8 67 20 21 8 59 121 36 124
323 41 8 91 97 71 23 19 14 90 20
323 42 8 54 21 34 101 119 29 103 46
323 43 8 9 105 40 4 117 54 51 86
323 44 8 21 91 18 71 106 36 68 0
323 45 8 100 14 56 84 1 103 66 111
323 46 8 47 67 114 8 44 31 6 4
323 47 8 117 34 32 126 55 27 73 99
264 0 8 106 27 110 50 48 49 78 118
264 1 8 8 99 34 126 25 91 46 75
264 2 8 45 53 122 66 10 41 69 7
264 3 8 29 94 122 43 3 79 114 41
264 4 8 4 79 119 34 83 37 93 114
264 5 8 51 105 96 42 85 70 12 102
264 6 8 80 32 40 86 113 27 59 13
264 7 8 117 90 0 97 95 103 105 72
264 8 8 2 63 43 7 49 66 28 99
264 9 8 98 27 79 39 38 54 112 61
264 10 8 65 83 23 73 14 104 90 17
264 11 8 26 65 78 102 13 51 47 109
264 12 8 107 68 79 69 95 119 29 120
264 13 8 12 66 119 113 83 25 99 107
264 14 8 10 96 105 56 118 120 45 25
264 15 8 3 76 4 23 113 115 42 46
264 16 8 51 121 67 21 64 120 43 59
264 17 8 91 2 35 23 66 90 126 54
264 18 8 40 108 19 102 69 47 32 72
264 19 8 90 97 124 23 0 107 27 105
264 20 8 49 117 7 2 55 1 99 96
264 21 8 27 75 61 30 93 72 29 121
264 22 8 65 83 104 44 93 14 73 49
264 23 8 91 34 1 78 67 80 126 51
264 24 8 107 69 95 119 10 68 82 120
264 25 8 66 12 113 107 83 7 25 22
264 26 8 10 105 120 45 56 96 25 118
264 27 8 113 42 97 115 62 76 114 27
264 28 8 51 21 67 121 64 93 59 120
264 29 8 91 35 23 2 90 71 32 113
264 30 8 40 32 21 59 108 69 102 98
264 31 8 90 97 0 117 19 107 23 105
264 32 8 2 49 7 117 63 42 43 96
264 33 8 27 54 61 30 93 75 29 79
264 34 8 104 66 65 14 83 73 93 51
264 35 8 34 78 13 126 92 51 26 64
264 36 8 95 119 107 82 68 69 115 120
264 37 8 12 66 119 113 70 83 99 107
264 38 8 105 10 120 118 96 112 45 25
264 39 8 113 115 76 4 123 42 66 62
264 40 8 51 21 59 121 67 93 105 4
264 41 8 91 35 2 71 23 126 90 66
264 42 8 98 54 102 93 34 29 103 119
264 43 8 40 105 9 54 117 86 81 20
264 44 8 21 68 18 91 48 36 106 55
264 45 8 100 14 84 56 111 1 20 66
264 46 8 47 44 8 114 31 75 88 6
264 47 8 36 120 126 59 7 9 26 22
93889 0 8 82 63 77 67 64 33 68 36
93889 1 8 48 99 90 89 75 71 114 8
93889 2 8 54 66 70 8 26 121 90 5
93889 3 8 43 24 77 29 44 37 95 62
93889 4 8 87 36 101 5 4 84 71 60
93889 5 8 14 115 54 85 0 92 96 57
93889 6 8 40 55 103 21 72 32 80 69
93889 7 8 117 97 55 90 0 103 19 111
93889 8 8 4 117 125 49 94 7 63 11
93889 9 8 27 40 104 61 33 88 54 39
93889 10 8 124 104 65 33 82 45 15 93
93889 11 8 97 50 34 51 78 92 100 73
93889 12 8 95 29 103 121 109 119 86 67
93889 13 8 89 127 102 105 12 52 7 120
93889 14 8 46 49 64 71 68 45 87 120
93889 15 8 27 76 46 126 125 113 33 116
93889 16 8 101 13 67 100 51 27 21 111
93889 17 8 91 92 23 49 26 118 52 100
93889 18 8 55 103 40 72 102 47 5 32
93889 19 8 97 90 55 111 19 107 0 117
93889 20 8 117 4 94 11 7 49 43 63
93889 21 8 27 40 61 104 112 68 75 39
93889 22 8 124 33 104 82 51 65 71 0
93889 23 8 51 97 50 34 81 73 100 92
93889 24 8 103 95 29 109 112 121 25 67
93889 25 8 89 127 62 12 7 102 120 105
93889 26 8 64 22 46 120 87 45 71 68
93889 27 8 27 46 87 54 125 106 113 57
93889 28 8 21 100 101 67 93 13 27 111
93889 29 8 91 92 32 100 23 49 71 29
93889 30 8 40 72 103 55 32 50 21 92
93889 31 8 97 90 0 55 19 117 122 111
93889 32 8 94 4 11 117 63 10 7 97
93889 33 8 40 27 61 75 54 33 36 86
93889 34 8 33 82 124 0 104 71 65 9
93889 35 8 51 73 34 18 25 100 81 92
93889 36 8 29 109 112 119 67 101 17 121
93889 37 8 89 127 120 102 12 70 27 7
93889 38 8 87 22 64 49 82 45 120 25
93889 39 8 27 46 87 113 106 125 66 14
93889 40 8 100 67 101 21 93 13 111 40
93889 41 8 91 92 49 11 118 23 81 71
93889 42 8 86 8 54 46 34 30 98 37
93889 43 8 72 16 40 54 117 51 75 86
93889 44 8 21 68 91 63 14 117 18 84
93889 45 8 100 121 56 14 84 1 34 20
93889 46 8 47 51 94 23 69 13 44 109
93889 47 8 26 21 14 126 114 30 121 103
10592 0 8 12 36 29 126 62 67 77 3
10592 1 8 36 89 113 59 11 101 115 98
10592 2 8 49 66 69 121 71 5 119 102
10592 3 8 43 45 122 44 11 95 77 104
10592 4 8 5 101 36 4 87 6 60 84
10592 5 8 14 115 0 85 96 48 56 92
10592 6 8 40 103 21 55 32 72 59 69
10592 7 8 55 90 117 0 97 103 105 19
10592 8 8 4 94 7 49 63 117 1 81
10592 9 8 27 40 61 54 104 25 93 75
10592 10 8 65 124 104 33 82 93 45 95
10592 11 8 97 78 34 51 55 81 73 114
10592 12 8 103 38 95 121 29 109 67 119
10592 13 8 89 127 102 52 70 25 105 57
10592 14 8 45 46 87 25 120 56 96 22
10592 15 8 27 46 113 76 42 126 57 97
10592 16 8 111 13 67 64 21 36 59 23
10592 17 8 91 23 92 36 35 26 25 66
10592 18 8 40 55 103 5 19 32 102 50
10592 19 8 55 97 90 122 111 67 124 117
10592 20 8 117 1 94 49 4 7 43 50
10592 21 8 27 40 61 121 75 29 30 72
10592 22 8 65 124 104 51 71 82 37 122
10592 23 8 34 51 55 97 73 91 42 81
10592 24 8 103 121 109 29 10 95 112 67
10592 25 8 89 62 127 7 12 70 120 105
10592 26 8 87 120 71 45 22 46 31 25
10592 27 8 46 27 126 113 110 42 54 97
10592 28 8 21 111 67 13 93 64 100 23
10592 29 8 91 32 92 36 54 81 23 100
10592 30 8 40 55 103 5 50 102 72 21
10592 31 8 55 90 97 0 117 7 122 111
10592 32 8 94 117 4 63 49 50 7 97
10592 33 8 40 27 61 106 54 39 38 121
10592 34 8 104 82 65 71 124 51 37 0
10592 35 8 51 55 34 73 68 94 92 81
10592 36 8 109 29 17 67 111 103 119 112
10592 37 8 89 127 12 70 120 7 104 124
10592 38 8 87 22 24 64 15 46 120 31
10592 39 8 27 46 113 126 37 66 54 11
10592 40 8 111 100 13 67 21 23 93 50
10592 41 8 92 91 100 58 81 23 54 30
10592 42 8 8 86 28 54 34 98 124 38
10592 43 8 54 105 86 16 80 51 40 110
10592 44 8 21 117 91 97 104 101 30 123
10592 45 8 100 56 14 108 76 48 1 26
10592 46 8 47 51 120 110 14 33 69 23
10592 47 8 114 24 26 14 110 21 121 126
1140 0 8 112 27 36 30 125 23 51 122
1140 1 8 38 36 20 104 59 57 101 66
1140 2 8 86 49 76 66 126 5 26 44
1140 3 8 43 45 70 92 95 44 122 121
1140 4 8 5 36 27 101 4 84 6 35
1140 5 8 14 96 48 87 115 85 10 57
1140 6 8 40 103 21 88 72 32 5 111
1140 7 8 55 90 117 97 0 122 103 19
1140 8 8 20 94 7 49 2 43 1 63
1140 9 8 27 40 75 79 11 54 61 51
1140 10 8 65 104 124 82 42 109 89 10
1140 11 8 78 42 51 34 92 81 55 97
1140 12 8 109 38 103 0 121 101 95 67
1140 13 8 57 41 12 109 123 89 25 105
1140 14 8 18 87 46 45 56 13 120 60
1140 15 8 27 20 126 76 113 21 107 54
1140 16 8 44 77 110 21 67 108 64 59
1140 17 8 64 0 91 63 23 26 65 71
1140 18 8 40 103 19 72 80 88 50 102
1140 19 8 90 97 55 0 117 124 122 64
1140 20 8 43 49 7 117 94 20 2 63
1140 21 8 40 27 61 79 75 112 30 54
1140 22 8 65 124 104 51 82 109 110 93
1140 23 8 97 51 42 55 92 1 78 73
1140 24 8 109 103 0 38 67 121 95 115
1140 25 8 57 123 109 89 41 62 12 7
1140 26 8 18 60 71 87 120 46 102 31
1140 27 8 27 20 126 46 76 54 113 107
1140 28 8 44 77 21 110 67 108 93 23
1140 29 8 91 0 63 64 32 36 65 26
1140 30 8 88 40 118 103 32 80 102 50
1140 31 8 97 90 117 103 0 34 55 98
1140 32 8 43 20 94 63 2 49 7 127
1140 33 8 79 117 40 41 112 104 106 61
1140 34 8 124 82 95 104 109 53 65 88
1140 35 8 42 92 55 97 37 73 51 78
1140 36 8 38 0 109 103 67 12 119 25
1140 37 8 57 123 109 41 12 62 16 76
1140 38 8 60 71 18 111 112 8 52 46
1140 39 8 20 76 35 126 107 27 60 95
1140 40 8 44 60 110 77 67 108 29 45
1140 41 8 36 46 64 54 15 65 122 85
1140 42 8 49 73 90 125 126 24 75 34
1140 43 8 49 12 121 19 40 125 47 9
1140 44 8 88 99 13 45 21 80 11 92
1140 45 8 17 84 112 58 46 100 47 76
1140 46 8 81 30 29 84 39 105 1 10
1140 47 8 127 31 111 52 11 15 121 95
2578 0 8 120 104 2 97 41 63 126 17
2578 1 8 107 123 53 86 34 3 20 76
2578 2 8 9 14 116 8 54 51 10 100
2578 3 8 89 25 38 13 105 16 59 39
2578 4 8 0 25 22 124 48 23 76 74
2578 5 8 125 34 126 80 82 107 102 13
2578 6 8 110 52 42 30 88 80 8 86
2578 7 8 50 34 87 98 110 60 51 31
2578 8 8 84 43 64 39 2 103 46 116
2578 9 8 117 94 110 104 22 118 127 9
2578 10 8 97 112 108 39 61 113 105 62
2578 11 8 61 9 49 98 86 78 122 71
2578 12 8 118 53 97 104 116 12 63 99
2578 13 8 44 16 75 21 95 64 12 6
2578 14 8 80 79 8 48 58 75 111 88
2578 15 8 38 60 76 35 95 18 126 10
2578 16 8 7 60 45 15 17 28 124 91
2578 17 8 72 52 15 99 122 54 46 85
2578 18 8 88 30 56 8 105 52 86 110
2578 19 8 34 50 98 87 49 60 9 3
2578 20 8 43 84 121 46 2 116 64 127
2578 21 8 117 9 110 94 104 112 118 5
2578 22 8 61 105 62 53 112 97 13 45
2578 23 8 61 49 24 37 122 89 0 86
2578 24 8 99 15 53 97 116 118 104 124
2578 25 8 21 95 6 16 28 44 75 15
2578 26 8 80 79 111 8 88 90 48 58
2578 27 8 76 60 35 10 95 56 18 87
2578 28 8 7 45 60 15 84 19 123 67
2578 29 8 85 15 52 103 117 91 53 116
2578 30 8 88 30 110 32 42 80 56 52
2578 31 8 34 50 97 60 98 87 103 117
2578 32 8 43 64 39 116 103 46 106 36
2578 33 8 117 94 112 104 22 127 118 102
2578 34 8 108 97 112 113 53 39 62 13
2578 35 8 37 86 98 122 8 78 0 89
2578 36 8 53 12 118 58 97 116 124 9
2578 37 8 75 44 21 16 76 95 10 24
2578 38 8 80 79 8 58 88 34 52 107
2578 39 8 35 60 76 95 56 18 78 71
2578 40 8 7 15 45 60 84 67 18 36
2578 41 8 85 52 15 117 46 106 103 113
2578 42 8 37 73 125 7 22 59 24 123
2578 43 8 49 12 19 43 40 127 112 20
2578 44 8 45 88 113 37 92 121 98 54
2578 45 8 112 17 58 46 84 100 63 119
2578 46 8 29 84 39 105 30 75 80 88
2578 47 8 52 111 35 95 108 6 59 71
387 0 8 16 97 126 118 18 53 111 89
387 1 8 107 34 86 123 116 3 20 76
387 2 8 14 9 87 7 54 10 127 67
387 3 8 76 38 105 25 100 85 46 59
387 4 8 23 0 48 124 22 74 86 89
387 5 8 126 34 80 107 82 45 102 22
387 6 8 110 42 52 30 88 80 119 44
387 7 8 60 87 34 98 110 50 51 56
387 8 8 64 39 43 103 46 123 106 2
387 9 8 94 22 127 118 107 117 1 38
387 10 8 97 23 108 112 66 42 39 6
387 11 8 9 86 37 98 115 23 107 52
387 12 8 53 71 1 118 25 97 109 12
387 13 8 44 75 95 21 20 73 43 1
387 14 8 80 8 73 79 58 75 34 82
387 15 8 60 95 38 35 76 88 111 18
387 16 8 40 7 45 60 15 19 58 17
387 17 8 52 53 117 15 75 116 103 73
387 18 8 110 120 52 30 42 36 25 88
387 19 8 60 87 98 51 50 34 31 110
387 20 8 64 124 46 36 2 123 43 3
387 21 8 94 117 22 64 107 118 69 127
387 22 8 112 108 97 80 113 66 39 74
387 23 8 37 86 8 122 0 98 4 65
387 24 8 53 116 97 104 118 1 111 12
387 25 8 95 75 21 44 73 16 20 76
387 26 8 8 80 58 79 111 88 34 39
387 27 8 95 60 35 76 56 18 10 8
387 28 8 40 45 7 60 84 19 15 41
387 29 8 53 85 117 52 103 116 97 15
387 30 8 110 30 42 80 52 86 32 88
387 31 8 60 34 98 87 97 56 51 9
387 32 8 64 43 39 103 46 106 36 116
387 33 8 94 117 22 127 112 118 104 102
387 34 8 108 97 112 80 113 62 13 39
387 35 8 86 37 98 8 122 0 115 107
387 36 8 53 32 12 116 97 118 9 58
387 37 8 75 44 65 21 10 95 76 77
387 38 8 80 8 58 79 34 88 111 39
387 39 8 56 95 76 35 60 18 6 61
387 40 8 40 7 45 15 60 18 84 4
387 41 8 53 117 85 52 106 103 15 18
387 42 8 73 37 59 22 125 123 74 7
387 43 8 81 49 43 112 127 4 20 40
387 44 8 54 37 80 45 121 92 81 98
387 45 8 84 112 80 46 63 20 100 94
387 46 8 82 124 44 84 105 39 75 80
387 47 8 90 34 95 32 35 27 52 117
279 0 8 106 57 66 127 103 47 71 110
279 1 8 48 123 116 9 3 86 76 113
279 2 8 90 122 14 87 7 9 100 69
279 3 8 76 26 38 105 39 25 112 37
279 4 8 63 0 48 118 77 22 23 86
279 5 8 105 126 51 80 102 107 34 81
279 6 8 110 42 52 30 88 80 85 86
279 7 8 60 34 98 26 110 50 51 95
279 8 8 64 39 103 43 106 35 46 69
279 9 8 22 94 127 117 107 1 118 32
279 10 8 80 108 23 97 112 66 122 6
279 11 8 109 86 9 98 37 52 115 102
279 12 8 53 12 32 125 116 118 25 29
279 13 8 44 66 75 113 21 52 20 95
279 14 8 105 8 16 58 88 73 34 75
279 15 8 38 95 35 76 88 90 18 60
279 16 8 40 119 12 45 43 4 19 65
279 17 8 2 66 35 75 53 116 117 52
279 18 8 110 120 30 52 88 42 86 25
279 19 8 60 98 9 34 50 31 26 97
279 20 8 124 64 43 46 123 36 39 106
279 21 8 117 94 32 22 118 64 69 112
279 22 8 80 108 66 112 97 122 113 62
279 23 8 109 86 8 37 4 0 122 98
279 24 8 116 104 53 111 124 32 97 118
279 25 8 66 21 75 44 95 113 20 73
279 26 8 105 8 16 58 88 111 39 96
279 27 8 95 76 35 90 56 18 4 6
279 28 8 12 119 45 40 84 43 4 19
279 29 8 2 66 35 91 116 85 53 103
279 30 8 110 30 32 80 86 40 42 74
279 31 8 60 97 34 98 9 117 103 56
279 32 8 43 64 39 46 15 127 103 116
279 33 8 117 32 112 22 94 104 127 118
279 34 8 80 2 108 97 13 112 66 113
279 35 8 109 86 37 8 98 122 0 115
279 36 8 32 116 12 124 58 97 104 53
279 37 8 66 65 113 44 10 75 95 77
279 38 8 105 16 8 58 88 111 96 39
279 39 8 56 35 95 76 98 4 3 6
279 40 8 12 119 43 4 84 18 40 67
279 41 8 66 2 35 117 106 103 126 91
279 42 8 18 102 27 73 22 93 123 54
279 43 8 29 6 87 20 40 112 65 81
279 44 8 48 20 121 81 68 98 72 92
279 45 8 84 80 70 100 58 20 111 123
279 46 8 115 75 8 44 98 80 47 114
279 47 8 36 120 66 47 88 123 59 26
1616 0 8 12 87 118 41 2 73 51 80
1616 1 8 48 58 116 95 23 16 83 29
1616 2 8 9 122 86 8 59 117 68 54
1616 3 8 26 76 59 38 112 62 1 10
1616 4 8 77 22 124 0 105 86 48 102
1616 5 8 126 102 78 82 80 111 30 24
1616 6 8 110 42 30 52 80 88 13 10
1616 7 8 34 98 60 26 110 50 51 31
1616 8 8 39 43 124 103 46 106 15 33
1616 9 8 22 32 118 117 127 1 102 8
1616 10 8 108 80 97 122 2 112 64 74
1616 11 8 9 98 86 37 16 65 8 115
1616 12 8 32 25 108 12 118 116 124 53
1616 13 8 95 44 75 117 102 20 52 18
1616 14 8 8 47 16 101 34 75 61 24
1616 15 8 90 38 95 35 122 76 55 18
1616 16 8 45 40 18 6 29 110 77 65
1616 17 8 85 106 75 93 103 65 122 52
1616 18 8 110 30 52 42 64 120 79 91
1616 19 8 98 34 60 31 26 51 9 110
1616 20 8 118 124 64 5 46 15 43 103
1616 21 8 32 117 22 94 118 127 69 33
1616 22 8 122 108 80 97 112 66 42 113
1616 23 8 86 8 16 65 4 37 76 33
1616 24 8 53 116 97 108 124 12 42 32
1616 25 8 95 73 44 21 75 20 102 84
1616 26 8 8 47 18 16 101 88 111 58
1616 27 8 90 95 35 76 11 18 122 77
1616 28 8 45 6 77 29 15 110 84 4
1616 29 8 85 115 0 106 65 53 13 103
1616 30 8 110 30 86 42 52 80 56 9
1616 31 8 34 60 98 26 56 110 51 9
1616 32 8 43 124 116 27 64 46 5 39
1616 33 8 32 117 22 118 52 127 112 64
1616 34 8 80 112 2 109 95 97 108 62
1616 35 8 16 8 37 98 86 33 0 79
1616 36 8 32 124 97 38 116 58 12 53
1616 37 8 95 123 109 10 41 24 77 75
1616 38 8 111 47 18 101 34 8 75 88
1616 39 8 90 35 77 20 76 95 18 98
1616 40 8 45 6 4 29 65 77 18 110
1616 41 8 85 115 0 65 11 106 18 64
1616 42 8 66 8 126 59 55 73 36 31
1616 43 8 47 121 125 74 80 27 16 2
1616 44 8 113 110 80 73 13 5 37 11
1616 45 8 86 47 76 87 84 5 83 100
1616 46 8 45 1 96 84 74 10 44 103
1616 47 8 127 11 31 90 54 114 121 15
311 0 8 11 93 81 84 31 70 120 61
311 1 8 19 83 123 116 113 62 23 48
311 2 8 117 9 86 116 10 51 69 66
311 3 8 76 10 91 26 59 105 112 12
311 4 8 91 0 22 77 105 124 111 20
311 5 8 126 102 34 111 78 80 107 24
311 6 8 110 52 42 30 80 79 13 10
311 7 8 34 72 98 26 110 60 45 44
311 8 8 28 39 43 123 51 46 53 83
311 9 8 47 107 38 125 124 6 92 44
311 10 8 66 21 112 122 8 94 74 126
311 11 8 51 37 13 127 99 9 47 58
311 12 8 34 21 29 116 124 119 50 115
311 13 8 65 99 127 89 121 107 40 115
311 14 8 118 51 80 28 56 52 16 88
311 15 8 4 76 116 113 35 57 125 22
311 16 8 67 15 36 121 21 126 100 101
311 17 8 91 113 52 23 15 86 43 45
311 18 8 40 19 32 108 72 102 59 50
311 19 8 97 90 103 122 111 27 117 124
311 20 8 117 49 55 63 93 120 1 7
311 21 8 27 61 30 93 72 121 88 78
311 22 8 65 83 44 104 93 72 122 37
311 23 8 67 91 34 126 51 80 64 58
311 24 8 124 115 95 121 82 29 119 111
311 25 8 99 7 89 70 104 115 22 25
311 26 8 56 120 45 25 118 80 112 7
311 27 8 113 78 42 76 114 53 62 97
311 28 8 67 21 126 59 15 36 121 7
311 29 8 91 72 113 32 52 71 43 31
311 30 8 40 32 19 72 102 45 47 69
311 31 8 117 97 90 103 124 69 72 111
311 32 8 117 49 120 63 9 55 43 93
311 33 8 27 61 93 72 54 30 78 77
311 34 8 104 65 125 37 101 66 74 88
311 35 8 4 126 58 34 13 71 36 51
311 36 8 92 124 119 69 118 111 121 47
311 37 8 20 119 7 75 77 115 70 104
311 38 8 27 80 101 112 121 88 79 105
311 39 8 35 76 90 60 13 113 78 123
311 40 8 15 7 45 84 67 121 11 4
311 41 8 45 85 52 15 17 106 71 113
311 42 8 7 65 74 21 37 36 55 22
311 43 8 43 19 40 27 20 127 112 12
311 44 8 113 45 37 88 92 21 98 18
311 45 8 84 46 112 17 100 63 58 45
311 46 8 29 84 39 105 30 75 38 88
311 47 8 52 108 35 95 111 6 59 71
728 0 8 126 62 97 80 29 21 111 51
728 1 8 123 116 76 78 60 23 7 25
728 2 8 9 69 68 119 51 15 54 7
728 3 8 59 76 62 12 91 121 1 10
728 4 8 22 77 105 116 0 48 39 102
728 5 8 126 78 80 30 48 102 97 58
728 6 8 110 79 30 80 52 42 10 85
728 7 8 34 98 87 110 31 26 9 16
728 8 8 27 43 46 39 118 15 106 3
728 9 8 22 52 118 117 127 8 94 102
728 10 8 108 97 39 62 112 74 122 80
728 11 8 98 16 86 76 71 115 127 122
728 12 8 116 108 12 32 111 124 38 97
728 13 8 95 24 119 75 102 10 44 123
728 14 8 18 101 62 8 88 73 75 34
728 15 8 38 76 35 122 90 95 20 98
728 16 8 77 45 29 123 70 18 19 21
728 17 8 0 65 49 85 75 103 91 99
728 18 8 110 30 56 80 79 52 42 83
728 19 8 34 97 98 9 31 87 60 104
728 20 8 43 118 27 116 46 3 124 24
728 21 8 117 112 118 59 111 114 54 68
728 22 8 122 42 112 62 53 97 0 39
728 23 8 37 76 16 122 8 127 65 89
728 24 8 111 38 116 97 34 115 119 108
728 25 8 109 123 119 95 24 99 25 73
728 26 8 18 90 111 88 8 62 81 97
728 27 8 76 20 10 14 48 35 16 122
728 28 8 77 44 29 84 19 45 93 123
728 29 8 65 0 91 63 103 116 49 85
728 30 8 30 32 56 80 88 118 72 74
728 31 8 97 34 98 3 19 60 16 117
728 32 8 43 27 116 127 118 42 68 17
728 33 8 117 112 41 104 32 114 111 68
728 34 8 95 13 53 112 113 39 33 42
728 35 8 37 16 97 127 8 122 71 89
728 36 8 38 116 119 97 58 111 124 74
728 37 8 95 109 123 24 102 119 10 49
728 38 8 111 18 62 101 22 82 88 47
728 39 8 20 76 107 90 35 61 6 77
728 40 8 77 29 44 123 108 84 23 65
728 41 8 85 65 49 63 0 84 18 115
728 42 8 8 28 20 75 126 66 55 24
728 43 8 121 47 2 74 20 27 16 80
728 44 8 110 80 13 113 11 98 92 121
728 45 8 47 83 100 5 84 87 7 76
728 46 8 1 45 10 96 123 74 84 37
728 47 8 11 127 31 12 82 90 44 7
13 0 8 65 43 98 73 45 114 44 72
13 1 8 18 94 38 26 127 10 43 119
13 2 8 84 88 93 38 57 40 47 127
13 3 8 6 2 31 16 89 124 41 76
13 4 8 124 106 76 115 85 48 44 40
13 5 8 61 125 66 126 8 22 13 64
13 6 8 83 105 8 30 52 80 110 56
13 7 8 49 34 112 9 117 71 98 97
13 8 8 84 121 116 43 65 46 2 103
13 9 8 9 117 110 104 54 112 52 118
13 10 8 105 61 53 56 39 112 30 97
13 11 8 49 61 24 127 125 122 37 7
13 12 8 99 15 96 104 116 97 63 56
13 13 8 6 28 15 25 23 73 64 12
13 14 8 90 48 20 17 88 104 107 111
13 15 8 85 10 101 76 123 70 103 38
13 16 8 124 73 8 39 17 45 58 67
13 17 8 69 19 42 21 91 48 71 23
13 18 8 8 105 83 80 30 56 40 34
13 19 8 49 34 112 71 9 3 0 97
13 20 8 84 121 43 116 65 46 63 127
13 21 8 117 9 110 125 54 112 75 27
13 22 8 105 53 61 56 13 65 112 104
13 23 8 61 49 24 23 125 37 122 89
13 24 8 99 15 96 56 116 97 115 104
13 25 8 6 58 15 28 23 25 64 73
13 26 8 20 17 90 48 88 100 86 104
13 27 8 85 101 10 76 70 103 123 23
13 28 8 124 8 81 73 45 39 65 67
13 29 8 19 42 21 69 48 91 1 71
13 30 8 105 83 80 56 30 8 32 52
13 31 8 112 49 34 97 117 98 103 9
13 32 8 65 121 43 84 116 46 127 63
13 33 8 125 117 9 110 104 112 59 68
13 34 8 56 105 61 53 112 78 39 13
13 35 8 61 24 23 125 49 37 127 122
13 36 8 99 15 96 97 56 9 74 116
13 37 8 58 15 25 28 6 23 115 73
13 38 8 17 20 48 90 86 107 112 8
13 39 8 101 103 85 10 76 23 70 61
13 40 8 73 124 8 45 17 81 67 65
13 41 8 42 48 69 19 21 91 71 113
13 42 8 64 31 114 32 54 36 34 7
13 43 8 77 40 88 117 20 9 78 89
13 44 8 53 73 90 0 18 98 121 21
13 45 8 100 84 94 101 1 2 27 103
13 46 8 11 38 34 84 47 75 103 97
13 47 8 105 57 73 20 126 109 86 9
576 0 8 50 106 57 21 103 110 14 34
576 1 8 6 3 9 95 48 37 42 33
576 2 8 122 90 84 93 92 100 127 70
576 3 8 39 2 4 16 114 64 85 71
576 4 8 50 56 63 48 23 124 100 53
576 5 8 47 51 105 68 22 107 82 85
576 6 8 80 52 30 110 8 42 108 112
576 7 8 60 117 97 98 95 31 75 9
576 8 8 36 43 109 63 49 7 46 99
576 9 8 65 32 45 117 112 27 54 114
576 10 8 123 23 83 113 108 39 104 80
576 11 8 109 67 98 69 127 9 37 39
576 12 8 104 114 97 95 74 9 116 52
576 13 8 98 66 21 23 76 64 119 82
576 14 8 90 16 105 88 118 8 79 10
576 15 8 72 103 76 4 61 35 23 56
576 16 8 119 124 55 12 67 60 21 15
576 17 8 2 91 35 66 48 20 69 71
576 18 8 40 32 86 19 30 72 50 27
576 19 8 97 90 60 95 103 117 34 124
576 20 8 117 43 36 49 63 109 55 107
576 21 8 27 45 117 112 61 32 65 38
576 22 8 65 123 104 101 83 66 113 73
576 23 8 109 89 67 127 47 126 34 0
576 24 8 104 114 115 9 52 124 95 121
576 25 8 66 98 21 64 23 113 82 16
576 26 8 105 16 90 118 25 88 112 10
576 27 8 72 103 76 4 113 61 23 35
576 28 8 119 67 12 21 55 124 36 59
576 29 8 91 2 35 71 113 66 32 116
576 30 8 40 32 19 59 102 80 72 30
576 31 8 117 97 90 103 0 60 95 111
576 32 8 117 43 109 63 49 36 7 93
576 33 8 32 27 45 117 112 61 65 54
576 34 8 104 123 65 88 66 53 113 101
576 35 8 109 122 89 67 126 127 0 34
576 36 8 114 95 9 119 74 104 121 120
576 37 8 66 82 98 113 23 115 55 70
576 38 8 105 90 16 8 112 118 88 25
576 39 8 72 4 76 113 115 103 123 104
576 40 8 119 12 67 59 36 43 55 21
576 41 8 2 66 91 35 71 20 113 23
576 42 8 27 93 102 18 54 34 103 46
576 43 8 29 40 9 105 20 89 54 117
576 44 8 48 21 18 68 36 91 106 20
576 45 8 100 56 84 1 111 14 125 66
576 46 8 47 8 114 91 44 6 115 31
576 47 8 36 120 126 47 123 66 88 59
10997 0 8 36 23 112 105 125 28 77 67
10997 1 8 48 16 71 90 68 45 59 88
10997 2 8 76 66 126 26 96 23 44 5
10997 3 8 43 70 24 92 44 112 95 79
10997 4 8 50 36 5 21 27 35 84 4
10997 5 8 115 87 57 85 10 14 92 0
10997 6 8 40 118 103 32 21 72 80 111
10997 7 8 90 55 117 0 97 122 105 103
10997 8 8 7 49 20 63 43 94 117 119
10997 9 8 40 27 32 54 93 25 29 75
10997 10 8 104 65 124 88 13 82 93 103
10997 11 8 42 51 88 78 34 80 122 126
10997 12 8 103 114 0 101 26 82 95 10
10997 13 8 57 70 41 1 89 109 12 7
10997 14 8 46 16 120 56 45 60 25 102
10997 15 8 79 20 27 126 113 42 111 46
10997 16 8 60 110 67 77 21 108 44 120
10997 17 8 46 91 64 23 0 31 25 54
10997 18 8 40 19 5 103 32 72 50 47
10997 19 8 90 55 97 0 23 124 122 105
10997 20 8 49 7 117 20 93 63 94 43
10997 21 8 27 30 40 121 61 93 75 32
10997 22 8 65 104 124 93 44 109 88 127
10997 23 8 42 97 34 73 64 51 91 55
10997 24 8 0 103 101 95 25 114 82 67
10997 25 8 89 18 57 41 70 62 1 7
10997 26 8 71 120 16 60 56 45 46 102
10997 27 8 46 113 111 42 20 27 126 76
10997 28 8 60 67 110 108 44 59 21 109
10997 29 8 91 46 52 71 15 23 113 36
10997 30 8 40 59 118 72 32 102 103 19
10997 31 8 90 117 97 0 55 50 105 85
10997 32 8 20 43 49 63 7 94 117 93
10997 33 8 40 61 112 32 54 27 30 72
10997 34 8 104 65 23 124 109 127 88 82
10997 35 8 42 9 89 22 64 126 97 51
10997 36 8 0 25 119 103 95 26 12 52
10997 37 8 16 57 18 41 76 70 62 115
10997 38 8 60 71 80 112 25 46 52 102
10997 39 8 60 76 113 35 20 126 46 78
10997 40 8 67 60 15 110 59 55 44 108
10997 41 8 36 46 52 15 91 122 113 71
10997 42 8 49 125 7 90 54 34 103 46
10997 43 8 19 40 12 9 49 105 125 43
10997 44 8 21 45 88 18 99 11 13 23
10997 45 8 112 84 46 17 100 56 58 76
10997 46 8 29 81 30 47 39 105 84 75
10997 47 8 52 111 95 35 127 126 59 121
1035 0 8 120 104 2 97 111 51 63 83
1035 1 8 107 123 86 20 53 3 104 34
1035 2 8 9 14 116 100 10 66 51 47
1035 3 8 89 25 13 38 105 39 16 43
1035 4 8 0 23 25 124 48 22 74 56
1035 5 8 80 82 34 107 47 126 70 122
1035 6 8 30 80 42 86 52 8 110 111
1035 7 8 34 87 50 60 117 98 103 63
1035 8 8 43 64 36 15 39 109 63 103
1035 9 8 117 45 94 32 112 54 111 106
1035 10 8 83 97 65 113 127 101 108 14
1035 11 8 122 67 9 86 98 8 79 127
1035 12 8 53 26 104 124 118 97 52 95
1035 13 8 44 21 75 98 16 64 2 63
1035 14 8 80 79 73 118 90 58 28 88
1035 15 8 60 76 35 23 113 126 111 79
1035 16 8 60 15 7 67 45 11 59 91
1035 17 8 15 52 91 122 53 72 97 71
1035 18 8 40 30 86 19 8 80 9 32
1035 19 8 87 50 90 97 60 34 117 103
1035 20 8 43 64 36 7 15 117 39 63
1035 21 8 45 94 117 112 27 54 43 61
1035 22 8 65 97 101 83 113 14 104 53
1035 23 8 89 86 122 127 47 8 65 67
1035 24 8 53 124 104 52 9 115 95 118
1035 25 8 44 21 75 64 98 16 107 79
1035 26 8 80 118 79 28 58 112 90 62
1035 27 8 60 4 76 113 35 23 61 10
1035 28 8 67 60 15 7 59 11 21 36
1035 29 8 91 52 15 113 71 97 53 32
1035 30 8 40 32 19 59 102 72 50 80
1035 31 8 90 117 87 97 103 0 105 34
1035 32 8 43 117 63 49 64 39 7 93
1035 33 8 94 112 61 51 45 27 54 72
1035 34 8 104 101 65 83 53 97 74 35
1035 35 8 122 67 126 86 89 64 34 0
1035 36 8 53 124 119 58 95 9 115 118
1035 37 8 44 75 21 115 16 70 64 98
1035 38 8 80 112 79 25 36 58 52 120
1035 39 8 60 76 113 35 78 61 62 23
1035 40 8 7 67 15 60 59 11 36 84
1035 41 8 52 91 15 46 71 113 117 23
1035 42 8 7 37 125 54 34 46 73 103
1035 43 8 40 19 12 9 49 105 51 43
1035 44 8 21 45 88 18 36 113 0 97
1035 45 8 112 17 84 46 100 56 58 1
1035 46 8 29 47 105 39 30 84 88 75
1035 47 8 52 35 108 95 111 59 126 6
2415 0 8 62 36 124 3 112 29 111 126
2415 1 8 78 107 123 86 76 91 105 71
2415 2 8 66 119 69 44 126 26 62 14
2415 3 8 7 26 105 16 43 11 44 1
2415 4 8 36 39 91 0 74 21 4 84
2415 5 8 80 70 56 92 47 111 102 27
2415 6 8 40 80 32 113 21 86 102 70
2415 7 8 117 87 103 0 90 122 97 30
2415 8 8 7 24 51 49 43 63 39 93
2415 9 8 51 94 101 27 54 112 61 93
2415 10 8 83 104 65 101 14 97 120 93
2415 11 8 87 10 47 71 86 68 110 79
2415 12 8 124 53 95 101 115 120 106 82
2415 13 8 24 44 121 70 75 64 49 99
2415 14 8 28 62 118 45 27 26 96 56
2415 15 8 115 113 46 4 76 112 87 42
2415 16 8 20 123 67 60 21 59 121 64
2415 17 8 97 84 14 23 91 54 31 20
2415 18 8 40 9 113 19 59 32 102 27
2415 19 8 90 87 97 85 0 105 103 117
2415 20 8 24 51 7 49 63 93 2 28
2415 21 8 27 30 48 75 43 51 94 93
2415 22 8 104 14 65 49 101 93 37 44
2415 23 8 87 10 34 71 68 47 110 58
2415 24 8 101 120 124 115 82 69 68 95
2415 25 8 24 121 107 44 55 49 70 64
2415 26 8 62 118 25 45 28 56 120 26
2415 27 8 115 46 42 113 112 4 47 62
2415 28 8 20 67 123 59 121 36 21 126
2415 29 8 91 84 97 31 71 14 23 113
2415 30 8 40 32 113 59 102 19 98 47
2415 31 8 90 117 97 105 0 85 103 87
2415 32 8 24 93 49 63 51 7 31 117
2415 33 8 30 27 29 93 48 61 72 54
2415 34 8 104 14 101 120 65 49 83 93
2415 35 8 87 10 71 126 34 47 88 68
2415 36 8 120 124 119 82 101 115 60 95
2415 37 8 49 24 121 107 55 70 7 44
2415 38 8 62 118 25 112 28 120 45 96
2415 39 8 115 113 47 98 4 42 62 53
2415 40 8 123 20 67 121 59 36 21 64
2415 41 8 91 84 97 14 71 23 113 31
2415 42 8 65 28 103 54 101 46 29 93
2415 43 8 105 40 4 54 9 2 20 86
2415 44 8 21 71 36 18 13 106 68 91
2415 45 8 100 103 11 14 125 56 1 84
2415 46 8 47 67 45 8 114 91 6 83
2415 47 8 34 126 117 54 59 32 26 24
6894 0 8 36 112 12 124 23 3 95 125
6894 1 8 117 90 105 59 29 68 85 71
6894 2 8 66 76 115 96 26 28 59 126
6894 3 8 92 43 44 70 77 40 24 50
6894 4 8 36 27 5 84 21 35 4 10
6894 5 8 10 87 115 14 48 92 54 85
6894 6 8 40 118 32 72 113 21 98 102
6894 7 8 55 90 117 103 0 97 124 23
6894 8 8 20 7 93 49 63 14 34 1
6894 9 8 30 27 51 75 40 93 29 41
6894 10 8 104 70 111 49 110 109 93 38
6894 11 8 42 88 64 34 126 116 97 15
6894 12 8 101 0 82 37 115 103 19 10
6894 13 8 36 85 57 70 84 41 99 48
6894 14 8 46 45 25 60 120 56 94 29
6894 15 8 54 113 20 46 42 47 27 111
6894 16 8 110 67 120 27 46 64 21 77
6894 17 8 54 23 91 64 0 63 31 36
6894 18 8 40 5 32 113 21 102 19 69
6894 19 8 55 90 97 105 0 103 117 122
6894 20 8 7 1 49 20 93 117 63 55
6894 21 8 30 27 75 121 29 93 72 40
6894 22 8 111 49 104 109 70 93 44 47
6894 23 8 64 42 34 91 88 65 22 73
6894 24 8 101 19 0 103 10 82 37 121
6894 25 8 36 57 22 89 41 7 62 94
6894 26 8 45 25 56 120 46 60 36 106
6894 27 8 46 42 54 113 19 37 47 20
6894 28 8 110 67 27 108 44 46 64 21
6894 29 8 91 54 64 23 63 31 32 0
6894 30 8 40 5 32 113 118 59 47 98
6894 31 8 55 90 97 117 0 105 2 118
6894 32 8 93 20 49 31 7 117 63 55
6894 33 8 30 27 40 61 29 93 75 121
6894 34 8 70 111 104 127 110 109 49 89
6894 35 8 64 42 116 22 88 34 126 65
6894 36 8 101 0 19 25 82 55 119 115
6894 37 8 36 57 70 7 41 85 63 18
6894 38 8 60 46 25 112 71 45 36 29
6894 39 8 113 107 20 54 46 53 76 90
6894 40 8 29 110 67 77 44 108 59 6
6894 41 8 84 91 63 54 0 64 115 65
6894 42 8 25 8 90 49 46 34 20 54
6894 43 8 40 125 20 86 47 51 9 100
6894 44 8 21 110 117 33 18 91 11 84
6894 45 8 47 86 76 100 83 56 84 108
6894 46 8 45 47 96 10 123 74 4 43
6894 47 8 11 14 54 31 12 121 127 114
311 0 8 11 120 0 81 93 61 31 84
311 1 8 19 83 123 41 105 66 124 73
311 2 8 66 69 116 117 96 15 68 44
311 3 8 91 26 89 44 1 10 11 43
311 4 8 91 39 36 0 4 79 111 74
311 5 8 111 70 80 102 27 85 54 117
311 6 8 40 19 113 32 59 13 21 102
311 7 8 72 103 117 0 90 97 30 105
311 8 8 27 28 7 49 93 63 51 39
311 9 8 51 101 48 30 43 27 105 93
311 10 8 104 14 101 83 70 49 65 90
311 11 8 10 58 47 71 86 15 110 126
311 12 8 69 124 47 120 115 82 37 88
311 13 8 121 85 70 36 55 80 99 107
311 14 8 27 10 118 28 45 19 120 56
311 15 8 115 113 4 112 47 79 88 97
311 16 8 121 20 67 21 120 32 64 59
311 17 8 97 14 23 91 25 126 67 31
311 18 8 40 19 32 113 102 98 27 69
311 19 8 90 72 97 0 85 105 124 117
311 20 8 7 28 49 93 55 63 117 51
311 21 8 30 27 48 29 93 61 75 72
311 22 8 14 104 65 49 70 44 101 0
311 23 8 58 34 10 91 13 110 47 87
311 24 8 69 120 47 124 82 95 115 7
311 25 8 121 107 22 85 7 55 36 24
311 26 8 27 56 45 118 120 25 28 96
311 27 8 115 113 112 42 97 47 4 62
311 28 8 67 21 121 20 59 120 126 31
311 29 8 91 97 31 23 14 71 113 126
311 30 8 40 32 102 21 113 59 72 69
311 31 8 90 97 0 72 117 105 85 124
311 32 8 63 93 49 28 31 7 117 55
311 33 8 30 29 61 27 93 54 48 72
311 34 8 104 14 65 49 101 93 83 22
311 35 8 58 34 13 126 10 47 88 71
311 36 8 69 82 120 119 60 124 47 115
311 37 8 85 121 70 107 7 55 80 99
311 38 8 118 25 10 28 112 96 120 45
311 39 8 115 113 47 62 4 112 42 53
311 40 8 121 67 59 20 21 36 47 4
311 41 8 91 45 97 14 71 23 113 61
311 42 8 65 54 46 21 103 34 101 93
311 43 8 105 40 9 4 54 117 86 20
311 44 8 21 71 36 18 106 91 68 55
311 45 8 100 14 56 103 11 84 125 124
311 46 8 47 67 8 44 114 91 40 6
311 47 8 34 117 126 55 59 36 99 32
862 0 8 17 106 103 71 34 47 14 51
862 1 8 9 3 77 75 123 91 105 66
862 2 8 100 90 122 68 69 66 7 10
862 3 8 91 26 73 10 44 21 41 29
862 4 8 63 36 23 105 38 4 39 111
862 5 8 105 107 70 111 27 117 85 96
862 6 8 40 19 32 13 79 59 72 21
862 7 8 2 103 117 97 90 72 0 124
862 8 8 28 49 93 64 63 14 27 7
862 9 8 48 30 51 27 101 105 44 72
862 10 8 49 101 104 70 23 22 86 103
862 11 8 109 47 10 88 58 65 91 106
862 12 8 68 120 125 69 26 59 124 47
862 13 8 113 66 55 2 85 36 42 99
862 14 8 118 105 56 96 25 10 120 45
862 15 8 4 115 113 47 46 53 104 62
862 16 8 119 11 67 43 58 51 120 121
862 17 8 35 2 91 20 115 23 49 126
862 18 8 40 19 32 111 99 102 108 55
862 19 8 2 97 90 72 85 105 122 27
862 20 8 55 93 49 28 7 117 64 63
862 21 8 27 30 48 29 72 61 77 121
862 22 8 49 104 14 111 70 65 44 22
862 23 8 109 47 64 91 81 34 88 50
862 24 8 124 120 68 69 82 125 59 47
862 25 8 113 66 107 55 7 85 2 36
862 26 8 105 56 45 118 96 36 25 120
862 27 8 115 113 42 47 4 90 97 62
862 28 8 119 11 67 21 120 126 59 31
862 29 8 91 35 2 113 31 115 23 32
862 30 8 40 32 102 21 113 59 19 115
862 31 8 90 2 97 0 124 105 27 117
862 32 8 93 55 63 31 49 117 28 64
862 33 8 29 61 30 27 93 72 54 77
862 34 8 104 49 65 101 14 103 35 110
862 35 8 109 64 126 34 47 88 10 79
862 36 8 26 82 125 60 119 68 120 95
862 37 8 66 113 2 70 99 7 85 107
862 38 8 105 118 25 96 112 120 45 10
862 39 8 113 115 47 4 62 53 42 104
862 40 8 119 67 59 11 21 51 47 43
862 41 8 91 35 2 71 23 66 113 126
862 42 8 102 98 27 46 93 34 103 54
862 43 8 91 105 40 9 29 54 86 117
862 44 8 21 36 48 18 68 106 91 123
862 45 8 56 103 100 14 11 84 66 1
862 46 8 47 8 114 85 44 91 6 115
862 47 8 36 126 120 59 47 66 123 26
7798 0 8 36 112 23 125 30 95 28 124
7798 1 8 77 59 29 16 68 90 85 37
7798 2 8 96 76 115 44 66 126 5 36
7798 3 8 43 70 92 91 44 50 41 106
7798 4 8 38 36 27 5 21 125 10 84
7798 5 8 14 10 87 85 48 115 27 50
7798 6 8 40 111 32 72 21 102 5 103
7798 7 8 90 55 97 103 0 117 122 111
7798 8 8 20 1 81 49 63 29 10 96
7798 9 8 27 30 51 40 41 61 79 29
7798 10 8 70 109 104 111 65 93 22 106
7798 11 8 42 91 64 80 34 97 88 78
7798 12 8 101 0 86 10 38 103 82 121
7798 13 8 57 36 70 85 41 48 89 123
7798 14 8 56 120 45 18 46 25 13 60
7798 15 8 97 113 20 19 51 46 126 107
7798 16 8 110 21 28 120 77 67 31 46
7798 17 8 91 23 0 64 63 25 54 36
7798 18 8 5 40 111 72 19 47 32 102
7798 19 8 90 55 97 0 122 67 23 111
7798 20 8 1 49 20 63 7 55 117 93
7798 21 8 27 30 61 40 29 121 93 75
7798 22 8 111 109 65 70 110 104 49 17
7798 23 8 64 42 34 106 91 97 80 73
7798 24 8 0 103 10 38 86 121 82 101
7798 25 8 57 41 123 109 70 62 36 89
7798 26 8 60 120 18 71 56 45 25 22
7798 27 8 46 20 126 113 51 37 97 107
7798 28 8 44 110 21 67 28 77 59 108
7798 29 8 91 0 64 36 63 71 23 113
7798 30 8 40 118 5 32 72 59 102 19
7798 31 8 90 55 97 117 0 103 92 85
7798 32 8 20 63 49 93 43 15 97 1
7798 33 8 30 40 29 61 27 54 41 93
7798 34 8 70 109 65 104 111 124 22 110
7798 35 8 64 42 97 126 34 73 46 22
7798 36 8 0 38 103 25 82 121 119 101
7798 37 8 57 36 123 41 109 70 62 18
7798 38 8 18 60 46 112 25 71 47 111
7798 39 8 107 20 113 90 76 53 51 57
7798 40 8 77 67 44 110 29 59 108 84
7798 41 8 0 64 63 65 122 91 113 71
7798 42 8 25 49 126 90 59 46 34 55
7798 43 8 125 47 40 8 9 49 121 80
7798 44 8 110 21 11 80 18 84 49 92
7798 45 8 83 100 47 76 84 5 56 7
7798 46 8 47 1 10 123 45 124 82 71
7798 47 8 11 31 127 14 90 121 82 15
304 0 8 69 120 107 31 0 93 61 92
304 1 8 60 83 77 66 103 37 2 105
304 2 8 116 68 66 123 117 67 126 44
304 3 8 106 10 89 43 122 44 91 12
304 4 8 111 102 38 79 91 36 10 4
304 5 8 111 70 27 54 85 14 117 122
304 6 8 40 32 19 59 14 2 27 72
304 7 8 72 103 97 90 117 111 85 122
304 8 8 49 27 28 93 43 63 107 120
304 9 8 105 43 27 30 61 93 101 51
304 10 8 22 101 65 70 14 23 104 123
304 11 8 13 58 79 91 10 64 106 86
304 12 8 69 60 120 29 124 109 115 47
304 13 8 79 121 36 55 85 95 70 64
304 14 8 84 118 28 101 25 56 22 120
304 15 8 34 100 113 4 115 90 61 47
304 16 8 121 20 67 21 43 91 36 59
304 17 8 30 45 97 91 14 23 72 113
304 18 8 40 14 19 9 72 13 32 86
304 19 8 72 90 97 103 117 85 67 23
304 20 8 28 27 49 55 99 93 63 7
304 21 8 105 30 43 27 72 48 61 106
304 22 8 14 22 104 65 111 40 70 49
304 23 8 13 47 58 79 64 126 10 36
304 24 8 69 120 124 60 115 68 121 109
304 25 8 55 79 121 85 7 36 70 107
304 26 8 101 84 28 118 25 112 45 13
304 27 8 34 100 4 113 115 62 46 42
304 28 8 67 121 20 59 21 126 36 84
304 29 8 30 91 97 45 71 113 32 13
304 30 8 40 32 102 59 19 72 13 21
304 31 8 72 90 97 117 0 92 103 85
304 32 8 28 49 27 63 43 99 15 7
304 33 8 105 43 61 30 27 54 48 72
304 34 8 14 22 65 40 104 13 123 101
304 35 8 13 58 79 126 47 10 94 46
304 36 8 69 120 68 104 121 60 30 36
304 37 8 79 55 107 85 121 99 70 7
304 38 8 101 118 84 28 25 112 82 120
304 39 8 34 113 115 100 4 57 76 123
304 40 8 121 20 67 59 36 21 84 126
304 41 8 30 45 97 91 14 71 113 28
304 42 8 119 101 54 46 55 34 65 103
304 43 8 40 4 117 20 9 54 65 51
304 44 8 21 71 68 36 92 18 54 91
304 45 8 100 56 93 121 84 1 34 31
304 46 8 47 67 110 13 99 18 26 107
304 47 8 55 34 117 79 28 126 7 61
279 0 8 106 57 101 127 110 103 71 123
279 1 8 48 77 60 37 46 62 39 103
279 2 8 90 68 92 126 66 122 123 70
279 3 8 106 10 43 12 44 39 109 95
279 4 8 111 102 63 38 95 110 23 52
279 5 8 51 85 105 111 27 35 12 8
279 6 8 32 40 72 102 111 59 21 66
279 7 8 97 117 72 90 111 85 103 105
279 8 8 28 49 1 117 50 43 107 63
279 9 8 27 105 32 61 106 14 39 38
279 10 8 65 0 104 22 106 17 103 14
279 11 8 109 13 94 91 51 58 10 75
279 12 8 69 60 120 29 121 95 119 125
279 13 8 66 99 113 89 127 55 52 115
279 14 8 118 16 56 105 25 84 22 120
279 15 8 34 113 4 115 100 57 76 51
279 16 8 119 67 12 21 36 64 59 28
279 17 8 91 35 2 30 23 113 66 54
279 18 8 40 19 108 72 32 50 102 5
279 19 8 97 90 111 103 122 124 117 43
279 20 8 117 55 49 1 7 81 50 28
279 21 8 27 61 30 93 121 105 72 88
279 22 8 65 104 44 125 37 83 66 51
279 23 8 91 34 109 67 51 64 126 94
279 24 8 10 121 95 29 124 44 20 115
279 25 8 7 99 89 66 27 70 105 115
279 26 8 120 56 25 45 105 16 36 112
279 27 8 42 113 78 34 97 115 100 114
279 28 8 67 119 21 12 126 31 93 64
279 29 8 91 32 72 113 71 35 90 30
279 30 8 40 32 45 19 72 102 108 47
279 31 8 97 90 117 122 111 107 72 0
279 32 8 117 120 49 9 63 1 55 43
279 33 8 27 61 32 93 54 72 105 30
279 34 8 65 125 104 37 66 100 101 17
279 35 8 109 4 126 34 94 91 46 13
279 36 8 92 121 69 95 119 82 47 111
279 37 8 20 66 113 7 70 119 27 97
279 38 8 105 16 101 84 118 112 25 96
279 39 8 34 100 115 113 4 66 76 123
279 40 8 119 12 67 59 21 126 84 51
279 41 8 35 2 91 30 66 71 113 61
279 42 8 27 102 34 54 93 103 46 38
279 43 8 29 40 54 9 105 20 51 89
279 44 8 21 68 48 18 36 106 98 91
279 45 8 100 56 84 111 20 14 66 32
279 46 8 47 114 8 44 31 91 6 75
279 47 8 36 120 126 59 47 22 123 26
10592 0 8 36 12 29 126 67 77 3 124
10592 1 8 48 59 11 71 16 60 90 75
10592 2 8 66 121 69 90 119 5 44 70
10592 3 8 43 122 77 24 11 106 44 95
10592 4 8 10 36 5 87 21 84 101 4
10592 5 8 115 14 85 122 87 0 92 50
10592 6 8 40 55 103 32 21 118 5 59
10592 7 8 90 55 117 0 97 122 105 111
10592 8 8 4 7 63 94 1 49 96 43
10592 9 8 27 40 61 25 93 32 54 121
10592 10 8 65 124 104 41 33 13 40 93
10592 11 8 51 97 94 22 91 68 34 50
10592 12 8 103 121 95 29 67 26 119 109
10592 13 8 89 127 105 70 102 57 52 18
10592 14 8 120 46 16 25 45 60 22 56
10592 15 8 46 27 113 100 76 126 57 97
10592 16 8 111 13 21 64 67 100 28 23
10592 17 8 91 92 23 35 30 32 25 66
10592 18 8 40 103 55 5 50 47 72 69
10592 19 8 90 55 97 122 111 0 67 19
10592 20 8 7 49 117 1 94 4 63 43
10592 21 8 40 27 61 121 36 86 75 29
10592 22 8 65 124 23 104 40 82 9 110
10592 23 8 94 51 42 22 34 97 18 68
10592 24 8 103 121 0 25 29 67 95 112
10592 25 8 127 89 57 18 7 62 120 50
10592 26 8 71 60 120 16 22 25 31 46
10592 27 8 46 126 100 76 113 27 15 61
10592 28 8 111 21 13 67 100 93 60 59
10592 29 8 92 91 32 30 71 100 60 101
10592 30 8 40 55 72 50 103 32 118 47
10592 31 8 90 55 97 0 117 122 19 9
10592 32 8 94 15 63 4 7 43 49 117
10592 33 8 40 61 32 27 54 109 25 106
10592 34 8 23 65 9 104 41 82 40 111
10592 35 8 51 94 22 9 25 68 18 34
10592 36 8 29 111 17 26 25 121 109 67
10592 37 8 127 89 52 18 120 70 12 7
10592 38 8 87 73 22 24 64 16 26 61
10592 39 8 27 46 100 113 25 15 66 11
10592 40 8 111 13 100 67 64 34 59 93
10592 41 8 92 30 91 116 58 99 54 89
10592 42 8 8 86 28 34 38 54 124 30
10592 43 8 51 80 54 16 86 40 72 20
10592 44 8 21 117 125 123 49 101 114 12
10592 45 8 100 108 56 48 14 121 93 76
10592 46 8 47 51 14 110 13 33 120 18
10592 47 8 26 24 114 22 110 121 21 14
1140 0 8 112 36 27 30 125 23 51 122
1140 1 8 38 20 104 36 59 57 66 109
1140 2 8 86 76 49 66 5 126 26 44
1140 3 8 106 70 43 92 122 21 44 95
1140 4 8 5 36 27 102 84 10 21 38
1140 5 8 87 10 14 115 48 85 26 27
1140 6 8 40 118 103 32 21 111 5 59
1140 7 8 55 90 97 122 117 105 103 0
1140 8 8 20 49 94 7 1 117 107 63
1140 9 8 27 41 51 40 32 61 25 54
1140 10 8 65 40 104 22 109 93 103 106
1140 11 8 94 42 51 91 78 34 76 46
1140 12 8 109 0 121 38 103 26 67 95
1140 13 8 57 41 109 123 85 70 105 7
1140 14 8 18 56 46 120 13 16 25 94
1140 15 8 100 107 15 126 20 27 113 122
1140 16 8 21 44 77 67 110 108 46 36
1140 17 8 91 0 63 26 64 30 23 65
1140 18 8 40 19 5 14 72 102 32 50
1140 19 8 90 55 97 103 124 67 111 117
1140 20 8 49 20 55 117 27 50 1 7
1140 21 8 27 41 61 30 40 93 121 78
1140 22 8 65 104 109 40 111 93 44 17
1140 23 8 94 42 91 1 46 126 64 34
1140 24 8 38 109 0 121 103 25 67 119
1140 25 8 109 57 123 7 41 18 70 22
1140 26 8 60 18 71 56 25 46 120 45
1140 27 8 20 42 78 113 126 122 37 46
1140 28 8 44 108 67 77 110 56 36 60
1140 29 8 0 91 63 26 54 113 32 64
1140 30 8 118 32 40 19 59 50 88 5
1140 31 8 97 117 90 55 103 85 27 124
1140 32 8 49 20 55 117 63 93 27 43
1140 33 8 41 27 61 40 30 112 54 72
1140 34 8 65 104 95 124 40 109 86 127
1140 35 8 42 94 97 1 22 126 55 46
1140 36 8 38 0 119 25 109 58 121 103
1140 37 8 57 123 109 41 70 115 18 7
1140 38 8 18 60 46 25 112 71 111 52
1140 39 8 107 20 35 76 113 126 90 53
1140 40 8 77 44 67 29 108 110 59 93
1140 41 8 65 63 0 91 54 64 113 26
1140 42 8 126 90 49 20 46 24 75 34
1140 43 8 47 121 8 125 40 94 27 49
1140 44 8 110 21 11 80 13 84 33 23
1140 45 8 100 47 83 76 7 86 84 5
1140 46 8 1 123 10 47 37 110 20 122
1140 47 8 11 31 127 82 12 14 121 44
11 0 8 65 44 26 18 59 114 73 101
11 1 8 50 94 18 124 26 2 104 34
11 2 8 88 84 53 49 92 10 93 114
11 3 8 89 6 122 95 85 31 80 32
11 4 8 106 79 76 124 85 48 44 4
11 5 8 125 61 42 70 66 49 8 23
11 6 8 105 83 8 80 40 72 50 32
11 7 8 49 103 117 90 97 34 30 111
11 8 8 49 121 84 63 43 93 7 107
11 9 8 9 110 27 61 93 112 104 30
11 10 8 65 61 105 104 73 101 93 70
11 11 8 61 49 71 94 24 122 126 51
11 12 8 99 15 124 115 95 119 29 76
11 13 8 6 28 70 36 15 115 64 95
11 14 8 48 20 56 25 120 112 51 22
11 15 8 85 113 47 62 46 76 97 126
11 16 8 124 8 108 67 21 36 59 39
11 17 8 72 19 91 69 23 31 71 110
11 18 8 40 105 72 19 14 32 88 21
11 19 8 90 49 97 23 117 103 111 0
11 20 8 63 93 73 121 55 27 84 1
11 21 8 27 30 110 9 61 93 29 72
11 22 8 65 104 44 105 49 61 93 111
11 23 8 24 61 49 91 126 80 64 34
11 24 8 99 15 95 82 119 124 115 88
11 25 8 15 6 28 22 70 115 80 36
11 26 8 48 20 56 90 86 25 112 17
11 27 8 85 76 113 101 78 42 10 60
11 28 8 124 108 67 8 60 59 15 39
11 29 8 19 91 113 72 118 69 71 32
11 30 8 105 32 83 40 72 19 80 59
11 31 8 49 117 112 97 90 103 34 118
11 32 8 121 43 84 63 65 49 117 7
11 33 8 125 112 110 9 61 27 117 54
11 34 8 105 104 61 56 73 53 65 39
11 35 8 23 24 61 49 26 122 126 127
11 36 8 99 58 15 107 124 79 119 3
11 37 8 6 15 28 118 115 80 79 21
11 38 8 20 48 112 80 86 52 111 107
11 39 8 85 35 76 113 101 78 23 61
11 40 8 108 67 8 124 15 59 36 84
11 41 8 72 15 19 69 91 53 113 52
11 42 8 39 7 126 73 46 24 68 74
11 43 8 40 19 77 49 43 88 127 9
11 44 8 45 53 0 21 18 88 73 33
11 45 8 112 84 46 17 100 94 7 15
11 46 8 123 39 105 82 84 47 124 30
11 47 8 52 95 35 73 90 109 32 108
10693 0 8 126 120 2 12 29 21 3 116
10693 1 8 6 78 83 107 58 123 23 53
10693 2 8 7 119 24 116 9 10 66 121
10693 3 8 26 64 7 16 120 59 43 25
10693 4 8 91 0 39 22 79 124 4 21
10693 5 8 47 102 34 82 111 70 85 24
10693 6 8 80 30 32 108 50 8 79 46
10693 7 8 34 87 117 103 50 97 98 90
10693 8 8 43 39 24 51 63 49 106 36
10693 9 8 112 117 45 43 22 26 54 61
10693 10 8 101 23 74 108 83 62 65 73
10693 11 8 9 87 71 47 67 26 8 58
10693 12 8 124 104 53 58 52 12 119 115
10693 13 8 98 24 21 79 64 121 75 6
10693 14 8 28 62 58 79 118 112 10 55
10693 15 8 35 76 113 87 98 103 4 60
10693 16 8 123 15 67 60 20 124 121 21
10693 17 8 20 97 91 72 14 69 45 113
10693 18 8 40 19 32 30 102 72 86 79
10693 19 8 90 97 87 34 117 50 103 0
10693 20 8 43 39 24 117 36 63 51 64
10693 21 8 112 27 45 117 43 94 61 72
10693 22 8 101 104 73 74 62 107 65 108
10693 23 8 47 87 86 122 8 71 126 58
10693 24 8 124 58 104 53 12 52 68 115
10693 25 8 21 79 24 98 44 121 75 64
10693 26 8 28 62 58 118 112 79 27 39
10693 27 8 35 4 76 113 78 60 56 103
10693 28 8 67 15 123 20 59 121 126 36
10693 29 8 91 97 20 113 14 71 69 85
10693 30 8 40 19 32 72 59 21 80 102
10693 31 8 117 97 34 90 103 87 50 69
10693 32 8 39 43 117 63 24 49 51 31
10693 33 8 112 45 27 61 54 72 94 93
10693 34 8 101 104 83 74 107 65 108 53
10693 35 8 67 87 122 71 47 126 86 127
10693 36 8 124 104 58 119 12 68 53 30
10693 37 8 24 115 121 98 44 75 65 64
10693 38 8 62 28 112 58 118 25 36 21
10693 39 8 98 113 78 76 35 71 4 23
10693 40 8 123 67 20 59 121 36 15 84
10693 41 8 91 97 14 20 71 113 117 84
10693 42 8 65 101 46 34 54 7 93 36
10693 43 8 40 4 81 51 9 117 20 2
10693 44 8 21 13 71 18 33 54 68 113
10693 45 8 100 84 56 103 111 80 20 35
10693 46 8 47 74 67 44 8 114 31 75
10693 47 8 117 34 59 126 32 27 9 54
506 0 8 110 49 75 6 78 72 50 37
506 1 8 59 17 28 9 71 36 44 7
506 2 8 31 2 66 46 127 102 5 111
506 3 8 43 103 94 112 41 37 59 60
506 4 8 103 54 101 21 50 36 87 72
506 5 8 77 90 54 30 95 58 16 85
506 6 8 72 40 80 32 123 21 19 55
506 7 8 97 117 103 34 27 0 8 42
506 8 8 43 98 63 19 4 79 117 49
506 9 8 112 83 27 33 61 116 119 54
506 10 8 110 33 104 45 101 119 40 83
506 11 8 50 78 114 70 110 41 85 45
506 12 8 58 124 95 66 12 70 118 71
506 13 8 115 47 65 107 18 117 102 127
506 14 8 68 52 118 82 125 73 21 61
506 15 8 35 76 71 80 87 113 4 36
506 16 8 67 100 51 90 33 101 21 123
506 17 8 20 91 39 5 92 26 35 59
506 18 8 40 72 19 32 55 91 9 50
506 19 8 97 122 90 72 27 8 117 124
506 20 8 43 117 19 89 98 99 63 4
506 21 8 112 33 61 83 27 105 20 45
506 22 8 99 104 110 101 83 2 40 16
506 23 8 50 85 34 79 78 90 10 114
506 24 8 124 12 66 58 52 60 95 74
506 25 8 47 107 117 44 79 4 102 7
506 26 8 68 125 118 82 52 42 21 64
506 27 8 76 80 71 30 125 35 46 87
506 28 8 67 100 90 92 51 101 121 126
506 29 8 91 39 5 99 26 44 12 32
506 30 8 40 72 32 55 21 115 47 91
506 31 8 97 27 117 8 56 123 0 85
506 32 8 117 19 63 98 43 49 79 18
506 33 8 83 112 61 51 14 33 27 116
506 34 8 99 104 38 33 16 55 54 50
506 35 8 45 114 30 78 34 85 41 15
506 36 8 95 111 66 115 60 119 92 36
506 37 8 47 89 4 32 7 107 85 119
506 38 8 21 33 68 19 61 49 119 82
506 39 8 80 27 30 125 105 58 88 104
506 40 8 92 100 101 64 98 93 126 90
506 41 8 91 39 5 116 34 11 123 92
506 42 8 58 116 50 34 119 96 98 38
506 43 8 5 82 15 69 27 100 118 28
506 44 8 96 57 117 58 11 3 1 101
506 45 8 100 98 56 90 95 18 0 51
506 46 8 47 71 43 26 77 4 79 113
506 47 8 30 14 42 93 72 67 116 99
7 0 8 113 22 47 119 26 100 102 4
7 1 8 37 35 44 70 102 12 36 33
7 2 8 75 31 30 16 127 2 77 1
7 3 8 43 63 103 99 36 94 126 12
7 4 8 48 52 101 49 36 119 92 72
7 5 8 51 8 103 74 64 17 109 77
7 6 8 40 72 32 80 44 111 8 119
7 7 8 97 9 122 117 71 107 90 0
7 8 8 49 63 117 26 43 83 7 1
7 9 8 27 54 83 61 14 75 13 38
7 10 8 51 53 104 0 63 37 65 98
7 11 8 51 127 113 7 37 6 125 65
7 12 8 56 115 105 119 95 29 65 37
7 13 8 58 25 89 0 23 42 82 124
7 14 8 90 120 118 71 117 100 56 17
7 15 8 76 42 123 113 10 22 46 4
7 16 8 67 64 21 59 120 126 119 50
7 17 8 91 23 35 71 48 92 110 113
7 18 8 40 19 45 113 21 32 80 108
7 19 8 97 90 7 117 43 105 55 124
7 20 8 117 1 49 55 7 63 50 43
7 21 8 27 61 29 93 121 75 72 30
7 22 8 125 51 104 65 37 66 83 71
7 23 8 91 67 34 51 100 109 21 113
7 24 8 10 105 95 124 29 119 44 82
7 25 8 99 89 7 82 25 70 20 104
7 26 8 120 56 117 45 66 112 7 36
7 27 8 62 42 113 78 97 114 76 92
7 28 8 67 21 31 64 47 126 119 59
7 29 8 91 72 32 113 71 23 43 90
7 30 8 40 45 32 21 108 72 19 80
7 31 8 90 97 117 71 23 122 0 92
7 32 8 117 63 9 49 7 1 43 50
7 33 8 27 61 29 75 93 54 72 92
7 34 8 125 65 104 66 37 71 17 51
7 35 8 4 51 34 109 76 113 126 64
7 36 8 111 119 108 92 10 47 115 101
7 37 8 20 104 7 119 82 25 43 97
7 38 8 125 120 13 7 16 107 61 26
7 39 8 75 111 11 79 27 110 15 33
7 40 8 42 107 12 64 1 93 119 113
7 41 8 59 34 88 91 13 26 54 75
7 42 8 111 17 33 56 60 66 25 27
7 43 8 72 69 82 99 51 38 10 80
7 44 8 5 96 42 76 30 34 114 50
7 45 8 121 100 29 116 51 41 77 88
7 46 8 100 16 43 46 94 76 106 79
7 47 8 3 102 76 87 67 22 99 61
16 0 8 58 88 123 109 76 7 121 85
16 1 8 37 65 35 1 36 44 38 102
16 2 8 31 21 102 27 110 75 92 71
16 3 8 43 63 17 94 126 18 28 103
16 4 8 103 49 21 101 30 119 64 36
16 5 8 77 30 58 85 90 14 112 54
16 6 8 40 72 32 21 118 111 102 59
16 7 8 117 97 90 55 122 0 43 105
16 8 8 117 63 4 43 19 87 83 81
16 9 8 27 83 112 61 51 40 93 88
16 10 8 33 104 15 99 51 37 66 119
16 11 8 45 114 70 50 41 126 88 84
16 12 8 58 117 94 95 119 90 38 110
16 13 8 115 89 4 102 18 7 67 54
16 14 8 68 46 27 82 52 97 125 21
16 15 8 76 35 71 27 113 78 116 46
16 16 8 67 13 51 101 100 90 111 21
16 17 8 91 11 44 35 92 0 26 115
16 18 8 40 19 72 32 102 21 50 69
16 19 8 97 55 90 122 117 111 19 124
16 20 8 117 43 4 83 63 49 19 120
16 21 8 27 112 61 33 83 121 93 29
16 22 8 104 99 33 51 36 15 4 2
16 23 8 45 50 34 114 78 51 100 22
16 24 8 124 95 117 119 25 10 12 58
16 25 8 18 102 4 7 89 67 113 127
16 26 8 68 82 64 45 46 52 18 27
16 27 8 27 76 46 78 125 33 113 24
16 28 8 67 51 28 101 13 64 58 111
16 29 8 91 11 32 92 0 113 115 26
16 30 8 40 72 32 55 47 19 21 59
16 31 8 97 117 122 27 96 0 55 64
16 32 8 117 63 43 49 4 83 7 19
16 33 8 112 51 61 33 83 27 38 68
16 34 8 33 104 99 110 23 51 4 32
16 35 8 45 114 78 22 50 34 41 100
16 36 8 117 119 25 115 124 12 92 7
16 37 8 102 4 18 7 127 47 89 115
16 38 8 68 82 36 46 64 37 25 74
16 39 8 27 76 80 46 125 104 30 100
16 40 8 13 101 51 67 6 126 28 111
16 41 8 91 11 92 39 115 36 57 113
16 42 8 98 86 46 34 87 119 66 20
16 43 8 122 40 51 16 28 82 15 94
16 44 8 59 67 1 21 117 11 25 8
16 45 8 52 100 23 86 124 95 56 0
16 46 8 47 9 32 90 109 26 122 113
16 47 8 14 4 30 44 107 46 25 93
8 0 8 93 99 45 52 80 98 100 8
8 1 8 80 84 94 117 70 37 89 102
8 2 8 49 41 93 36 108 58 20 115
8 3 8 104 43 95 73 36 12 71 46
8 4 8 99 29 23 11 30 93 48 37
8 5 8 77 42 90 54 24 30 58 16
8 6 8 55 72 32 80 40 13 118 120
8 7 8 117 97 103 43 2 63 34 90
8 8 8 4 43 63 83 117 113 6 2
8 9 8 112 83 33 51 88 116 37 27
8 10 8 33 110 23 101 104 36 63 99
8 11 8 50 70 9 45 22 114 78 110
8 12 8 58 124 25 117 21 119 92 115
8 13 8 99 102 115 18 113 4 47 65
8 14 8 73 82 52 32 68 27 61 63
8 15 8 35 76 38 71 27 113 126 115
8 16 8 51 13 67 100 101 86 29 21
8 17 8 91 35 20 122 66 126 124 120
8 18 8 40 19 72 32 123 102 55 50
8 19 8 97 34 90 117 27 122 50 98
8 20 8 43 83 27 117 4 39 63 19
8 21 8 112 33 61 117 27 51 83 113
8 22 8 101 99 107 104 110 33 108 40
8 23 8 50 47 45 70 78 85 86 114
8 24 8 124 58 12 68 52 115 120 74
8 25 8 113 102 18 44 4 7 65 107
8 26 8 82 118 68 64 58 96 52 32
8 27 8 35 4 76 46 113 27 125 78
8 28 8 67 51 13 15 101 59 109 21
8 29 8 91 35 20 113 92 26 2 126
8 30 8 40 32 19 55 72 59 13 102
8 31 8 97 117 90 124 27 122 103 69
8 32 8 117 63 43 39 4 49 83 19
8 33 8 112 27 51 33 61 72 54 93
8 34 8 104 110 101 33 99 83 65 107
8 35 8 78 50 126 114 45 34 47 85
8 36 8 124 119 58 68 103 95 115 100
8 37 8 102 115 99 4 70 7 107 113
8 38 8 82 112 118 68 64 32 36 58
8 39 8 113 46 78 76 27 62 98 35
8 40 8 67 51 13 59 109 101 6 126
8 41 8 91 11 71 35 113 2 115 92
8 42 8 86 98 34 46 54 60 102 103
8 43 8 51 16 40 9 20 105 54 117
8 44 8 21 18 36 68 48 61 20 1
8 45 8 100 56 84 103 111 35 14 6
8 46 8 47 8 114 75 31 51 115 44
8 47 8 26 126 59 120 36 21 66 47
1401 0 8 120 126 124 21 87 111 62 54
1401 1 8 107 78 53 31 89 104 111 26
1401 2 8 59 66 119 94 15 127 36 14
1401 3 8 43 59 13 104 65 90 62 95
1401 4 8 36 21 34 1 27 82 47 114
1401 5 8 100 85 30 14 70 117 24 92
1401 6 8 40 32 21 80 55 19 72 13
1401 7 8 117 122 97 90 0 103 105 111
1401 8 8 118 6 24 43 63 7 49 2
1401 9 8 112 27 40 93 51 52 106 72
1401 10 8 104 37 99 95 120 101 118 70
1401 11 8 97 68 126 78 114 71 41 87
1401 12 8 77 103 124 76 25 119 58 112
1401 13 8 115 52 127 89 120 99 70 48
1401 14 8 62 47 56 25 120 22 101 112
1401 15 8 54 113 76 78 62 35 53 115
1401 16 8 67 23 123 29 13 79 120 59
1401 17 8 91 84 92 58 12 23 61 25
1401 18 8 19 40 32 21 5 102 108 72
1401 19 8 122 90 97 124 117 55 105 96
1401 20 8 24 6 117 1 55 63 49 93
1401 21 8 27 93 75 72 121 61 40 29
1401 22 8 104 9 37 125 44 65 72 120
1401 23 8 68 91 97 126 22 71 87 34
1401 24 8 124 77 51 25 101 95 103 114
1401 25 8 89 99 115 127 52 50 7 70
1401 26 8 7 62 22 47 27 36 56 101
1401 27 8 78 54 113 25 46 53 76 62
1401 28 8 23 123 67 35 64 6 28 59
1401 29 8 91 84 58 12 113 92 71 61
1401 30 8 40 32 19 55 72 5 50 21
1401 31 8 117 122 97 90 96 69 124 105
1401 32 8 24 6 117 63 124 118 51 43
1401 33 8 51 72 61 93 40 27 54 106
1401 34 8 9 37 104 110 120 65 0 118
1401 35 8 68 78 126 71 87 97 114 116
1401 36 8 25 119 77 124 29 121 17 32
1401 37 8 89 127 61 52 120 45 70 18
1401 38 8 92 22 112 36 47 7 87 25
1401 39 8 25 98 0 77 113 78 76 54
1401 40 8 67 35 23 100 123 6 13 82
1401 41 8 58 92 84 91 11 113 49 99
1401 42 8 8 28 86 4 34 66 46 70
1401 43 8 2 40 74 80 111 16 100 20
1401 44 8 113 23 42 21 11 62 18 114
1401 45 8 86 76 48 100 98 26 51 56
1401 46 8 74 45 51 33 47 54 43 96
1401 47 8 114 54 121 23 30 17 0 21
8602 0 8 69 118 12 29 101 92 66 38
8602 1 8 26 29 78 45 5 71 7 114
8602 2 8 66 76 115 49 23 44 68 96
8602 3 8 43 104 92 65 121 40 13 44
8602 4 8 27 36 1 5 4 116 84 21
8602 5 8 48 70 14 117 87 30 58 92
8602 6 8 40 19 32 80 72 21 118 102
8602 7 8 117 122 90 97 0 103 105 55
8602 8 8 6 63 7 43 20 49 14 24
8602 9 8 51 93 112 27 40 106 52 54
8602 10 8 70 104 37 95 101 99 110 120
8602 11 8 78 126 16 68 114 85 34 55
8602 12 8 58 124 37 38 103 101 119 77
8602 13 8 115 36 123 109 41 49 70 99
8602 14 8 18 62 97 47 112 45 52 120
8602 15 8 54 35 20 76 113 62 78 46
8602 16 8 67 23 77 29 59 47 79 64
8602 17 8 0 91 65 84 64 63 23 61
8602 18 8 19 40 32 98 72 21 102 69
8602 19 8 97 122 90 117 124 0 23 55
8602 20 8 6 24 63 27 43 117 49 7
8602 21 8 27 112 93 61 40 75 72 121
8602 22 8 104 37 70 65 120 101 110 125
8602 23 8 68 97 71 114 42 55 34 126
8602 24 8 124 38 37 103 58 101 0 12
8602 25 8 123 109 57 41 49 36 24 18
8602 26 8 18 47 60 62 97 26 112 71
8602 27 8 46 20 54 76 113 35 78 110
8602 28 8 23 44 77 67 29 123 110 59
8602 29 8 84 0 91 65 63 113 64 32
8602 30 8 118 40 19 32 72 21 98 80
8602 31 8 97 117 34 103 122 90 124 69
8602 32 8 6 63 43 27 20 117 49 24
8602 33 8 112 40 51 61 27 72 54 106
8602 34 8 37 70 104 95 124 110 120 0
8602 35 8 97 68 16 42 126 114 55 78
8602 36 8 38 0 25 103 58 119 124 52
8602 37 8 36 109 123 41 57 49 115 70
8602 38 8 18 47 60 112 111 25 52 46
8602 39 8 20 107 76 113 46 90 78 104
8602 40 8 23 29 77 67 44 110 59 84
8602 41 8 65 0 63 91 64 84 113 71
8602 42 8 25 126 49 20 90 28 75 55
8602 43 8 47 74 121 125 40 8 27 75
8602 44 8 110 21 13 80 11 84 117 3
8602 45 8 100 47 83 86 84 56 7 87
8602 46 8 1 96 10 45 47 123 74 37
8602 47 8 11 31 127 82 14 12 121 44
13 0 8 65 43 73 98 45 114 44 0
13 1 8 18 94 38 26 127 119 105 117
13 2 8 84 88 38 93 57 40 92 18
13 3 8 6 89 31 124 16 2 41 95
13 4 8 124 106 76 115 85 48 44 40
13 5 8 61 125 66 8 22 64 37 24
13 6 8 83 105 8 56 80 30 52 12
13 7 8 49 112 34 117 97 98 16 75
13 8 8 84 121 43 116 65 59 63 49
13 9 8 9 112 110 117 119 125 83 54
13 10 8 105 61 56 97 53 65 39 62
13 11 8 61 49 24 125 127 122 71 37
13 12 8 99 15 96 58 104 97 119 79
13 13 8 6 15 28 118 115 23 64 73
13 14 8 20 48 90 73 17 52 104 88
13 15 8 85 76 101 35 10 103 23 113
13 16 8 124 8 39 67 73 21 17 84
13 17 8 19 69 91 42 105 48 21 71
13 18 8 83 105 40 30 8 80 56 32
13 19 8 49 34 112 97 90 117 85 0
13 20 8 43 84 121 117 63 49 7 124
13 21 8 9 110 125 117 112 27 61 54
13 22 8 105 61 56 65 53 104 62 90
13 23 8 61 24 49 23 127 125 122 126
13 24 8 99 15 96 79 58 107 23 56
13 25 8 15 6 28 58 118 23 64 80
13 26 8 48 20 17 90 10 104 86 52
13 27 8 85 101 76 10 103 70 23 113
13 28 8 124 8 67 73 81 39 55 15
13 29 8 19 91 42 69 21 48 71 105
13 30 8 105 83 32 40 80 72 56 30
13 31 8 112 49 34 97 117 103 98 64
13 32 8 43 65 121 84 63 117 49 66
13 33 8 125 112 9 110 117 98 27 61
13 34 8 105 61 56 53 90 65 78 104
13 35 8 61 24 49 125 23 37 122 127
13 36 8 99 15 79 96 107 23 97 58
13 37 8 118 15 28 6 58 23 115 25
13 38 8 20 48 90 17 86 112 10 52
13 39 8 103 85 76 101 10 23 113 70
13 40 8 124 8 73 67 36 81 17 59
13 41 8 69 19 42 48 91 113 21 71
13 42 8 64 31 114 46 7 32 54 34
13 43 8 40 77 88 117 9 20 43 51
13 44 8 53 73 18 0 90 21 92 98
13 45 8 100 84 101 94 27 56 103 7
13 46 8 47 11 34 38 67 75 84 31
13 47 8 105 57 73 20 126 109 9 86
576 0 8 50 106 57 103 21 110 14 74
576 1 8 6 95 3 9 42 72 26 33
576 2 8 90 122 84 92 100 11 93 41
576 3 8 39 2 4 85 29 87 114 94
576 4 8 83 56 50 63 23 48 89 100
576 5 8 51 105 47 85 68 22 12 8
576 6 8 80 108 32 43 72 30 8 112
576 7 8 117 97 60 95 90 75 16 34
576 8 8 43 109 36 63 49 18 117 123
576 9 8 65 32 117 45 112 98 27 14
576 10 8 23 123 113 65 83 90 104 88
576 11 8 69 109 67 9 1 127 26 41
576 12 8 107 79 114 29 104 30 125 95
576 13 8 118 66 98 23 21 16 90 113
576 14 8 10 105 16 90 118 73 71 56
576 15 8 76 72 23 103 4 116 113 35
576 16 8 119 55 124 60 67 21 12 36
576 17 8 91 2 35 90 48 69 46 23
576 18 8 40 72 19 9 32 30 50 83
576 19 8 90 97 103 95 117 124 60 34
576 20 8 117 43 49 36 63 55 7 107
576 21 8 27 61 112 117 98 72 104 38
576 22 8 65 104 19 73 66 101 0 113
576 23 8 1 26 109 69 34 67 41 89
576 24 8 107 114 30 104 79 57 95 23
576 25 8 66 118 98 16 7 6 21 113
576 26 8 10 105 16 90 118 25 112 101
576 27 8 72 76 4 113 103 35 57 23
576 28 8 67 119 21 55 12 36 124 60
576 29 8 91 35 2 71 32 113 66 90
576 30 8 40 32 72 19 102 21 80 59
576 31 8 97 117 90 111 103 95 60 27
576 32 8 117 63 49 43 109 36 7 15
576 33 8 27 61 32 112 117 45 54 65
576 34 8 65 104 88 123 101 19 66 73
576 35 8 109 126 67 1 89 122 78 26
576 36 8 114 95 104 30 74 121 119 107
576 37 8 66 82 98 113 115 23 6 16
576 38 8 105 16 118 90 10 112 25 8
576 39 8 72 115 4 113 76 103 123 57
576 40 8 119 12 67 36 59 43 55 21
576 41 8 2 91 35 66 20 71 113 90
576 42 8 27 93 102 18 34 54 46 103
576 43 8 40 29 9 20 51 117 54 105
576 44 8 21 68 48 18 36 91 98 121
576 45 8 100 56 111 84 66 32 20 15
576 46 8 47 8 114 44 31 75 101 91
576 47 8 36 120 126 47 59 123 88 66
10592 0 8 36 12 29 126 67 77 3 124
10592 1 8 48 11 59 16 71 90 88 45
10592 2 8 66 121 69 90 119 44 26 70
10592 3 8 43 24 122 77 11 44 112 58
10592 4 8 50 36 5 87 84 101 21 71
10592 5 8 115 14 85 92 122 0 96 63
10592 6 8 40 55 103 118 72 21 32 111
10592 7 8 55 90 117 0 97 122 103 105
10592 8 8 4 7 49 63 94 43 117 1
10592 9 8 27 40 61 25 32 54 93 121
10592 10 8 65 124 104 41 88 82 13 33
10592 11 8 51 22 78 126 68 97 42 50
10592 12 8 103 95 114 121 26 29 67 74
10592 13 8 127 89 99 70 105 18 7 57
10592 14 8 60 46 120 16 25 71 51 56
10592 15 8 46 27 113 76 72 79 57 111
10592 16 8 111 13 21 67 100 60 64 23
10592 17 8 91 92 23 35 46 32 86 25
10592 18 8 103 40 55 72 5 50 69 32
10592 19 8 97 90 55 122 111 67 0 124
10592 20 8 117 49 94 7 4 55 1 43
10592 21 8 27 40 61 86 121 30 112 75
10592 22 8 65 104 124 23 82 93 37 45
10592 23 8 51 34 42 97 22 78 68 55
10592 24 8 103 95 121 109 25 111 29 17
10592 25 8 89 127 7 18 50 27 12 70
10592 26 8 87 71 22 120 31 25 45 16
10592 27 8 46 27 72 113 111 126 61 79
10592 28 8 21 67 100 111 60 13 93 59
10592 29 8 91 92 32 71 29 100 94 46
10592 30 8 40 72 55 103 32 69 50 47
10592 31 8 97 90 55 117 0 122 111 103
10592 32 8 94 63 117 43 49 4 7 15
10592 33 8 27 40 61 32 54 25 109 75
10592 34 8 23 88 65 104 82 41 37 10
10592 35 8 51 22 18 68 34 38 64 9
10592 36 8 29 28 26 111 25 17 95 119
10592 37 8 127 82 89 120 18 52 27 7
10592 38 8 87 24 22 73 16 64 30 19
10592 39 8 27 46 72 111 113 126 25 21
10592 40 8 111 100 13 67 98 64 35 93
10592 41 8 92 91 116 58 99 100 54 89
10592 42 8 8 86 28 34 60 30 77 106
10592 43 8 51 80 16 54 86 72 40 20
10592 44 8 21 117 114 96 99 123 42 49
10592 45 8 100 56 108 48 26 76 14 93
10592 46 8 47 51 33 14 18 13 120 109
10592 47 8 114 24 26 22 110 14 30 89
1140 0 8 112 27 36 30 125 23 51 122
1140 1 8 38 20 104 36 59 57 66 45
1140 2 8 86 76 49 66 126 26 5 23
1140 3 8 70 43 92 24 122 44 95 58
1140 4 8 50 5 36 27 84 21 101 35
1140 5 8 87 115 85 10 14 92 48 57
1140 6 8 40 118 103 21 111 72 32 5
1140 7 8 55 90 97 117 122 0 105 103
1140 8 8 20 7 94 49 1 18 43 117
1140 9 8 27 40 32 54 61 25 51 75
1140 10 8 65 104 88 124 95 10 82 109
1140 11 8 42 51 126 22 122 34 55 78
1140 12 8 103 109 0 95 38 26 67 121
1140 13 8 57 41 99 109 123 89 70 74
1140 14 8 120 16 60 46 18 56 45 71
1140 15 8 79 20 76 126 113 72 27 111
1140 16 8 60 21 77 67 44 108 110 64
1140 17 8 91 46 64 26 0 23 52 25
1140 18 8 40 103 19 72 50 5 32 102
1140 19 8 90 97 55 0 67 122 117 103
1140 20 8 117 49 20 7 43 50 1 63
1140 21 8 40 27 61 112 30 38 54 86
1140 22 8 65 104 88 109 124 82 93 41
1140 23 8 42 51 34 55 1 22 97 126
1140 24 8 0 103 109 67 25 26 121 95
1140 25 8 57 18 41 109 89 123 7 98
1140 26 8 60 71 90 120 87 22 16 112
1140 27 8 20 35 60 126 76 113 46 111
1140 28 8 60 67 108 44 110 21 77 15
1140 29 8 91 46 15 26 52 64 71 113
1140 30 8 40 118 32 19 103 72 59 80
1140 31 8 97 103 90 117 34 50 55 124
1140 32 8 20 117 43 63 49 94 7 15
1140 33 8 112 40 61 27 38 117 35 106
1140 34 8 104 65 53 124 23 109 88 82
1140 35 8 42 51 22 55 97 126 89 1
1140 36 8 0 25 26 103 58 67 12 30
1140 37 8 57 16 115 41 18 76 21 70
1140 38 8 60 71 80 112 52 25 46 87
1140 39 8 60 76 35 126 20 113 78 57
1140 40 8 67 60 15 108 110 44 55 59
1140 41 8 36 46 15 91 52 113 64 71
1140 42 8 125 49 90 7 34 46 73 54
1140 43 8 40 19 12 49 9 125 43 121
1140 44 8 45 21 88 99 13 11 18 92
1140 45 8 84 112 17 100 46 58 76 56
1140 46 8 81 47 29 30 39 105 75 84
1140 47 8 52 111 15 127 95 121 35 21
1035 0 8 120 104 2 97 111 63 51 18
1035 1 8 86 107 123 20 53 3 42 104
1035 2 8 14 9 116 10 100 66 72 51
1035 3 8 89 25 13 39 38 105 16 43
1035 4 8 0 23 25 83 124 48 74 22
1035 5 8 80 34 82 107 70 47 85 122
1035 6 8 30 86 80 42 8 111 72 14
1035 7 8 50 87 34 117 60 97 103 90
1035 8 8 64 43 18 36 15 109 39 49
1035 9 8 94 45 117 112 32 61 54 66
1035 10 8 97 113 65 83 101 127 17 107
1035 11 8 69 9 86 67 122 1 41 8
1035 12 8 53 30 26 118 124 104 97 47
1035 13 8 44 21 75 98 16 64 118 2
1035 14 8 80 79 10 11 118 73 8 51
1035 15 8 76 60 23 35 113 126 57 116
1035 16 8 60 15 7 67 21 91 11 36
1035 17 8 15 52 91 122 97 53 46 72
1035 18 8 19 9 30 86 40 32 13 72
1035 19 8 87 97 50 90 103 34 60 117
1035 20 8 43 64 36 117 39 15 107 49
1035 21 8 94 112 117 45 27 106 38 86
1035 22 8 65 19 101 62 104 97 113 107
1035 23 8 1 86 89 47 122 126 69 41
1035 24 8 53 124 30 104 58 115 26 121
1035 25 8 21 44 75 16 98 64 79 6
1035 26 8 80 79 118 28 58 11 10 112
1035 27 8 60 35 76 113 4 57 56 23
1035 28 8 60 67 15 7 36 59 21 11
1035 29 8 91 15 52 113 71 97 117 53
1035 30 8 32 40 19 72 102 59 80 13
1035 31 8 97 117 103 90 111 87 124 34
1035 32 8 117 43 49 63 39 55 7 64
1035 33 8 112 27 94 61 45 54 88 117
1035 34 8 104 65 101 53 86 45 74 83
1035 35 8 67 126 86 89 122 69 78 34
1035 36 8 53 124 58 95 30 119 12 121
1035 37 8 115 44 21 75 16 98 2 64
1035 38 8 80 79 112 25 8 52 58 10
1035 39 8 60 76 113 35 78 57 61 23
1035 40 8 67 7 15 60 59 36 11 84
1035 41 8 91 52 15 46 71 113 117 85
1035 42 8 37 125 7 46 34 54 73 24
1035 43 8 40 19 12 9 49 51 43 117
1035 44 8 21 45 88 18 0 113 37 92
1035 45 8 84 112 46 100 17 58 56 15
1035 46 8 29 39 47 105 30 84 88 75
1035 47 8 52 108 35 95 111 59 6 126
1492 0 8 2 62 126 12 29 111 116 36
1492 1 8 86 107 78 123 76 116 58 3
1492 2 8 7 15 9 119 14 10 66 51
1492 3 8 26 7 25 105 16 38 59 1
1492 4 8 0 124 22 39 91 74 48 25
1492 5 8 102 80 126 78 34 82 85 47
1492 6 8 110 30 80 32 42 72 8 10
1492 7 8 34 87 117 50 98 97 103 60
1492 8 8 43 24 39 51 64 46 27 15
1492 9 8 112 22 117 94 48 45 54 105
1492 10 8 97 108 113 74 62 101 107 23
1492 11 8 9 69 87 86 98 47 122 8
1492 12 8 124 53 58 30 104 63 12 97
1492 13 8 24 44 21 75 64 98 65 16
1492 14 8 28 62 58 112 82 8 88 52
1492 15 8 76 35 98 60 113 87 18 96
1492 16 8 123 15 60 67 20 45 84 29
1492 17 8 97 52 91 15 14 20 85 53
1492 18 8 30 40 32 110 79 13 86 8
1492 19 8 87 97 34 50 98 90 117 103
1492 20 8 43 39 24 64 117 46 15 36
1492 21 8 112 94 117 45 113 118 27 107
1492 22 8 62 74 101 104 107 108 65 113
1492 23 8 86 47 122 8 69 0 87 89
1492 24 8 124 58 53 30 104 115 68 63
1492 25 8 24 21 44 75 121 64 79 65
1492 26 8 28 62 58 112 82 27 0 118
1492 27 8 35 76 56 4 60 113 98 23
1492 28 8 67 15 123 20 84 121 59 36
1492 29 8 91 97 15 113 52 71 20 85
1492 30 8 32 40 19 72 80 102 30 8
1492 31 8 97 117 103 34 124 90 111 27
1492 32 8 117 43 39 24 49 63 55 7
1492 33 8 112 27 94 45 61 54 117 51
1492 34 8 104 74 101 65 53 83 62 86
1492 35 8 67 71 126 87 86 47 89 122
1492 36 8 124 58 53 119 30 100 104 12
1492 37 8 24 115 44 75 21 121 64 98
1492 38 8 62 28 112 58 80 82 10 27
1492 39 8 76 35 98 78 113 23 60 123
1492 40 8 123 67 15 20 59 36 121 84
1492 41 8 91 14 15 52 71 97 117 113
1492 42 8 65 7 101 34 46 36 74 75
1492 43 8 40 51 43 19 4 9 20 127
1492 44 8 113 45 13 21 18 54 71 88
1492 45 8 84 100 112 46 47 56 17 15
1492 46 8 29 47 39 105 74 30 84 75
1492 47 8 52 35 95 32 108 111 54 59
304 0 8 69 107 93 61 31 81 71 80
304 1 8 60 83 76 52 123 46 23 57
304 2 8 117 116 7 15 68 10 66 9
304 3 8 26 16 105 7 39 59 106 25
304 4 8 102 0 124 91 22 39 111 95
304 5 8 102 111 80 82 126 34 78 47
304 6 8 30 79 110 80 32 50 8 43
304 7 8 72 34 117 98 97 90 103 83
304 8 8 43 28 39 51 49 83 63 46
304 9 8 112 105 72 48 43 45 117 22
304 10 8 23 74 101 104 123 97 83 62
304 11 8 58 47 9 67 13 106 70 126
304 12 8 124 68 58 120 69 29 104 119
304 13 8 65 99 121 55 44 79 90 115
304 14 8 28 58 118 84 112 101 120 73
304 15 8 34 76 100 35 4 113 15 78
304 16 8 67 15 121 20 43 59 21 36
304 17 8 30 91 45 15 97 20 52 113
304 18 8 40 19 32 9 72 79 102 21
304 19 8 97 72 117 90 111 124 103 34
304 20 8 117 43 28 55 49 39 120 63
304 21 8 27 112 61 37 93 72 43 45
304 22 8 104 101 65 74 83 44 32 125
304 23 8 47 91 126 58 67 34 71 70
304 24 8 124 68 58 104 120 115 121 76
304 25 8 121 115 79 7 44 65 75 107
304 26 8 28 118 58 112 27 56 36 25
304 27 8 113 78 4 76 35 60 42 57
304 28 8 67 15 121 59 36 126 20 21
304 29 8 91 15 97 52 113 30 20 32
304 30 8 32 19 40 102 21 72 59 50
304 31 8 97 117 90 103 27 124 111 72
304 32 8 117 55 43 49 63 39 120 28
304 33 8 27 61 112 54 93 72 88 45
304 34 8 104 65 101 74 83 125 86 107
304 35 8 67 58 71 126 47 34 13 46
304 36 8 124 58 68 119 104 100 69 115
304 37 8 115 121 79 75 44 99 70 65
304 38 8 80 58 112 28 84 79 10 25
304 39 8 76 113 78 60 35 23 34 100
304 40 8 15 67 121 59 36 20 7 40
304 41 8 91 52 45 15 30 71 14 117
304 42 8 65 7 46 101 34 37 74 21
304 43 8 51 40 19 4 9 43 20 117
304 44 8 21 45 18 0 71 36 54 88
304 45 8 100 84 112 46 56 17 35 15
304 46 8 47 82 39 105 67 75 30 29
304 47 8 52 35 59 95 108 32 34 126
55327 0 8 62 64 82 67 77 36 33 3
55327 1 8 91 60 78 114 88 75 26 7
55327 2 8 119 66 62 77 126 68 69 121
55327 3 8 43 120 11 122 65 62 7 44
55327 4 8 4 116 36 54 21 86 102 1
55327 5 8 122 117 70 85 14 30 54 56
55327 6 8 40 72 32 80 92 102 19 21
55327 7 8 97 103 117 90 122 111 124 105
55327 8 8 49 6 117 24 43 7 63 1
55327 9 8 27 88 93 112 61 51 54 33
55327 10 8 120 101 95 65 104 44 45 62
55327 11 8 91 71 68 126 16 97 114 15
55327 12 8 124 100 38 29 58 109 80 112
55327 13 8 52 115 123 109 49 102 24 65
55327 14 8 56 62 25 101 27 45 52 120
55327 15 8 78 113 76 87 35 115 57 20
55327 16 8 29 67 36 77 123 79 13 58
55327 17 8 91 84 0 92 113 61 23 86
55327 18 8 19 40 72 32 123 55 102 47
55327 19 8 97 111 103 124 122 90 117 83
55327 20 8 117 24 55 49 120 6 27 1
55327 21 8 27 93 88 105 40 112 61 37
55327 22 8 37 120 101 44 104 9 65 125
55327 23 8 91 71 68 97 126 34 114 112
55327 24 8 103 121 124 109 95 101 38 115
55327 25 8 49 89 115 123 24 7 109 52
55327 26 8 62 56 45 27 25 101 18 71
55327 27 8 78 113 46 57 54 115 42 20
55327 28 8 67 123 29 36 126 59 35 77
55327 29 8 84 91 113 32 61 0 71 105
55327 30 8 19 32 40 72 118 13 102 69
55327 31 8 97 103 111 117 124 104 90 34
55327 32 8 117 24 55 120 49 6 43 51
55327 33 8 54 27 61 93 40 88 112 78
55327 34 8 9 37 120 65 95 101 104 124
55327 35 8 97 126 71 68 114 87 116 16
55327 36 8 124 58 101 121 25 119 109 100
55327 37 8 52 49 61 24 115 89 70 127
55327 38 8 92 26 49 62 82 112 25 16
55327 39 8 25 0 87 113 54 76 78 115
55327 40 8 35 82 67 28 23 123 109 40
55327 41 8 84 54 99 92 91 30 49 113
55327 42 8 66 33 4 70 97 34 74 50
55327 43 8 18 2 61 99 75 51 72 86
55327 44 8 42 62 23 96 104 11 26 114
55327 45 8 51 48 88 100 121 93 67 98
55327 46 8 43 33 54 35 47 79 26 88
55327 47 8 0 80 17 39 23 106 61 30
8595 0 8 3 29 12 126 67 86 77 24
8595 1 8 78 91 25 114 26 98 60 123
8595 2 8 119 66 62 126 23 32 69 120
8595 3 8 120 43 11 7 65 122 118 105
8595 4 8 39 91 116 4 36 105 21 54
8595 5 8 117 70 122 48 80 56 78 85
8595 6 8 40 72 80 19 32 123 86 79
8595 7 8 103 97 117 87 34 90 111 124
8595 8 8 24 51 43 39 49 117 6 14
8595 9 8 27 112 51 88 52 93 54 61
8595 10 8 101 120 62 104 95 37 23 65
8595 11 8 71 47 91 126 16 87 116 86
8595 12 8 124 58 100 68 109 115 76 101
8595 13 8 49 24 65 121 115 64 85 75
8595 14 8 28 62 58 27 56 52 112 118
8595 15 8 35 115 78 113 76 98 56 57
8595 16 8 67 20 123 29 43 36 79 59
8595 17 8 91 84 97 14 113 20 30 71
8595 18 8 40 19 72 86 32 9 79 13
8595 19 8 97 103 34 117 124 90 111 87
8595 20 8 24 117 43 55 51 39 120 49
8595 21 8 112 27 37 51 93 77 54 33
8595 22 8 120 101 104 37 62 107 65 95
8595 23 8 71 47 87 126 68 16 116 97
8595 24 8 124 76 58 68 115 12 100 120
8595 25 8 49 24 115 64 85 121 65 75
8595 26 8 62 28 27 58 112 118 25 45
8595 27 8 115 78 113 4 76 35 98 46
8595 28 8 67 20 123 36 43 59 121 126
8595 29 8 84 91 97 113 20 14 126 71
8595 30 8 19 32 40 13 72 102 59 123
8595 31 8 103 97 117 111 90 124 34 27
8595 32 8 24 51 117 55 49 43 39 120
8595 33 8 27 48 54 51 61 112 30 93
8595 34 8 37 101 120 104 65 86 45 83
8595 35 8 71 126 87 47 97 34 46 110
8595 36 8 68 120 121 124 119 100 58 82
8595 37 8 49 24 121 55 115 99 70 107
8595 38 8 62 28 112 118 96 25 82 58
8595 39 8 115 98 113 4 53 54 76 57
8595 40 8 123 67 20 59 36 121 43 23
8595 41 8 91 84 97 14 71 20 113 117
8595 42 8 46 101 28 65 34 103 93 5
8595 43 8 40 4 9 51 105 54 20 117
8595 44 8 13 21 71 18 36 68 54 106
8595 45 8 100 103 56 84 111 104 66 34
8595 46 8 47 67 8 114 44 75 31 51
8595 47 8 34 117 126 59 26 32 24 114
279 0 8 106 61 57 24 103 110 50 71
279 1 8 91 48 9 26 20 25 98 105
279 2 8 90 122 62 126 92 66 123 45
279 3 8 11 120 43 122 7 97 65 0
279 4 8 63 4 39 111 36 105 86 54
279 5 8 105 51 70 117 122 85 111 27
279 6 8 40 32 72 123 111 80 19 86
279 7 8 97 103 117 90 124 111 72 114
279 8 8 28 24 51 49 117 43 83 1
279 9 8 27 48 51 32 105 61 112 95
279 10 8 23 101 44 65 110 104 59 45
279 11 8 91 47 109 87 126 71 13 106
279 12 8 68 120 124 29 109 47 5 112
279 13 8 49 115 66 55 113 99 65 85
279 14 8 105 56 118 16 84 27 45 101
279 15 8 115 78 113 4 76 57 98 72
279 16 8 119 12 67 43 36 123 51 32
279 17 8 91 35 2 20 84 126 66 115
279 18 8 19 40 72 32 108 50 123 98
279 19 8 97 103 111 124 122 90 117 27
279 20 8 117 55 28 24 49 51 1 50
279 21 8 27 93 105 48 88 72 32 30
279 22 8 37 101 120 104 44 83 125 110
279 23 8 109 91 87 47 71 34 13 126
279 24 8 124 120 68 47 91 121 115 109
279 25 8 49 66 113 55 7 89 115 85
279 26 8 105 25 16 118 56 101 45 82
279 27 8 115 113 78 4 42 53 46 57
279 28 8 12 119 67 36 123 59 126 43
279 29 8 91 35 2 126 113 20 32 115
279 30 8 19 32 40 13 72 102 47 59
279 31 8 97 103 117 27 124 111 90 113
279 32 8 117 28 55 24 49 51 43 120
279 33 8 27 32 61 30 48 54 72 78
279 34 8 104 110 101 100 65 37 123 86
279 35 8 109 126 116 87 34 47 13 71
279 36 8 47 120 124 68 121 119 95 115
279 37 8 49 66 113 70 99 55 7 115
279 38 8 105 16 118 112 25 96 82 84
279 39 8 113 115 98 4 53 76 104 57
279 40 8 12 67 119 59 43 36 126 21
279 41 8 35 91 2 66 71 20 113 126
279 42 8 27 102 46 34 93 103 18 54
279 43 8 40 29 9 51 105 20 54 117
279 44 8 21 68 48 18 36 20 106 123
279 45 8 100 56 103 84 111 66 20 58
279 46 8 47 8 114 44 115 31 75 67
279 47 8 36 120 126 59 66 47 123 26
1973 0 8 12 23 112 36 41 28 83 105
1973 1 8 48 29 16 85 7 59 114 26
1973 2 8 50 59 76 66 126 68 96 86
1973 3 8 43 40 122 92 62 0 121 77
1973 4 8 36 27 4 116 54 1 21 103
1973 5 8 117 48 30 122 85 90 54 14
1973 6 8 40 32 19 123 72 80 102 92
1973 7 8 97 103 117 124 90 111 105 122
1973 8 8 49 7 6 43 55 117 20 120
1973 9 8 27 32 88 93 75 112 51 40
1973 10 8 22 110 109 101 95 86 45 104
1973 11 8 91 116 114 126 16 41 94 71
1973 12 8 38 124 58 101 76 29 109 80
1973 13 8 115 41 85 123 109 65 99 57
1973 14 8 47 56 16 18 25 52 101 45
1973 15 8 78 20 113 76 35 107 90 33
1973 16 8 29 77 67 6 36 110 114 58
1973 17 8 115 91 64 0 65 117 63 61
1973 18 8 19 40 123 32 72 7 102 50
1973 19 8 97 103 111 55 117 122 124 67
1973 20 8 117 49 55 6 7 27 43 120
1973 21 8 27 40 112 88 93 32 72 30
1973 22 8 109 110 104 22 101 86 44 65
1973 23 8 114 97 91 116 42 126 34 68
1973 24 8 0 38 103 101 109 124 25 115
1973 25 8 123 41 57 109 115 85 7 70
1973 26 8 47 18 25 60 56 16 36 45
1973 27 8 113 20 78 46 90 107 42 53
1973 28 8 29 77 6 67 110 44 36 59
1973 29 8 115 91 64 0 65 113 63 84
1973 30 8 19 118 32 40 72 123 115 9
1973 31 8 103 97 117 27 34 124 43 111
1973 32 8 117 55 20 49 27 43 39 6
1973 33 8 32 27 112 40 54 88 62 41
1973 34 8 110 109 95 65 86 104 22 37
1973 35 8 116 114 97 126 42 16 71 46
1973 36 8 38 0 58 25 124 103 101 119
1973 37 8 41 123 109 115 57 70 64 7
1973 38 8 47 18 60 112 25 111 52 7
1973 39 8 107 20 113 76 90 53 78 35
1973 40 8 29 77 67 110 44 6 59 36
1973 41 8 115 0 64 65 91 63 84 113
1973 42 8 90 49 126 46 59 75 34 20
1973 43 8 125 74 47 40 121 2 9 8
1973 44 8 110 21 23 13 80 18 3 33
1973 45 8 47 76 83 84 100 56 87 34
1973 46 8 96 10 47 45 1 82 124 123
1973 47 8 11 31 127 121 90 114 27 15
315 0 8 68 107 31 81 69 66 118 93
315 1 8 75 85 83 59 34 115 29 60
315 2 8 59 123 117 66 126 50 69 68
315 3 8 10 43 122 12 62 5 121 79
315 4 8 111 91 4 116 105 54 77 39
315 5 8 117 111 54 30 122 90 70 85
315 6 8 19 123 80 32 40 86 72 13
315 7 8 103 97 117 34 124 90 111 114
315 8 8 28 51 49 39 43 55 117 83
315 9 8 43 51 48 112 27 88 93 61
315 10 8 101 23 22 110 14 44 86 104
315 11 8 102 47 13 116 91 110 126 10
315 12 8 120 68 109 115 57 124 47 25
315 13 8 85 121 55 115 65 99 107 7
315 14 8 84 28 27 118 58 101 56 13
315 15 8 115 113 4 78 76 35 56 33
315 16 8 20 121 67 43 36 6 91 98
315 17 8 97 115 14 91 126 113 20 45
315 18 8 19 40 32 13 72 123 102 86
315 19 8 97 103 72 124 117 90 111 67
315 20 8 28 117 55 49 51 43 39 27
315 21 8 48 27 43 77 112 51 88 105
315 22 8 101 22 104 120 14 110 123 37
315 23 8 102 13 47 110 71 91 126 10
315 24 8 120 47 124 68 109 115 69 78
315 25 8 85 55 121 115 49 7 79 107
315 26 8 84 118 25 27 28 82 13 96
315 27 8 115 113 4 78 112 46 37 42
315 28 8 121 20 67 36 59 43 64 51
315 29 8 91 126 115 97 14 113 20 45
315 30 8 19 40 32 13 98 72 7 102
315 31 8 97 124 27 103 117 113 90 122
315 32 8 28 117 55 49 43 14 39 7
315 33 8 27 43 48 30 51 61 72 54
315 34 8 101 104 65 86 123 100 14 22
315 35 8 102 13 126 47 116 34 10 50
315 36 8 47 68 120 124 119 69 43 121
315 37 8 85 121 99 55 107 49 79 70
315 38 8 84 118 112 96 25 28 82 36
315 39 8 113 53 115 4 78 76 69 37
315 40 8 67 121 20 59 36 43 84 126
315 41 8 91 113 14 97 45 71 126 20
315 42 8 41 46 101 34 65 103 93 54
315 43 8 40 4 9 51 20 54 105 117
315 44 8 21 71 18 36 68 20 54 98
315 45 8 100 103 84 56 104 66 111 125
315 46 8 47 67 8 114 44 75 115 91
315 47 8 34 117 126 59 99 36 66 47
5424 0 8 57 23 41 112 36 30 125 105
5424 1 8 60 59 85 90 75 68 115 29
5424 2 8 76 67 115 44 66 96 59 6
5424 3 8 92 70 43 50 109 40 44 104
5424 4 8 36 27 38 4 10 21 5 1
5424 5 8 54 48 10 87 117 14 85 122
5424 6 8 40 72 32 118 19 80 69 102
5424 7 8 97 103 90 124 117 122 55 105
5424 8 8 20 49 14 7 10 43 63 120
5424 9 8 27 30 51 41 75 93 77 61
5424 10 8 104 70 109 22 45 44 111 100
5424 11 8 15 116 91 42 64 117 76 126
5424 12 8 109 101 57 0 115 38 108 62
5424 13 8 85 57 36 41 123 86 109 115
5424 14 8 45 18 56 25 60 46 13 36
5424 15 8 20 107 113 53 66 122 19 42
5424 16 8 67 110 77 29 109 64 108 36
5424 17 8 91 64 0 63 65 115 23 52
5424 18 8 19 40 98 72 32 5 47 123
5424 19 8 124 97 103 2 90 55 117 27
5424 20 8 20 49 55 27 117 7 43 93
5424 21 8 27 30 75 41 51 61 77 40
5424 22 8 109 70 104 22 111 45 103 100
5424 23 8 64 116 42 117 6 91 15 76
5424 24 8 0 101 109 38 57 121 115 124
5424 25 8 57 41 36 123 109 85 115 7
5424 26 8 60 18 25 45 7 56 36 112
5424 27 8 20 113 107 78 90 37 53 35
5424 28 8 108 77 67 110 44 29 59 36
5424 29 8 91 63 65 0 64 113 71 115
5424 30 8 19 32 40 118 72 123 102 80
5424 31 8 97 117 103 34 124 2 27 43
5424 32 8 117 27 20 55 43 49 14 39
5424 33 8 41 27 54 112 62 61 72 88
5424 34 8 70 65 104 86 95 22 109 101
5424 35 8 126 42 116 97 71 22 117 114
5424 36 8 38 0 58 25 101 119 109 124
5424 37 8 36 41 57 123 109 115 70 95
5424 38 8 60 18 112 25 111 7 52 71
5424 39 8 20 107 76 113 90 53 35 78
5424 40 8 29 77 44 110 67 108 59 109
5424 41 8 0 65 64 63 84 91 115 71
5424 42 8 126 49 25 75 46 20 90 59
5424 43 8 40 47 125 121 8 9 49 127
5424 44 8 110 13 21 80 18 11 33 3
5424 45 8 47 84 83 100 5 56 87 34
5424 46 8 10 1 47 45 124 82 123 75
5424 47 8 11 31 90 127 27 121 15 59
979 0 8 120 13 2 69 93 31 61 0
979 1 8 83 53 58 76 26 41 95 91
979 2 8 116 122 117 65 66 68 50 10
979 3 8 64 106 89 10 12 26 43 65
979 4 8 91 102 79 76 105 111 4 86
979 5 8 111 125 117 30 108 70 90 82
979 6 8 19 123 10 32 80 109 40 86
979 7 8 95 117 97 103 72 34 124 111
979 8 8 27 109 43 49 39 117 120 14
979 9 8 43 112 62 88 27 93 52 48
979 10 8 123 101 62 23 83 65 120 17
979 11 8 58 126 47 71 86 91 106 13
979 12 8 120 68 58 36 124 69 100 104
979 13 8 121 79 115 55 95 65 64 6
979 14 8 28 58 79 118 101 7 56 112
979 15 8 78 34 113 35 76 103 100 4
979 16 8 15 20 55 67 36 114 124 121
979 17 8 91 45 97 48 69 15 113 17
979 18 8 19 40 9 123 79 32 72 86
979 19 8 97 95 117 72 34 103 124 90
979 20 8 117 39 43 27 55 109 49 120
979 21 8 43 27 112 62 54 37 48 72
979 22 8 123 101 104 120 65 125 44 62
979 23 8 58 47 126 71 111 13 91 86
979 24 8 120 69 68 124 104 76 36 100
979 25 8 79 121 55 115 85 107 65 64
979 26 8 28 7 79 101 118 58 112 56
979 27 8 4 113 34 78 103 112 53 90
979 28 8 55 67 20 15 59 36 126 114
979 29 8 91 45 97 113 69 48 71 15
979 30 8 19 32 40 13 102 115 50 21
979 31 8 97 117 124 95 27 103 69 90
979 32 8 117 109 55 39 14 43 63 49
979 33 8 27 43 54 72 48 62 77 61
979 34 8 101 123 104 83 40 65 74 107
979 35 8 126 111 58 47 67 71 34 19
979 36 8 36 51 120 68 74 124 119 104
979 37 8 79 121 115 99 55 70 107 77
979 38 8 7 28 79 112 118 25 101 36
979 39 8 113 4 103 34 53 78 115 112
979 40 8 20 67 55 59 36 15 121 84
979 41 8 91 45 69 97 48 113 71 20
979 42 8 37 101 46 59 103 34 54 7
979 43 8 40 4 9 51 54 20 81 117
979 44 8 18 73 21 36 71 68 37 106
979 45 8 100 56 84 103 104 35 94 66
979 46 8 47 67 82 44 84 75 68 8
979 47 8 34 117 126 32 59 27 79 124
807 0 8 103 104 71 2 14 41 89 118
807 1 8 9 3 76 116 58 2 46 62
807 2 8 100 122 10 51 92 66 7 114
807 3 8 64 106 10 39 93 112 43 12
807 4 8 23 105 102 4 79 63 40 86
807 5 8 107 108 47 111 30 70 71 85
807 6 8 19 79 123 32 80 40 72 86
807 7 8 2 95 117 97 124 103 72 90
807 8 8 109 64 49 117 27 14 43 39
807 9 8 62 43 30 27 88 112 77 104
807 10 8 123 101 70 40 103 23 35 86
807 11 8 111 8 47 79 91 58 126 86
807 12 8 26 36 51 76 53 68 124 118
807 13 8 36 115 79 95 99 2 55 65
807 14 8 7 80 79 118 101 56 22 21
807 15 8 78 60 34 90 113 69 53 102
807 16 8 55 15 67 60 11 36 7 114
807 17 8 15 91 52 113 46 45 115 125
807 18 8 19 123 40 32 13 9 55 102
807 19 8 97 2 124 103 95 27 96 117
807 20 8 117 55 49 64 124 120 14 93
807 21 8 27 77 30 43 62 72 37 88
807 22 8 70 103 101 123 104 120 37 44
807 23 8 111 58 126 47 19 91 64 4
807 24 8 51 26 11 36 124 120 47 101
807 25 8 95 36 2 79 85 115 7 55
807 26 8 7 80 79 101 36 25 118 37
807 27 8 60 90 78 113 34 53 37 69
807 28 8 67 55 11 15 60 7 84 126
807 29 8 15 113 91 52 46 115 71 53
807 30 8 19 32 40 102 115 50 13 21
807 31 8 2 124 27 117 97 96 103 69
807 32 8 117 64 55 109 14 43 39 49
807 33 8 27 72 43 77 54 62 61 37
807 34 8 103 104 101 70 40 107 35 119
807 35 8 111 126 86 8 19 64 46 79
807 36 8 51 26 53 80 36 74 118 124
807 37 8 2 36 77 115 70 75 95 7
807 38 8 80 7 112 79 25 36 21 101
807 39 8 60 113 53 90 78 76 69 62
807 40 8 55 15 67 7 60 59 11 84
807 41 8 52 46 113 91 15 115 71 85
807 42 8 37 125 59 73 46 7 34 38
807 43 8 12 40 19 49 9 20 8 51
807 44 8 45 88 99 21 18 33 36 92
807 45 8 17 46 84 112 56 104 58 100
807 46 8 29 84 30 47 39 105 88 7
807 47 8 52 108 6 111 35 95 59 71
525 0 8 16 104 111 53 22 89 118 51
525 1 8 107 34 76 3 77 116 20 42
525 2 8 14 100 10 66 7 51 65 62
525 3 8 76 64 105 25 93 1 106 10
525 4 8 23 105 102 4 22 118 110 86
525 5 8 108 107 80 34 27 47 70 114
525 6 8 19 40 32 72 7 80 13 55
525 7 8 87 117 95 103 124 97 90 72
525 8 8 64 117 39 49 43 27 55 120
525 9 8 62 94 112 27 43 37 72 88
525 10 8 23 101 40 70 14 123 104 102
525 11 8 111 126 8 47 91 86 36 79
525 12 8 53 36 51 68 26 112 11 76
525 13 8 75 115 79 36 95 99 65 43
525 14 8 7 80 118 79 58 101 56 112
525 15 8 60 78 113 34 90 4 53 100
525 16 8 40 15 67 7 36 114 11 60
525 17 8 15 52 91 53 113 45 117 97
525 18 8 19 40 55 32 9 123 13 7
525 19 8 124 97 87 95 117 90 103 72
525 20 8 117 55 64 49 43 120 39 124
525 21 8 27 43 94 62 77 37 105 72
525 22 8 101 123 104 14 70 40 120 37
525 23 8 47 111 126 91 86 71 58 116
525 24 8 68 51 53 36 120 124 69 11
525 25 8 55 85 79 75 95 107 36 115
525 26 8 80 7 118 101 45 112 79 28
525 27 8 60 113 4 78 34 90 53 100
525 28 8 40 67 15 7 59 126 11 114
525 29 8 91 52 15 113 53 71 45 97
525 30 8 19 32 40 102 50 115 21 13
525 31 8 87 124 117 97 27 90 96 118
525 32 8 117 64 55 63 43 49 119 14
525 33 8 94 27 72 54 43 61 62 77
525 34 8 104 83 101 14 40 70 65 107
525 35 8 126 111 86 71 34 19 46 47
525 36 8 53 51 36 80 100 82 68 74
525 37 8 75 44 70 7 115 107 99 65
525 38 8 7 112 80 25 79 58 118 36
525 39 8 113 60 53 78 62 90 76 123
525 40 8 40 67 15 7 59 126 36 84
525 41 8 52 91 53 113 15 71 117 31
525 42 8 37 125 59 73 46 54 34 103
525 43 8 51 40 9 54 20 57 105 81
525 44 8 21 45 37 18 36 123 0 33
525 45 8 56 100 104 112 46 84 121 35
525 46 8 47 82 39 105 124 84 44 29
525 47 8 108 52 35 90 19 95 27 59
24758 0 8 62 12 126 29 77 3 67 36
24758 1 8 78 11 76 91 114 123 20 71
24758 2 8 69 66 119 121 44 15 67 36
24758 3 8 1 43 65 76 105 11 44 122
24758 4 8 105 39 74 4 10 36 102 21
24758 5 8 108 48 80 70 117 30 85 71
24758 6 8 19 40 32 118 55 72 80 102
24758 7 8 117 87 97 90 103 124 122 0
24758 8 8 27 24 43 49 6 63 14 117
24758 9 8 27 94 62 112 52 93 88 72
24758 10 8 95 101 120 40 104 86 70 37
24758 11 8 111 91 126 68 71 16 114 79
24758 12 8 38 36 76 53 119 51 101 80
24758 13 8 115 123 95 109 24 75 36 85
24758 14 8 7 62 18 56 60 36 112 13
24758 15 8 20 113 78 53 107 62 90 35
24758 16 8 77 29 67 111 114 23 36 123
24758 17 8 91 0 84 65 63 113 17 117
24758 18 8 19 55 32 40 102 50 103 98
24758 19 8 97 122 27 87 124 103 117 55
24758 20 8 27 117 24 6 55 49 63 93
24758 21 8 27 40 62 41 77 72 93 121
24758 22 8 120 37 104 101 44 88 40 72
24758 23 8 68 91 97 114 71 111 19 42
24758 24 8 51 103 38 25 0 36 101 53
24758 25 8 123 109 89 95 57 24 115 18
24758 26 8 7 60 18 62 71 13 25 36
24758 27 8 20 54 113 78 107 46 53 90
24758 28 8 111 44 77 67 29 23 123 126
24758 29 8 84 0 91 65 113 63 32 53
24758 30 8 19 118 32 55 40 102 115 50
24758 31 8 117 97 27 103 69 124 87 96
24758 32 8 117 27 24 55 63 6 20 49
24758 33 8 41 40 27 72 94 54 62 77
24758 34 8 37 120 124 104 40 95 101 33
24758 35 8 97 68 71 126 114 111 19 42
24758 36 8 38 25 53 51 101 103 74 36
24758 37 8 123 109 95 24 70 115 49 7
24758 38 8 18 62 112 7 111 25 46 21
24758 39 8 107 20 113 54 53 78 76 46
24758 40 8 77 29 44 111 67 23 59 114
24758 41 8 65 84 0 63 113 91 71 85
24758 42 8 75 126 20 28 55 46 34 103
24758 43 8 121 47 8 40 9 2 20 100
24758 44 8 110 13 80 21 3 33 18 60
24758 45 8 47 83 5 84 87 100 56 119
24758 46 8 1 10 45 47 123 96 44 71
24758 47 8 11 31 127 90 82 27 15 14
11 0 8 65 44 26 59 114 73 83 48
11 1 8 50 94 18 124 26 34 33 104
11 2 8 84 88 53 49 10 62 67 93
11 3 8 89 6 122 32 31 37 85 11
11 4 8 124 106 76 79 85 40 44 95
11 5 8 125 61 42 66 85 35 30 21
11 6 8 83 105 8 123 32 80 72 19
11 7 8 103 117 49 97 34 90 124 115
11 8 8 84 43 121 49 6 63 50 68
11 9 8 112 9 110 88 62 117 27 93
11 10 8 62 61 101 105 65 97 37 86
11 11 8 71 126 49 61 94 91 24 41
11 12 8 124 58 99 15 76 100 115 119
11 13 8 115 6 64 28 15 95 49 65
11 14 8 20 48 58 52 56 90 36 101
11 15 8 85 35 78 76 113 96 98 56
11 16 8 124 67 8 108 114 15 79 36
11 17 8 72 91 19 117 69 17 113 30
11 18 8 19 40 105 32 72 123 8 50
11 19 8 97 34 49 103 117 90 124 111
11 20 8 117 43 84 55 49 121 27 68
11 21 8 112 110 9 27 88 54 61 62
11 22 8 101 105 61 62 104 37 65 120
11 23 8 24 61 126 49 91 71 41 127
11 24 8 99 124 15 58 115 119 74 109
11 25 8 6 15 28 115 64 70 21 79
11 26 8 20 48 90 56 112 52 17 11
11 27 8 85 35 113 76 101 78 60 10
11 28 8 124 108 8 67 15 60 59 36
11 29 8 91 19 72 15 113 69 117 53
11 30 8 105 32 40 19 72 83 123 80
11 31 8 97 49 103 117 34 112 27 111
11 32 8 117 121 43 84 63 49 55 39
11 33 8 112 9 110 125 27 117 88 54
11 34 8 73 61 105 104 65 101 53 62
11 35 8 26 24 61 49 23 126 122 71
11 36 8 99 58 15 124 107 9 30 119
11 37 8 6 115 15 28 79 80 21 70
11 38 8 20 48 112 111 80 10 52 86
11 39 8 85 76 78 23 35 101 113 60
11 40 8 8 67 108 124 15 36 59 84
11 41 8 72 15 19 53 69 91 117 52
11 42 8 39 126 7 74 46 73 34 31
11 43 8 19 40 77 43 49 88 9 51
11 44 8 45 0 53 18 21 88 37 73
11 45 8 84 112 46 100 17 56 35 10
11 46 8 39 105 123 47 82 84 124 30
11 47 8 52 95 35 73 90 32 109 126
773 0 8 63 21 125 2 120 116 32 103
773 1 8 58 23 53 26 6 83 95 99
773 2 8 84 88 8 54 122 116 93 53
773 3 8 64 91 2 16 89 38 26 87
773 4 8 124 76 25 79 106 48 44 22
773 5 8 82 47 125 34 61 22 8 102
773 6 8 83 110 105 30 42 10 123 52
773 7 8 34 98 50 49 60 103 117 97
773 8 8 84 43 109 106 121 36 59 46
773 9 8 112 9 117 110 45 22 8 43
773 10 8 62 23 61 73 39 101 113 74
773 11 8 9 26 58 61 98 71 69 79
773 12 8 124 58 15 12 97 104 52 74
773 13 8 6 98 21 79 28 64 115 23
773 14 8 79 48 28 27 52 8 58 90
773 15 8 35 103 85 76 87 95 113 78
773 16 8 124 15 55 67 45 123 73 33
773 17 8 72 69 117 91 48 45 97 85
773 18 8 30 123 40 8 32 42 83 86
773 19 8 34 97 50 103 98 117 49 60
773 20 8 43 39 117 36 84 106 109 49
773 21 8 112 117 9 27 110 45 62 43
773 22 8 101 62 74 104 61 108 105 107
773 23 8 47 61 49 126 58 98 0 24
773 24 8 124 58 104 12 99 15 76 68
773 25 8 6 79 21 115 98 28 64 65
773 26 8 79 28 48 27 58 39 118 112
773 27 8 35 113 103 78 4 85 76 56
773 28 8 67 15 124 55 36 59 20 84
773 29 8 91 97 69 113 117 48 45 71
773 30 8 19 32 40 123 105 80 72 42
773 31 8 97 117 103 34 27 49 50 43
773 32 8 117 43 39 49 109 55 63 106
773 33 8 112 27 45 54 62 110 9 88
773 34 8 101 104 74 65 123 61 62 105
773 35 8 67 126 61 49 26 46 47 24
773 36 8 124 58 99 15 119 104 12 52
773 37 8 98 6 115 79 21 28 16 121
773 38 8 79 48 28 112 25 52 10 118
773 39 8 103 76 23 87 113 78 85 53
773 40 8 67 124 36 55 59 20 73 45
773 41 8 72 48 69 91 71 113 97 19
773 42 8 64 37 46 101 31 34 36 75
773 43 8 40 77 81 9 117 20 51 4
773 44 8 73 18 21 53 36 0 113 68
773 45 8 100 84 94 56 103 104 15 66
773 46 8 47 67 44 84 82 38 68 75
773 47 8 117 34 32 126 27 73 79 57
429 0 8 84 103 2 80 47 93 14 74
429 1 8 23 58 83 3 116 123 19 41
429 2 8 122 7 117 116 100 10 84 9
429 3 8 64 26 91 38 39 16 112 29
429 4 8 91 79 124 22 56 76 48 86
429 5 8 47 82 107 111 34 102 2 70
429 6 8 123 30 42 110 10 19 111 32
429 7 8 34 50 103 98 95 117 60 97
429 8 8 109 39 43 36 106 27 49 5
429 9 8 112 45 43 88 22 52 48 62
429 10 8 101 23 83 74 62 102 73 123
429 11 8 67 47 58 9 8 26 79 126
429 12 8 124 58 68 104 52 100 12 80
429 13 8 79 98 121 21 115 65 6 64
429 14 8 28 79 27 58 52 118 56 101
429 15 8 35 103 76 78 113 87 4 60
429 16 8 15 67 55 20 124 60 36 119
429 17 8 45 91 69 48 97 117 15 113
429 18 8 40 19 32 123 72 102 50 13
429 19 8 97 103 34 117 50 95 27 124
429 20 8 117 43 39 109 55 49 106 27
429 21 8 112 27 43 88 62 72 45 37
429 22 8 101 104 74 107 62 44 120 22
429 23 8 47 91 58 126 67 71 87 86
429 24 8 124 68 76 58 80 52 12 115
429 25 8 79 115 121 21 98 6 65 7
429 26 8 27 28 79 56 118 112 25 52
429 27 8 78 113 103 4 53 35 42 57
429 28 8 67 55 15 36 20 59 126 124
429 29 8 91 97 48 113 117 69 45 71
429 30 8 19 40 32 123 72 59 115 102
429 31 8 97 117 103 43 27 124 111 34
429 32 8 117 109 39 55 49 43 63 79
429 33 8 27 54 61 112 48 45 88 72
429 34 8 101 104 100 123 65 74 83 119
429 35 8 126 67 46 91 19 47 58 34
429 36 8 124 58 80 114 119 104 12 120
429 37 8 98 115 6 121 79 70 55 16
429 38 8 79 28 27 112 118 25 48 7
429 39 8 53 113 103 4 76 115 78 23
429 40 8 67 124 59 55 20 36 114 73
429 41 8 91 69 48 97 71 113 20 45
429 42 8 64 46 37 101 34 103 93 31
429 43 8 51 40 9 77 4 20 81 54
429 44 8 21 18 73 36 53 71 68 33
429 45 8 104 84 100 56 103 94 66 111
429 46 8 47 67 44 8 82 68 84 114
429 47 8 34 117 126 32 27 73 124 79
279 0 8 106 57 103 71 110 16 14 74
279 1 8 9 48 3 95 116 126 72 11
279 2 8 90 122 7 100 10 92 114 11
279 3 8 39 112 91 64 43 114 29 32
279 4 8 63 50 23 56 110 65 107 114
279 5 8 51 105 47 107 85 102 8 108
279 6 8 123 32 19 80 13 110 72 40
279 7 8 117 97 103 95 90 50 111 124
279 8 8 109 43 39 49 28 83 117 106
279 9 8 112 32 27 88 45 61 48 37
279 10 8 23 101 102 123 104 59 86 83
279 11 8 47 109 9 67 126 111 91 79
279 12 8 124 68 58 114 120 25 80 29
279 13 8 66 115 65 99 113 55 107 98
279 14 8 16 105 118 52 56 27 21 58
279 15 8 72 35 103 113 76 4 78 115
279 16 8 119 67 55 12 36 15 60 43
279 17 8 91 2 20 35 117 66 45 48
279 18 8 19 40 32 123 72 9 50 102
279 19 8 97 103 27 124 122 95 117 111
279 20 8 117 55 49 39 109 43 28 24
279 21 8 27 112 32 88 48 62 37 77
279 22 8 101 100 74 123 107 104 86 37
279 23 8 109 47 87 91 126 19 10 79
279 24 8 124 80 12 68 114 120 76 100
279 25 8 66 115 113 107 98 55 16 79
279 26 8 105 56 118 16 25 21 101 52
279 27 8 72 113 103 78 115 4 53 42
279 28 8 12 67 55 119 36 59 126 123
279 29 8 91 35 2 113 126 117 20 32
279 30 8 19 40 32 13 72 123 102 115
279 31 8 97 27 117 43 124 103 95 111
279 32 8 117 55 109 49 28 43 79 39
279 33 8 27 32 61 48 54 30 72 88
279 34 8 100 123 104 101 88 83 65 44
279 35 8 109 126 19 91 34 67 47 46
279 36 8 114 120 80 121 124 68 82 119
279 37 8 66 113 107 70 99 115 55 7
279 38 8 105 16 118 112 25 21 36 7
279 39 8 72 113 115 53 4 76 69 98
279 40 8 12 119 67 59 36 55 43 126
279 41 8 91 2 35 71 66 20 113 117
279 42 8 27 102 46 93 34 18 103 124
279 43 8 40 29 9 51 20 105 54 65
279 44 8 21 18 36 48 68 123 3 20
279 45 8 100 56 84 58 104 20 66 111
279 46 8 47 44 8 114 68 31 75 101
279 47 8 36 120 126 59 47 124 22 123
1429 0 8 34 63 126 7 68 21 51 17
1429 1 8 99 48 16 116 23 75 9 95
1429 2 8 90 8 70 54 66 9 50 100
1429 3 8 77 112 43 93 37 44 39 117
1429 4 8 87 50 22 10 56 86 21 105
1429 5 8 90 105 54 24 85 34 108 30
1429 6 8 19 40 32 123 55 110 80 13
1429 7 8 103 117 97 124 111 27 90 122
1429 8 8 4 39 49 14 43 50 83 117
1429 9 8 112 88 27 33 77 72 62 32
1429 10 8 101 100 33 88 23 37 86 80
1429 11 8 50 79 47 114 91 117 122 19
1429 12 8 25 114 58 76 118 124 57 112
1429 13 8 113 115 65 66 102 99 107 89
1429 14 8 64 118 82 16 21 52 49 96
1429 15 8 72 54 35 33 113 115 37 111
1429 16 8 51 7 55 67 36 114 60 40
1429 17 8 91 126 2 20 35 117 113 52
1429 18 8 19 55 40 123 32 72 9 108
1429 19 8 97 103 122 27 124 111 95 117
1429 20 8 117 4 49 55 39 79 50 120
1429 21 8 27 33 62 88 113 112 77 72
1429 22 8 101 100 110 33 15 37 44 86
1429 23 8 50 19 47 79 91 114 126 10
1429 24 8 114 124 76 51 12 68 120 36
1429 25 8 113 102 66 85 107 77 55 7
1429 26 8 82 64 7 118 25 21 87 56
1429 27 8 72 33 113 54 37 53 115 87
1429 28 8 7 67 51 40 55 36 114 119
1429 29 8 126 91 113 2 35 32 20 117
1429 30 8 32 19 55 40 115 102 13 59
1429 31 8 97 27 117 124 95 96 103 105
1429 32 8 117 4 55 50 79 49 64 39
1429 33 8 33 27 62 61 30 72 32 54
1429 34 8 33 100 88 101 104 110 15 37
1429 35 8 50 126 30 19 79 116 34 114
1429 36 8 114 118 51 124 29 80 32 36
1429 37 8 102 89 45 66 120 70 127 107
1429 38 8 87 82 64 7 112 25 21 118
1429 39 8 37 113 87 53 54 72 33 69
1429 40 8 40 51 7 67 100 126 59 84
1429 41 8 126 91 113 53 117 92 71 2
1429 42 8 98 73 37 86 46 38 34 55
1429 43 8 40 20 81 51 16 54 9 127
1429 44 8 21 37 5 36 33 68 123 18
1429 45 8 20 100 56 104 84 66 121 34
1429 46 8 47 44 51 82 124 84 21 75
1429 47 8 99 27 26 94 90 35 52 59
5926 0 8 63 77 17 67 51 120 87 105
5926 1 8 16 113 99 23 48 59 11 89
5926 2 8 65 121 8 54 90 66 70 49
5926 3 8 121 43 93 77 112 10 65 97
5926 4 8 87 10 50 36 22 105 14 86
5926 5 8 90 71 97 30 122 34 14 108
5926 6 8 19 40 55 32 115 13 123 80
5926 7 8 117 103 97 124 90 111 27 55
5926 8 8 4 49 117 50 43 14 27 39
5926 9 8 62 27 88 51 112 30 77 15
5926 10 8 100 33 101 104 15 44 88 51
5926 11 8 91 19 114 50 79 126 122 75
5926 12 8 114 76 101 59 51 29 80 115
5926 13 8 102 115 89 107 99 113 85 65
5926 14 8 87 82 21 80 7 64 118 101
5926 15 8 33 54 78 72 53 37 90 113
5926 16 8 51 114 40 7 111 55 67 28
5926 17 8 91 52 15 126 125 35 113 92
5926 18 8 55 115 19 40 32 123 72 7
5926 19 8 97 124 27 103 122 90 117 55
5926 20 8 117 4 55 49 50 27 120 79
5926 21 8 27 62 88 77 40 33 72 32
5926 22 8 33 15 100 44 37 119 127 101
5926 23 8 91 50 114 19 79 97 116 126
5926 24 8 51 114 36 25 29 101 32 76
5926 25 8 102 89 7 85 127 113 18 115
5926 26 8 87 64 82 7 101 80 69 46
5926 27 8 33 72 54 113 90 37 87 78
5926 28 8 40 13 51 111 126 67 7 59
5926 29 8 91 113 52 92 126 32 15 46
5926 30 8 55 115 32 19 40 102 13 50
5926 31 8 97 124 117 27 104 103 55 122
5926 32 8 117 4 55 49 50 93 119 63
5926 33 8 27 33 30 61 54 72 40 62
5926 34 8 33 88 100 104 15 127 51 40
5926 35 8 126 81 50 79 114 34 19 116
5926 36 8 51 114 36 25 80 59 29 7
5926 37 8 102 89 70 127 7 2 18 107
5926 38 8 87 7 64 68 82 25 112 118
5926 39 8 113 37 53 54 33 87 46 72
5926 40 8 67 40 100 51 111 59 126 13
5926 41 8 91 113 11 92 52 126 53 71
5926 42 8 38 37 86 59 46 34 73 98
5926 43 8 16 40 51 20 9 54 105 57
5926 44 8 21 37 18 36 45 5 98 99
5926 45 8 100 104 56 121 84 46 112 35
5926 46 8 47 82 39 105 51 124 29 84
5926 47 8 26 52 108 35 95 27 126 90
1483 0 8 7 29 126 116 62 97 111 120
1483 1 8 113 11 78 76 52 91 116 46
1483 2 8 121 49 90 15 67 66 119 23
1483 3 8 93 43 121 77 11 65 44 104
1483 4 8 10 87 50 36 21 9 1 105
1483 5 8 48 90 97 102 30 85 14 122
1483 6 8 40 55 19 32 102 72 118 21
1483 7 8 124 117 103 97 90 27 122 55
1483 8 8 4 50 27 43 49 14 117 24
1483 9 8 51 27 62 30 77 112 88 40
1483 10 8 100 51 33 104 37 88 101 85
1483 11 8 114 91 19 50 68 126 79 81
1483 12 8 38 101 103 76 57 115 29 98
1483 13 8 115 109 102 123 89 99 31 7
1483 14 8 87 46 21 82 18 56 62 19
1483 15 8 54 113 37 115 72 53 78 20
1483 16 8 111 13 51 67 114 29 77 93
1483 17 8 91 126 113 0 26 46 62 63
1483 18 8 55 40 103 19 115 32 50 98
1483 19 8 55 97 124 27 122 90 103 96
1483 20 8 117 4 50 55 49 27 24 120
1483 21 8 40 27 77 62 41 121 39 30
1483 22 8 37 100 51 15 33 110 44 71
1483 23 8 114 19 68 91 22 73 81 34
1483 24 8 38 25 103 51 101 0 124 29
1483 25 8 123 109 7 89 62 85 57 31
1483 26 8 87 18 46 71 25 60 64 82
1483 27 8 72 37 113 46 20 54 53 115
1483 28 8 111 13 67 44 60 93 51 126
1483 29 8 91 126 46 26 113 84 36 92
1483 30 8 55 19 40 118 32 115 102 5
1483 31 8 97 55 103 117 27 122 96 124
1483 32 8 117 50 4 49 55 79 20 63
1483 33 8 27 30 40 62 54 88 39 72
1483 34 8 100 33 124 37 104 51 88 15
1483 35 8 97 114 73 50 126 68 19 22
1483 36 8 12 103 25 80 51 82 7 98
1483 37 8 102 70 18 127 62 7 16 113
1483 38 8 87 71 25 64 112 46 118 96
1483 39 8 37 113 53 46 60 78 54 126
1483 40 8 111 67 60 51 13 55 59 93
1483 41 8 36 91 46 126 15 113 71 84
1483 42 8 125 86 98 46 34 28 38 103
1483 43 8 12 16 40 19 8 49 9 20
1483 44 8 21 88 99 13 45 18 36 33
1483 45 8 17 84 100 56 112 46 35 103
1483 46 8 47 30 29 81 45 75 51 84
1483 47 8 26 127 111 21 15 126 31 59
374 0 8 104 16 107 53 22 111 118 11
374 1 8 107 34 86 53 113 62 76 58
374 2 8 14 116 87 100 9 66 84 50
374 3 8 76 89 121 93 37 13 59 105
374 4 8 23 74 118 0 105 40 102 76
374 5 8 90 80 107 71 125 30 102 122
374 6 8 19 123 42 13 127 32 40 110
374 7 8 87 50 103 117 97 60 124 26
374 8 8 64 39 49 50 43 117 27 35
374 9 8 94 112 32 62 27 88 101 30
374 10 8 101 100 14 23 83 107 80 102
374 11 8 86 122 9 126 47 111 91 8
374 12 8 53 58 12 124 76 80 57 125
374 13 8 75 44 115 95 16 61 107 2
374 14 8 80 79 21 73 118 101 52 82
374 15 8 60 35 113 78 111 37 126 22
374 16 8 40 15 60 7 67 36 11 114
374 17 8 15 52 53 91 117 113 97 126
374 18 8 19 13 40 55 72 123 9 115
374 19 8 87 50 97 103 124 111 117 27
374 20 8 117 64 55 39 50 27 49 43
374 21 8 94 27 112 62 88 105 30 32
374 22 8 101 100 104 14 33 107 86 44
374 23 8 86 19 47 126 91 122 46 114
374 24 8 53 12 76 124 80 121 7 115
374 25 8 44 75 16 21 95 115 7 64
374 26 8 80 118 21 25 79 56 101 87
374 27 8 60 78 113 4 53 42 57 35
374 28 8 40 67 15 7 60 36 126 11
374 29 8 91 15 52 53 113 117 97 115
374 30 8 19 13 40 32 72 123 102 14
374 31 8 97 87 117 111 103 27 124 69
374 32 8 117 64 55 39 49 50 43 63
374 33 8 27 94 61 54 62 30 88 112
374 34 8 100 104 101 65 107 14 83 44
374 35 8 86 126 19 46 91 122 67 34
374 36 8 53 12 121 80 95 9 115 58
374 37 8 75 115 44 21 7 70 107 2
374 38 8 80 112 25 79 21 52 118 58
374 39 8 60 113 78 53 76 35 57 71
374 40 8 40 7 15 67 60 59 36 126
374 41 8 53 91 52 15 117 113 71 85
374 42 8 125 37 55 73 46 59 34 7
374 43 8 40 8 81 51 9 20 43 49
374 44 8 80 21 37 45 18 54 33 36
374 45 8 112 100 84 46 20 56 35 47
374 46 8 47 82 124 105 39 44 45 84
374 47 8 90 27 35 52 95 126 32 34
518 0 8 93 69 107 0 31 101 61 68
518 1 8 76 83 86 113 19 91 75 3
518 2 8 37 116 66 68 117 94 67 69
518 3 8 1 76 43 106 93 41 44 37
518 4 8 102 0 103 74 111 91 105 44
518 5 8 90 80 111 30 71 100 2 102
518 6 8 19 40 123 32 72 14 109 55
518 7 8 72 97 103 111 117 124 26 90
518 8 8 27 64 49 39 99 28 47 43
518 9 8 105 27 94 101 88 43 30 112
518 10 8 14 100 101 107 118 2 44 80
518 11 8 58 86 76 19 15 122 47 91
518 12 8 69 12 53 71 80 58 112 76
518 13 8 44 75 95 121 107 24 115 7
518 14 8 101 118 21 28 78 73 82 56
518 15 8 100 34 112 113 4 57 126 115
518 16 8 40 20 121 67 36 79 123 33
518 17 8 51 91 97 14 53 45 86 115
518 18 8 72 40 9 123 19 32 92 13
518 19 8 72 97 111 87 124 103 83 90
518 20 8 27 117 64 55 39 49 99 124
518 21 8 105 27 94 88 61 112 101 86
518 22 8 14 101 100 83 65 104 44 107
518 23 8 86 47 58 91 19 34 126 10
518 24 8 69 12 121 53 68 95 120 80
518 25 8 107 44 121 7 55 75 95 115
518 26 8 101 118 28 25 56 21 45 87
518 27 8 100 34 4 57 113 42 115 53
518 28 8 40 121 67 20 36 126 4 123
518 29 8 91 51 97 14 32 45 61 113
518 30 8 40 72 19 32 14 69 13 21
518 31 8 97 111 72 117 103 107 87 27
518 32 8 117 27 49 55 64 63 99 28
518 33 8 105 27 61 30 54 94 88 28
518 34 8 100 14 104 101 65 83 2 120
518 35 8 86 126 58 19 34 46 71 10
518 36 8 69 121 60 95 53 120 36 12
518 37 8 107 7 121 44 79 70 55 24
518 38 8 101 21 118 28 25 112 84 51
518 39 8 100 34 113 53 57 115 76 4
518 40 8 121 20 67 36 40 59 126 84
518 41 8 91 45 51 97 14 61 71 113
518 42 8 75 55 46 101 65 34 119 38
518 43 8 65 4 40 51 20 81 9 117
518 44 8 21 54 71 36 113 18 33 68
518 45 8 100 20 56 84 66 34 89 45
518 46 8 47 67 44 77 19 68 31 117
518 47 8 55 34 117 27 32 126 79 112
279 0 8 106 57 18 103 127 110 123 121
279 1 8 48 126 116 46 9 62 60 91
279 2 8 90 68 66 92 69 122 114 7
279 3 8 106 43 93 76 21 12 39 91
279 4 8 102 63 111 89 44 95 86 40
279 5 8 51 71 105 90 85 30 111 8
279 6 8 40 32 19 72 14 13 59 92
279 7 8 97 117 72 111 103 124 90 83
279 8 8 27 28 49 99 117 50 83 81
279 9 8 105 27 107 61 34 30 51 32
279 10 8 100 101 14 2 44 59 23 80
279 11 8 109 91 19 22 13 58 15 47
279 12 8 69 121 120 29 47 60 125 11
279 13 8 66 99 89 115 107 113 55 65
279 14 8 118 105 56 22 21 101 25 45
279 15 8 100 34 113 76 4 115 61 15
279 16 8 12 67 119 36 21 28 120 59
279 17 8 91 35 23 2 51 54 113 126
279 18 8 40 19 108 72 50 32 21 5
279 19 8 97 90 111 122 55 103 117 107
279 20 8 117 49 1 55 81 7 50 52
279 21 8 27 61 93 121 105 75 78 88
279 22 8 65 104 44 100 83 66 71 51
279 23 8 34 91 109 67 19 46 94 126
279 24 8 95 121 10 29 20 124 82 44
279 25 8 89 7 99 66 27 22 105 70
279 26 8 45 120 25 56 118 105 101 21
279 27 8 113 42 100 34 123 103 78 76
279 28 8 67 12 119 21 126 59 36 93
279 29 8 91 32 72 51 113 71 23 90
279 30 8 40 72 19 32 47 21 50 80
279 31 8 97 117 111 90 107 92 124 122
279 32 8 117 49 43 7 63 9 1 55
279 33 8 27 61 32 54 105 72 30 93
279 34 8 65 104 100 66 33 14 101 7
279 35 8 109 34 4 94 126 46 19 41
279 36 8 121 69 92 95 119 80 60 115
279 37 8 66 7 20 113 70 107 105 44
279 38 8 105 16 101 118 21 25 112 45
279 39 8 100 34 113 115 53 57 4 15
279 40 8 12 119 67 59 126 36 21 84
279 41 8 91 35 2 51 61 66 45 71
279 42 8 102 27 55 46 38 34 93 75
279 43 8 65 40 29 51 20 54 9 105
279 44 8 21 36 48 68 18 123 91 92
279 45 8 100 20 56 66 84 105 58 111
279 46 8 47 44 8 114 77 19 101 4
279 47 8 36 120 59 126 112 22 47 7
4065 0 8 87 124 41 21 28 36 34 79
4065 1 8 48 16 60 59 7 116 103 75
4065 2 8 68 66 112 76 52 69 50 126
4065 3 8 43 93 106 76 21 1 77 121
4065 4 8 102 36 4 87 27 71 1 116
4065 5 8 48 71 14 90 30 85 50 108
4065 6 8 40 19 72 32 21 50 98 109
4065 7 8 111 97 117 124 103 90 55 27
4065 8 8 27 81 49 117 120 119 63 43
4065 9 8 105 27 41 61 51 88 28 30
4065 10 8 100 2 15 44 40 101 104 33
4065 11 8 91 104 122 19 76 86 114 97
4065 12 8 38 121 76 101 32 108 103 36
4065 13 8 74 115 102 109 123 95 70 7
4065 14 8 101 64 18 56 21 46 45 25
4065 15 8 54 100 20 33 34 113 15 57
4065 16 8 77 29 67 58 40 79 36 21
4065 17 8 91 0 65 61 63 86 32 64
4065 18 8 40 19 72 50 69 32 102 14
4065 19 8 111 97 55 90 124 103 122 107
4065 20 8 117 27 81 49 55 4 120 7
4065 21 8 105 27 61 30 78 88 41 86
4065 22 8 15 100 44 2 65 104 93 33
4065 23 8 91 19 34 94 97 114 118 46
4065 24 8 121 95 103 38 101 55 82 36
4065 25 8 7 123 22 89 74 109 102 70
4065 26 8 64 18 101 46 25 56 45 22
4065 27 8 20 54 100 113 42 107 57 46
4065 28 8 44 67 77 29 36 101 53 109
4065 29 8 61 91 0 65 63 32 54 36
4065 30 8 40 118 19 72 32 47 13 50
4065 31 8 97 111 55 117 103 124 83 92
4065 32 8 27 117 49 81 55 70 43 4
4065 33 8 41 27 105 32 40 61 54 30
4065 34 8 15 100 33 127 104 124 65 2
4065 35 8 97 94 42 19 46 126 114 34
4065 36 8 38 121 101 103 25 0 55 80
4065 37 8 123 109 41 7 70 74 57 102
4065 38 8 18 46 64 101 25 52 112 22
4065 39 8 107 20 54 113 53 22 57 78
4065 40 8 77 29 44 67 108 59 110 126
4065 41 8 65 0 63 61 54 91 113 122
4065 42 8 8 126 55 49 20 46 90 75
4065 43 8 111 47 65 40 8 121 80 75
4065 44 8 110 21 23 84 11 80 92 127
4065 45 8 100 76 47 83 7 84 87 45
4065 46 8 1 123 47 71 10 45 51 109
4065 47 8 11 31 127 121 82 15 14 114
11 0 8 65 44 26 59 73 114 66 18
11 1 8 50 94 103 124 18 26 34 2
11 2 8 88 84 53 49 93 54 41 67
11 3 8 93 6 89 21 76 122 31 91
11 4 8 76 106 79 102 124 40 48 85
11 5 8 125 42 61 71 66 8 90 30
11 6 8 105 83 19 8 123 80 72 40
11 7 8 49 103 97 117 111 34 124 50
11 8 8 84 121 49 117 27 43 50 2
11 9 8 88 112 110 9 27 117 105 11
11 10 8 101 61 73 105 100 62 59 37
11 11 8 61 49 122 26 91 111 126 24
11 12 8 58 15 99 124 107 12 76 29
11 13 8 6 115 28 95 80 74 15 64
11 14 8 20 48 101 73 52 25 21 111
11 15 8 85 113 76 35 38 22 57 122
11 16 8 8 124 108 67 36 93 58 40
11 17 8 72 91 19 69 117 113 29 23
11 18 8 40 105 32 72 123 19 50 83
11 19 8 97 49 103 34 117 111 124 90
11 20 8 117 84 27 43 121 49 55 50
11 21 8 110 9 27 112 88 54 117 62
11 22 8 105 61 101 65 73 104 2 33
11 23 8 61 24 49 26 126 91 71 127
11 24 8 99 15 95 124 121 107 115 58
11 25 8 6 15 80 28 115 64 77 70
11 26 8 20 48 25 52 56 101 90 87
11 27 8 85 113 60 42 22 78 61 35
11 28 8 8 108 124 67 36 60 15 126
11 29 8 19 91 72 118 113 69 53 15
11 30 8 105 19 40 32 83 72 123 80
11 31 8 49 97 103 117 112 111 27 124
11 32 8 117 121 84 49 55 66 43 27
11 33 8 110 9 125 112 27 98 88 62
11 34 8 73 61 105 65 100 56 90 101
11 35 8 24 26 49 61 23 126 46 19
11 36 8 99 107 15 58 79 121 23 3
11 37 8 6 118 80 15 115 28 79 70
11 38 8 20 10 48 52 112 25 86 111
11 39 8 85 101 53 78 113 76 23 35
11 40 8 108 8 67 124 36 15 59 114
11 41 8 72 19 69 53 15 91 113 71
11 42 8 39 68 46 7 126 74 24 31
11 43 8 77 40 49 88 8 19 20 100
11 44 8 53 0 21 73 37 92 45 18
11 45 8 84 100 94 7 56 20 46 45
11 46 8 123 47 82 84 124 38 105 75
11 47 8 109 90 73 95 32 27 126 52
323 0 8 83 120 63 93 31 97 21 107
323 1 8 8 41 26 23 34 42 103 124
323 2 8 84 88 53 67 93 54 92 62
323 3 8 64 89 6 2 29 93 76 39
323 4 8 76 79 106 124 48 85 25 44
323 5 8 42 47 125 61 82 96 8 22
323 6 8 105 83 19 123 42 108 32 50
323 7 8 49 95 103 97 117 34 124 111
323 8 8 66 84 121 43 49 109 2 47
323 9 8 98 9 112 110 88 27 62 104
323 10 8 73 101 61 83 23 102 59 90
323 11 8 26 9 61 49 111 126 122 4
323 12 8 107 79 58 11 15 124 29 104
323 13 8 6 118 80 98 115 65 64 28
323 14 8 79 10 48 118 101 87 52 55
323 15 8 85 23 103 57 22 113 102 87
323 16 8 8 124 36 67 15 55 40 28
323 17 8 19 69 91 97 126 90 72 15
323 18 8 13 19 40 9 123 72 32 126
323 19 8 97 95 103 111 49 124 117 107
323 20 8 117 66 49 39 84 55 43 124
323 21 8 98 27 9 88 112 110 51 37
323 22 8 73 101 100 90 65 61 105 104
323 23 8 26 47 126 61 49 19 91 46
323 24 8 107 121 124 80 79 115 12 76
323 25 8 80 6 118 115 64 28 107 21
323 26 8 10 79 118 48 25 21 56 52
323 27 8 85 103 113 53 57 22 78 4
323 28 8 8 124 36 67 55 20 126 15
323 29 8 91 19 97 69 126 113 90 48
323 30 8 19 40 13 32 105 72 123 69
323 31 8 97 49 43 95 117 111 124 27
323 32 8 117 49 66 55 79 84 121 43
323 33 8 27 98 9 88 110 112 62 30
323 34 8 100 73 90 101 61 65 104 105
323 35 8 26 126 49 61 24 1 19 46
323 36 8 107 79 99 121 15 23 30 80
323 37 8 6 80 118 115 28 98 70 7
323 38 8 10 48 79 25 112 118 21 7
323 39 8 85 53 113 103 115 78 69 71
323 40 8 8 67 124 55 36 20 59 114
323 41 8 91 19 69 48 113 90 71 97
323 42 8 68 21 64 46 34 7 101 31
323 43 8 40 88 77 20 51 100 9 117
323 44 8 36 21 0 18 73 53 33 68
323 45 8 104 56 100 20 84 66 94 111
323 46 8 47 67 44 68 114 8 75 19
323 47 8 117 34 32 126 73 27 124 59
279 0 8 106 57 103 110 71 127 48 118
279 1 8 8 9 48 95 42 34 3 109
279 2 8 90 122 53 11 7 92 10 112
279 3 8 29 39 64 94 56 112 80 109
279 4 8 63 79 83 50 23 40 56 89
279 5 8 51 96 105 47 42 85 8 27
279 6 8 19 123 32 108 43 72 111 59
279 7 8 95 97 117 103 124 90 111 104
279 8 8 109 49 50 117 66 43 28 83
279 9 8 32 98 27 79 112 88 30 61
279 10 8 107 101 73 23 123 100 59 102
279 11 8 109 69 1 26 91 9 65 126
279 12 8 107 29 25 11 121 79 30 71
279 13 8 66 118 115 113 99 65 74 55
279 14 8 10 105 118 16 21 101 56 14
279 15 8 72 23 103 115 4 113 57 78
279 16 8 119 12 55 67 36 40 33 51
279 17 8 90 2 91 35 126 20 113 75
279 18 8 19 40 32 9 72 13 7 123
279 19 8 97 95 124 43 27 103 111 122
279 20 8 117 55 49 28 109 81 50 79
279 21 8 27 32 48 98 77 88 30 39
279 22 8 100 73 101 123 14 90 51 48
279 23 8 109 1 19 47 26 87 10 91
279 24 8 107 121 124 80 120 114 123 68
279 25 8 66 113 115 118 55 7 107 31
279 26 8 105 10 118 21 16 25 7 56
279 27 8 72 115 53 4 113 42 78 105
279 28 8 12 119 67 36 55 51 126 40
279 29 8 91 126 35 2 90 113 32 115
279 30 8 40 19 13 32 72 115 102 50
279 31 8 97 27 43 95 124 117 107 111
279 32 8 117 49 55 79 81 28 109 50
279 33 8 27 32 61 30 77 88 72 51
279 34 8 100 19 101 73 104 123 14 83
279 35 8 1 109 19 126 26 46 10 34
279 36 8 107 114 30 121 80 60 51 120
279 37 8 66 107 113 115 7 70 80 55
279 38 8 105 10 16 118 25 112 21 7
279 39 8 72 113 53 115 69 4 34 71
279 40 8 119 12 67 59 126 114 4 36
279 41 8 91 2 90 35 66 113 71 117
279 42 8 27 68 46 102 34 38 55 18
279 43 8 40 29 20 9 65 51 105 54
279 44 8 36 21 48 18 68 3 98 123
279 45 8 100 56 104 20 84 66 58 111
279 46 8 47 44 68 8 114 75 101 31
279 47 8 36 120 126 22 124 47 66 59
3245 0 8 63 34 17 41 2 21 68 118
3245 1 8 48 99 8 23 16 59 75 3
3245 2 8 90 24 8 66 70 54 50 9
3245 3 8 29 77 93 43 112 37 97 44
3245 4 8 87 50 83 22 23 10 56 86
3245 5 8 96 90 71 43 47 54 14 24
3245 6 8 19 40 55 32 72 21 123 18
3245 7 8 97 43 103 117 124 122 90 27
3245 8 8 4 49 117 50 79 35 119 126
3245 9 8 27 33 88 112 79 62 24 77
3245 10 8 107 100 33 101 85 15 44 37
3245 11 8 1 50 91 69 122 19 114 79
3245 12 8 25 123 30 29 118 67 101 76
3245 13 8 102 115 113 7 119 108 120 89
3245 14 8 82 64 10 87 21 16 92 56
3245 15 8 33 37 72 87 111 113 90 38
3245 16 8 51 40 114 33 7 67 36 28
3245 17 8 91 126 113 52 46 117 124 15
3245 18 8 55 19 32 40 123 72 115 13
3245 19 8 43 97 124 27 95 103 96 111
3245 20 8 117 4 49 55 50 79 27 81
3245 21 8 27 33 62 88 77 79 30 32
3245 22 8 100 15 33 127 2 51 37 101
3245 23 8 1 19 50 79 114 9 91 46
3245 24 8 25 67 123 121 57 35 22 80
3245 25 8 18 102 63 89 113 115 127 95
3245 26 8 64 82 87 21 46 7 73 25
3245 27 8 33 37 87 72 90 60 78 118
3245 28 8 51 40 100 7 114 60 11 13
3245 29 8 91 126 46 92 122 124 115 53
3245 30 8 55 13 40 115 32 19 72 118
3245 31 8 97 43 124 27 55 36 95 111
3245 32 8 117 4 55 50 49 64 79 18
3245 33 8 33 27 62 51 79 47 77 61
3245 34 8 33 100 23 25 127 15 37 119
3245 35 8 1 114 50 9 79 19 126 22
3245 36 8 67 123 25 12 43 101 121 51
3245 37 8 102 89 18 16 115 63 95 127
3245 38 8 82 87 64 7 52 46 21 11
3245 39 8 33 37 53 87 113 60 69 71
3245 40 8 60 40 67 33 51 114 100 6
3245 41 8 36 46 126 53 91 113 15 117
3245 42 8 73 68 125 8 86 46 77 59
3245 43 8 16 40 12 100 8 49 81 20
3245 44 8 5 37 99 80 88 21 33 3
3245 45 8 20 104 56 84 100 47 17 83
3245 46 8 47 44 51 81 124 82 45 10
3245 47 8 99 26 90 27 127 31 11 111
374 0 8 104 16 107 53 111 11 120 0
374 1 8 107 113 34 23 86 98 89 57
374 2 8 14 116 87 100 9 54 66 50
374 3 8 76 29 93 112 121 38 89 13
374 4 8 83 23 0 74 40 118 25 76
374 5 8 90 80 96 107 71 54 34 58
374 6 8 19 42 123 110 72 13 32 40
374 7 8 87 103 50 97 95 43 124 117
374 8 8 64 49 39 35 79 123 50 14
374 9 8 94 27 88 32 112 45 51 30
374 10 8 107 100 101 80 33 14 16 119
374 11 8 1 122 69 8 86 19 91 33
374 12 8 53 30 123 118 80 58 121 29
374 13 8 95 75 44 115 16 98 78 77
374 14 8 10 80 82 21 79 64 101 25
374 15 8 60 37 111 87 23 33 113 57
374 16 8 40 7 67 15 60 36 79 33
374 17 8 91 15 53 52 117 122 113 124
374 18 8 19 72 40 13 32 123 9 55
374 19 8 43 97 50 124 87 111 27 122
374 20 8 117 55 49 64 79 27 50 81
374 21 8 27 105 88 94 79 62 112 37
374 22 8 100 33 15 101 14 73 51 37
374 23 8 1 19 46 86 92 114 91 79
374 24 8 121 53 12 7 30 80 123 90
374 25 8 95 16 44 115 7 75 27 102
374 26 8 80 101 21 56 79 25 118 82
374 27 8 60 78 113 34 37 42 53 4
374 28 8 40 7 67 60 4 11 15 36
374 29 8 91 53 52 15 113 97 32 61
374 30 8 13 40 19 32 72 14 123 69
374 31 8 97 124 111 87 43 50 117 107
374 32 8 117 64 55 49 27 39 81 18
374 33 8 27 105 94 61 62 51 30 37
374 34 8 100 19 107 101 2 65 104 14
374 35 8 1 46 86 126 19 92 122 91
374 36 8 121 53 12 30 80 60 95 118
374 37 8 44 115 75 2 21 7 16 70
374 38 8 80 10 79 21 25 112 11 52
374 39 8 113 78 60 53 57 76 71 116
374 40 8 40 7 67 15 60 59 36 126
374 41 8 53 91 15 52 113 90 85 71
374 42 8 68 55 125 37 73 46 59 34
374 43 8 40 8 20 81 56 51 100 117
374 44 8 80 37 21 18 54 33 36 45
374 45 8 100 84 56 112 46 47 20 121
374 46 8 47 82 124 45 105 39 44 84
374 47 8 90 27 52 95 35 54 126 108
518 0 8 93 69 107 0 31 101 61 111
518 1 8 83 76 113 86 23 3 57 91
518 2 8 37 116 68 117 66 69 94 67
518 3 8 1 76 43 106 93 29 121 41
518 4 8 102 83 103 0 111 74 91 40
518 5 8 90 111 96 80 71 30 58 49
518 6 8 19 40 72 123 14 32 109 92
518 7 8 72 97 103 111 124 117 107 43
518 8 8 27 18 49 64 39 99 81 28
518 9 8 105 27 51 101 88 107 43 69
518 10 8 107 14 100 101 59 102 118 3
518 11 8 1 86 58 91 122 19 69 15
518 12 8 71 69 53 30 121 112 12 29
518 13 8 95 44 115 121 97 107 24 59
518 14 8 10 101 21 118 28 56 78 25
518 15 8 100 34 57 122 23 33 78 102
518 16 8 40 121 67 20 36 100 91 79
518 17 8 91 51 97 53 14 124 90 45
518 18 8 72 40 19 14 9 32 92 123
518 19 8 97 72 111 124 43 83 95 103
518 20 8 117 27 55 49 64 81 124 50
518 21 8 105 27 61 88 39 86 14 4
518 22 8 14 100 101 48 3 59 84 44
518 23 8 1 19 58 86 91 75 46 47
518 24 8 69 121 20 11 12 120 111 91
518 25 8 95 107 121 7 55 97 44 105
518 26 8 101 118 21 25 56 10 78 45
518 27 8 100 34 105 118 115 42 57 112
518 28 8 20 121 40 49 67 36 32 4
518 29 8 91 51 61 32 14 97 12 53
518 30 8 40 72 13 19 14 32 98 69
518 31 8 111 97 72 107 124 92 83 36
518 32 8 18 117 49 27 81 99 55 63
518 33 8 105 27 61 28 30 88 4 101
518 34 8 100 14 19 2 3 96 118 107
518 35 8 1 58 19 10 86 46 34 13
518 36 8 69 121 60 36 111 32 30 90
518 37 8 107 121 79 7 44 24 70 55
518 38 8 101 10 118 21 25 28 112 84
518 39 8 100 34 113 115 53 57 116 76
518 40 8 20 67 121 36 40 126 59 79
518 41 8 51 45 91 97 14 61 90 80
518 42 8 55 68 75 101 46 65 34 119
518 43 8 65 40 4 69 20 51 2 100
518 44 8 113 21 54 71 92 33 84 36
518 45 8 100 20 56 34 31 66 124 127
518 46 8 67 47 110 35 99 19 13 18
518 47 8 55 79 0 19 27 61 119 118
279 0 8 106 57 18 103 127 110 121 123
279 1 8 48 126 113 9 116 46 62 103
279 2 8 68 90 122 69 92 66 70 114
279 3 8 106 43 21 93 76 12 39 80
279 4 8 102 83 63 111 119 29 89 100
279 5 8 51 8 71 105 103 85 17 64
279 6 8 44 40 80 32 8 27 56 111
279 7 8 9 97 59 71 88 117 31 3
279 8 8 116 26 57 38 42 65 3 117
279 9 8 27 21 64 105 10 38 54 114
279 10 8 53 56 66 98 112 58 26 59
279 11 8 125 109 96 37 21 51 127 7
279 12 8 56 50 115 119 96 4 79 8
279 13 8 66 42 124 23 25 115 58 0
279 14 8 52 118 90 71 88 22 56 112
279 15 8 76 4 113 61 42 22 46 123
279 16 8 21 119 67 64 50 120 59 93
279 17 8 91 35 23 71 100 2 92 66
279 18 8 40 45 80 108 32 19 21 72
279 19 8 90 97 0 71 117 19 122 7
279 20 8 117 49 43 1 7 63 50 96
279 21 8 27 61 29 54 75 114 112 121
279 22 8 66 51 65 104 83 71 21 0
279 23 8 67 51 34 127 100 21 113 109
279 24 8 95 10 111 17 119 44 29 124
279 25 8 99 66 112 89 25 70 82 20
279 26 8 120 112 45 117 90 56 66 88
279 27 8 97 123 76 114 66 113 62 125
279 28 8 21 31 67 93 119 59 64 120
279 29 8 91 72 23 71 90 32 110 25
279 30 8 40 45 80 72 21 32 113 108
279 31 8 0 90 71 97 117 56 9 23
279 32 8 63 9 7 43 96 49 117 123
279 33 8 27 75 54 114 61 117 29 32
279 34 8 104 65 66 0 7 21 125 113
279 35 8 4 34 109 51 113 39 17 126
279 36 8 92 119 111 95 74 125 9 22
279 37 8 20 97 66 104 52 7 59 70
279 38 8 105 101 16 91 45 125 121 7
279 39 8 100 34 7 57 115 113 102 15
279 40 8 12 119 67 115 64 101 79 126
279 41 8 91 90 35 61 51 2 66 80
279 42 8 68 102 27 55 46 38 34 124
279 43 8 65 40 29 54 51 20 6 75
279 44 8 68 21 48 36 18 92 22 116
279 45 8 100 20 66 121 56 58 104 124
279 46 8 47 19 77 44 8 13 61 117
279 47 8 36 120 22 126 112 7 66 26
835 0 8 116 7 80 87 28 41 36 124
835 1 8 48 60 16 23 7 113 103 59
835 2 8 68 112 8 66 54 65 52 50
835 3 8 93 76 106 43 1 21 121 77
835 4 8 102 105 87 4 36 83 103 119
835 5 8 71 48 96 14 30 90 43 85
835 6 8 40 19 72 88 32 123 21 109
835 7 8 97 111 103 117 90 124 122 43
835 8 8 27 81 49 117 7 50 120 52
835 9 8 27 51 41 105 79 88 61 93
835 10 8 100 15 102 107 3 104 33 44
835 11 8 1 91 19 94 122 92 118 81
835 12 8 38 108 101 121 57 80 103 58
835 13 8 115 74 95 102 109 123 41 7
835 14 8 18 56 101 21 81 64 46 25
835 15 8 122 20 33 100 107 34 113 15
835 16 8 6 77 29 67 44 54 40 58
835 17 8 91 0 65 61 63 86 32 11
835 18 8 40 72 88 19 50 21 32 102
835 19 8 97 55 111 43 90 122 124 103
835 20 8 117 49 81 27 55 50 7 1
835 21 8 27 105 61 93 79 41 88 40
835 22 8 15 65 100 104 44 51 3 2
835 23 8 1 94 91 34 97 19 114 92
835 24 8 121 38 103 108 90 55 95 101
835 25 8 7 22 123 109 115 74 89 95
835 26 8 56 18 64 25 101 46 45 22
835 27 8 20 78 122 113 33 42 100 107
835 28 8 44 77 6 67 108 29 28 126
835 29 8 91 0 63 65 61 32 113 54
835 30 8 40 118 88 19 72 32 21 69
835 31 8 97 117 55 124 43 90 27 111
835 32 8 27 117 49 55 63 83 43 20
835 33 8 27 41 79 61 112 105 32 62
835 34 8 65 104 15 100 95 33 102 124
835 35 8 1 92 94 42 97 46 126 114
835 36 8 38 0 3 58 67 121 80 25
835 37 8 109 123 57 41 95 115 74 102
835 38 8 18 101 46 64 60 52 47 25
835 39 8 107 20 78 76 113 35 53 69
835 40 8 77 29 108 44 6 67 110 114
835 41 8 65 0 63 115 61 64 91 11
835 42 8 8 126 49 75 55 20 59 46
835 43 8 47 8 121 72 94 40 65 125
835 44 8 110 80 21 11 84 23 33 37
835 45 8 47 83 87 7 76 5 100 84
835 46 8 1 123 10 124 45 71 82 37
835 47 8 11 31 127 90 82 14 15 121
382 0 8 65 53 100 1 73 98 69 31
382 1 8 18 94 119 127 5 82 10 15
382 2 8 84 80 38 88 57 93 39 40
382 3 8 6 16 31 41 89 124 75 2
382 4 8 124 106 115 76 85 111 48 44
382 5 8 8 61 125 66 9 37 22 64
382 6 8 83 105 8 78 56 80 52 12
382 7 8 112 49 34 101 75 9 71 16
382 8 8 84 121 65 116 46 9 103 59
382 9 8 117 9 110 125 112 54 104 119
382 10 8 56 105 61 53 112 97 98 39
382 11 8 125 61 49 24 127 7 37 23
382 12 8 96 99 15 56 116 97 104 79
382 13 8 19 28 6 15 23 58 118 73
382 14 8 17 90 20 48 100 86 88 104
382 15 8 101 85 10 70 123 76 16 103
382 16 8 39 124 73 8 17 81 65 103
382 17 8 21 42 19 69 99 1 91 48
382 18 8 83 105 8 78 80 56 30 34
382 19 8 112 49 34 9 75 71 101 3
382 20 8 84 121 65 116 43 46 57 9
382 21 8 125 9 117 110 54 112 27 104
382 22 8 105 61 56 53 78 112 98 65
382 23 8 61 125 24 49 23 37 127 7
382 24 8 99 96 15 56 97 116 65 79
382 25 8 58 6 15 23 19 28 73 118
382 26 8 17 100 20 90 48 86 117 88
382 27 8 85 101 10 70 76 123 103 127
382 28 8 124 81 8 73 39 45 17 65
382 29 8 21 42 19 1 48 69 91 71
382 30 8 105 78 83 80 8 30 52 56
382 31 8 112 49 34 101 75 9 71 117
382 32 8 65 121 43 84 116 46 57 63
382 33 8 125 9 117 110 118 59 114 104
382 34 8 78 105 56 61 53 112 39 65
382 35 8 125 61 24 23 49 37 127 7
382 36 8 99 96 15 97 56 116 79 63
382 37 8 58 15 19 28 23 6 118 25
382 38 8 17 100 90 20 48 86 107 112
382 39 8 101 10 70 85 103 76 23 95
382 40 8 81 73 124 17 45 8 65 67
382 41 8 42 21 48 69 19 18 71 113
382 42 8 31 64 6 32 114 56 54 36
382 43 8 71 77 88 31 40 78 43 20
382 44 8 53 90 73 31 0 107 121 98
382 45 8 84 101 94 2 27 100 1 32
382 46 8 34 38 11 84 97 103 75 91
382 47 8 73 105 125 20 2 101 126 86
3983 0 8 2 50 63 21 75 103 60 34
3983 1 8 23 6 58 3 125 41 95 26
3983 2 8 84 8 93 54 88 47 32 53
3983 3 8 16 4 64 107 38 124 2 39
3983 4 8 124 56 25 48 58 76 104 86
3983 5 8 82 68 47 61 22 13 8 126
3983 6 8 83 30 42 8 52 110 105 80
3983 7 8 95 51 34 49 98 60 110 31
3983 8 8 36 84 116 46 103 109 106 121
3983 9 8 9 65 127 110 1 117 118 52
3983 10 8 113 39 112 53 61 64 105 73
3983 11 8 61 125 107 26 98 9 127 67
3983 12 8 63 97 15 104 116 107 75 79
3983 13 8 76 23 98 21 6 73 28 64
3983 14 8 79 48 88 90 8 34 17 75
3983 15 8 95 85 76 103 56 18 51 10
3983 16 8 45 124 65 73 7 8 17 55
3983 17 8 69 48 19 17 91 71 97 59
3983 18 8 83 30 8 80 42 52 105 110
3983 19 8 95 34 51 49 60 9 98 31
3983 20 8 36 43 46 84 116 121 109 3
3983 21 8 117 65 9 110 127 118 112 45
3983 22 8 113 112 53 39 61 105 13 62
3983 23 8 26 61 122 49 37 8 89 24
3983 24 8 116 97 104 63 99 15 107 79
3983 25 8 98 76 21 6 23 28 73 64
3983 26 8 79 90 88 48 8 10 111 75
3983 27 8 76 85 10 95 35 103 56 23
3983 28 8 124 45 73 8 84 55 67 65
3983 29 8 19 69 117 97 71 91 48 17
3983 30 8 80 42 30 110 105 102 52 32
3983 31 8 0 34 95 117 49 98 97 9
3983 32 8 43 36 109 63 84 121 39 46
3983 33 8 117 59 112 65 9 127 45 110
3983 34 8 113 39 119 112 61 104 53 123
3983 35 8 67 61 122 49 37 24 98 0
3983 36 8 99 74 63 97 15 116 104 30
3983 37 8 76 98 23 6 28 21 77 10
3983 38 8 79 48 90 112 88 34 107 8
3983 39 8 23 76 95 103 85 123 56 10
3983 40 8 124 73 45 67 8 17 65 59
3983 41 8 69 19 71 48 113 17 91 18
3983 42 8 32 64 31 54 37 7 74 36
3983 43 8 77 40 43 88 9 20 89 78
3983 44 8 53 0 18 73 121 45 98 21
3983 45 8 84 1 94 27 100 32 46 103
3983 46 8 84 38 82 75 91 6 47 114
3983 47 8 73 117 32 126 95 111 35 34
1246 0 8 2 13 80 21 50 18 63 61
1246 1 8 23 58 3 72 95 8 83 116
1246 2 8 122 47 9 15 93 117 100 72
1246 3 8 112 2 38 64 29 16 39 59
1246 4 8 56 48 22 124 25 104 47 86
1246 5 8 13 82 34 22 47 126 102 68
1246 6 8 30 42 110 52 80 8 79 56
1246 7 8 51 34 110 98 60 95 31 3
1246 8 8 109 36 46 116 103 43 57 3
1246 9 8 10 65 1 127 38 118 52 99
1246 10 8 74 112 113 107 39 23 64 122
1246 11 8 9 67 82 98 107 37 127 69
1246 12 8 104 116 97 63 75 79 71 5
1246 13 8 77 42 98 76 21 73 64 16
1246 14 8 8 79 88 34 80 6 75 10
1246 15 8 90 95 56 76 18 103 23 60
1246 16 8 55 45 15 65 73 17 89 33
1246 17 8 69 15 85 48 52 97 116 17
1246 18 8 30 42 52 110 79 80 64 8
1246 19 8 34 51 60 9 31 98 110 87
1246 20 8 36 46 109 43 116 39 3 103
1246 21 8 117 10 65 45 118 112 22 127
1246 22 8 113 74 112 39 53 107 62 108
1246 23 8 8 89 37 0 82 98 107 69
1246 24 8 116 104 97 63 43 75 100 118
1246 25 8 21 42 98 77 73 75 64 76
1246 26 8 8 79 88 28 90 58 39 10
1246 27 8 90 76 56 4 35 95 10 23
1246 28 8 45 55 15 84 73 65 67 20
1246 29 8 85 69 97 17 15 117 71 116
1246 30 8 30 80 42 52 110 32 56 86
1246 31 8 34 98 103 117 60 97 9 0
1246 32 8 43 36 109 116 39 46 63 103
1246 33 8 10 117 112 118 59 45 104 65
1246 34 8 74 113 112 53 62 107 45 108
1246 35 8 8 37 98 67 89 69 82 0
1246 36 8 97 43 116 30 9 118 104 124
1246 37 8 42 77 98 21 115 75 95 10
1246 38 8 8 79 112 34 75 88 90 107
1246 39 8 76 90 35 95 103 56 23 18
1246 40 8 55 45 84 7 67 65 73 36
1246 41 8 85 69 48 117 46 71 113 18
1246 42 8 32 37 73 31 125 36 101 22
1246 43 8 81 27 12 77 43 19 40 49
1246 44 8 99 88 30 113 73 37 45 121
1246 45 8 84 127 17 94 112 46 100 1
1246 46 8 84 44 29 30 105 81 39 75
1246 47 8 111 95 35 52 32 79 99 90
311 0 8 11 93 84 111 81 118 69 63
311 1 8 123 83 19 23 88 116 76 45
311 2 8 47 117 9 15 10 14 51 127
311 3 8 112 91 38 10 120 16 39 105
311 4 8 56 23 22 124 105 48 86 91
311 5 8 13 34 126 107 117 22 111 102
311 6 8 79 80 30 110 42 52 8 74
311 7 8 34 98 87 72 117 51 110 9
311 8 8 43 109 36 39 46 28 116 51
311 9 8 10 112 52 118 65 47 43 117
311 10 8 74 23 113 112 107 39 35 101
311 11 8 9 58 47 98 69 67 127 82
311 12 8 68 116 104 120 97 114 43 63
311 13 8 77 121 75 42 98 65 76 21
311 14 8 80 28 8 88 79 58 112 10
311 15 8 4 76 90 35 60 95 56 23
311 16 8 15 45 67 20 121 7 21 65
311 17 8 15 97 45 52 91 71 85 32
311 18 8 30 79 40 80 32 72 42 19
311 19 8 97 90 34 117 0 87 103 64
311 20 8 43 63 36 117 39 109 49 28
311 21 8 45 117 112 27 61 118 59 10
311 22 8 113 74 104 101 65 62 107 123
311 23 8 67 89 47 126 69 0 58 8
311 24 8 104 68 116 100 114 43 97 119
311 25 8 98 21 77 75 121 42 64 65
311 26 8 80 28 88 8 10 118 112 79
311 27 8 76 4 35 113 56 60 90 123
311 28 8 15 67 21 59 36 45 121 20
311 29 8 91 15 97 71 52 113 85 45
311 30 8 40 80 32 72 30 21 102 19
311 31 8 117 90 97 0 103 34 98 111
311 32 8 43 63 39 109 36 7 49 117
311 33 8 112 10 117 59 45 61 54 104
311 34 8 74 104 113 101 65 45 107 62
311 35 8 67 58 69 122 47 126 71 37
311 36 8 124 104 43 100 119 118 30 116
311 37 8 75 77 98 21 42 115 65 121
311 38 8 80 79 112 58 88 10 0 8
311 39 8 76 35 60 113 90 78 123 23
311 40 8 67 15 7 59 45 84 36 121
311 41 8 15 52 71 91 85 45 17 117
311 42 8 37 7 74 54 65 34 21 32
311 43 8 40 19 9 43 12 20 89 4
311 44 8 45 113 0 18 88 37 21 30
311 45 8 112 84 46 17 100 35 63 1
311 46 8 29 105 39 84 30 75 47 38
311 47 8 52 35 95 108 111 126 59 9
4211 0 8 126 3 62 77 29 116 12 36
4211 1 8 123 78 88 76 71 91 116 107
4211 2 8 23 119 86 66 47 15 44 73
4211 3 8 120 7 112 11 43 105 16 91
4211 4 8 105 39 91 104 48 4 21 58
4211 5 8 117 70 13 80 56 102 126 95
4211 6 8 80 30 40 79 32 64 72 118
4211 7 8 34 117 87 97 71 0 90 98
4211 8 8 43 24 51 63 46 6 39 116
4211 9 8 10 52 59 117 54 112 118 61
4211 10 8 113 74 107 101 120 104 39 112
4211 11 8 71 87 82 127 47 16 98 69
4211 12 8 104 120 116 100 43 68 63 124
4211 13 8 24 77 121 75 42 76 64 49
4211 14 8 62 28 88 8 112 58 107 120
4211 15 8 76 4 90 35 98 115 123 56
4211 16 8 20 123 67 45 43 59 21 84
4211 17 8 71 97 84 91 14 85 116 32
4211 18 8 30 80 79 40 42 86 27 45
4211 19 8 34 0 97 87 90 71 117 9
4211 20 8 43 24 51 63 46 36 116 7
4211 21 8 117 59 10 114 54 118 94 112
4211 22 8 113 74 104 62 112 53 120 101
4211 23 8 71 87 37 8 39 0 89 82
4211 24 8 116 104 120 114 100 43 97 74
4211 25 8 24 77 98 121 75 42 21 76
4211 26 8 62 28 88 8 112 11 58 111
4211 27 8 4 76 115 123 98 90 35 56
4211 28 8 20 123 43 67 21 59 121 45
4211 29 8 97 84 71 85 14 91 116 20
4211 30 8 80 30 40 32 102 21 8 68
4211 31 8 0 117 34 97 103 90 71 98
4211 32 8 43 24 63 51 39 116 7 46
4211 33 8 59 10 117 112 54 48 52 61
4211 34 8 120 104 113 101 107 65 74 112
4211 35 8 71 87 47 37 122 126 98 16
4211 36 8 120 124 68 104 100 43 119 116
4211 37 8 24 49 121 55 99 77 107 42
4211 38 8 62 28 112 118 88 96 58 0
4211 39 8 4 98 76 113 115 123 35 3
4211 40 8 123 20 67 121 59 36 43 84
4211 41 8 97 84 14 91 71 20 113 85
4211 42 8 101 65 54 28 34 93 32 119
4211 43 8 40 4 9 117 20 2 81 89
4211 44 8 13 18 71 21 68 36 30 121
4211 45 8 100 84 103 1 111 56 32 35
4211 46 8 67 47 114 31 8 44 75 101
4211 47 8 117 34 32 126 54 9 114 27
264 0 8 106 27 50 61 110 48 118 78
264 1 8 99 91 39 75 88 109 14 115
264 2 8 45 122 92 47 66 7 72 100
264 3 8 94 120 43 7 32 11 3 95
264 4 8 105 4 111 39 21 54 48 93
264 5 8 51 105 70 102 111 17 85 13
264 6 8 80 40 32 72 86 27 30 50
264 7 8 117 90 97 34 0 72 71 103
264 8 8 2 43 63 28 24 39 49 51
264 9 8 112 27 117 10 48 54 45 75
264 10 8 110 23 104 14 101 39 54 113
264 11 8 47 87 71 127 110 51 58 13
264 12 8 68 120 119 43 124 100 29 63
264 13 8 12 66 77 119 65 113 55 42
264 14 8 96 105 118 120 88 58 112 52
264 15 8 4 76 115 35 113 3 98 116
264 16 8 51 121 21 67 43 123 91 50
264 17 8 91 2 66 35 20 71 23 39
264 18 8 40 30 80 72 9 45 86 27
264 19 8 90 97 0 34 117 71 19 60
264 20 8 43 2 63 7 117 107 49 28
264 21 8 117 61 27 45 59 75 54 112
264 22 8 113 110 104 65 14 13 88 74
264 23 8 89 87 71 47 127 37 39 51
264 24 8 43 104 120 114 68 116 100 74
264 25 8 12 66 77 98 42 113 82 64
264 26 8 105 96 118 88 120 112 111 8
264 27 8 4 76 115 113 123 35 56 46
264 28 8 21 51 121 67 59 33 43 123
264 29 8 91 71 2 35 66 126 23 116
264 30 8 40 80 32 72 102 21 30 69
264 31 8 90 0 117 97 71 103 34 19
264 32 8 43 63 2 7 117 49 39 28
264 33 8 117 112 54 27 61 45 59 10
264 34 8 110 104 14 83 88 65 113 101
264 35 8 47 87 71 13 78 126 37 58
264 36 8 43 68 104 120 124 119 74 114
264 37 8 12 66 99 107 119 49 113 77
264 38 8 105 96 112 118 120 84 25 58
264 39 8 4 76 113 115 98 35 123 3
264 40 8 51 67 121 21 59 43 123 4
264 41 8 91 2 35 71 66 126 20 117
264 42 8 98 93 54 34 102 18 46 119
264 43 8 40 9 81 105 117 54 20 89
264 44 8 21 68 18 48 36 91 106 97
264 45 8 100 84 56 111 14 20 1 6
264 46 8 47 44 114 8 31 75 13 101
264 47 8 36 120 126 59 47 123 9 7
93889 0 8 82 63 64 67 77 68 56 33
93889 1 8 48 99 90 75 89 71 114 68
93889 2 8 54 70 66 8 121 72 26 69
93889 3 8 43 24 77 37 76 44 95 29
93889 4 8 87 101 36 5 4 71 21 60
93889 5 8 14 115 54 85 0 92 44 58
93889 6 8 40 72 103 55 118 21 32 80
93889 7 8 97 55 117 90 111 0 19 103
93889 8 8 4 117 125 94 63 49 7 11
93889 9 8 27 40 104 54 61 88 39 112
93889 10 8 124 33 104 82 45 65 15 2
93889 11 8 51 50 97 34 100 78 126 73
93889 12 8 95 74 29 103 119 121 26 32
93889 13 8 89 127 102 18 12 7 70 115
93889 14 8 71 49 64 46 120 68 112 31
93889 15 8 76 27 46 126 61 113 54 125
93889 16 8 100 101 13 51 21 27 67 111
93889 17 8 91 92 23 49 118 100 35 66
93889 18 8 55 103 72 40 111 92 109 32
93889 19 8 111 97 90 55 19 83 117 103
93889 20 8 117 4 94 11 43 63 49 83
93889 21 8 27 40 61 104 112 54 39 68
93889 22 8 124 33 104 23 110 82 65 45
93889 23 8 97 51 50 41 73 114 18 22
93889 24 8 25 103 95 29 114 121 74 43
93889 25 8 127 18 89 7 102 62 12 120
93889 26 8 71 64 25 120 68 112 46 49
93889 27 8 46 76 27 113 87 126 54 57
93889 28 8 100 101 21 67 13 93 51 59
93889 29 8 91 92 32 100 71 36 113 23
93889 30 8 72 40 103 55 69 32 80 118
93889 31 8 111 117 90 97 103 55 0 19
93889 32 8 94 4 117 63 43 11 83 49
93889 33 8 40 27 61 112 54 104 33 68
93889 34 8 33 23 82 104 124 45 110 88
93889 35 8 51 9 22 18 73 41 50 116
93889 36 8 29 25 103 119 121 28 43 118
93889 37 8 89 102 120 127 18 12 77 70
93889 38 8 87 73 64 22 49 82 68 107
93889 39 8 27 46 113 87 76 33 106 77
93889 40 8 100 101 67 93 13 21 40 111
93889 41 8 91 92 11 71 23 49 118 124
93889 42 8 86 8 34 54 98 46 30 37
93889 43 8 72 16 40 54 20 41 86 9
93889 44 8 21 68 14 91 84 63 92 18
93889 45 8 100 56 121 20 14 84 1 66
93889 46 8 47 94 51 13 44 69 23 109
93889 47 8 26 21 126 114 103 14 15 120
10592 0 8 36 12 29 126 62 67 77 3
10592 1 8 36 89 59 113 11 101 115 98
10592 2 8 49 66 69 121 71 102 5 44
10592 3 8 43 45 122 44 11 95 104 121
10592 4 8 5 101 6 36 60 4 84 87
10592 5 8 14 115 0 85 44 87 86 50
10592 6 8 40 103 72 21 118 32 50 55
10592 7 8 55 90 97 0 117 111 19 122
10592 8 8 94 7 63 4 49 1 81 117
10592 9 8 27 40 54 61 104 25 93 75
10592 10 8 65 124 104 33 82 2 93 45
10592 11 8 51 78 55 97 34 73 42 22
10592 12 8 38 103 95 29 109 121 0 119
10592 13 8 89 127 109 57 70 102 25 52
10592 14 8 45 60 46 120 25 71 87 56
10592 15 8 46 27 113 76 126 97 20 57
10592 16 8 111 13 21 67 64 100 23 36
10592 17 8 91 23 92 0 25 36 71 84
10592 18 8 40 103 5 55 72 32 21 19
10592 19 8 55 90 97 111 122 67 124 0
10592 20 8 1 117 94 49 7 4 63 50
10592 21 8 40 27 121 61 29 75 54 30
10592 22 8 65 124 104 51 125 23 37 17
10592 23 8 34 51 97 42 55 73 80 91
10592 24 8 103 95 121 109 29 10 25 0
10592 25 8 89 127 62 18 7 70 57 12
10592 26 8 120 71 45 87 25 56 22 31
10592 27 8 46 97 27 126 113 110 42 61
10592 28 8 21 111 67 13 64 100 31 59
10592 29 8 91 32 23 92 71 36 110 54
10592 30 8 40 72 55 5 103 45 21 69
10592 31 8 90 0 97 55 117 23 111 71
10592 32 8 94 63 7 1 117 49 4 97
10592 33 8 40 27 61 54 39 106 36 29
10592 34 8 104 23 37 84 0 65 124 82
10592 35 8 51 55 34 22 68 73 81 113
10592 36 8 109 29 17 119 111 95 121 28
10592 37 8 127 89 12 18 70 120 52 102
10592 38 8 87 22 73 24 31 64 112 108
10592 39 8 27 46 113 126 37 76 11 87
10592 40 8 111 100 13 93 67 23 21 123
10592 41 8 92 91 100 54 81 58 116 124
10592 42 8 8 86 28 34 54 98 30 106
10592 43 8 51 80 16 86 54 72 55 40
10592 44 8 21 117 91 30 123 101 49 114
10592 45 8 100 56 108 1 14 48 76 26
10592 46 8 47 51 120 110 18 33 14 74
10592 47 8 114 26 24 110 54 14 121 30
1140 0 8 112 36 27 30 125 23 122 70
1140 1 8 38 36 20 104 59 57 101 66
1140 2 8 86 49 76 66 126 5 44 23
1140 3 8 43 70 45 92 95 122 121 44
1140 4 8 5 36 27 101 6 84 21 71
1140 5 8 87 48 14 10 115 85 0 57
1140 6 8 40 103 118 72 21 5 80 111
1140 7 8 55 90 97 117 0 122 103 71
1140 8 8 20 94 7 2 49 43 63 127
1140 9 8 27 40 54 75 61 25 11 93
1140 10 8 110 65 104 124 82 95 10 13
1140 11 8 51 55 78 42 116 122 81 34
1140 12 8 38 103 0 43 109 17 26 32
1140 13 8 57 41 12 109 123 77 89 7
1140 14 8 18 71 60 120 111 31 87 112
1140 15 8 76 20 126 27 113 21 123 61
1140 16 8 77 44 21 110 108 67 64 59
1140 17 8 0 64 91 23 63 71 26 65
1140 18 8 103 40 80 72 118 21 27 86
1140 19 8 90 0 97 71 55 117 64 122
1140 20 8 43 94 7 63 20 1 2 49
1140 21 8 40 27 117 54 61 25 112 59
1140 22 8 65 124 104 110 82 13 23 109
1140 23 8 51 55 42 97 73 22 37 9
1140 24 8 103 0 38 25 109 43 17 119
1140 25 8 57 123 109 18 12 41 62 89
1140 26 8 60 71 18 111 88 112 120 31
1140 27 8 20 76 126 46 123 113 27 54
1140 28 8 44 77 21 67 110 108 59 29
1140 29 8 0 63 65 91 71 64 26 36
1140 30 8 118 80 40 103 30 68 21 32
1140 31 8 0 34 117 90 103 97 71 9
1140 32 8 43 20 63 94 7 2 27 116
1140 33 8 40 59 117 35 10 106 54 112
1140 34 8 124 110 104 95 23 53 112 39
1140 35 8 42 55 97 37 9 22 73 51
1140 36 8 38 0 25 103 43 119 26 74
1140 37 8 123 57 77 109 41 18 12 62
1140 38 8 60 18 112 111 71 88 107 34
1140 39 8 76 20 107 90 126 35 123 113
1140 40 8 77 67 29 44 59 110 84 108
1140 41 8 65 71 63 0 85 91 64 54
1140 42 8 49 54 75 90 126 34 32 55
1140 43 8 121 40 47 9 125 49 20 8
1140 44 8 110 80 11 21 30 13 18 121
1140 45 8 47 83 84 100 87 1 5 76
1140 46 8 10 45 47 124 75 82 84 1
1140 47 8 31 11 127 90 15 121 27 21
304 0 8 120 69 107 93 31 61 18 81
304 1 8 83 60 91 105 66 57 104 109
304 2 8 116 68 117 66 123 23 47 67
304 3 8 43 89 106 11 32 13 44 1
304 4 8 102 111 105 91 79 21 39 93
304 5 8 111 70 125 17 85 117 35 13
304 6 8 80 40 72 30 8 86 32 50
304 7 8 72 117 34 97 0 90 9 103
304 8 8 43 28 27 2 63 116 107 39
304 9 8 117 105 10 43 54 112 52 59
304 10 8 14 110 101 123 104 112 39 62
304 11 8 58 13 86 71 98 51 127 37
304 12 8 69 120 43 104 74 63 100 97
304 13 8 77 121 79 55 95 12 64 24
304 14 8 28 84 112 101 111 88 118 39
304 15 8 76 34 35 100 4 98 123 90
304 16 8 20 121 67 45 21 59 123 84
304 17 8 30 97 71 91 45 85 23 14
304 18 8 80 40 30 21 27 79 86 72
304 19 8 0 72 90 97 34 117 9 71
304 20 8 43 63 27 7 99 46 28 39
304 21 8 117 105 43 59 54 61 27 112
304 22 8 14 104 62 123 113 101 53 39
304 23 8 58 86 13 71 0 122 37 47
304 24 8 69 116 104 120 74 43 68 63
304 25 8 121 77 79 55 95 64 107 21
304 26 8 28 84 88 101 112 111 118 8
304 27 8 76 100 34 123 4 66 113 35
304 28 8 121 67 20 21 59 43 84 45
304 29 8 30 45 71 97 91 23 14 85
304 30 8 80 40 21 102 68 113 30 32
304 31 8 0 72 117 97 90 71 9 34
304 32 8 43 63 28 27 7 99 39 46
304 33 8 105 43 59 117 54 68 10 48
304 34 8 14 104 123 101 107 40 13 112
304 35 8 58 13 47 37 86 71 122 0
304 36 8 69 120 68 36 74 104 43 30
304 37 8 79 121 99 55 107 77 65 70
304 38 8 112 28 101 84 111 118 88 58
304 39 8 34 100 3 4 76 123 66 113
304 40 8 121 59 67 20 84 21 43 114
304 41 8 30 45 97 14 71 91 23 16
304 42 8 54 119 101 55 93 34 65 75
304 43 8 86 40 4 89 20 9 81 45
304 44 8 91 97 71 54 98 21 18 121
304 45 8 1 100 84 14 93 56 6 127
304 46 8 67 47 6 91 75 44 68 2
304 47 8 55 117 34 126 32 27 99 59
13027 0 8 75 91 95 84 54 87 36 56
13027 1 8 60 71 68 88 28 90 3 104
13027 2 8 23 46 5 60 56 64 92 44
13027 3 8 73 106 43 20 70 24 16 95
13027 4 8 5 21 84 93 60 102 48 81
13027 5 8 115 35 87 17 122 74 85 63
13027 6 8 40 80 103 118 21 72 113 32
13027 7 8 0 117 71 97 9 90 55 19
13027 8 8 10 7 43 63 94 60 127 96
13027 9 8 54 59 25 41 27 75 68 7
13027 10 8 104 82 13 21 103 40 33 65
13027 11 8 100 94 51 39 122 97 37 116
13027 12 8 14 36 74 17 43 7 38 103
13027 13 8 57 112 109 70 25 123 43 99
13027 14 8 15 60 112 18 102 45 71 24
13027 15 8 76 125 126 66 107 123 100 20
13027 16 8 67 108 94 64 21 44 59 58
13027 17 8 23 91 0 26 71 63 30 29
13027 18 8 40 80 103 21 72 113 68 27
13027 19 8 0 71 117 90 9 97 19 107
13027 20 8 7 43 63 94 10 96 124 31
13027 21 8 54 59 7 68 35 25 117 27
13027 22 8 104 21 103 82 23 124 40 13
13027 23 8 100 42 94 97 39 51 22 37
13027 24 8 0 14 38 74 25 43 17 50
13027 25 8 57 112 18 123 109 2 70 91
13027 26 8 15 60 112 18 102 88 71 111
13027 27 8 76 66 123 125 113 20 107 126
13027 28 8 67 108 59 44 21 94 77 84
13027 29 8 26 91 0 23 71 63 65 30
13027 30 8 40 80 21 68 113 103 118 102
13027 31 8 0 117 9 71 97 90 34 98
13027 32 8 43 7 63 94 116 27 60 10
13027 33 8 59 41 10 68 7 54 117 35
13027 34 8 21 82 103 104 95 39 124 23
13027 35 8 100 94 97 37 42 22 51 16
13027 36 8 38 0 25 74 43 14 63 17
13027 37 8 112 57 123 109 77 18 95 41
13027 38 8 15 60 18 112 111 71 102 107
13027 39 8 76 107 66 20 126 35 123 113
13027 40 8 77 29 44 67 108 84 93 59
13027 41 8 65 63 26 0 85 71 30 122
13027 42 8 75 49 126 54 32 90 77 20
13027 43 8 121 47 9 40 20 56 82 49
13027 44 8 11 30 110 80 21 97 98 121
13027 45 8 47 84 83 87 1 100 5 26
13027 46 8 10 45 75 37 84 124 82 123
13027 47 8 31 127 11 90 15 82 27 21
30 0 8 65 98 99 72 73 96 100 40
30 1 8 18 70 94 127 119 26 10 24
30 2 8 84 88 47 93 38 57 99 40
30 3 8 89 6 2 31 16 124 41 38
30 4 8 76 106 124 115 48 85 93 44
30 5 8 125 13 66 61 126 22 8 97
30 6 8 105 30 83 42 80 52 8 110
30 7 8 34 49 112 9 98 110 117 43
30 8 8 84 121 43 46 116 3 103 2
30 9 8 117 9 110 10 52 127 118 112
30 10 8 61 112 105 39 53 113 62 30
30 11 8 61 49 98 24 37 127 125 23
30 12 8 99 15 97 63 104 116 96 74
30 13 8 77 6 28 15 42 76 73 95
30 14 8 20 48 17 88 90 104 8 112
30 15 8 85 76 101 123 10 90 95 35
30 16 8 124 45 8 73 65 17 33 39
30 17 8 69 42 48 19 17 21 71 85
30 18 8 105 80 30 8 52 42 56 34
30 19 8 34 49 9 0 117 71 98 110
30 20 8 84 43 121 46 116 63 3 57
30 21 8 117 110 9 59 10 125 118 54
30 22 8 105 61 53 112 39 62 113 56
30 23 8 61 49 24 37 89 122 0 23
30 24 8 99 15 116 97 63 96 104 74
30 25 8 6 15 28 58 76 73 64 77
30 26 8 20 48 17 90 88 112 8 111
30 27 8 85 76 101 10 123 70 103 23
30 28 8 124 45 8 73 67 65 59 84
30 29 8 19 42 69 48 71 1 91 21
30 30 8 105 80 30 42 8 83 40 56
30 31 8 0 34 49 112 117 9 98 71
30 32 8 43 121 65 84 63 116 46 7
30 33 8 125 117 9 110 59 45 118 127
30 34 8 53 105 61 112 56 39 104 78
30 35 8 61 24 49 125 23 37 122 0
30 36 8 99 63 97 15 96 116 74 9
30 37 8 15 58 6 25 28 23 76 73
30 38 8 20 17 48 90 86 112 107 34
30 39 8 101 103 85 76 95 23 10 70
30 40 8 45 124 73 65 8 67 17 81
30 41 8 42 69 48 19 71 21 18 17
30 42 8 64 31 54 32 36 114 74 39
30 43 8 77 88 40 9 43 89 78 31
30 44 8 53 73 90 0 18 21 121 97
30 45 8 84 101 94 1 27 100 2 35
30 46 8 84 38 11 103 34 75 47 91
30 47 8 57 105 73 20 109 126 86 9
10696 0 8 2 21 63 75 77 97 62 126
10696 1 8 58 23 6 53 95 3 10 76
10696 2 8 9 8 54 93 47 14 127 87
10696 3 8 2 38 16 64 4 59 39 112
10696 4 8 56 124 25 22 48 104 47 86
10696 5 8 82 13 34 47 126 22 68 36
10696 6 8 42 30 52 110 80 79 8 38
10696 7 8 34 60 110 95 51 98 31 87
10696 8 8 36 46 109 103 43 116 39 105
10696 9 8 45 65 52 127 1 118 99 117
10696 10 8 112 39 97 113 108 74 67 64
10696 11 8 67 9 98 107 37 65 8 115
10696 12 8 118 97 63 52 116 104 75 71
10696 13 8 21 98 73 77 16 102 76 12
10696 14 8 79 8 34 75 88 80 76 90
10696 15 8 95 23 87 76 103 8 60 56
10696 16 8 45 65 7 15 55 73 124 40
10696 17 8 69 15 17 53 48 85 97 71
10696 18 8 42 52 30 79 80 8 110 86
10696 19 8 34 60 9 0 117 98 95 110
10696 20 8 36 43 39 46 63 3 57 124
10696 21 8 45 117 65 59 118 52 54 112
10696 22 8 113 112 62 39 83 97 53 107
10696 23 8 67 37 122 8 89 98 0 39
10696 24 8 116 97 104 118 63 100 12 107
10696 25 8 21 98 16 75 76 73 64 25
10696 26 8 79 88 28 112 39 8 118 90
10696 27 8 76 23 123 4 113 87 10 95
10696 28 8 21 67 15 59 45 7 55 124
10696 29 8 71 97 91 69 23 85 15 17
10696 30 8 40 80 21 30 113 42 102 72
10696 31 8 0 90 117 34 97 71 9 103
10696 32 8 63 43 36 7 109 39 96 49
10696 33 8 45 59 117 54 61 29 52 65
10696 34 8 104 53 113 65 101 83 62 97
10696 35 8 67 122 89 126 98 37 69 8
10696 36 8 118 97 30 63 116 104 52 9
10696 37 8 98 21 16 76 6 25 75 77
10696 38 8 112 79 88 8 10 75 80 107
10696 39 8 76 23 87 113 103 123 95 60
10696 40 8 7 67 59 45 15 55 8 73
10696 41 8 69 71 91 17 48 53 15 85
10696 42 8 54 37 64 31 7 74 34 103
10696 43 8 40 77 9 43 19 88 86 30
10696 44 8 0 73 45 18 53 21 91 97
10696 45 8 84 1 46 112 100 94 14 35
10696 46 8 105 39 29 84 38 75 82 47
10696 47 8 32 95 117 35 126 73 52 111
358 0 8 104 103 50 49 78 6 47 92
358 1 8 9 23 58 113 123 95 76 3
358 2 8 51 122 9 127 93 100 54 18
358 3 8 38 112 39 64 105 59 2 29
358 4 8 48 23 56 104 25 20 124 44
358 5 8 107 82 34 126 13 47 75 22
358 6 8 79 52 80 42 110 30 44 8
358 7 8 2 34 110 51 31 95 9 60
358 8 8 109 46 36 116 43 61 103 3
358 9 8 52 45 118 65 1 96 59 67
358 10 8 35 112 39 113 103 122 106 8
358 11 8 67 98 9 107 127 37 8 51
358 12 8 63 116 119 50 68 29 97 74
358 13 8 2 21 25 98 65 16 107 66
358 14 8 88 80 79 112 22 56 120 118
358 15 8 76 4 60 113 13 46 66 23
358 16 8 21 55 67 15 7 11 59 45
358 17 8 23 91 71 39 15 17 46 43
358 18 8 40 80 45 79 30 72 113 21
358 19 8 0 90 117 71 97 34 23 9
358 20 8 7 63 43 49 96 1 124 34
358 21 8 54 29 27 61 75 114 59 117
358 22 8 104 65 83 53 0 45 113 21
358 23 8 67 126 39 37 80 51 78 34
358 24 8 95 82 5 60 104 31 119 100
358 25 8 25 70 16 107 99 66 98 104
358 26 8 120 80 112 88 45 56 118 107
358 27 8 97 76 66 113 123 42 13 114
358 28 8 21 67 59 7 31 11 64 126
358 29 8 91 23 71 39 32 110 25 26
358 30 8 40 21 45 113 80 72 69 79
358 31 8 0 90 117 71 97 23 2 103
358 32 8 7 63 43 109 96 34 49 36
358 33 8 29 54 59 61 27 45 117 75
358 34 8 104 35 65 21 113 66 45 53
358 35 8 126 34 67 8 4 89 37 39
358 36 8 26 95 82 31 97 111 116 119
358 37 8 2 16 98 21 75 76 25 70
358 38 8 80 79 112 88 75 107 7 34
358 39 8 60 76 13 95 123 113 78 8
358 40 8 11 45 7 15 55 67 59 65
358 41 8 17 46 52 15 39 106 71 18
358 42 8 125 74 37 2 54 7 22 34
358 43 8 56 19 12 43 9 40 78 89
358 44 8 45 88 99 37 21 0 18 97
358 45 8 58 17 46 84 112 92 100 1
358 46 8 84 29 30 105 39 38 88 103
358 47 8 108 6 111 52 95 35 87 71
646 0 8 104 111 2 97 22 47 89 4
646 1 8 123 76 107 86 34 3 77 113
646 2 8 9 51 14 47 10 7 100 66
646 3 8 105 39 38 25 112 59 76 29
646 4 8 48 23 25 0 22 56 86 124
646 5 8 34 107 80 126 13 82 22 45
646 6 8 79 42 80 110 52 30 8 10
646 7 8 34 87 98 110 50 117 31 51
646 8 8 43 39 109 46 36 116 5 3
646 9 8 52 45 94 65 118 1 59 112
646 10 8 35 97 112 74 39 113 62 83
646 11 8 9 98 67 37 87 127 8 107
646 12 8 97 63 116 104 118 53 68 100
646 13 8 75 21 44 2 98 73 16 25
646 14 8 80 79 88 28 8 112 75 34
646 15 8 76 60 4 95 35 125 123 23
646 16 8 15 45 7 11 67 65 59 84
646 17 8 15 52 97 71 17 85 91 23
646 18 8 79 80 40 30 42 8 72 68
646 19 8 0 34 90 117 87 9 97 71
646 20 8 43 63 36 39 7 99 46 96
646 21 8 45 59 94 117 54 27 61 112
646 22 8 104 113 107 62 101 35 83 53
646 23 8 67 89 122 37 126 39 47 0
646 24 8 100 104 116 68 97 63 118 60
646 25 8 21 75 44 98 25 107 16 64
646 26 8 80 112 28 88 118 79 120 39
646 27 8 76 113 123 4 60 23 66 13
646 28 8 21 67 59 15 7 126 45 11
646 29 8 71 91 23 15 97 52 45 85
646 30 8 40 80 21 113 79 102 30 59
646 31 8 0 90 117 71 103 97 34 9
646 32 8 63 43 7 39 109 49 96 36
646 33 8 54 59 45 29 117 61 94 52
646 34 8 104 65 35 83 101 53 113 107
646 35 8 67 89 126 122 34 8 71 37
646 36 8 100 118 104 53 119 31 30 82
646 37 8 75 21 2 44 98 70 25 24
646 38 8 80 112 79 88 120 75 25 58
646 39 8 76 60 113 123 23 78 13 35
646 40 8 7 59 67 15 11 21 45 36
646 41 8 91 52 71 15 17 23 46 85
646 42 8 54 37 7 125 74 103 34 29
646 43 8 19 40 43 9 12 86 89 56
646 44 8 45 0 21 18 88 37 91 113
646 45 8 112 84 46 100 17 1 14 35
646 46 8 29 105 39 30 84 38 47 75
646 47 8 52 108 35 95 111 126 6 59
1855 0 8 62 126 3 29 71 111 116 36
1855 1 8 78 123 88 76 91 71 95 45
1855 2 8 119 23 66 44 51 7 73 47
1855 3 8 105 7 120 11 16 43 65 25
1855 4 8 4 91 39 48 104 124 74 105
1855 5 8 70 80 126 13 74 100 102 47
1855 6 8 79 80 40 8 86 72 30 21
1855 7 8 117 34 87 0 71 90 97 122
1855 8 8 51 63 43 24 39 7 46 96
1855 9 8 52 54 45 59 94 61 27 29
1855 10 8 104 83 65 101 35 120 74 97
1855 11 8 87 71 127 37 47 9 39 98
1855 12 8 104 100 68 116 97 63 71 5
1855 13 8 24 75 121 44 107 25 64 49
1855 14 8 96 28 62 88 112 118 73 120
1855 15 8 76 4 123 113 115 98 3 66
1855 16 8 123 21 67 59 20 121 43 64
1855 17 8 71 97 14 23 91 20 84 29
1855 18 8 79 40 80 45 30 27 113 86
1855 19 8 0 90 117 34 71 87 97 103
1855 20 8 63 43 7 24 51 96 39 2
1855 21 8 59 54 45 75 117 94 61 27
1855 22 8 104 65 101 74 35 113 53 62
1855 23 8 87 71 89 39 126 37 127 78
1855 24 8 100 104 116 68 76 97 12 52
1855 25 8 24 64 75 21 98 44 121 70
1855 26 8 96 62 28 112 88 120 118 45
1855 27 8 76 123 113 4 115 66 98 62
1855 28 8 21 123 59 67 20 121 64 126
1855 29 8 71 97 91 14 23 126 20 84
1855 30 8 40 113 80 21 45 59 79 102
1855 31 8 90 0 117 71 97 103 23 92
1855 32 8 63 24 51 43 7 49 96 39
1855 33 8 29 54 61 27 45 59 30 117
1855 34 8 104 65 120 83 101 45 53 14
1855 35 8 87 71 126 89 47 78 34 67
1855 36 8 100 82 68 95 120 31 119 104
1855 37 8 24 121 70 49 75 99 107 44
1855 38 8 62 120 96 112 28 118 45 25
1855 39 8 113 98 4 76 115 123 66 42
1855 40 8 21 59 123 20 121 67 36 47
1855 41 8 91 23 14 71 97 84 20 8
1855 42 8 54 65 101 28 29 103 93 34
1855 43 8 40 54 9 4 105 81 86 117
1855 44 8 21 71 106 18 91 13 36 55
1855 45 8 100 1 14 103 56 75 84 11
1855 46 8 67 47 6 44 91 13 114 16
1855 47 8 34 117 126 32 54 57 27 114
264 0 8 106 27 61 110 50 48 78 66
264 1 8 99 91 39 95 123 46 109 75
264 2 8 45 7 66 122 10 92 50 126
264 3 8 94 7 39 43 105 120 32 114
264 4 8 4 39 36 48 23 21 107 44
264 5 8 105 51 70 102 100 122 85 74
264 6 8 40 80 72 86 32 21 13 113
264 7 8 117 90 0 97 71 122 72 103
264 8 8 2 63 7 49 43 28 51 117
264 9 8 27 45 54 61 75 29 59 39
264 10 8 83 65 104 14 23 0 17 101
264 11 8 67 87 47 51 127 110 78 106
264 12 8 68 29 100 95 120 5 104 82
264 13 8 12 66 113 107 119 99 90 70
264 14 8 96 105 118 120 56 45 112 10
264 15 8 4 113 76 97 115 3 126 114
264 16 8 21 51 67 121 64 59 120 31
264 17 8 23 91 35 2 71 66 43 25
264 18 8 40 45 72 113 80 111 108 21
264 19 8 90 0 97 71 117 67 111 23
264 20 8 7 2 63 49 1 43 96 99
264 21 8 27 29 75 61 54 30 45 104
264 22 8 104 65 83 14 45 93 17 0
264 23 8 67 34 80 87 78 64 90 51
264 24 8 5 95 82 60 9 10 68 104
264 25 8 12 66 113 107 70 94 25 90
264 26 8 120 96 105 45 118 112 56 25
264 27 8 97 113 114 123 66 76 42 115
264 28 8 21 31 51 67 120 121 59 64
264 29 8 91 23 35 71 2 67 66 126
264 30 8 40 45 21 72 113 32 102 59
264 31 8 90 0 97 23 71 117 85 122
264 32 8 2 63 7 1 96 49 43 117
264 33 8 29 75 27 54 61 30 36 93
264 34 8 104 65 14 110 66 83 0 17
264 35 8 34 67 78 64 87 126 109 90
264 36 8 82 95 119 68 9 31 60 120
264 37 8 12 66 113 70 99 119 107 7
264 38 8 120 105 96 112 45 118 10 25
264 39 8 113 123 4 76 66 98 115 42
264 40 8 21 51 59 121 67 47 123 64
264 41 8 91 71 23 35 2 66 126 20
264 42 8 54 98 102 29 93 103 34 18
264 43 8 54 9 40 105 81 86 51 107
264 44 8 21 48 91 106 55 18 36 68
264 45 8 100 14 1 56 75 118 11 84
264 46 8 47 44 6 91 13 25 101 114
264 47 8 36 120 126 57 47 123 7 66
6018 0 8 75 36 125 95 22 23 30 112
6018 1 8 48 90 71 28 7 118 93 59
6018 2 8 26 46 44 66 5 96 28 23
6018 3 8 43 103 24 92 70 37 58 41
6018 4 8 36 84 3 35 38 125 5 21
6018 5 8 57 115 14 10 50 0 87 92
6018 6 8 40 111 72 103 5 118 21 50
6018 7 8 55 122 90 97 0 71 81 19
6018 8 8 1 20 7 29 81 96 94 63
6018 9 8 75 27 29 40 30 121 61 36
6018 10 8 29 104 65 124 111 109 79 51
6018 11 8 42 97 34 80 51 106 113 91
6018 12 8 24 10 0 95 86 29 5 82
6018 13 8 57 70 50 89 94 12 62 96
6018 14 8 45 120 46 60 25 26 56 31
6018 15 8 54 97 27 114 43 46 126 113
6018 16 8 21 110 28 64 120 31 67 13
6018 17 8 91 23 25 54 81 36 0 64
6018 18 8 40 5 103 111 45 72 32 102
6018 19 8 90 55 97 122 0 71 23 92
6018 20 8 1 20 7 49 96 94 63 97
6018 21 8 27 29 40 121 30 75 61 36
6018 22 8 111 65 104 124 109 17 106 29
6018 23 8 34 73 42 80 106 30 64 51
6018 24 8 10 24 112 0 86 95 29 25
6018 25 8 62 89 57 127 50 94 48 12
6018 26 8 120 71 45 102 60 26 22 25
6018 27 8 46 97 126 43 54 114 51 113
6018 28 8 21 28 44 67 31 13 110 64
6018 29 8 91 36 23 54 81 71 92 64
6018 30 8 40 5 45 72 118 32 113 59
6018 31 8 90 0 55 97 117 23 71 92
6018 32 8 1 20 63 97 94 49 93 96
6018 33 8 29 27 36 40 30 121 61 54
6018 34 8 124 104 111 17 29 110 125 65
6018 35 8 73 34 51 97 30 42 64 18
6018 36 8 29 24 112 103 82 0 25 95
6018 37 8 62 70 127 12 57 89 48 18
6018 38 8 120 71 60 46 112 25 22 102
6018 39 8 126 113 27 46 123 76 51 107
6018 40 8 21 59 67 13 110 44 109 93
6018 41 8 91 71 54 23 122 0 63 36
6018 42 8 54 86 90 103 126 29 34 49
6018 43 8 40 9 54 105 125 86 80 47
6018 44 8 21 23 91 106 18 110 11 55
6018 45 8 76 100 14 1 56 84 75 121
6018 46 8 47 23 13 51 6 91 85 2
6018 47 8 26 21 121 126 127 14 15 31
536 0 8 36 71 30 105 112 87 54 66
536 1 8 117 37 71 29 120 59 118 104
536 2 8 76 66 23 26 49 28 59 126
536 3 8 43 92 8 44 13 70 16 85
536 4 8 1 27 84 38 21 36 35 4
536 5 8 57 10 87 50 48 122 70 14
536 6 8 40 80 72 45 118 113 111 8
536 7 8 90 0 71 117 97 122 85 55
536 8 8 20 63 2 96 7 10 29 1
536 9 8 75 54 29 106 27 38 40 61
536 10 8 104 65 109 110 95 124 2 13
536 11 8 78 42 97 55 80 127 64 57
536 12 8 0 38 82 101 103 95 17 5
536 13 8 70 12 41 57 123 109 43 107
536 14 8 18 120 102 112 45 71 60 46
536 15 8 20 113 76 123 126 54 27 46
536 16 8 21 110 77 44 59 67 109 64
536 17 8 23 0 91 71 64 25 63 65
536 18 8 45 40 80 113 5 72 111 27
536 19 8 90 0 71 117 97 55 85 122
536 20 8 63 7 20 43 2 96 1 94
536 21 8 29 54 75 40 106 27 114 61
536 22 8 104 65 124 109 110 2 13 82
536 23 8 55 42 97 78 126 80 34 39
536 24 8 38 0 103 95 82 25 31 5
536 25 8 123 57 109 70 41 12 62 36
536 26 8 60 120 18 102 71 112 88 45
536 27 8 20 123 113 46 76 54 27 66
536 28 8 21 44 110 59 77 67 108 109
536 29 8 71 0 23 63 64 91 65 36
536 30 8 118 80 113 40 45 68 21 50
536 31 8 0 90 117 71 34 103 92 55
536 32 8 63 20 43 7 2 96 34 94
536 33 8 106 29 54 40 59 114 61 35
536 34 8 104 124 65 109 53 110 95 45
536 35 8 55 97 42 126 78 73 37 64
536 36 8 0 38 82 103 25 95 31 97
536 37 8 57 123 41 109 12 70 62 64
536 38 8 18 60 112 120 71 46 102 25
536 39 8 76 20 113 107 123 27 61 35
536 40 8 110 77 44 67 59 29 108 109
536 41 8 0 63 71 65 64 91 113 54
536 42 8 54 49 90 126 75 24 103 34
536 43 8 47 9 125 40 121 49 8 86
536 44 8 110 21 18 80 23 13 11 37
536 45 8 47 83 84 1 76 100 86 119
536 46 8 10 1 123 124 82 47 45 119
536 47 8 31 11 127 90 15 121 126 14
448 0 8 120 31 69 93 61 0 111 81
448 1 8 107 83 53 2 91 19 116 66
448 2 8 116 66 117 7 69 47 67 23
448 3 8 41 89 10 44 16 85 13 43
448 4 8 4 91 79 124 111 39 36 48
448 5 8 111 70 125 2 114 7 100 54
448 6 8 80 40 8 113 50 72 108 68
448 7 8 117 72 0 90 71 103 34 85
448 8 8 99 63 2 27 43 7 96 51
448 9 8 43 29 54 111 117 48 75 45
448 10 8 83 104 14 65 73 54 101 110
448 11 8 17 58 26 127 79 78 71 106
448 12 8 104 69 47 100 120 95 107 82
448 13 8 79 121 12 6 70 64 107 21
448 14 8 28 118 96 10 88 120 73 112
448 15 8 113 4 76 123 112 61 115 23
448 16 8 121 21 20 59 124 67 60 43
448 17 8 20 97 45 71 14 91 23 72
448 18 8 40 80 113 45 72 19 9 27
448 19 8 90 0 117 72 97 71 85 92
448 20 8 99 63 43 2 7 64 39 1
448 21 8 29 43 54 45 61 114 27 117
448 22 8 104 14 65 83 73 101 45 53
448 23 8 78 58 89 26 17 34 79 47
448 24 8 95 69 47 82 104 100 53 107
448 25 8 79 121 6 70 107 64 44 21
448 26 8 120 28 118 45 96 112 25 56
448 27 8 113 112 4 47 123 76 115 61
448 28 8 21 121 67 59 20 64 126 120
448 29 8 91 23 97 71 20 14 31 45
448 30 8 40 113 72 69 45 32 80 21
448 31 8 90 0 97 117 111 92 72 23
448 32 8 63 93 99 49 70 7 41 43
448 33 8 27 29 54 61 30 43 78 45
448 34 8 104 14 65 83 49 45 101 73
448 35 8 78 58 34 126 67 79 26 17
448 36 8 82 95 69 47 121 119 107 68
448 37 8 70 121 79 7 107 6 99 24
448 38 8 120 28 45 118 112 25 96 10
448 39 8 47 113 42 4 115 112 123 53
448 40 8 121 21 59 20 67 47 36 120
448 41 8 91 23 71 14 97 45 20 31
448 42 8 65 29 54 101 34 103 46 21
448 43 8 54 105 40 4 9 86 51 25
448 44 8 36 21 91 71 106 18 123 55
448 45 8 14 100 66 11 56 103 118 125
448 46 8 47 67 86 44 6 25 91 40
448 47 8 126 34 117 36 97 60 59 32
7872 0 8 36 33 34 56 21 68 64 82
7872 1 8 90 59 75 71 60 7 16 8
7872 2 8 66 26 65 121 77 91 96 94
7872 3 8 41 43 103 93 58 77 97 65
7872 4 8 36 84 35 3 49 125 32 87
7872 5 8 14 122 71 50 28 27 57 30
7872 6 8 40 72 98 21 5 111 32 69
7872 7 8 55 111 90 97 122 0 81 57
7872 8 8 1 81 4 96 63 7 10 120
7872 9 8 27 75 121 29 40 61 30 126
7872 10 8 28 15 79 106 49 104 44 124
7872 11 8 97 91 78 34 35 114 88 84
7872 12 8 10 95 29 55 86 121 59 101
7872 13 8 89 94 96 52 43 70 127 48
7872 14 8 26 45 64 120 56 46 25 49
7872 15 8 54 114 43 46 19 113 105 42
7872 16 8 27 64 120 13 100 31 35 21
7872 17 8 91 61 23 54 25 81 70 10
7872 18 8 5 40 72 55 108 43 111 50
7872 19 8 111 90 97 55 122 23 67 7
7872 20 8 1 4 81 49 63 96 117 7
7872 21 8 27 121 29 61 75 40 30 31
7872 22 8 15 28 49 44 106 127 124 104
7872 23 8 91 78 34 35 88 80 68 106
7872 24 8 10 55 95 29 86 121 82 112
7872 25 8 89 94 62 22 7 43 48 85
7872 26 8 26 45 64 106 56 120 25 46
7872 27 8 54 43 42 46 25 114 87 97
7872 28 8 27 13 21 120 28 31 35 64
7872 29 8 91 23 61 54 92 31 81 32
7872 30 8 40 5 72 69 55 103 47 113
7872 31 8 97 55 90 111 23 92 0 122
7872 32 8 97 1 4 81 63 49 70 93
7872 33 8 27 121 29 30 61 40 31 126
7872 34 8 15 127 49 17 104 51 28 106
7872 35 8 88 78 73 30 34 25 35 68
7872 36 8 29 55 82 112 94 54 10 121
7872 37 8 62 89 127 70 63 7 48 85
7872 38 8 26 120 64 46 25 71 45 106
7872 39 8 54 113 126 27 46 42 43 47
7872 40 8 13 67 59 126 10 93 35 109
7872 41 8 54 91 92 23 70 71 61 81
7872 42 8 33 116 46 44 34 77 86 70
7872 43 8 111 82 86 54 122 40 51 75
7872 44 8 21 42 123 114 91 36 76 14
7872 45 8 14 51 100 48 124 66 1 56
7872 46 8 47 33 122 23 51 13 119 123
7872 47 8 14 114 82 98 26 0 23 16
323 0 8 83 92 63 120 31 107 93 89
323 1 8 41 8 34 26 39 2 91 124
323 2 8 53 67 66 41 114 88 69 62
323 3 8 41 36 65 79 34 8 43 89
323 4 8 79 36 4 85 29 84 38 35
323 5 8 42 70 27 57 71 92 54 59
323 6 8 40 113 80 72 69 13 50 21
323 7 8 117 90 0 85 103 97 111 92
323 8 8 66 63 49 58 93 7 1 99
323 9 8 98 29 54 104 27 61 30 28
323 10 8 104 73 83 65 40 90 110 45
323 11 8 78 26 106 126 57 50 109 88
323 12 8 95 9 107 82 29 115 86 74
323 13 8 70 80 107 6 64 127 78 83
323 14 8 10 120 73 71 25 118 112 96
323 15 8 113 61 47 126 46 76 23 115
323 16 8 21 120 67 36 59 28 8 64
323 17 8 23 91 71 19 61 110 32 31
323 18 8 40 72 113 45 80 19 47 27
323 19 8 90 97 85 117 23 0 92 111
323 20 8 66 63 43 1 41 7 97 58
323 21 8 29 61 54 27 98 104 106 30
323 22 8 104 65 73 90 49 110 0 45
323 23 8 78 26 51 30 92 80 126 64
323 24 8 95 82 107 52 115 37 122 9
323 25 8 80 89 70 36 27 99 6 7
323 26 8 120 121 107 96 45 49 10 87
323 27 8 21 113 27 47 46 54 87 115
323 28 8 28 67 21 8 59 49 64 51
323 29 8 91 23 19 71 34 32 110 13
323 30 8 72 40 88 113 69 47 32 80
323 31 8 0 90 97 117 111 92 85 114
323 32 8 66 63 70 7 43 50 93 113
323 33 8 98 61 27 54 29 104 75 39
323 34 8 90 104 73 65 0 110 10 49
323 35 8 78 26 81 34 75 109 64 51
323 36 8 20 107 111 79 33 122 115 23
323 37 8 80 70 83 7 42 118 89 30
323 38 8 10 120 45 49 107 112 113 110
323 39 8 113 89 118 47 115 88 13 112
323 40 8 21 8 64 120 67 59 126 101
323 41 8 91 23 90 19 124 71 80 53
323 42 8 21 29 34 54 92 1 124 46
323 43 8 54 51 86 105 40 20 88 9
323 44 8 91 123 36 21 76 0 18 55
323 45 8 14 100 66 56 1 105 73 124
323 46 8 47 13 86 40 67 4 119 68
323 47 8 60 126 54 36 73 97 14 62
1790 0 8 34 21 69 63 7 87 36 54
1790 1 8 8 59 75 16 23 88 76 71
1790 2 8 66 96 90 68 26 49 69 65
1790 3 8 43 93 29 41 65 118 58 103
1790 4 8 36 84 49 35 3 125 117 32
1790 5 8 43 71 14 96 122 50 28 44
1790 6 8 40 88 72 98 21 5 60 92
1790 7 8 55 90 111 97 122 0 113 7
1790 8 8 1 81 4 63 49 10 120 70
1790 9 8 27 75 79 29 121 40 61 30
1790 10 8 15 104 51 28 49 106 44 79
1790 11 8 1 91 92 34 81 35 97 103
1790 12 8 10 86 95 121 55 88 29 101
1790 13 8 94 89 96 74 43 48 22 46
1790 14 8 45 56 64 120 46 26 25 106
1790 15 8 19 54 114 43 27 46 42 21
1790 16 8 27 13 21 23 64 44 120 6
1790 17 8 61 91 23 26 70 63 108 81
1790 18 8 88 5 40 103 72 50 21 55
1790 19 8 55 90 111 97 92 107 67 23
1790 20 8 1 4 81 55 49 117 63 96
1790 21 8 27 121 61 79 40 29 75 30
1790 22 8 15 28 49 44 51 106 127 124
1790 23 8 91 1 34 35 81 78 88 92
1790 24 8 10 67 29 55 121 86 95 112
1790 25 8 89 94 7 22 62 14 48 70
1790 26 8 45 64 106 120 56 26 46 97
1790 27 8 19 54 42 46 43 114 110 97
1790 28 8 28 13 27 21 44 31 23 56
1790 29 8 91 61 23 32 110 31 108 26
1790 30 8 88 40 5 72 69 47 32 113
1790 31 8 90 55 97 0 111 92 23 85
1790 32 8 63 1 97 4 49 7 81 41
1790 33 8 79 27 61 29 121 30 104 40
1790 34 8 104 15 49 127 17 51 65 37
1790 35 8 1 92 81 78 88 34 97 73
1790 36 8 82 67 94 103 29 55 38 121
1790 37 8 70 127 62 7 63 89 102 123
1790 38 8 64 120 46 25 112 71 18 60
1790 39 8 113 46 27 126 37 47 107 19
1790 40 8 13 59 67 51 21 23 44 126
1790 41 8 23 91 92 71 61 0 26 54
1790 42 8 86 54 98 29 103 46 8 126
1790 43 8 40 105 86 9 16 54 20 47
1790 44 8 21 36 91 18 123 106 23 110
1790 45 8 14 100 103 56 1 84 11 125
1790 46 8 47 51 23 94 45 1 91 119
1790 47 8 26 126 21 15 59 121 127 114
27454 0 8 36 23 12 112 77 62 124 41
27454 1 8 59 16 89 113 38 85 29 7
27454 2 8 76 115 66 41 96 49 28 26
27454 3 8 43 92 41 122 44 70 93 59
27454 4 8 36 1 27 5 4 49 71 84
27454 5 8 10 48 14 87 50 57 71 122
27454 6 8 40 88 72 111 118 113 21 32
27454 7 8 90 55 117 97 0 85 111 122
27454 8 8 20 63 1 10 81 96 2 7
27454 9 8 27 75 51 61 54 106 29 40
27454 10 8 104 70 65 109 0 29 28 49
27454 11 8 78 88 55 34 42 126 91 92
27454 12 8 38 101 95 82 0 109 103 115
27454 13 8 41 70 36 123 57 109 7 48
27454 14 8 18 45 120 56 25 22 46 47
27454 15 8 113 20 64 46 27 19 76 47
27454 16 8 77 67 21 58 110 44 29 46
27454 17 8 91 23 0 64 71 63 65 61
27454 18 8 40 88 72 113 19 80 5 21
27454 19 8 90 97 117 0 55 23 111 92
27454 20 8 63 43 27 20 1 49 7 41
27454 21 8 54 61 27 40 29 121 75 104
27454 22 8 104 109 65 70 49 124 2 45
27454 23 8 78 55 97 42 68 64 126 51
27454 24 8 103 38 0 82 95 119 25 37
27454 25 8 123 41 57 109 36 70 7 94
27454 26 8 18 60 22 120 112 47 71 45
27454 27 8 20 46 113 76 42 27 123 61
27454 28 8 44 67 77 21 110 29 59 108
27454 29 8 91 0 63 65 64 23 71 84
27454 30 8 40 118 88 72 113 80 69 32
27454 31 8 90 0 117 97 55 103 92 67
27454 32 8 63 20 43 27 49 7 31 96
27454 33 8 106 54 61 27 104 40 29 117
27454 34 8 104 65 109 70 124 95 110 112
27454 35 8 55 42 97 92 78 126 37 68
27454 36 8 38 0 119 82 103 25 3 97
27454 37 8 109 123 41 36 57 70 95 7
27454 38 8 18 60 112 47 111 46 22 25
27454 39 8 20 107 76 113 123 35 61 46
27454 40 8 77 29 67 44 23 110 59 108
27454 41 8 63 65 0 64 91 71 115 54
27454 42 8 25 126 49 90 8 75 24 54
27454 43 8 47 121 8 125 94 40 9 56
27454 44 8 110 21 13 84 80 11 49 113
27454 45 8 100 47 83 77 86 119 7 87
27454 46 8 1 123 37 45 10 20 47 103
27454 47 8 11 31 127 82 12 14 44 15
13 0 8 65 98 43 73 44 106 114 45
13 1 8 18 94 38 26 127 95 10 117
13 2 8 84 88 38 93 57 18 47 20
13 3 8 89 6 41 31 2 124 16 117
13 4 8 106 124 76 115 85 48 4 44
13 5 8 125 61 66 8 70 64 13 22
13 6 8 105 83 8 80 52 30 56 88
13 7 8 49 34 117 112 103 90 0 97
13 8 8 84 121 43 2 63 7 49 46
13 9 8 9 110 117 54 104 52 27 75
13 10 8 65 105 61 104 56 112 97 53
13 11 8 49 61 24 127 125 78 51 122
13 12 8 99 15 96 104 97 119 74 63
13 13 8 6 28 15 70 25 12 73 107
13 14 8 20 48 73 90 88 104 17 112
13 15 8 85 76 101 123 10 113 126 92
13 16 8 124 8 21 39 67 59 73 45
13 17 8 19 69 91 71 42 23 105 99
13 18 8 105 40 80 83 30 72 45 50
13 19 8 90 49 0 34 117 71 97 112
13 20 8 43 121 84 63 7 2 96 107
13 21 8 9 110 54 125 117 27 75 61
13 22 8 104 65 105 61 56 53 13 20
13 23 8 61 24 49 23 37 126 127 125
13 24 8 99 15 96 82 119 97 56 116
13 25 8 6 15 28 58 70 23 64 118
13 26 8 20 17 48 90 112 88 104 120
13 27 8 85 101 76 10 123 103 113 70
13 28 8 124 8 21 67 81 59 39 73
13 29 8 19 91 42 21 71 48 69 118
13 30 8 105 83 40 80 32 113 8 56
13 31 8 112 49 90 117 0 34 97 71
13 32 8 65 43 63 121 84 7 49 116
13 33 8 125 9 110 54 117 61 27 112
13 34 8 56 105 53 61 65 78 104 112
13 35 8 23 125 24 61 49 37 127 126
13 36 8 99 96 15 97 79 107 23 119
13 37 8 15 58 28 23 6 118 25 70
13 38 8 20 17 48 90 112 86 107 104
13 39 8 101 85 103 10 76 70 123 113
13 40 8 124 8 67 73 81 45 17 59
13 41 8 42 69 48 19 71 21 91 113
13 42 8 64 114 31 54 32 7 36 46
13 43 8 77 40 88 9 43 117 31 20
13 44 8 53 73 90 0 18 21 91 107
13 45 8 100 101 84 94 1 2 27 14
13 46 8 38 34 11 84 47 75 103 91
13 47 8 105 73 57 20 126 109 86 9
5005 0 8 63 2 21 50 103 75 97 54
5005 1 8 6 8 23 58 41 3 26 42
5005 2 8 54 8 88 100 84 93 53 66
5005 3 8 64 93 4 2 38 39 16 29
5005 4 8 4 25 56 76 48 124 86 44
5005 5 8 47 82 71 34 70 22 125 13
5005 6 8 83 80 52 42 19 8 30 105
5005 7 8 34 50 95 117 49 64 103 97
5005 8 8 36 109 43 84 66 63 46 3
5005 9 8 98 65 9 52 110 54 16 117
5005 10 8 65 73 113 112 97 102 61 83
5005 11 8 9 26 67 8 127 69 61 37
5005 12 8 107 79 80 97 104 3 7 52
5005 13 8 98 21 6 23 16 118 77 73
5005 14 8 79 10 48 101 73 88 118 112
5005 15 8 103 85 76 60 123 23 87 111
5005 16 8 15 124 8 21 55 67 59 7
5005 17 8 69 15 48 97 71 91 19 43
5005 18 8 79 40 83 80 30 105 72 19
5005 19 8 90 0 117 34 50 97 49 71
5005 20 8 63 36 43 84 7 66 121 39
5005 21 8 9 98 110 54 117 61 65 29
5005 22 8 65 104 73 105 61 101 113 53
5005 23 8 26 61 49 24 89 126 127 37
5005 24 8 107 104 79 99 15 100 7 97
5005 25 8 6 80 118 21 98 16 28 64
5005 26 8 10 79 48 112 101 120 118 90
5005 27 8 76 85 113 123 103 4 62 23
5005 28 8 21 124 67 15 8 59 126 73
5005 29 8 91 71 19 97 48 69 113 23
5005 30 8 40 105 80 32 19 72 45 59
5005 31 8 90 117 97 0 49 34 103 71
5005 32 8 63 43 109 36 49 121 84 7
5005 33 8 61 9 110 27 54 45 29 117
5005 34 8 65 104 61 53 105 113 73 101
5005 35 8 61 67 26 24 49 126 89 69
5005 36 8 99 107 15 79 119 104 80 30
5005 37 8 6 98 21 16 118 28 23 115
5005 38 8 48 79 112 10 101 88 90 25
5005 39 8 76 87 103 23 113 78 85 123
5005 40 8 67 8 124 59 7 36 55 15
5005 41 8 91 71 69 48 19 17 113 15
5005 42 8 64 37 54 7 31 34 74 103
5005 43 8 30 40 9 77 88 51 43 19
5005 44 8 73 18 0 21 53 45 91 97
5005 45 8 100 84 1 56 94 46 112 103
5005 46 8 47 122 29 38 67 105 39 84
5005 47 8 117 32 126 73 95 111 34 35
11 0 8 44 26 65 59 93 111 118 114
11 1 8 23 50 58 94 124 34 37 26
11 2 8 84 88 54 93 92 100 47 18
11 3 8 2 93 39 82 64 29 38 85
11 4 8 4 25 106 56 124 48 44 20
11 5 8 82 47 71 107 70 96 122 22
11 6 8 40 80 19 50 72 108 32 47
11 7 8 117 97 50 90 0 95 103 34
11 8 8 109 63 49 117 43 7 1 36
11 9 8 27 45 54 61 29 14 39 65
11 10 8 65 83 23 104 101 17 125 59
11 11 8 67 69 126 9 51 6 34 106
11 12 8 68 29 107 95 114 80 5 104
11 13 8 99 16 21 98 70 25 65 118
11 14 8 20 10 118 120 79 56 101 80
11 15 8 113 76 4 103 23 61 46 57
11 16 8 21 67 55 15 124 36 59 8
11 17 8 91 23 97 69 48 71 15 25
11 18 8 40 19 72 21 45 113 108 69
11 19 8 90 97 111 117 23 0 122 107
11 20 8 1 63 49 117 7 109 96 43
11 21 8 27 61 29 93 54 78 30 75
11 22 8 104 65 44 83 66 125 93 101
11 23 8 67 34 80 91 51 126 78 41
11 24 8 121 95 5 10 82 29 107 114
11 25 8 7 70 98 16 25 99 94 23
11 26 8 120 45 56 118 25 10 20 117
11 27 8 113 42 97 114 62 76 92 123
11 28 8 21 67 31 59 120 124 64 126
11 29 8 91 23 71 90 43 32 97 19
11 30 8 40 108 45 72 69 32 19 21
11 31 8 90 97 23 117 111 0 122 103
11 32 8 63 117 49 109 43 1 7 96
11 33 8 27 61 29 54 75 93 30 72
11 34 8 65 104 125 73 66 49 101 88
11 35 8 34 67 126 4 26 78 69 61
11 36 8 119 107 99 95 114 82 79 121
11 37 8 15 6 16 23 28 70 118 98
11 38 8 20 48 112 10 120 90 25 45
11 39 8 85 113 76 103 101 23 123 78
11 40 8 8 67 124 59 36 21 73 15
11 41 8 91 19 48 69 71 42 113 72
11 42 8 64 54 39 7 34 46 31 74
11 43 8 40 88 77 9 51 117 43 19
11 44 8 18 73 53 0 21 45 36 91
11 45 8 100 84 56 46 94 1 112 103
11 46 8 47 29 67 38 105 39 91 75
11 47 8 73 126 117 32 95 35 111 34
279 0 8 106 57 103 110 14 71 74 127
279 1 8 9 48 23 95 3 6 37 50
279 2 8 90 122 92 66 7 10 11 50
279 3 8 29 112 39 2 93 85 64 94
279 4 8 63 4 25 50 56 23 48 44
279 5 8 105 51 47 82 70 107 96 71
279 6 8 80 19 72 40 43 42 9 13
279 7 8 117 50 60 103 97 95 90 85
279 8 8 109 43 36 63 49 15 28 5
279 9 8 45 65 32 54 27 112 117 61
279 10 8 23 104 101 107 123 65 113 83
279 11 8 109 69 9 67 127 126 87 75
279 12 8 114 80 104 12 29 124 79 107
279 13 8 66 98 16 21 113 90 76 70
279 14 8 16 105 118 10 79 88 112 101
279 15 8 72 103 76 4 113 35 61 23
279 16 8 119 55 67 21 12 59 15 60
279 17 8 2 35 91 71 20 66 48 23
279 18 8 40 9 19 72 30 113 80 45
279 19 8 90 0 97 117 95 60 103 50
279 20 8 63 36 43 109 39 7 49 15
279 21 8 45 27 32 65 61 54 117 29
279 22 8 65 104 113 101 123 14 107 88
279 23 8 109 67 89 47 87 69 126 34
279 24 8 114 104 107 124 121 68 30 95
279 25 8 66 98 113 16 21 55 118 64
279 26 8 105 16 120 118 10 101 112 25
279 27 8 72 113 4 76 103 123 61 115
279 28 8 21 119 67 59 12 55 36 126
279 29 8 91 35 2 71 90 23 66 113
279 30 8 40 32 72 45 102 19 59 80
279 31 8 90 97 117 0 71 103 111 23
279 32 8 63 109 117 49 43 7 36 28
279 33 8 32 27 61 54 29 72 114 117
279 34 8 104 123 65 88 101 83 14 103
279 35 8 109 126 67 47 89 69 34 87
279 36 8 114 104 119 120 68 95 9 82
279 37 8 66 113 98 55 70 99 82 107
279 38 8 105 16 120 112 118 10 90 25
279 39 8 72 4 113 115 76 123 103 62
279 40 8 21 119 12 67 59 36 43 55
279 41 8 91 2 35 71 66 23 20 90
279 42 8 27 54 102 93 34 29 103 18
279 43 8 40 29 9 54 51 105 20 89
279 44 8 21 18 36 48 106 55 91 68
279 45 8 100 56 14 84 1 11 111 118
279 46 8 47 91 8 6 44 114 25 115
279 47 8 36 126 120 47 123 124 88 66
6500 0 8 112 36 124 3 28 62 23 29
6500 1 8 48 90 16 68 59 71 88 29
6500 2 8 76 66 26 44 5 126 28 23
6500 3 8 43 70 24 92 44 113 61 112
6500 4 8 36 50 27 5 21 84 35 101
6500 5 8 10 14 115 87 50 44 85 48
6500 6 8 40 118 103 32 72 21 108 111
6500 7 8 55 90 122 124 117 97 0 19
6500 8 8 1 94 20 7 63 49 43 117
6500 9 8 27 75 40 61 32 30 66 25
6500 10 8 104 103 109 51 10 111 0 37
6500 11 8 51 42 22 80 34 64 73 94
6500 12 8 101 98 10 5 0 26 114 103
6500 13 8 50 1 57 41 94 62 43 89
6500 14 8 120 45 60 102 22 16 26 46
6500 15 8 46 51 79 111 114 113 97 20
6500 16 8 21 64 110 120 31 60 67 94
6500 17 8 91 46 23 64 54 25 70 0
6500 18 8 40 103 5 108 32 45 111 19
6500 19 8 90 97 122 55 124 0 23 71
6500 20 8 1 94 117 20 49 7 63 96
6500 21 8 27 75 121 40 61 29 83 30
6500 22 8 104 51 109 111 65 103 17 41
6500 23 8 51 42 22 18 34 73 68 80
6500 24 8 0 17 26 10 114 25 29 103
6500 25 8 57 50 18 62 82 94 41 70
6500 26 8 120 60 71 16 102 45 112 56
6500 27 8 126 46 113 97 111 72 42 79
6500 28 8 21 60 67 94 108 44 110 31
6500 29 8 91 46 71 36 15 52 23 64
6500 30 8 40 118 45 32 5 103 19 80
6500 31 8 90 97 117 50 55 71 23 0
6500 32 8 20 63 43 117 49 97 94 7
6500 33 8 40 27 61 29 32 54 72 35
6500 34 8 103 104 65 23 41 111 124 88
6500 35 8 42 18 22 51 126 89 69 73
6500 36 8 0 25 26 103 12 119 95 80
6500 37 8 16 18 57 41 62 70 115 76
6500 38 8 60 71 112 120 80 25 102 22
6500 39 8 60 113 76 126 46 20 123 51
6500 40 8 67 55 60 110 59 44 15 108
6500 41 8 122 36 46 91 71 15 54 64
6500 42 8 54 125 90 49 34 103 8 7
6500 43 8 40 9 12 19 105 125 51 20
6500 44 8 21 18 99 88 23 45 106 36
6500 45 8 56 17 100 84 76 1 112 46
6500 46 8 47 81 30 91 29 75 6 84
6500 47 8 127 111 126 15 21 121 31 95
1035 0 8 120 104 97 2 111 66 63 83
1035 1 8 123 107 86 20 53 34 66 105
1035 2 8 14 9 116 10 100 66 51 72
1035 3 8 89 39 105 13 25 38 112 34
1035 4 8 25 0 23 74 124 48 4 44
1035 5 8 80 34 82 107 70 47 85 126
1035 6 8 80 30 42 19 86 14 111 50
1035 7 8 87 50 34 117 60 103 90 97
1035 8 8 43 64 39 63 15 109 36 5
1035 9 8 94 45 117 112 54 32 66 111
1035 10 8 97 101 107 113 103 65 35 104
1035 11 8 9 86 69 127 67 98 64 8
1035 12 8 53 80 104 97 12 124 26 5
1035 13 8 16 44 21 75 98 2 64 90
1035 14 8 80 73 79 88 112 120 118 102
1035 15 8 60 76 35 126 113 111 123 61
1035 16 8 60 15 7 67 21 11 45 59
1035 17 8 15 71 52 91 53 46 43 85
1035 18 8 80 40 30 86 45 9 27 32
1035 19 8 90 50 87 117 0 34 97 60
1035 20 8 63 43 64 36 15 7 39 49
1035 21 8 94 45 117 66 54 27 106 61
1035 22 8 65 104 103 101 113 53 45 107
1035 23 8 89 86 69 126 127 0 67 41
1035 24 8 53 104 30 7 80 116 9 100
1035 25 8 44 2 21 16 75 64 98 70
1035 26 8 80 79 118 120 112 28 101 90
1035 27 8 60 113 76 4 123 61 56 62
1035 28 8 21 15 67 60 11 7 59 36
1035 29 8 91 15 71 52 113 97 53 23
1035 30 8 40 32 19 80 8 102 45 21
1035 31 8 90 117 97 103 87 0 50 124
1035 32 8 63 43 49 64 39 117 7 107
1035 33 8 45 94 27 61 29 54 72 112
1035 34 8 65 104 101 53 45 35 107 113
1035 35 8 67 126 89 86 69 78 122 98
1035 36 8 53 95 119 104 12 30 121 9
1035 37 8 44 75 21 2 16 115 70 98
1035 38 8 80 112 79 25 120 52 88 10
1035 39 8 60 113 76 78 123 62 57 61
1035 40 8 67 15 7 60 59 36 11 21
1035 41 8 52 91 15 46 71 113 17 117
1035 42 8 37 125 54 7 34 46 103 74
1035 43 8 40 9 19 12 51 43 49 105
1035 44 8 21 18 45 88 0 36 37 92
1035 45 8 84 17 112 100 46 56 35 121
1035 46 8 47 29 39 105 30 84 91 75
1035 47 8 52 35 111 108 95 126 59 6
614 0 8 104 29 111 97 16 126 2 17
614 1 8 107 86 20 123 76 116 95 3
614 2 8 7 14 66 119 9 51 67 100
614 3 8 41 105 7 1 44 25 109 38
614 4 8 74 0 91 25 22 86 38 124
614 5 8 80 34 97 70 107 54 85 82
614 6 8 19 80 40 86 32 14 46 50
614 7 8 87 117 50 103 90 124 0 97
614 8 8 43 64 39 63 49 99 51 24
614 9 8 45 94 54 27 112 117 29 61
614 10 8 14 104 101 65 83 97 107 17
614 11 8 86 87 67 69 127 126 106 9
614 12 8 53 95 104 80 12 30 118 69
614 13 8 44 21 75 16 24 70 121 98
614 14 8 28 73 120 79 118 80 96 62
614 15 8 4 113 60 76 61 56 97 123
614 16 8 21 40 121 67 59 60 7 20
614 17 8 20 14 97 71 91 23 28 43
614 18 8 40 19 113 45 9 80 27 21
614 19 8 90 87 0 117 23 97 85 50
614 20 8 63 7 49 64 99 43 1 96
614 21 8 27 29 45 61 54 94 106 114
614 22 8 104 14 65 45 83 101 49 103
614 23 8 78 89 87 86 34 67 10 47
614 24 8 104 53 95 68 5 82 30 69
614 25 8 44 121 75 24 64 21 70 107
614 26 8 120 28 96 118 45 56 112 79
614 27 8 4 113 115 112 47 62 42 123
614 28 8 21 121 40 67 59 31 20 7
614 29 8 91 97 14 20 71 23 126 31
614 30 8 40 45 32 72 21 19 102 69
614 31 8 90 97 23 87 117 0 111 92
614 32 8 63 49 117 7 34 43 93 96
614 33 8 27 29 61 30 54 94 45 83
614 34 8 104 65 83 49 14 125 101 53
614 35 8 78 34 67 87 126 89 71 88
614 36 8 95 82 53 119 121 104 68 31
614 37 8 44 24 121 70 75 107 99 7
614 38 8 120 28 62 118 25 112 45 96
614 39 8 113 4 42 115 47 76 62 98
614 40 8 21 67 121 20 59 123 36 40
614 41 8 91 14 97 71 20 23 113 28
614 42 8 65 46 29 101 54 34 103 93
614 43 8 40 105 51 9 4 54 117 86
614 44 8 21 36 71 18 106 91 55 123
614 45 8 100 56 19 103 66 11 14 1
614 46 8 47 67 44 91 6 114 8 75
614 47 8 34 117 126 32 27 59 36 114
264 0 8 106 27 111 110 118 50 48 78
264 1 8 99 123 46 44 91 76 95 116
264 2 8 45 7 66 122 14 92 126 10
264 3 8 41 94 44 7 43 105 39 114
264 4 8 0 4 36 21 74 34 54 114
264 5 8 51 105 80 70 85 102 7 27
264 6 8 40 80 72 113 32 19 13 21
264 7 8 117 90 0 97 103 92 50 72
264 8 8 2 63 43 99 49 7 1 64
264 9 8 27 45 29 54 61 30 106 38
264 10 8 104 65 83 14 101 17 23 59
264 11 8 78 67 15 10 86 126 75 87
264 12 8 68 95 47 71 5 125 122 30
264 13 8 119 12 66 113 44 70 99 107
264 14 8 96 105 118 120 45 56 112 25
264 15 8 4 113 115 76 97 114 23 27
264 16 8 51 121 21 120 67 43 59 64
264 17 8 91 2 23 20 35 66 71 67
264 18 8 40 19 45 113 108 47 9 21
264 19 8 90 97 23 0 122 124 85 117
264 20 8 2 49 1 7 117 63 99 96
264 21 8 27 75 29 30 61 121 72 83
264 22 8 65 104 83 14 49 51 111 93
264 23 8 34 67 78 10 87 80 91 109
264 24 8 95 5 10 68 119 121 60 44
264 25 8 66 113 12 94 107 90 119 70
264 26 8 120 45 105 56 96 118 122 25
264 27 8 97 114 42 113 62 115 36 4
264 28 8 21 31 120 51 67 64 121 59
264 29 8 91 35 23 43 67 2 71 31
264 30 8 108 40 98 45 72 47 32 69
264 31 8 90 97 23 122 113 27 81 107
264 32 8 1 2 117 49 63 7 96 73
264 33 8 27 75 29 61 30 93 83 54
264 34 8 49 125 104 17 65 110 14 51
264 35 8 34 78 67 109 88 64 80 106
264 36 8 95 82 119 47 121 31 5 10
264 37 8 12 66 113 70 119 99 94 90
264 38 8 120 105 45 96 118 56 25 112
264 39 8 113 42 4 62 115 47 98 76
264 40 8 21 51 59 67 121 47 120 36
264 41 8 91 2 23 35 71 66 20 126
264 42 8 98 29 102 46 54 103 93 34
264 43 8 51 54 105 40 9 86 81 20
264 44 8 21 36 91 18 55 48 106 68
264 45 8 100 14 56 11 66 118 75 1
264 46 8 47 44 91 86 6 25 114 8
264 47 8 36 126 120 47 7 59 22 123
1968 0 8 124 36 87 62 11 28 22 79
1968 1 8 59 48 71 7 90 85 29 76
1968 2 8 112 66 96 68 76 41 52 28
1968 3 8 41 43 44 59 24 70 93 92
1968 4 8 36 27 84 101 5 4 49 35
1968 5 8 71 14 24 30 10 115 85 7
1968 6 8 40 98 72 32 21 5 102 50
1968 7 8 111 55 90 97 122 117 124 23
1968 8 8 81 1 70 20 63 2 49 4
1968 9 8 27 40 75 61 121 30 29 54
1968 10 8 104 65 100 15 44 51 93 106
1968 11 8 78 97 91 34 80 42 88 106
1968 12 8 95 121 103 29 10 5 86 101
1968 13 8 70 12 94 48 57 89 74 99
1968 14 8 45 56 64 46 120 22 25 26
1968 15 8 54 51 113 114 43 42 27 57
1968 16 8 27 120 13 64 31 21 110 6
1968 17 8 23 54 91 36 25 81 0 61
1968 18 8 40 5 111 19 47 14 102 98
1968 19 8 90 55 97 111 122 23 124 107
1968 20 8 81 1 49 117 7 4 55 96
1968 21 8 27 121 75 30 61 29 40 78
1968 22 8 15 100 44 106 104 127 93 49
1968 23 8 34 80 73 91 18 78 106 42
1968 24 8 121 95 10 55 29 103 86 112
1968 25 8 62 94 89 22 12 127 7 70
1968 26 8 45 64 46 120 56 71 25 22
1968 27 8 54 51 42 113 126 114 43 46
1968 28 8 13 27 44 120 21 67 31 64
1968 29 8 91 54 36 92 23 81 0 43
1968 30 8 40 5 72 69 118 32 98 14
1968 31 8 97 55 90 111 122 23 2 85
1968 32 8 81 1 49 117 63 70 20 97
1968 33 8 27 75 30 61 40 121 29 54
1968 34 8 15 100 127 104 49 124 65 44
1968 35 8 34 73 78 42 88 30 91 97
1968 36 8 55 103 82 121 0 112 29 94
1968 37 8 62 12 70 57 63 127 89 7
1968 38 8 46 71 25 120 22 60 112 64
1968 39 8 54 113 46 51 126 20 53 27
1968 40 8 67 44 13 59 77 110 6 29
1968 41 8 54 91 63 64 0 71 65 122
1968 42 8 8 46 90 49 126 34 29 55
1968 43 8 40 125 9 105 8 80 51 122
1968 44 8 21 110 23 18 36 11 33 84
1968 45 8 76 100 56 66 14 1 86 84
1968 46 8 47 51 71 123 23 10 45 19
1968 47 8 121 31 14 127 21 15 11 126
323 0 8 83 63 120 31 107 66 69 61
323 1 8 8 41 103 62 26 2 66 46
323 2 8 53 67 52 66 88 41 68 69
323 3 8 41 89 43 0 59 113 123 122
323 4 8 79 4 76 36 106 38 29 82
323 5 8 42 7 70 71 24 27 30 54
323 6 8 40 50 1 113 72 109 21 13
323 7 8 117 103 90 111 97 83 92 85
323 8 8 66 2 63 49 81 43 107 58
323 9 8 98 27 30 104 61 28 54 75
323 10 8 104 73 65 83 45 29 17 101
323 11 8 26 78 126 106 122 57 88 49
323 12 8 107 95 9 121 82 5 30 104
323 13 8 6 12 80 70 107 64 94 59
323 14 8 10 120 56 25 118 73 71 48
323 15 8 113 85 23 61 126 76 115 37
323 16 8 8 67 36 21 124 120 59 40
323 17 8 91 23 19 97 72 71 126 54
323 18 8 40 19 72 113 45 14 69 47
323 19 8 90 97 23 111 85 103 117 92
323 20 8 66 63 2 49 1 81 117 96
323 21 8 27 61 98 75 30 104 29 54
323 22 8 104 73 49 90 65 93 45 28
323 23 8 26 78 34 80 126 88 112 36
323 24 8 95 121 107 82 119 23 67 9
323 25 8 80 94 89 70 12 64 6 77
323 26 8 120 25 56 45 101 10 64 96
323 27 8 113 85 42 57 61 115 76 100
323 28 8 28 8 67 21 101 59 36 40
323 29 8 91 19 71 32 23 113 126 110
323 30 8 40 72 69 32 47 45 92 21
323 31 8 90 97 111 92 23 117 83 85
323 32 8 66 117 63 49 2 70 81 43
323 33 8 98 61 27 75 29 30 92 54
323 34 8 90 73 104 65 49 3 110 100
323 35 8 78 26 34 126 64 36 88 65
323 36 8 107 79 23 20 111 121 95 115
323 37 8 80 118 12 70 6 83 7 30
323 38 8 10 45 25 112 120 118 30 107
323 39 8 113 115 118 42 85 57 53 112
323 40 8 8 67 126 59 101 21 124 64
323 41 8 91 90 19 23 71 80 113 31
323 42 8 21 46 29 34 68 103 124 55
323 43 8 40 51 54 105 88 65 86 20
323 44 8 21 36 0 68 123 91 18 55
323 45 8 100 66 56 20 14 121 1 104
323 46 8 47 67 19 13 61 44 101 117
323 47 8 117 126 34 59 73 54 32 36
264 0 8 106 27 110 50 48 49 118 78
264 1 8 8 99 103 62 46 34 126 95
264 2 8 45 53 122 66 52 67 7 41
264 3 8 29 41 94 43 113 44 0 122
264 4 8 79 83 4 36 114 121 119 107
264 5 8 51 105 96 42 7 70 114 27
264 6 8 40 72 32 113 86 21 43 109
264 7 8 117 90 97 103 85 111 0 23
264 8 8 2 63 66 49 120 43 107 117
264 9 8 27 98 30 79 38 61 39 54
264 10 8 65 17 104 73 122 90 23 29
264 11 8 26 78 75 65 91 10 106 92
264 12 8 107 47 121 79 95 29 37 20
264 13 8 66 12 119 99 80 70 83 113
264 14 8 10 56 118 120 25 96 105 71
264 15 8 113 115 42 4 23 19 76 62
264 16 8 51 67 120 21 121 64 28 27
264 17 8 91 35 23 2 126 43 54 39
264 18 8 40 108 19 45 50 32 21 47
264 19 8 90 97 23 27 122 107 124 111
264 20 8 117 49 1 55 7 81 19 125
264 21 8 27 75 83 61 121 29 30 93
264 22 8 28 65 44 83 104 51 125 37
264 23 8 34 91 67 78 80 109 106 64
264 24 8 95 10 121 29 5 44 86 82
264 25 8 22 7 66 99 94 80 83 105
264 26 8 56 120 45 10 25 105 118 117
264 27 8 42 114 97 62 113 78 92 115
264 28 8 120 31 21 67 38 61 64 51
264 29 8 91 90 72 43 32 23 110 113
264 30 8 40 108 45 32 69 47 21 72
264 31 8 90 97 23 27 107 122 105 96
264 32 8 117 49 1 9 63 7 73 19
264 33 8 83 27 61 29 75 93 72 30
264 34 8 49 87 7 125 73 17 65 28
264 35 8 4 34 78 109 88 80 65 126
264 36 8 92 95 111 119 107 125 23 108
264 37 8 20 80 83 66 12 7 119 94
264 38 8 105 10 125 66 45 120 91 16
264 39 8 26 115 88 118 113 33 42 116
264 40 8 51 64 21 101 119 4 67 126
264 41 8 91 90 126 35 23 39 2 124
264 42 8 46 98 29 34 102 21 38 124
264 43 8 54 40 51 105 86 65 20 90
264 44 8 21 36 123 91 68 55 48 18
264 45 8 100 56 121 66 14 20 124 1
264 46 8 47 13 44 19 4 40 101 61
264 47 8 36 126 120 22 60 7 26 97
9787 0 8 124 36 11 28 87 22 33 64
9787 1 8 8 59 48 7 90 71 103 85
9787 2 8 66 96 52 76 126 112 49 41
9787 3 8 43 29 41 0 93 70 21 123
9787 4 8 36 27 35 49 84 101 5 3
9787 5 8 71 14 96 48 43 24 30 50
9787 6 8 40 88 21 72 98 32 50 5
9787 7 8 111 90 55 122 97 124 103 0
9787 8 8 81 1 70 2 94 29 20 63
9787 9 8 79 27 40 75 61 121 51 30
9787 10 8 51 100 44 104 65 124 15 29
9787 11 8 1 78 91 92 34 80 35 97
9787 12 8 121 101 103 86 10 95 29 38
9787 13 8 12 70 94 57 89 22 48 74
9787 14 8 56 46 45 18 22 64 120 26
9787 15 8 51 27 42 19 20 114 54 105
9787 16 8 27 44 120 64 21 13 28 58
9787 17 8 54 91 0 63 64 110 23 26
9787 18 8 40 88 5 14 72 103 47 60
9787 19 8 55 90 97 111 122 107 124 7
9787 20 8 81 1 117 49 4 70 96 7
9787 21 8 27 75 121 79 61 40 30 78
9787 22 8 15 44 28 51 100 106 104 127
9787 23 8 34 1 91 73 78 35 80 81
9787 24 8 10 121 67 55 29 103 95 86
9787 25 8 62 89 22 94 12 7 57 105
9787 26 8 45 22 56 46 71 120 106 26
9787 27 8 51 42 126 46 113 27 57 43
9787 28 8 44 28 67 13 108 60 27 21
9787 29 8 91 54 0 36 63 32 26 64
9787 30 8 88 40 72 5 69 118 47 50
9787 31 8 55 97 111 90 92 23 117 85
9787 32 8 49 81 1 20 63 117 70 7
9787 33 8 79 27 61 40 30 75 104 29
9787 34 8 104 100 65 124 110 49 15 44
9787 35 8 92 1 78 42 34 73 126 88
9787 36 8 121 0 103 38 67 82 25 119
9787 37 8 57 62 123 70 12 109 41 127
9787 38 8 18 60 22 46 120 25 71 112
9787 39 8 113 51 107 20 46 126 76 27
9787 40 8 67 77 44 59 13 29 110 21
9787 41 8 54 0 63 65 91 64 71 122
9787 42 8 8 126 90 46 49 34 29 54
9787 43 8 40 125 105 47 9 117 8 80
9787 44 8 110 21 18 23 36 106 11 123
9787 45 8 100 76 56 47 66 83 84 1
9787 46 8 47 1 10 82 124 51 19 71
9787 47 8 31 127 126 21 11 15 121 26
11 0 8 65 44 26 101 59 73 66 38
11 1 8 50 94 124 26 18 2 103 66
11 2 8 88 84 53 49 93 41 92 54
11 3 8 41 89 6 85 31 2 32 122
11 4 8 106 76 79 85 124 44 4 40
11 5 8 125 42 61 66 7 85 70 27
11 6 8 88 105 83 40 80 8 86 50
11 7 8 117 49 103 97 111 90 83 85
11 8 8 121 84 2 63 43 49 107 127
11 9 8 104 110 54 9 27 61 117 75
11 10 8 104 65 61 45 105 73 101 106
11 11 8 78 61 49 126 127 122 9 41
11 12 8 99 95 121 15 104 74 29 9
11 13 8 6 28 70 12 15 115 36 64
11 14 8 48 20 56 73 25 120 112 52
11 15 8 85 113 76 57 22 126 61 60
11 16 8 108 124 8 67 36 21 15 59
11 17 8 72 91 19 69 71 15 54 23
11 18 8 40 19 105 88 72 14 86 1
11 19 8 90 49 97 23 103 111 117 107
11 20 8 121 84 43 63 117 107 49 2
11 21 8 27 61 110 54 9 75 30 86
11 22 8 104 65 105 61 49 93 44 101
11 23 8 61 24 49 78 34 126 26 41
11 24 8 99 15 95 121 115 82 119 30
11 25 8 6 15 28 64 70 36 80 7
11 26 8 20 48 56 120 112 90 25 88
11 27 8 85 113 76 60 42 57 101 61
11 28 8 124 67 108 8 59 36 60 15
11 29 8 91 19 72 71 53 113 69 15
11 30 8 40 72 105 19 88 32 69 80
11 31 8 97 49 90 117 111 103 112 34
11 32 8 121 63 49 43 84 117 65 88
11 33 8 104 125 110 9 27 54 61 117
11 34 8 73 104 65 53 105 61 56 101
11 35 8 24 23 61 26 49 126 92 79
11 36 8 99 9 15 121 107 119 95 58
11 37 8 6 15 28 79 115 70 80 21
11 38 8 20 48 112 25 52 86 111 80
11 39 8 85 101 113 76 61 78 57 53
11 40 8 108 8 124 67 36 15 59 40
11 41 8 53 72 19 91 15 69 71 113
11 42 8 39 46 126 7 34 73 24 54
11 43 8 40 77 49 117 8 19 88 9
11 44 8 21 53 0 18 45 73 37 36
11 45 8 84 100 112 46 17 66 56 103
11 46 8 47 123 82 124 105 39 84 30
11 47 8 90 95 73 109 35 126 52 32
892 0 8 13 120 2 80 21 14 103 34
892 1 8 83 58 3 6 95 23 26 103
892 2 8 116 122 100 84 88 92 66 126
892 3 8 64 89 41 2 34 85 39 12
892 4 8 79 10 76 114 124 100 44 25
892 5 8 107 47 82 111 125 85 7 23
892 6 8 88 86 43 19 32 42 108 52
892 7 8 60 117 103 50 95 83 111 2
892 8 8 109 43 2 36 63 84 64 47
892 9 8 117 43 104 101 45 54 112 9
892 10 8 73 23 101 65 104 6 17 83
892 11 8 9 26 79 78 67 92 126 41
892 12 8 53 9 124 104 121 95 52 12
892 13 8 79 6 98 21 64 95 36 12
892 14 8 79 80 48 118 22 58 112 56
892 15 8 60 113 90 85 76 61 35 57
892 16 8 60 124 67 55 15 36 59 21
892 17 8 72 15 69 91 52 53 45 71
892 18 8 88 19 40 86 72 13 14 30
892 19 8 90 97 60 117 103 50 111 23
892 20 8 109 43 64 63 117 49 15 39
892 21 8 27 30 43 54 117 61 28 104
892 22 8 73 104 101 65 100 14 70 113
892 23 8 79 126 26 64 86 78 47 34
892 24 8 124 53 121 9 95 76 52 104
892 25 8 79 6 21 64 36 98 70 44
892 26 8 79 80 25 56 118 112 120 52
892 27 8 113 60 57 90 42 61 76 53
892 28 8 60 67 36 124 15 59 55 126
892 29 8 91 71 15 53 52 113 46 69
892 30 8 40 72 88 19 69 32 80 21
892 31 8 97 111 117 103 90 60 85 50
892 32 8 63 49 64 43 109 39 117 47
892 33 8 27 61 104 54 112 30 88 72
892 34 8 104 65 73 101 53 113 100 45
892 35 8 79 126 26 86 67 64 8 92
892 36 8 9 121 53 82 124 12 58 99
892 37 8 79 21 98 6 115 70 16 36
892 38 8 79 80 112 25 52 111 120 88
892 39 8 60 113 76 90 35 57 78 61
892 40 8 60 55 15 67 36 59 45 7
892 41 8 52 46 15 91 69 71 113 117
892 42 8 37 46 125 7 73 34 31 59
892 43 8 49 12 40 19 9 8 117 77
892 44 8 21 73 45 99 88 18 92 53
892 45 8 112 17 46 84 58 100 119 56
892 46 8 29 105 30 39 84 47 81 7
892 47 8 52 35 111 95 108 59 126 6
525 0 8 16 104 111 53 1 29 71 0
525 1 8 107 3 86 34 116 23 42 95
525 2 8 14 87 100 116 7 10 66 92
525 3 8 64 76 123 44 10 34 122 95
525 4 8 0 23 10 118 79 44 86 36
525 5 8 47 107 80 54 82 85 111 7
525 6 8 88 19 80 40 72 113 86 32
525 7 8 60 87 117 103 90 97 85 111
525 8 8 64 49 63 43 127 39 107 117
525 9 8 104 117 45 101 94 27 54 43
525 10 8 104 23 70 14 73 101 29 83
525 11 8 79 67 8 26 78 126 9 10
525 12 8 53 9 60 121 95 104 118 26
525 13 8 79 98 36 44 21 75 70 7
525 14 8 80 118 79 56 120 96 25 73
525 15 8 113 60 61 4 90 76 64 57
525 16 8 40 60 67 36 7 59 15 51
525 17 8 53 91 15 126 52 97 72 23
525 18 8 40 88 19 113 72 9 47 69
525 19 8 90 97 87 60 85 117 111 23
525 20 8 64 63 117 43 49 99 70 2
525 21 8 27 94 30 104 61 54 45 101
525 22 8 14 104 70 73 101 100 49 65
525 23 8 79 86 64 10 34 88 126 47
525 24 8 53 95 60 52 9 121 118 82
525 25 8 79 44 36 98 64 75 21 70
525 26 8 80 25 56 120 118 79 112 45
525 27 8 113 60 42 61 4 76 57 53
525 28 8 67 40 60 59 36 21 7 126
525 29 8 91 53 71 126 97 23 113 32
525 30 8 40 72 88 69 21 113 19 32
525 31 8 90 97 117 103 111 0 85 92
525 32 8 63 64 49 43 7 81 39 70
525 33 8 27 61 54 104 30 94 29 72
525 34 8 104 2 14 65 70 101 83 100
525 35 8 126 86 79 67 34 88 8 64
525 36 8 9 53 82 60 95 121 32 104
525 37 8 44 70 75 107 36 99 98 79
525 38 8 118 96 112 25 79 120 80 45
525 39 8 113 4 115 76 62 57 53 61
525 40 8 40 67 7 4 36 59 60 21
525 41 8 91 53 71 126 23 97 52 113
525 42 8 46 37 73 29 125 34 54 59
525 43 8 105 40 9 4 81 117 86 54
525 44 8 21 36 18 71 68 106 37 54
525 45 8 100 66 103 56 14 84 1 111
525 46 8 47 67 44 114 82 8 31 91
525 47 8 34 117 126 32 59 27 36 90
17292 0 8 64 62 82 33 36 124 28 79
17292 1 8 99 90 59 114 76 86 71 68
17292 2 8 66 70 127 23 90 41 121 85
17292 3 8 76 77 43 44 62 123 95 0
17292 4 8 87 36 116 10 86 35 4 21
17292 5 8 122 16 56 24 14 27 78 85
17292 6 8 40 72 55 80 32 113 21 109
17292 7 8 117 90 97 103 0 124 55 122
17292 8 8 4 81 49 43 63 117 1 96
17292 9 8 27 40 54 33 75 61 112 72
17292 10 8 2 104 65 95 40 93 20 44
17292 11 8 50 97 88 34 78 126 79 16
17292 12 8 95 103 32 82 60 121 76 5
17292 13 8 102 113 70 123 89 120 127 107
17292 14 8 56 64 45 96 22 25 120 82
17292 15 8 113 51 76 46 42 57 61 27
17292 16 8 13 51 67 64 21 40 120 36
17292 17 8 91 35 23 2 92 66 71 126
17292 18 8 40 55 111 19 14 72 5 47
17292 19 8 97 90 111 43 55 122 103 7
17292 20 8 4 81 117 1 63 2 49 43
17292 21 8 27 40 33 121 61 75 29 78
17292 22 8 104 65 2 33 40 51 124 100
17292 23 8 34 97 50 78 88 73 126 79
17292 24 8 95 121 103 10 123 29 52 82
17292 25 8 89 127 102 7 62 70 113 5
17292 26 8 45 64 25 22 120 112 71 46
17292 27 8 46 113 27 51 57 42 76 61
17292 28 8 13 67 51 59 21 109 64 126
17292 29 8 91 92 71 35 2 36 126 23
17292 30 8 72 40 47 111 55 88 118 5
17292 31 8 97 117 43 55 90 111 103 92
17292 32 8 4 49 63 1 81 70 117 2
17292 33 8 40 54 27 61 33 30 121 29
17292 34 8 2 104 33 65 124 40 110 41
17292 35 8 97 34 50 126 73 78 30 92
17292 36 8 103 32 52 82 29 121 95 25
17292 37 8 102 127 70 89 120 113 7 62
17292 38 8 64 25 22 120 112 82 118 45
17292 39 8 46 113 27 51 37 87 57 53
17292 40 8 13 67 59 51 109 21 101 36
17292 41 8 91 92 23 71 35 2 0 54
17292 42 8 46 8 86 98 29 34 54 103
17292 43 8 16 40 105 9 54 80 72 117
17292 44 8 21 23 36 18 68 106 91 55
17292 45 8 100 103 76 14 56 66 121 1
17292 46 8 47 51 114 19 8 13 101 23
17292 47 8 26 21 126 15 121 59 114 14
7798 0 8 112 36 23 125 30 95 122 124
7798 1 8 30 17 97 29 59 113 68 105
7798 2 8 76 96 115 66 44 41 36 67
7798 3 8 43 92 70 76 121 44 50 5
7798 4 8 36 27 38 5 21 10 84 35
7798 5 8 48 14 10 122 16 87 58 50
7798 6 8 40 72 111 118 32 21 50 103
7798 7 8 55 90 97 103 122 117 43 124
7798 8 8 81 20 63 1 117 49 2 29
7798 9 8 27 30 40 75 51 61 86 29
7798 10 8 2 70 109 65 104 51 93 44
7798 11 8 42 88 34 78 55 97 80 64
7798 12 8 101 38 109 121 0 103 82 32
7798 13 8 41 57 123 70 36 109 105 7
7798 14 8 18 56 46 120 45 60 25 51
7798 15 8 20 113 51 97 37 126 57 27
7798 16 8 110 77 21 44 67 64 120 28
7798 17 8 91 0 63 64 65 23 54 110
7798 18 8 40 19 111 14 72 5 88 45
7798 19 8 90 55 97 111 92 23 107 85
7798 20 8 81 1 2 20 117 49 63 73
7798 21 8 27 61 121 30 29 40 75 86
7798 22 8 65 104 70 109 2 110 44 100
7798 23 8 34 42 78 97 64 55 88 91
7798 24 8 121 0 38 95 82 10 109 103
7798 25 8 57 123 41 36 109 22 7 70
7798 26 8 18 45 60 71 46 56 22 120
7798 27 8 20 113 27 46 51 126 57 42
7798 28 8 44 110 77 67 29 59 21 108
7798 29 8 91 0 65 63 64 71 36 54
7798 30 8 40 118 72 69 19 88 5 92
7798 31 8 97 117 90 103 111 92 55 85
7798 32 8 20 49 63 43 27 2 81 70
7798 33 8 54 40 104 106 27 61 30 29
7798 34 8 70 2 104 109 124 65 53 40
7798 35 8 97 42 55 126 34 79 64 92
7798 36 8 0 38 121 52 82 103 58 25
7798 37 8 36 123 109 57 41 70 95 12
7798 38 8 18 60 112 25 111 52 46 51
7798 39 8 20 107 76 35 90 113 57 51
7798 40 8 77 110 44 29 67 59 108 36
7798 41 8 65 0 63 64 122 91 71 113
7798 42 8 49 25 126 59 90 46 24 75
7798 43 8 8 125 47 49 40 121 9 56
7798 44 8 110 21 80 11 84 18 37 13
7798 45 8 47 83 84 87 112 100 56 76
7798 46 8 1 10 47 82 124 123 84 105
7798 47 8 11 31 127 90 15 121 82 126
311 0 8 11 120 0 93 31 61 84 92
311 1 8 19 123 83 41 2 33 77 42
311 2 8 116 117 66 69 10 67 41 68
311 3 8 91 10 76 89 26 121 44 43
311 4 8 91 0 79 111 4 124 10 22
311 5 8 34 111 126 122 102 125 70 16
311 6 8 19 80 110 86 30 10 42 111
311 7 8 72 117 34 103 60 90 97 43
311 8 8 28 27 39 49 43 64 63 117
311 9 8 43 48 117 54 61 112 88 104
311 10 8 2 74 65 101 70 62 14 104
311 11 8 58 79 47 8 13 126 86 78
311 12 8 124 32 104 9 69 52 115 60
311 13 8 79 6 21 121 64 95 36 44
311 14 8 28 80 101 118 88 22 112 79
311 15 8 113 76 60 35 90 57 61 98
311 16 8 15 121 124 67 20 60 36 45
311 17 8 45 15 72 91 97 85 52 71
311 18 8 19 40 30 72 42 86 9 8
311 19 8 97 72 103 34 90 117 60 50
311 20 8 39 117 43 28 64 63 81 2
311 21 8 43 27 61 112 117 54 86 78
311 22 8 104 101 65 2 107 70 14 113
311 23 8 58 34 47 126 86 79 122 8
311 24 8 124 121 52 115 53 95 100 68
311 25 8 79 6 21 121 64 36 44 7
311 26 8 28 80 27 112 45 101 118 88
311 27 8 113 60 76 35 57 42 53 61
311 28 8 67 15 59 121 36 60 20 21
311 29 8 91 71 15 52 45 97 32 117
311 30 8 40 72 80 19 69 47 88 1
311 31 8 97 117 111 103 72 90 43 85
311 32 8 63 43 39 49 28 117 64 109
311 33 8 27 43 54 61 112 117 88 93
311 34 8 104 101 65 74 83 53 14 40
311 35 8 126 58 67 79 86 34 13 47
311 36 8 124 58 82 121 69 119 9 52
311 37 8 79 21 115 70 121 6 75 64
311 38 8 112 80 25 28 101 58 79 27
311 39 8 35 76 113 60 78 90 123 57
311 40 8 15 67 7 121 59 36 20 4
311 41 8 45 52 91 71 15 72 117 113
311 42 8 21 65 7 37 46 34 74 54
311 43 8 40 19 43 9 4 117 12 51
311 44 8 113 45 21 0 18 88 54 36
311 45 8 112 46 84 17 100 63 56 66
311 46 8 29 105 47 39 30 84 75 38
311 47 8 52 108 35 59 95 111 126 6
39721 0 8 67 126 3 62 77 29 116 12
39721 1 8 78 123 114 107 116 88 99 60
39721 2 8 66 119 73 15 23 9 62 94
39721 3 8 26 91 7 120 64 11 43 60
39721 4 8 91 39 116 124 22 86 105 104
39721 5 8 47 78 24 90 126 56 111 27
39721 6 8 110 30 80 79 32 40 72 47
39721 7 8 34 117 103 87 97 98 16 71
39721 8 8 39 24 43 46 51 49 63 3
39721 9 8 112 22 33 54 43 117 113 119
39721 10 8 101 62 23 40 104 39 120 65
39721 11 8 47 87 71 9 127 16 79 111
39721 12 8 124 58 68 63 120 100 76 29
39721 13 8 24 79 49 65 121 64 75 102
39721 14 8 82 28 62 88 112 58 52 39
39721 15 8 76 35 98 113 4 115 33 18
39721 16 8 43 67 20 123 15 45 59 84
39721 17 8 91 97 71 14 117 20 85 84
39721 18 8 110 30 40 80 72 19 79 50
39721 19 8 97 117 34 103 90 87 60 0
39721 20 8 39 43 24 117 51 63 46 106
39721 21 8 112 117 33 61 27 118 54 43
39721 22 8 104 101 62 107 74 108 65 113
39721 23 8 87 47 126 34 86 8 71 122
39721 24 8 124 58 68 115 104 76 100 12
39721 25 8 24 49 121 79 102 64 75 21
39721 26 8 82 28 62 27 112 58 88 45
39721 27 8 76 35 113 115 4 46 57 98
39721 28 8 67 20 59 43 123 15 121 21
39721 29 8 91 71 97 20 32 14 84 29
39721 30 8 72 40 80 47 30 19 69 92
39721 31 8 117 97 103 111 90 107 71 92
39721 32 8 43 63 39 24 51 49 117 14
39721 33 8 27 54 61 117 33 112 88 118
39721 34 8 104 101 74 120 83 65 107 40
39721 35 8 71 87 47 126 34 86 16 20
39721 36 8 124 68 58 120 119 82 43 123
39721 37 8 49 24 99 70 55 121 115 65
39721 38 8 82 62 112 28 58 118 25 88
39721 39 8 76 98 113 4 35 123 78 115
39721 40 8 67 20 59 123 121 43 36 109
39721 41 8 91 84 71 14 97 20 113 32
39721 42 8 65 101 46 34 7 93 28 54
39721 43 8 40 4 9 117 51 16 105 54
39721 44 8 18 13 21 71 68 36 20 54
39721 45 8 100 84 103 111 56 66 35 70
39721 46 8 47 8 114 67 31 75 115 44
39721 47 8 117 34 126 47 66 26 59 32
6821 0 8 80 124 36 87 112 70 28 3
6821 1 8 90 68 7 98 71 36 113 59
6821 2 8 126 66 76 5 96 69 68 119
6821 3 8 43 122 24 77 62 121 97 120
6821 4 8 21 36 37 27 116 5 4 87
6821 5 8 117 56 16 115 85 71 90 18
6821 6 8 40 80 72 32 102 55 21 110
6821 7 8 117 103 111 97 83 96 0 90
6821 8 8 14 63 43 117 49 4 20 47
6821 9 8 88 27 33 54 112 40 61 104
6821 10 8 41 104 119 33 100 95 109 110
6821 11 8 116 16 78 126 50 19 39 106
6821 12 8 58 103 121 74 76 112 124 43
6821 13 8 65 115 127 45 99 42 102 119
6821 14 8 22 64 52 112 88 58 25 101
6821 15 8 76 113 53 35 57 69 42 56
6821 16 8 67 13 36 29 51 110 84 101
6821 17 8 91 92 66 61 71 35 117 84
6821 18 8 40 72 19 80 30 14 47 32
6821 19 8 97 111 117 107 43 90 96 103
6821 20 8 117 81 14 63 4 49 43 55
6821 21 8 27 33 61 54 88 77 75 62
6821 22 8 104 44 100 101 119 33 41 72
6821 23 8 116 97 91 19 111 126 50 78
6821 24 8 124 103 58 123 121 43 118 74
6821 25 8 102 127 115 7 113 42 70 74
6821 26 8 64 22 101 82 97 112 47 88
6821 27 8 46 113 76 53 35 57 87 42
6821 28 8 67 13 59 36 51 35 109 33
6821 29 8 91 92 61 71 29 54 32 66
6821 30 8 72 40 80 19 47 55 32 69
6821 31 8 117 97 111 103 43 96 107 124
6821 32 8 14 63 4 117 43 49 70 6
6821 33 8 27 54 40 61 33 112 88 77
6821 34 8 41 104 110 37 33 119 9 95
6821 35 8 116 114 97 16 126 18 68 64
6821 36 8 103 58 121 16 124 17 29 43
6821 37 8 127 89 120 70 7 50 1 45
6821 38 8 22 112 64 25 31 7 82 87
6821 39 8 76 46 113 77 98 106 69 78
6821 40 8 67 100 13 59 109 115 51 23
6821 41 8 92 91 71 54 61 115 122 84
6821 42 8 8 86 34 90 60 46 28 98
6821 43 8 40 72 74 80 16 9 86 110
6821 44 8 23 21 18 72 14 117 63 123
6821 45 8 76 100 84 103 56 26 14 1
6821 46 8 51 47 96 75 13 119 83 33
6821 47 8 114 26 121 21 30 15 126 103
5048 0 8 73 23 41 112 77 36 105 12
5048 1 8 103 66 59 29 109 38 98 101
5048 2 8 49 115 66 76 120 23 24 126
5048 3 8 77 62 121 12 40 92 43 90
5048 4 8 116 27 10 77 21 1 36 87
5048 5 8 16 48 78 117 56 90 102 30
5048 6 8 80 30 110 40 123 19 72 32
5048 7 8 103 117 97 98 96 43 34 16
5048 8 8 14 43 117 59 20 46 63 106
5048 9 8 112 88 54 27 77 119 118 41
5048 10 8 70 104 95 119 109 110 33 39
5048 11 8 116 16 0 127 126 29 55 111
5048 12 8 58 38 103 74 124 109 76 36
5048 13 8 41 123 109 36 65 64 57 115
5048 14 8 18 52 88 112 82 58 39 47
5048 15 8 35 76 20 113 69 18 107 53
5048 16 8 77 67 29 110 58 6 45 108
5048 17 8 91 0 64 65 117 71 63 85
5048 18 8 30 40 80 110 72 19 42 32
5048 19 8 34 97 117 43 98 90 71 103
5048 20 8 14 117 43 63 27 106 4 39
5048 21 8 27 117 112 77 54 33 118 61
5048 22 8 70 104 109 95 101 119 62 110
5048 23 8 16 97 116 126 42 111 55 34
5048 24 8 58 38 124 0 103 37 109 57
5048 25 8 123 109 41 57 36 102 64 14
5048 26 8 47 18 82 88 64 60 22 112
5048 27 8 20 76 46 113 35 122 107 31
5048 28 8 44 77 67 29 6 110 59 64
5048 29 8 0 65 91 64 71 63 13 115
5048 30 8 80 118 72 40 30 47 19 8
5048 31 8 34 103 117 43 97 98 96 60
5048 32 8 20 14 43 63 27 117 6 46
5048 33 8 117 41 112 106 35 54 77 118
5048 34 8 70 95 109 104 110 124 40 59
5048 35 8 16 97 42 116 55 114 37 92
5048 36 8 0 38 58 103 109 97 124 119
5048 37 8 123 36 109 41 57 95 115 77
5048 38 8 47 18 60 111 112 52 25 88
5048 39 8 20 107 76 90 35 69 113 57
5048 40 8 44 77 29 6 110 67 108 59
5048 41 8 65 115 64 0 63 91 84 85
5048 42 8 25 126 49 90 20 75 59 8
5048 43 8 47 125 121 74 8 40 49 27
5048 44 8 110 13 80 21 11 84 117 73
5048 45 8 47 83 84 5 100 87 76 7
5048 46 8 1 96 37 10 45 123 124 71
5048 47 8 11 127 31 82 15 90 12 14
382 0 8 65 53 1 73 100 98 69 31
382 1 8 18 94 119 127 5 15 10 82
382 2 8 84 80 88 38 57 93 39 40
382 3 8 6 89 31 41 75 16 124 2
382 4 8 124 106 115 76 111 85 44 48
382 5 8 61 125 66 8 37 13 9 22
382 6 8 105 83 78 8 52 80 56 30
382 7 8 34 49 112 101 75 9 16 71
382 8 8 84 65 121 116 9 46 3 57
382 9 8 9 110 117 54 125 59 52 114
382 10 8 105 61 56 53 112 65 39 97
382 11 8 125 49 61 24 127 37 23 7
382 12 8 96 99 15 116 97 79 104 56
382 13 8 6 28 15 19 23 73 77 58
382 14 8 20 48 90 17 86 88 100 104
382 15 8 101 85 76 10 123 70 92 113
382 16 8 124 8 39 73 17 45 81 65
382 17 8 19 42 69 21 71 91 48 99
382 18 8 105 83 80 78 8 30 40 56
382 19 8 49 112 34 71 117 9 101 75
382 20 8 121 84 43 65 116 63 46 57
382 21 8 125 9 110 117 54 112 27 61
382 22 8 105 61 56 65 53 104 20 78
382 23 8 61 24 49 125 23 37 127 92
382 24 8 99 96 15 56 79 119 95 97
382 25 8 58 6 15 28 19 23 118 73
382 26 8 17 20 100 90 48 86 117 88
382 27 8 85 101 70 10 76 123 103 113
382 28 8 81 124 8 39 73 21 17 67
382 29 8 21 42 19 48 91 1 69 71
382 30 8 105 78 83 80 8 56 30 40
382 31 8 112 49 101 34 75 117 71 97
382 32 8 65 43 121 84 116 63 46 57
382 33 8 125 9 110 117 114 118 59 16
382 34 8 78 56 105 61 53 112 65 39
382 35 8 125 23 24 61 49 37 127 7
382 36 8 99 96 15 79 97 56 116 119
382 37 8 58 15 19 28 23 118 6 25
382 38 8 17 100 90 48 20 86 107 112
382 39 8 10 101 70 85 103 76 123 23
382 40 8 81 73 124 17 67 8 45 65
382 41 8 42 21 48 69 19 71 91 113
382 42 8 31 64 6 54 32 56 114 36
382 43 8 77 71 40 88 31 43 9 78
382 44 8 53 90 0 73 31 18 107 121
382 45 8 84 101 100 94 1 27 2 35
382 46 8 38 34 11 84 75 97 91 47
382 47 8 73 105 125 20 2 101 126 86
4416 0 8 21 63 50 2 75 60 125 103
4416 1 8 58 23 6 125 95 10 3 99
4416 2 8 84 93 54 8 88 47 122 100
4416 3 8 4 64 38 107 16 82 2 91
4416 4 8 124 56 25 48 58 104 44 67
4416 5 8 82 68 13 47 22 61 34 8
4416 6 8 52 83 42 30 8 80 38 12
4416 7 8 34 51 60 110 50 49 31 16
4416 8 8 36 109 46 116 84 3 103 43
4416 9 8 65 9 8 110 45 52 1 114
4416 10 8 112 113 74 61 39 102 21 53
4416 11 8 67 9 127 8 107 61 37 63
4416 12 8 116 97 75 15 80 104 63 12
4416 13 8 23 98 21 73 28 6 77 16
4416 14 8 79 88 90 48 73 86 8 76
4416 15 8 103 85 123 76 10 95 70 8
4416 16 8 124 73 65 45 17 7 55 91
4416 17 8 48 69 71 99 29 18 21 91
4416 18 8 83 30 8 80 52 79 105 56
4416 19 8 34 60 9 71 31 49 3 16
4416 20 8 36 116 43 46 84 109 121 3
4416 21 8 65 117 9 114 110 45 59 8
4416 22 8 112 53 113 65 61 105 59 30
4416 23 8 89 37 61 125 127 49 8 24
4416 24 8 116 97 104 56 15 99 96 75
4416 25 8 23 98 21 6 73 16 28 15
4416 26 8 90 79 88 48 8 93 11 118
4416 27 8 10 85 103 123 76 4 87 23
4416 28 8 124 73 55 17 15 67 45 65
4416 29 8 71 48 69 97 91 83 18 19
4416 30 8 105 80 30 83 8 56 12 40
4416 31 8 49 34 117 71 60 0 103 3
4416 32 8 36 43 109 63 116 121 84 46
4416 33 8 114 65 117 9 110 45 59 104
4416 34 8 53 113 105 61 45 112 123 65
4416 35 8 89 67 61 24 49 37 127 63
4416 36 8 99 116 97 15 9 56 104 119
4416 37 8 98 23 21 28 16 6 82 42
4416 38 8 90 88 79 48 112 8 107 93
4416 39 8 76 103 87 10 23 85 123 113
4416 40 8 73 124 17 67 45 8 59 55
4416 41 8 69 48 19 71 113 91 49 83
4416 42 8 64 37 31 54 7 32 36 34
4416 43 8 40 77 30 43 9 88 78 20
4416 44 8 0 53 73 121 18 97 21 32
4416 45 8 84 94 100 1 103 27 35 32
4416 46 8 38 75 67 122 84 44 47 82
4416 47 8 117 73 32 34 126 90 111 57
369 0 8 93 31 69 21 47 53 54 111
369 1 8 23 124 19 83 58 77 72 37
369 2 8 7 117 47 116 9 68 66 51
369 3 8 60 112 64 2 16 38 39 29
369 4 8 56 111 124 48 25 44 104 107
369 5 8 82 2 108 102 13 68 47 8
369 6 8 80 30 52 8 42 108 110 79
369 7 8 72 34 117 16 97 0 71 60
369 8 8 28 36 43 109 63 46 116 15
369 9 8 65 45 114 54 117 48 59 47
369 10 8 123 113 88 65 74 104 112 23
369 11 8 58 67 127 98 13 113 89 8
369 12 8 114 69 124 104 116 97 12 5
369 13 8 98 21 23 121 16 77 64 82
369 14 8 121 88 28 118 101 8 120 90
369 15 8 4 76 13 123 113 87 115 22
369 16 8 121 67 20 73 21 124 15 59
369 17 8 45 71 91 97 48 14 43 20
369 18 8 40 80 30 8 9 45 113 19
369 19 8 72 90 97 117 85 34 0 71
369 20 8 36 28 63 43 49 109 7 15
369 21 8 45 65 114 27 117 54 61 83
369 22 8 123 113 65 104 88 101 53 45
369 23 8 89 58 67 127 59 13 113 37
369 24 8 114 69 104 124 116 9 119 95
369 25 8 98 82 21 23 121 77 55 64
369 26 8 121 118 90 93 88 28 112 120
369 27 8 4 13 76 113 123 115 10 61
369 28 8 21 67 121 20 59 73 124 36
369 29 8 45 91 71 97 113 14 23 116
369 30 8 40 80 32 19 30 8 72 45
369 31 8 72 90 117 97 71 0 103 34
369 32 8 36 63 28 43 49 116 7 117
369 33 8 65 114 117 45 27 54 59 61
369 34 8 123 88 104 65 113 14 53 74
369 35 8 58 89 13 67 111 127 37 126
369 36 8 114 69 124 104 120 119 116 36
369 37 8 82 98 121 55 79 23 77 70
369 38 8 121 112 28 88 118 90 84 25
369 39 8 4 76 13 113 115 123 35 23
369 40 8 121 67 20 59 36 114 124 84
369 41 8 45 91 97 71 14 113 20 23
369 42 8 101 65 54 34 93 119 7 36
369 43 8 38 40 4 9 20 51 89 54
369 44 8 18 71 21 36 68 97 113 91
369 45 8 100 84 1 56 111 32 103 14
369 46 8 67 47 74 114 8 75 31 44
369 47 8 117 34 126 32 55 124 57 9
279 0 8 106 57 101 127 103 110 71 66
279 1 8 48 75 9 46 62 39 37 95
279 2 8 7 90 122 68 66 47 67 70
279 3 8 60 39 64 10 43 112 87 91
279 4 8 63 56 111 48 104 23 44 121
279 5 8 51 105 108 2 70 82 102 114
279 6 8 80 30 52 72 25 42 44 12
279 7 8 72 117 34 16 71 97 31 60
279 8 8 28 36 43 15 63 109 46 3
279 9 8 65 32 48 45 47 114 54 27
279 10 8 123 88 113 65 23 74 104 112
279 11 8 109 58 127 13 111 9 67 37
279 12 8 124 114 68 116 69 120 5 119
279 13 8 66 113 82 55 98 90 77 42
279 14 8 121 88 16 105 101 118 120 8
279 15 8 4 76 123 13 115 113 35 34
279 16 8 119 12 67 43 21 59 64 45
279 17 8 71 45 2 91 35 66 20 23
279 18 8 80 40 45 30 9 113 12 19
279 19 8 72 71 90 0 117 97 34 85
279 20 8 63 36 28 43 15 7 101 124
279 21 8 65 114 45 117 32 54 29 61
279 22 8 65 123 113 104 88 74 0 14
279 23 8 89 109 58 127 82 67 13 113
279 24 8 114 104 116 69 124 95 120 119
279 25 8 98 66 82 113 77 55 23 64
279 26 8 121 105 88 16 120 90 118 112
279 27 8 4 123 76 113 115 13 66 23
279 28 8 21 119 67 12 59 43 126 121
279 29 8 71 45 2 35 91 66 23 116
279 30 8 40 80 45 30 32 72 113 68
279 31 8 90 71 0 117 97 72 3 85
279 32 8 63 28 43 36 116 15 7 109
279 33 8 32 114 117 65 59 54 29 27
279 34 8 123 88 104 65 113 14 103 66
279 35 8 109 13 58 89 47 111 126 82
279 36 8 114 124 69 104 120 68 119 116
279 37 8 66 82 113 99 55 70 98 107
279 38 8 105 121 16 112 118 88 120 96
279 39 8 4 76 115 113 123 34 66 13
279 40 8 119 12 67 21 59 43 36 84
279 41 8 2 91 66 35 71 20 45 23
279 42 8 27 93 54 18 102 34 29 103
279 43 8 29 40 9 38 54 51 20 89
279 44 8 48 18 21 36 91 106 97 68
279 45 8 100 56 84 1 111 14 70 32
279 46 8 47 8 114 91 115 6 75 31
279 47 8 36 120 126 47 123 124 88 66
444 0 8 78 49 75 6 50 72 47 19
444 1 8 48 59 28 71 36 24 57 16
444 2 8 46 2 31 107 111 5 66 77
444 3 8 43 103 60 24 44 37 74 98
444 4 8 50 53 101 36 21 54 48 30
444 5 8 14 85 12 71 56 74 108 122
444 6 8 40 72 32 118 80 55 27 18
444 7 8 97 117 90 122 111 71 107 0
444 8 8 117 98 63 49 50 43 7 4
444 9 8 27 32 40 54 7 25 93 72
444 10 8 33 82 88 124 125 13 37 127
444 11 8 51 18 111 116 127 122 113 89
444 12 8 26 114 119 9 24 36 5 95
444 13 8 82 18 70 61 127 115 120 89
444 14 8 120 16 121 88 56 118 52 31
444 15 8 76 113 61 72 111 62 116 123
444 16 8 21 67 64 100 93 55 28 50
444 17 8 91 92 71 39 35 66 23 26
444 18 8 40 45 80 118 55 19 32 12
444 19 8 90 71 97 0 117 85 16 75
444 20 8 63 43 117 97 22 7 49 1
444 21 8 27 117 61 54 114 29 111 32
444 22 8 103 104 23 9 33 125 65 51
444 23 8 51 22 113 89 127 21 99 100
444 24 8 124 114 26 119 29 9 17 95
444 25 8 82 99 70 98 27 61 127 91
444 26 8 120 121 107 16 15 88 90 112
444 27 8 122 123 76 111 113 0 66 62
444 28 8 21 67 100 82 59 93 64 31
444 29 8 23 72 71 91 39 92 59 26
444 30 8 40 45 80 32 113 68 30 21
444 31 8 0 71 90 117 97 56 85 28
444 32 8 63 9 43 7 15 98 97 94
444 33 8 29 117 54 32 27 36 68 75
444 34 8 104 7 65 103 125 9 111 88
444 35 8 51 4 22 113 94 126 109 37
444 36 8 95 92 29 24 17 114 111 31
444 37 8 61 20 82 70 127 120 52 45
444 38 8 73 33 92 16 120 15 125 121
444 39 8 80 0 25 111 15 100 13 72
444 40 8 100 82 93 21 64 35 28 101
444 41 8 39 92 99 91 23 124 118 93
444 42 8 111 54 34 4 33 27 92 38
444 43 8 41 69 40 38 54 51 20 82
444 44 8 96 65 62 64 11 91 76 42
444 45 8 100 56 1 48 90 121 67 88
444 46 8 47 79 26 54 43 3 35 23
444 47 8 0 42 39 17 80 53 124 106
36003 0 8 111 89 4 33 6 75 19 46
36003 1 8 57 104 59 48 28 56 71 101
36003 2 8 46 49 111 26 60 5 71 66
36003 3 8 43 24 114 70 93 60 44 103
36003 4 8 5 36 21 127 30 84 101 49
36003 5 8 14 0 115 44 90 85 30 35
36003 6 8 40 103 98 118 32 5 72 111
36003 7 8 55 122 117 7 124 90 97 19
36003 8 8 50 94 117 1 4 52 7 49
36003 9 8 27 40 93 88 121 54 112 41
36003 10 8 51 37 33 100 124 125 104 82
36003 11 8 51 114 91 73 22 19 116 25
36003 12 8 29 20 5 103 98 59 0 32
36003 13 8 89 50 127 62 120 115 94 7
36003 14 8 61 120 82 46 31 16 64 45
36003 15 8 46 113 33 27 100 80 125 53
36003 16 8 13 100 28 21 67 93 64 36
36003 17 8 26 91 92 49 81 126 23 66
36003 18 8 103 40 55 91 5 32 111 98
36003 19 8 97 90 55 122 27 43 7 103
36003 20 8 50 117 94 49 4 1 55 7
36003 21 8 27 40 39 61 121 32 36 82
36003 22 8 23 71 37 124 82 15 51 125
36003 23 8 51 22 18 73 114 25 100 34
36003 24 8 20 29 25 114 92 103 24 112
36003 25 8 127 82 18 89 62 120 7 57
36003 26 8 61 71 120 16 82 60 64 15
36003 27 8 126 46 113 80 125 33 110 42
36003 28 8 13 93 21 67 100 28 94 59
36003 29 8 26 91 92 36 71 113 100 81
36003 30 8 32 40 103 91 118 5 102 80
36003 31 8 97 117 90 0 55 7 85 19
36003 32 8 50 117 94 97 43 49 63 20
36003 33 8 40 27 32 82 61 7 36 54
36003 34 8 71 23 88 82 33 37 124 43
36003 35 8 18 22 51 73 116 25 111 9
36003 36 8 29 103 25 119 20 114 26 112
36003 37 8 62 127 18 120 82 70 112 7
36003 38 8 61 71 73 120 16 112 64 15
36003 39 8 80 46 126 113 76 125 27 66
36003 40 8 93 13 21 67 59 100 84 94
36003 41 8 26 91 92 36 71 113 66 23
36003 42 8 86 34 54 18 33 103 126 50
36003 43 8 40 9 82 20 30 51 16 54
36003 44 8 21 18 11 36 97 68 121 91
36003 45 8 100 56 84 1 26 14 66 108
36003 46 8 47 51 3 23 75 91 8 114
36003 47 8 26 21 15 126 127 82 121 14
6500 0 8 112 36 124 3 122 62 111 47
6500 1 8 98 57 29 101 44 104 59 36
6500 2 8 76 44 49 5 126 26 23 66
6500 3 8 43 99 70 13 92 44 121 113
6500 4 8 5 36 21 1 27 84 35 114
6500 5 8 44 0 14 87 10 115 48 50
6500 6 8 40 103 118 98 108 21 18 72
6500 7 8 55 122 90 97 117 0 124 19
6500 8 8 94 7 1 20 63 97 96 49
6500 9 8 27 106 40 32 41 54 121 36
6500 10 8 0 104 51 124 10 88 82 109
6500 11 8 51 55 42 22 111 116 81 73
6500 12 8 26 0 5 103 17 98 29 10
6500 13 8 57 41 70 62 1 50 89 43
6500 14 8 120 60 16 45 31 71 26 90
6500 15 8 46 126 111 79 20 110 125 76
6500 16 8 21 64 108 100 44 67 110 120
6500 17 8 91 23 70 64 25 0 63 54
6500 18 8 40 103 108 5 45 21 113 32
6500 19 8 90 71 0 122 97 55 85 7
6500 20 8 1 94 117 7 63 96 97 20
6500 21 8 27 29 40 121 61 36 106 75
6500 22 8 51 23 71 82 104 125 17 109
6500 23 8 51 55 22 42 113 73 81 34
6500 24 8 0 17 29 25 114 26 111 103
6500 25 8 18 57 82 62 109 41 50 70
6500 26 8 120 60 71 16 121 90 112 31
6500 27 8 126 20 46 123 113 76 125 66
6500 28 8 21 44 94 108 110 67 59 60
6500 29 8 71 91 0 64 23 92 26 63
6500 30 8 118 40 80 103 45 32 5 30
6500 31 8 50 0 90 117 71 97 85 55
6500 32 8 20 43 63 94 15 97 117 7
6500 33 8 106 40 117 114 35 41 32 54
6500 34 8 23 88 104 124 103 113 71 95
6500 35 8 22 42 55 89 51 73 18 127
6500 36 8 0 103 25 26 12 17 119 95
6500 37 8 16 57 18 41 62 82 70 77
6500 38 8 60 71 112 88 120 102 22 18
6500 39 8 76 126 20 46 113 51 123 61
6500 40 8 44 67 110 108 59 23 55 77
6500 41 8 122 36 64 91 71 54 113 65
6500 42 8 54 90 49 34 18 126 8 103
6500 43 8 30 40 9 125 121 47 20 74
6500 44 8 32 21 23 110 18 13 121 11
6500 45 8 84 100 1 47 26 76 56 82
6500 46 8 75 47 10 8 45 122 91 114
6500 47 8 127 21 15 31 126 121 26 82
11 0 8 65 26 44 59 66 38 24 114
11 1 8 50 94 124 2 26 18 34 66
11 2 8 84 88 54 49 47 87 93 41
11 3 8 89 60 2 6 39 43 32 28
11 4 8 25 106 124 48 76 104 85 4
11 5 8 108 125 82 61 22 70 66 107
11 6 8 80 30 105 8 52 42 40 14
11 7 8 50 34 49 117 16 60 103 98
11 8 8 43 84 15 116 109 36 127 121
11 9 8 117 32 65 45 110 54 112 111
11 10 8 113 88 61 112 53 13 103 65
11 11 8 122 127 61 98 111 69 89 86
11 12 8 7 104 26 12 116 97 124 99
11 13 8 16 21 77 6 98 82 64 28
11 14 8 121 20 88 48 16 8 73 90
11 15 8 76 103 85 35 60 123 61 113
11 16 8 55 108 15 124 45 67 21 8
11 17 8 69 48 71 72 91 15 97 45
11 18 8 30 80 8 40 86 56 9 42
11 19 8 50 34 60 117 90 97 71 3
11 20 8 43 15 36 84 63 116 127 121
11 21 8 117 45 65 9 106 27 110 112
11 22 8 113 53 88 65 103 61 105 104
11 23 8 89 61 49 127 37 24 122 0
11 24 8 7 104 99 116 26 97 15 9
11 25 8 16 98 21 28 6 15 82 64
11 26 8 90 20 48 79 121 11 88 8
11 27 8 76 103 10 85 123 113 60 61
11 28 8 124 15 55 67 21 73 8 59
11 29 8 91 48 97 69 71 19 113 42
11 30 8 105 40 32 80 30 19 8 56
11 31 8 50 117 97 90 103 34 49 0
11 32 8 63 43 109 121 49 84 117 7
11 33 8 45 114 117 110 27 9 61 65
11 34 8 53 105 65 113 61 104 45 101
11 35 8 89 67 61 24 49 126 122 127
11 36 8 99 7 95 119 15 97 12 9
11 37 8 16 15 6 28 21 115 25 23
11 38 8 20 48 90 112 8 88 25 107
11 39 8 76 103 85 113 23 101 10 123
11 40 8 67 124 8 73 59 36 55 45
11 41 8 69 19 48 72 71 91 113 42
11 42 8 39 64 54 31 7 34 103 36
11 43 8 40 77 9 30 88 117 43 51
11 44 8 18 53 73 0 21 36 121 92
11 45 8 84 100 94 103 1 56 35 32
11 46 8 67 47 38 75 84 91 31 82
11 47 8 117 73 32 126 34 109 111 57
979 0 8 2 93 120 13 21 69 54 80
979 1 8 58 6 83 23 53 95 26 41
979 2 8 117 122 66 116 65 47 9 7
979 3 8 64 112 2 12 38 16 106 93
979 4 8 56 25 102 79 91 4 48 50
979 5 8 108 2 82 47 111 30 70 13
979 6 8 19 80 30 40 42 123 8 52
979 7 8 117 95 72 50 97 103 90 34
979 8 8 109 43 36 63 49 39 117 46
979 9 8 45 112 117 54 65 27 62 88
979 10 8 123 101 83 88 104 113 65 37
979 11 8 67 58 127 89 126 98 86 91
979 12 8 12 114 104 97 69 95 9 5
979 13 8 16 21 77 98 121 79 64 43
979 14 8 79 28 118 101 7 120 56 52
979 15 8 34 113 103 76 4 78 87 22
979 16 8 55 15 67 20 73 114 59 36
979 17 8 45 91 97 69 48 17 71 15
979 18 8 19 40 9 80 79 30 45 32
979 19 8 97 117 90 95 124 72 34 85
979 20 8 117 109 55 63 43 36 49 39
979 21 8 27 45 62 72 54 93 61 65
979 22 8 123 101 104 88 125 65 113 83
979 23 8 89 58 67 91 47 111 127 126
979 24 8 114 104 115 68 69 73 119 95
979 25 8 98 82 77 21 121 64 115 16
979 26 8 7 79 28 118 56 101 112 90
979 27 8 113 4 78 34 103 76 62 42
979 28 8 55 67 15 20 59 126 36 73
979 29 8 91 45 113 97 71 48 69 17
979 30 8 19 32 40 102 80 21 69 8
979 31 8 117 97 90 124 95 96 69 27
979 32 8 109 117 63 55 43 49 36 120
979 33 8 27 72 54 61 45 65 62 93
979 34 8 123 88 104 101 65 125 100 83
979 35 8 89 126 111 58 67 47 122 34
979 36 8 51 114 36 104 82 119 120 74
979 37 8 121 98 77 115 70 82 55 79
979 38 8 7 112 79 28 118 25 120 101
979 39 8 103 113 53 78 62 112 34 4
979 40 8 67 59 55 20 36 47 15 126
979 41 8 91 48 69 71 113 45 97 17
979 42 8 37 101 103 46 54 34 74 7
979 43 8 51 40 9 4 54 19 105 20
979 44 8 73 18 21 36 71 45 113 106
979 45 8 100 56 84 66 94 35 46 30
979 46 8 67 47 82 84 105 39 68 91
979 47 8 34 117 32 126 95 52 35 79
582 0 8 104 103 71 2 89 70 118 14
582 1 8 9 58 76 23 123 95 116 26
582 2 8 51 122 100 66 47 14 7 41
582 3 8 64 39 112 38 93 105 16 10
582 4 8 4 23 56 48 25 102 124 104
582 5 8 107 108 82 70 22 47 34 75
582 6 8 79 80 30 42 52 8 40 19
582 7 8 2 117 95 72 97 50 34 60
582 8 8 109 43 36 63 117 61 49 15
582 9 8 52 45 27 47 65 112 54 117
582 10 8 35 88 101 123 104 83 65 106
582 11 8 111 9 126 127 47 98 58 89
582 12 8 114 68 51 119 29 71 74 97
582 13 8 2 77 7 16 64 98 115 75
582 14 8 80 7 118 79 101 88 56 120
582 15 8 4 60 113 34 76 90 111 62
582 16 8 15 11 55 67 7 114 59 119
582 17 8 15 91 52 17 45 113 71 46
582 18 8 79 19 40 80 32 9 21 47
582 19 8 97 117 124 90 2 95 85 87
582 20 8 117 63 55 43 49 109 36 124
582 21 8 27 72 54 45 62 61 93 112
582 22 8 88 123 104 35 125 101 103 83
582 23 8 111 89 47 91 126 127 67 58
582 24 8 114 68 104 119 26 115 120 51
582 25 8 82 2 77 98 55 7 115 70
582 26 8 80 7 118 120 101 79 56 112
582 27 8 113 4 78 34 60 111 62 76
582 28 8 67 15 11 7 59 21 126 55
582 29 8 91 52 15 113 71 45 46 31
582 30 8 19 79 40 32 102 80 21 113
582 31 8 117 90 124 97 2 105 27 69
582 32 8 117 63 109 55 43 49 36 31
582 33 8 27 72 54 93 65 61 52 29
582 34 8 35 88 104 101 65 103 123 125
582 35 8 111 126 89 67 58 46 71 122
582 36 8 51 114 82 104 26 36 119 53
582 37 8 2 70 115 77 75 82 98 21
582 38 8 7 80 112 79 25 36 120 118
582 39 8 113 60 78 62 53 123 76 13
582 40 8 11 15 67 7 59 55 47 126
582 41 8 91 52 71 15 46 17 113 23
582 42 8 37 125 74 46 34 54 7 103
582 43 8 51 40 9 12 19 56 54 67
582 44 8 21 18 45 88 99 36 0 37
582 45 8 56 100 46 84 112 17 35 121
582 46 8 47 84 29 39 105 30 38 91
582 47 8 52 108 126 35 95 111 6 59
633 0 8 111 126 97 62 29 80 3 66
633 1 8 76 78 58 107 123 3 116 71
633 2 8 66 7 14 119 51 44 50 69
633 3 8 65 7 105 25 93 43 59 38
633 4 8 39 36 4 105 117 91 74 22
633 5 8 108 30 70 80 34 27 49 71
633 6 8 19 79 40 80 21 32 72 47
633 7 8 87 117 124 90 97 27 103 85
633 8 8 51 24 63 49 43 55 39 36
633 9 8 27 94 93 52 72 62 54 88
633 10 8 88 104 101 120 37 35 125 74
633 11 8 87 111 91 126 71 68 10 19
633 12 8 51 114 53 82 101 29 80 119
633 13 8 24 75 70 115 49 121 7 77
633 14 8 7 62 101 120 28 56 118 36
633 15 8 62 113 112 115 54 78 98 53
633 16 8 123 67 20 64 40 23 59 29
633 17 8 14 91 84 20 97 113 17 58
633 18 8 19 40 79 32 113 102 55 5
633 19 8 124 122 87 97 90 55 105 117
633 20 8 24 117 63 51 55 1 49 6
633 21 8 93 27 29 121 72 62 77 75
633 22 8 125 37 88 104 15 72 51 120
633 23 8 68 87 34 19 91 111 71 51
633 24 8 114 51 101 25 82 29 67 112
633 25 8 89 24 18 82 70 7 49 62
633 26 8 120 62 7 101 56 26 45 71
633 27 8 112 113 54 115 78 62 46 43
633 28 8 123 67 64 20 23 40 59 47
633 29 8 91 14 84 71 97 58 113 31
633 30 8 19 40 79 32 47 5 50 102
633 31 8 117 90 124 97 69 122 105 96
633 32 8 63 24 117 51 49 31 1 55
633 33 8 27 93 72 29 54 40 30 94
633 34 8 37 88 104 127 120 23 125 124
633 35 8 87 9 71 111 68 126 97 30
633 36 8 51 25 82 114 36 120 101 100
633 37 8 24 70 49 121 75 55 18 63
633 38 8 7 62 25 112 118 28 101 120
633 39 8 115 113 54 98 53 62 112 4
633 40 8 123 67 20 59 36 121 126 40
633 41 8 91 14 71 84 113 97 20 23
633 42 8 28 46 103 65 55 101 34 54
633 43 8 9 2 51 40 54 105 4 57
633 44 8 21 18 71 113 106 36 54 23
633 45 8 100 56 84 121 1 125 14 35
633 46 8 67 45 47 74 84 71 82 44
633 47 8 34 117 126 32 27 114 54 61
264 0 8 106 27 61 18 110 50 78 49
264 1 8 99 54 76 91 62 95 105 123
264 2 8 45 66 7 122 14 114 50 52
264 3 8 94 59 7 105 65 43 44 93
264 4 8 36 4 39 105 40 117 111 86
264 5 8 108 105 70 51 30 49 27 80
264 6 8 40 19 32 21 113 79 80 50
264 7 8 124 117 90 97 103 105 69 27
264 8 8 2 51 24 49 63 55 28 117
264 9 8 27 30 72 93 48 52 29 88
264 10 8 104 101 88 110 125 14 37 72
264 11 8 87 91 111 10 71 126 64 19
264 12 8 51 120 68 47 69 119 112 101
264 13 8 12 66 126 113 49 75 119 55
264 14 8 7 105 118 96 36 56 71 120
264 15 8 115 62 113 4 53 78 112 98
264 16 8 51 123 67 121 64 40 47 4
264 17 8 91 126 35 2 20 39 25 113
264 18 8 40 108 19 32 102 113 21 47
264 19 8 97 122 124 90 105 117 103 85
264 20 8 55 117 49 24 1 2 29 63
264 21 8 27 93 30 72 75 29 77 62
264 22 8 72 125 37 51 104 44 66 54
264 23 8 87 19 34 91 15 64 111 110
264 24 8 51 47 115 105 106 82 95 101
264 25 8 66 99 82 12 89 126 49 119
264 26 8 7 45 56 105 36 96 120 13
264 27 8 42 115 113 112 62 79 78 114
264 28 8 67 123 51 64 47 121 59 126
264 29 8 91 126 35 31 23 113 72 43
264 30 8 40 19 47 32 108 113 98 50
264 31 8 90 96 97 105 117 124 122 85
264 32 8 2 63 55 117 24 51 28 49
264 33 8 27 93 75 72 30 29 77 54
264 34 8 72 110 104 88 125 101 37 0
264 35 8 87 19 71 64 13 34 126 91
264 36 8 51 47 82 120 69 98 70 115
264 37 8 119 12 66 49 113 70 126 107
264 38 8 105 96 118 7 25 112 45 13
264 39 8 98 113 115 53 62 112 4 64
264 40 8 51 123 67 59 121 21 47 126
264 41 8 91 2 35 71 126 113 23 31
264 42 8 98 46 102 54 93 34 103 29
264 43 8 54 105 40 51 9 81 25 20
264 44 8 21 48 18 36 106 68 55 91
264 45 8 56 100 66 121 104 1 11 125
264 46 8 47 44 8 68 114 2 91 101
264 47 8 36 120 126 59 7 66 72 47
1376 0 8 36 12 34 7 124 62 22 28
1376 1 8 7 48 117 54 99 59 71 90
1376 2 8 66 96 76 26 70 126 28 44
1376 3 8 43 92 44 70 41 77 65 0
1376 4 8 36 27 4 84 117 5 21 35
1376 5 8 87 10 108 14 48 70 115 92
1376 6 8 40 118 19 32 21 72 5 113
1376 7 8 55 124 122 90 117 0 105 103
1376 8 8 20 2 7 93 49 1 63 29
1376 9 8 30 27 29 93 75 40 41 121
1376 10 8 110 104 111 49 109 72 125 44
1376 11 8 88 64 91 42 65 116 78 34
1376 12 8 101 0 82 51 98 10 119 54
1376 13 8 84 12 57 70 41 94 7 48
1376 14 8 45 46 60 25 120 56 13 29
1376 15 8 111 54 113 42 53 62 19 20
1376 16 8 110 64 27 67 120 77 29 59
1376 17 8 54 91 63 64 23 0 31 70
1376 18 8 40 5 111 19 32 103 108 102
1376 19 8 55 122 90 97 105 2 124 0
1376 20 8 1 29 7 20 2 49 117 93
1376 21 8 75 27 30 121 93 29 72 41
1376 22 8 111 49 110 125 109 104 44 72
1376 23 8 64 65 91 42 34 88 78 22
1376 24 8 101 51 0 19 82 10 103 44
1376 25 8 84 12 94 57 41 89 62 50
1376 26 8 45 60 56 7 13 22 120 46
1376 27 8 111 19 113 79 46 53 42 54
1376 28 8 110 67 27 44 108 64 77 29
1376 29 8 91 54 63 64 0 113 46 71
1376 30 8 40 19 118 5 32 113 47 72
1376 31 8 55 97 96 2 90 117 105 124
1376 32 8 2 20 49 63 93 27 117 31
1376 33 8 30 27 93 72 75 41 29 40
1376 34 8 111 110 88 109 72 23 104 124
1376 35 8 64 42 22 19 91 126 111 88
1376 36 8 51 0 101 38 25 82 103 119
1376 37 8 12 57 84 109 70 18 41 123
1376 38 8 7 18 71 60 46 112 25 36
1376 39 8 111 20 107 113 53 90 126 78
1376 40 8 110 77 67 29 44 59 108 6
1376 41 8 65 63 36 54 91 64 115 113
1376 42 8 49 8 90 126 46 75 59 20
1376 43 8 30 47 40 125 9 8 80 20
1376 44 8 21 32 110 23 11 80 73 18
1376 45 8 76 47 83 100 56 84 104 87
1376 46 8 122 45 10 123 47 71 37 124
1376 47 8 11 31 127 14 114 82 121 15
11 0 8 65 44 26 59 38 73 114 92
11 1 8 50 94 124 26 2 34 18 126
11 2 8 84 88 49 54 93 65 53 41
11 3 8 89 2 59 6 65 41 93 31
11 4 8 25 106 76 4 40 48 36 102
11 5 8 108 125 70 30 61 42 49 82
11 6 8 19 105 40 80 32 83 72 113
11 7 8 50 117 49 124 90 97 103 69
11 8 8 49 63 84 2 55 120 43 121
11 9 8 110 27 52 30 62 72 93 54
11 10 8 101 88 61 104 35 37 125 105
11 11 8 61 126 89 71 111 49 91 127
11 12 8 7 99 12 82 51 104 119 76
11 13 8 16 6 70 115 77 95 12 43
11 14 8 20 7 73 48 101 56 120 36
11 15 8 62 113 111 85 78 103 53 60
11 16 8 67 108 8 124 15 55 123 23
11 17 8 72 69 48 91 15 17 84 113
11 18 8 19 40 32 105 79 45 50 9
11 19 8 50 124 90 97 117 122 49 85
11 20 8 117 63 55 49 27 84 73 24
11 21 8 27 93 62 110 72 9 30 54
11 22 8 125 88 104 105 61 101 37 65
11 23 8 89 61 24 49 91 34 19 126
11 24 8 7 99 15 115 104 82 73 51
11 25 8 16 6 15 28 115 21 70 64
11 26 8 20 48 56 79 7 36 45 120
11 27 8 78 113 103 85 60 42 62 111
11 28 8 67 15 124 55 8 126 59 47
11 29 8 91 48 113 69 19 71 97 17
11 30 8 19 40 32 105 72 50 102 45
11 31 8 97 50 117 96 69 90 27 49
11 32 8 117 63 55 49 121 120 109 84
11 33 8 27 93 72 110 54 61 9 45
11 34 8 101 65 105 61 104 44 125 72
11 35 8 126 24 91 49 61 89 19 67
11 36 8 99 12 7 82 15 80 119 3
11 37 8 16 6 15 115 70 21 28 80
11 38 8 20 112 48 25 52 56 36 21
11 39 8 103 113 78 85 53 76 62 123
11 40 8 67 124 59 55 8 36 15 45
11 41 8 91 69 48 72 71 19 113 42
11 42 8 39 64 46 31 103 7 74 34
11 43 8 77 30 40 9 51 88 117 19
11 44 8 21 18 73 53 0 36 14 32
11 45 8 100 94 84 56 35 66 1 15
11 46 8 47 38 67 84 29 123 19 83
11 47 8 73 126 109 117 32 79 108 34
582 0 8 103 104 71 2 120 111 21 89
582 1 8 9 58 6 95 26 53 8 42
582 2 8 51 122 84 100 88 14 7 11
582 3 8 39 2 29 38 32 112 23 117
582 4 8 23 25 4 48 76 63 20 36
582 5 8 107 82 70 47 22 34 27 49
582 6 8 79 80 40 42 19 108 32 72
582 7 8 50 117 2 90 97 124 34 69
582 8 8 109 49 63 43 117 39 2 61
582 9 8 27 45 52 112 54 72 61 38
582 10 8 101 35 83 65 37 0 23 17
582 11 8 67 9 91 126 106 127 89 81
582 12 8 12 68 29 100 119 7 71 80
582 13 8 16 21 99 2 115 44 119 25
582 14 8 80 56 118 79 120 36 22 101
582 15 8 111 113 60 78 4 62 76 42
582 16 8 15 7 67 55 11 38 23 21
582 17 8 91 15 52 97 43 17 23 46
582 18 8 40 19 72 79 108 32 50 111
582 19 8 97 122 124 90 111 87 117 50
582 20 8 117 55 73 1 49 109 24 81
582 21 8 27 93 61 72 75 29 121 45
582 22 8 44 125 65 72 104 37 101 83
582 23 8 91 67 34 19 89 87 126 57
582 24 8 44 10 82 115 7 47 88 20
582 25 8 16 7 25 89 44 22 105 94
582 26 8 45 56 80 120 118 117 25 79
582 27 8 111 78 92 42 113 97 62 114
582 28 8 38 15 7 67 47 11 21 126
582 29 8 91 52 43 15 32 113 71 125
582 30 8 19 40 45 72 79 32 98 47
582 31 8 97 90 117 124 122 96 69 23
582 32 8 117 109 120 63 55 49 73 1
582 33 8 93 27 72 61 54 29 30 75
582 34 8 44 65 125 101 35 104 72 74
582 35 8 91 67 126 34 46 19 89 71
582 36 8 82 80 53 95 119 12 3 104
582 37 8 2 16 70 21 75 44 115 25
582 38 8 80 79 112 56 25 45 36 52
582 39 8 113 60 78 62 76 111 53 123
582 40 8 15 7 67 11 59 55 47 126
582 41 8 91 52 71 15 46 17 113 23
582 42 8 125 37 46 74 7 34 103 60
582 43 8 51 40 19 9 12 67 56 89
582 44 8 18 21 88 45 0 99 36 32
582 45 8 100 56 46 112 84 17 35 1
582 46 8 47 29 84 105 38 39 30 91
582 47 8 52 108 35 95 126 111 6 59
1779 0 8 62 126 3 111 97 36 124 29
1779 1 8 78 86 58 76 45 77 123 107
1779 2 8 66 119 24 15 51 23 44 9
1779 3 8 105 7 90 65 120 43 25 11
1779 4 8 4 39 91 74 36 47 86 0
1779 5 8 70 80 47 27 30 82 49 85
1779 6 8 79 19 40 80 72 32 21 50
1779 7 8 117 87 90 97 96 122 50 85
1779 8 8 51 24 49 39 63 117 43 36
1779 9 8 27 94 52 45 54 93 72 77
1779 10 8 101 74 65 83 35 37 104 120
1779 11 8 87 71 91 127 89 126 106 47
1779 12 8 100 12 101 53 104 80 71 3
1779 13 8 24 44 16 75 84 25 21 121
1779 14 8 62 28 118 56 13 88 112 45
1779 15 8 115 113 62 112 78 111 76 4
1779 16 8 123 20 67 47 23 59 27 15
1779 17 8 91 97 84 14 17 58 71 23
1779 18 8 40 19 79 32 72 50 45 21
1779 19 8 97 96 90 87 117 122 85 34
1779 20 8 51 117 24 49 63 55 73 39
1779 21 8 27 72 94 61 93 45 75 54
1779 22 8 44 74 101 104 72 65 125 37
1779 23 8 87 89 91 71 34 126 86 111
1779 24 8 100 101 115 53 95 104 82 106
1779 25 8 24 44 121 75 70 84 64 21
1779 26 8 62 56 28 118 7 45 112 36
1779 27 8 112 113 53 115 62 42 78 4
1779 28 8 123 20 67 47 59 38 23 36
1779 29 8 91 84 97 113 14 58 71 31
1779 30 8 19 40 32 79 102 72 50 47
1779 31 8 96 97 90 117 105 124 27 85
1779 32 8 51 24 117 49 63 39 55 31
1779 33 8 27 72 93 30 61 54 52 29
1779 34 8 101 65 74 44 72 104 120 37
1779 35 8 71 91 87 126 89 34 46 19
1779 36 8 100 82 51 119 80 120 101 53
1779 37 8 24 42 70 121 75 55 84 115
1779 38 8 62 28 118 112 25 56 7 36
1779 39 8 53 113 115 98 4 112 62 42
1779 40 8 123 67 20 59 36 121 84 47
1779 41 8 91 84 58 97 14 71 113 23
1779 42 8 28 46 32 65 101 75 34 103
1779 43 8 40 2 4 9 20 117 51 105
1779 44 8 21 13 18 32 71 36 54 113
1779 45 8 100 56 84 94 86 1 15 30
1779 46 8 67 47 45 74 83 2 19 84
1779 47 8 34 117 54 32 126 79 27 55
421 0 8 2 61 31 93 120 63 97 69
421 1 8 58 83 105 45 26 41 88 106
421 2 8 66 117 122 24 15 9 69 92
421 3 8 7 105 112 65 120 43 90 39
421 4 8 4 91 36 47 39 20 117 86
421 5 8 70 34 111 80 82 107 2 47
421 6 8 19 79 40 72 108 80 50 111
421 7 8 96 117 90 97 105 122 95 69
421 8 8 109 51 39 49 63 117 1 119
421 9 8 27 93 45 72 88 54 77 29
421 10 8 101 72 74 44 83 22 0 37
421 11 8 91 47 10 67 87 70 58 126
421 12 8 120 68 100 106 5 51 71 101
421 13 8 121 42 99 30 85 7 107 70
421 14 8 118 79 56 28 13 45 91 80
421 15 8 112 53 103 4 113 111 42 62
421 16 8 20 55 15 47 67 104 123 33
421 17 8 97 91 48 69 23 25 31 60
421 18 8 40 19 50 32 111 72 108 102
421 19 8 97 96 90 122 95 124 85 117
421 20 8 117 49 109 55 73 51 1 63
421 21 8 27 75 61 72 93 126 29 42
421 22 8 72 44 104 101 125 74 79 22
421 23 8 91 34 19 87 89 111 67 10
421 24 8 51 106 10 44 115 95 82 120
421 25 8 121 7 30 42 70 17 82 85
421 26 8 45 56 7 79 13 28 118 36
421 27 8 112 113 53 42 62 103 78 4
421 28 8 20 55 67 47 38 104 59 64
421 29 8 91 97 48 23 113 69 31 71
421 30 8 19 40 32 98 13 102 72 50
421 31 8 96 124 97 90 105 27 95 117
421 32 8 109 117 49 55 63 39 29 93
421 33 8 27 72 93 75 30 61 29 54
421 34 8 72 44 101 104 123 100 107 65
421 35 8 91 19 34 126 111 88 67 10
421 36 8 51 82 120 80 123 43 119 104
421 37 8 77 121 70 55 7 79 21 42
421 38 8 79 25 28 56 7 118 112 45
421 39 8 112 53 113 103 115 4 62 42
421 40 8 67 20 55 59 36 47 126 84
421 41 8 91 97 69 48 113 71 45 23
421 42 8 37 46 101 34 103 64 32 29
421 43 8 40 4 9 77 54 51 2 117
421 44 8 21 73 113 18 71 91 36 49
421 45 8 100 56 84 104 94 1 121 19
421 46 8 67 47 84 81 83 19 26 13
421 47 8 79 34 117 32 126 55 61 27
432 0 8 103 104 71 101 61 89 14 92
432 1 8 3 9 105 123 95 58 116 33
432 2 8 100 122 66 10 14 92 114 69
432 3 8 112 39 105 10 65 5 109 99
432 4 8 23 105 36 4 47 117 89 20
432 5 8 107 70 27 34 47 100 49 22
432 6 8 19 40 32 72 13 111 21 79
432 7 8 2 117 97 96 90 124 105 6
432 8 8 64 109 49 93 117 63 120 15
432 9 8 30 27 39 72 88 101 77 105
432 10 8 72 103 44 49 100 84 101 121
432 11 8 91 75 8 19 62 88 126 64
432 12 8 26 51 101 71 43 111 20 82
432 13 8 99 70 95 42 97 115 48 43
432 14 8 80 56 118 13 79 25 21 7
432 15 8 111 53 60 42 113 112 90 78
432 16 8 55 60 7 27 67 11 15 40
432 17 8 91 46 52 15 54 125 23 113
432 18 8 40 19 32 108 111 72 50 99
432 19 8 97 2 90 124 96 122 103 43
432 20 8 117 55 49 1 81 93 7 50
432 21 8 27 30 72 75 93 61 29 121
432 22 8 72 44 103 104 100 125 111 10
432 23 8 91 19 34 65 64 70 15 88
432 24 8 51 111 101 44 26 91 10 47
432 25 8 89 7 95 22 105 99 97 2
432 26 8 45 80 56 13 7 27 36 25
432 27 8 112 19 111 79 42 113 78 53
432 28 8 60 67 7 55 11 64 4 38
432 29 8 52 91 46 32 113 15 125 23
432 30 8 19 40 108 32 72 47 98 102
432 31 8 2 96 124 97 90 117 43 122
432 32 8 117 64 55 49 109 93 120 67
432 33 8 27 30 75 72 93 61 94 54
432 34 8 72 44 103 101 104 100 119 22
432 35 8 91 19 8 34 64 86 126 88
432 36 8 51 26 53 82 101 80 121 123
432 37 8 77 70 95 2 7 75 21 115
432 38 8 80 7 79 25 112 36 45 13
432 39 8 60 53 113 90 112 62 78 13
432 40 8 67 60 55 7 59 15 126 84
432 41 8 91 52 46 15 113 71 85 115
432 42 8 125 37 46 59 73 34 85 103
432 43 8 12 40 49 19 8 9 100 20
432 44 8 21 88 99 19 45 18 33 11
432 45 8 58 17 104 84 112 46 56 100
432 46 8 81 84 29 30 47 105 39 88
432 47 8 52 108 111 35 95 6 59 126
594 0 8 17 76 16 111 18 101 118 6
594 1 8 34 3 76 107 20 116 12 105
594 2 8 14 77 100 87 66 114 115 51
594 3 8 76 105 112 38 73 51 39 98
594 4 8 23 105 117 36 118 86 22 100
594 5 8 107 80 27 34 70 81 85 108
594 6 8 19 40 32 72 80 13 42 21
594 7 8 96 87 117 60 97 95 2 90
594 8 8 64 39 49 117 31 93 97 120
594 9 8 94 27 72 30 45 101 69 105
594 10 8 72 101 44 22 14 23 0 49
594 11 8 8 91 52 47 70 62 10 19
594 12 8 26 51 53 71 125 20 68 112
594 13 8 75 42 77 44 95 43 7 107
594 14 8 80 118 79 56 13 73 36 7
594 15 8 53 60 4 113 112 42 90 62
594 16 8 40 7 60 47 67 15 33 4
594 17 8 53 91 52 15 23 97 126 113
594 18 8 40 19 55 50 32 9 111 13
594 19 8 87 96 97 90 85 95 124 122
594 20 8 64 117 49 55 63 39 7 1
594 21 8 27 94 72 75 105 61 77 93
594 22 8 72 44 14 22 101 8 104 74
594 23 8 91 19 34 70 111 86 47 71
594 24 8 51 53 101 115 44 68 120 111
594 25 8 75 95 42 85 7 44 70 55
594 26 8 80 45 7 56 13 118 79 36
594 27 8 112 60 113 53 42 4 118 78
594 28 8 40 7 67 60 59 47 33 15
594 29 8 52 23 53 91 15 113 71 25
594 30 8 19 40 13 32 98 72 50 102
594 31 8 96 87 124 97 90 117 85 43
594 32 8 64 117 55 49 39 63 7 29
594 33 8 94 105 27 72 75 30 93 61
594 34 8 72 101 44 14 104 107 32 100
594 35 8 91 86 19 34 8 126 111 64
594 36 8 51 53 82 60 121 43 123 104
594 37 8 75 44 77 70 107 95 7 2
594 38 8 80 79 25 7 45 112 118 36
594 39 8 113 53 60 112 62 115 78 90
594 40 8 40 67 7 59 60 15 84 126
594 41 8 91 53 52 113 71 15 85 23
594 42 8 46 37 125 73 59 34 103 55
594 43 8 40 8 49 9 81 117 100 54
594 44 8 21 37 80 18 54 36 45 33
594 45 8 104 84 56 100 112 46 14 1
594 46 8 47 82 124 84 44 105 39 45
594 47 8 90 27 52 35 95 108 126 34
304 0 8 93 69 107 31 0 111 61 68
304 1 8 60 76 83 3 77 123 23 19
304 2 8 68 66 117 116 123 14 100 69
304 3 8 76 1 43 105 106 44 65 10
304 4 8 102 105 36 117 111 91 74 39
304 5 8 80 70 14 111 27 85 100 108
304 6 8 40 19 72 32 21 50 69 113
304 7 8 72 117 96 97 90 0 103 122
304 8 8 27 64 28 99 49 119 39 1
304 9 8 105 27 94 93 30 101 72 51
304 10 8 72 14 101 104 44 37 22 49
304 11 8 91 58 47 86 19 10 34 13
304 12 8 69 120 53 51 43 5 68 125
304 13 8 121 24 75 95 55 70 77 85
304 14 8 56 118 28 45 84 101 13 7
304 15 8 34 112 53 113 100 4 42 115
304 16 8 40 20 121 67 120 64 59 33
304 17 8 30 97 91 23 14 25 31 110
304 18 8 40 19 43 50 32 72 55 9
304 19 8 72 90 96 97 122 124 117 85
304 20 8 27 117 55 49 28 7 1 64
304 21 8 27 105 75 94 93 30 72 61
304 22 8 72 44 14 22 104 65 101 79
304 23 8 91 34 19 58 13 71 111 46
304 24 8 69 51 120 53 82 123 101 95
304 25 8 95 121 70 24 89 85 7 55
304 26 8 56 45 101 7 84 118 13 25
304 27 8 112 34 100 115 113 42 53 4
304 28 8 20 67 121 40 59 33 47 38
304 29 8 30 91 23 97 14 71 113 31
304 30 8 40 19 32 72 43 59 13 102
304 31 8 90 72 97 96 124 85 122 117
304 32 8 27 28 49 7 117 63 1 99
304 33 8 105 61 27 30 93 72 43 94
304 34 8 14 72 44 65 120 101 104 22
304 35 8 58 13 91 47 34 10 86 71
304 36 8 69 120 51 68 60 104 123 82
304 37 8 55 107 121 70 99 24 77 7
304 38 8 101 118 28 84 25 112 56 45
304 39 8 34 100 115 4 113 112 53 62
304 40 8 20 67 121 59 47 36 21 126
304 41 8 30 91 14 97 45 71 23 113
304 42 8 119 101 46 55 65 29 103 34
304 43 8 40 54 4 51 105 9 86 65
304 44 8 21 71 91 36 18 54 113 68
304 45 8 100 56 1 93 14 121 84 66
304 46 8 47 67 110 13 83 26 4 18
304 47 8 55 34 126 117 79 61 28 118
279 0 8 106 57 101 127 103 14 71 110
279 1 8 48 60 39 77 62 46 3 57
279 2 8 90 68 92 66 114 122 121 69
279 3 8 76 43 106 21 44 39 95 118
279 4 8 102 63 111 105 36 117 95 100
279 5 8 51 105 27 85 100 70 111 14
279 6 8 40 32 72 19 111 13 50 21
279 7 8 97 72 90 117 124 105 96 85
279 8 8 28 1 49 99 117 27 83 123
279 9 8 105 27 32 30 72 14 95 39
279 10 8 44 14 23 103 72 104 0 106
279 11 8 91 109 75 13 10 51 94 65
279 12 8 120 69 68 47 51 60 20 111
279 13 8 66 55 113 99 107 115 119 89
279 14 8 56 118 105 16 45 120 84 25
279 15 8 34 113 42 4 53 115 100 105
279 16 8 119 21 12 67 64 120 61 38
279 17 8 91 35 23 2 30 43 54 126
279 18 8 40 108 19 72 45 50 5 21
279 19 8 90 97 122 23 124 111 107 43
279 20 8 1 117 49 55 73 7 81 96
279 21 8 27 75 61 93 29 121 30 78
279 22 8 65 44 125 104 83 51 72 66
279 23 8 91 34 67 109 80 51 94 113
279 24 8 10 121 82 44 111 5 31 86
279 25 8 66 7 22 99 70 94 89 27
279 26 8 56 120 45 105 25 16 66 118
279 27 8 97 42 114 62 113 92 34 78
279 28 8 21 31 38 120 67 119 61 12
279 29 8 91 23 72 43 31 67 110 32
279 30 8 45 40 108 47 72 32 50 69
279 31 8 90 97 122 23 111 64 7 117
279 32 8 1 117 49 63 9 120 73 7
279 33 8 27 93 61 75 32 29 72 30
279 34 8 125 65 44 104 17 7 66 103
279 35 8 109 34 4 91 94 80 106 51
279 36 8 92 121 69 31 111 82 10 125
279 37 8 20 66 113 7 70 49 104 90
279 38 8 105 16 101 120 84 45 118 56
279 39 8 34 113 115 100 4 62 112 42
279 40 8 12 119 21 59 67 47 126 89
279 41 8 91 35 2 30 71 23 66 113
279 42 8 27 102 29 54 103 34 46 38
279 43 8 54 51 29 40 105 9 86 20
279 44 8 21 36 18 106 48 91 68 55
279 45 8 100 56 14 11 125 1 75 66
279 46 8 47 91 6 44 114 8 101 25
279 47 8 36 126 120 22 7 59 47 26
6500 0 8 112 36 124 3 28 62 64 29
6500 1 8 48 60 16 90 68 71 59 39
6500 2 8 76 66 44 26 5 126 28 0
6500 3 8 43 21 106 70 92 76 44 61
6500 4 8 36 102 27 5 84 21 10 125
6500 5 8 14 87 10 48 50 44 85 27
6500 6 8 40 118 32 19 103 72 69 21
6500 7 8 55 122 90 124 97 96 117 0
6500 8 8 1 20 94 7 27 117 49 96
6500 9 8 27 41 75 40 93 72 32 25
6500 10 8 72 103 44 104 51 109 37 10
6500 11 8 91 42 94 19 51 34 22 126
6500 12 8 101 26 98 0 10 51 38 43
6500 13 8 57 50 41 1 48 43 70 123
6500 14 8 18 56 45 13 46 60 59 120
6500 15 8 53 20 107 46 51 113 42 15
6500 16 8 77 110 120 108 40 61 44 27
6500 17 8 91 63 0 23 65 64 30 54
6500 18 8 40 5 19 108 32 103 50 111
6500 19 8 90 124 55 97 122 23 2 117
6500 20 8 1 117 55 49 20 27 63 7
6500 21 8 75 27 72 121 41 61 29 30
6500 22 8 44 72 103 104 65 109 51 17
6500 23 8 91 94 34 42 22 19 68 88
6500 24 8 0 51 38 10 101 17 26 103
6500 25 8 57 70 109 123 22 7 18 41
6500 26 8 56 45 60 18 120 102 36 7
6500 27 8 46 42 20 113 126 53 51 78
6500 28 8 44 108 67 77 110 38 33 56
6500 29 8 91 0 63 65 113 122 32 54
6500 30 8 118 40 19 32 5 50 108 69
6500 31 8 90 96 97 43 124 55 117 27
6500 32 8 27 117 20 49 63 55 1 7
6500 33 8 41 27 61 72 75 93 40 54
6500 34 8 72 44 23 103 104 65 22 33
6500 35 8 94 19 91 22 42 97 126 46
6500 36 8 38 0 51 25 26 3 119 101
6500 37 8 109 57 18 123 41 70 95 77
6500 38 8 18 60 71 102 112 46 22 7
6500 39 8 107 113 20 53 46 126 78 51
6500 40 8 77 29 67 44 108 59 110 23
6500 41 8 122 65 63 0 91 71 54 113
6500 42 8 90 126 20 46 75 49 34 103
6500 43 8 47 40 121 9 125 8 74 80
6500 44 8 110 21 32 11 23 80 18 117
6500 45 8 100 76 47 83 56 84 87 1
6500 46 8 1 47 71 10 123 37 45 20
6500 47 8 11 31 127 121 82 14 15 126
13 0 8 65 43 98 73 45 66 114 44
13 1 8 18 94 38 26 10 95 127 42
13 2 8 84 88 38 93 57 18 61 108
13 3 8 89 6 31 2 41 65 21 124
13 4 8 106 76 115 124 4 48 44 40
13 5 8 125 61 66 70 8 22 64 49
13 6 8 83 105 19 8 80 40 32 52
13 7 8 117 49 96 112 97 90 124 103
13 8 8 121 84 49 63 43 120 117 7
13 9 8 110 9 52 27 93 72 54 51
13 10 8 61 101 105 104 37 65 72 44
13 11 8 61 91 49 126 71 24 89 127
13 12 8 99 15 100 82 80 115 76 104
13 13 8 6 70 115 15 28 42 95 64
13 14 8 20 48 56 104 7 73 17 90
13 15 8 85 53 101 78 62 113 103 111
13 16 8 124 8 67 47 39 38 88 15
13 17 8 91 19 69 105 48 42 72 13
13 18 8 40 19 105 108 32 50 8 80
13 19 8 96 97 90 49 117 85 122 23
13 20 8 73 117 121 63 84 49 43 27
13 21 8 27 110 9 75 72 54 61 93
13 22 8 65 105 61 104 72 44 125 37
13 23 8 24 61 49 91 89 126 23 19
13 24 8 99 15 7 115 82 95 3 72
13 25 8 15 6 28 58 70 64 16 115
13 26 8 20 48 104 17 56 90 7 86
13 27 8 101 85 78 113 10 103 53 70
13 28 8 124 8 67 81 39 47 59 126
13 29 8 19 91 105 69 42 48 113 71
13 30 8 19 105 40 83 32 80 72 8
13 31 8 96 49 112 97 117 69 92 90
13 32 8 121 63 65 84 117 49 55 43
13 33 8 27 125 110 9 72 61 54 93
13 34 8 105 56 61 72 65 44 104 101
13 35 8 24 49 61 23 91 19 125 126
13 36 8 99 15 96 3 51 82 80 119
13 37 8 15 58 28 23 6 70 115 25
13 38 8 20 86 48 17 104 112 90 7
13 39 8 53 101 85 113 103 10 70 78
13 40 8 67 124 8 81 59 73 36 45
13 41 8 42 91 48 69 19 71 113 21
13 42 8 46 64 114 31 32 103 34 68
13 43 8 77 40 88 117 9 100 57 31
13 44 8 18 53 21 90 73 0 92 14
13 45 8 94 100 101 84 104 45 35 56
13 46 8 38 34 11 47 84 88 67 29
13 47 8 105 57 73 20 126 109 9 59
1416 0 8 2 50 21 93 97 75 63 103
1416 1 8 58 6 23 95 3 26 42 33
1416 2 8 117 122 66 9 24 47 93 114
1416 3 8 64 39 2 4 29 38 111 85
1416 4 8 56 117 4 25 23 36 83 95
1416 5 8 47 82 108 2 70 81 84 34
1416 6 8 19 42 80 32 52 8 40 72
1416 7 8 96 95 117 97 90 85 43 34
1416 8 8 109 36 49 50 18 117 63 119
1416 9 8 65 45 26 27 72 77 54 11
1416 10 8 72 88 101 123 22 6 44 83
1416 11 8 19 9 62 91 69 67 58 106
1416 12 8 51 47 107 71 114 3 52 24
1416 13 8 98 23 21 121 30 16 85 20
1416 14 8 79 73 56 118 7 13 10 86
1416 15 8 112 103 53 113 111 78 60 62
1416 16 8 55 20 15 47 124 48 91 67
1416 17 8 69 48 97 91 25 125 45 90
1416 18 8 19 40 32 108 50 79 47 9
1416 19 8 96 97 95 85 90 124 117 69
1416 20 8 117 109 73 36 55 49 63 50
1416 21 8 75 27 72 77 93 61 65 45
1416 22 8 72 44 101 22 88 104 73 123
1416 23 8 91 19 89 34 58 111 126 62
1416 24 8 51 114 20 115 107 7 104 47
1416 25 8 121 23 98 21 64 85 7 95
1416 26 8 79 56 7 45 13 118 36 90
1416 27 8 112 53 103 113 78 111 62 42
1416 28 8 20 67 47 55 15 59 38 73
1416 29 8 91 69 113 48 97 45 71 23
1416 30 8 19 13 40 32 108 50 102 21
1416 31 8 96 95 97 124 117 27 43 69
1416 32 8 117 36 109 55 63 49 67 18
1416 33 8 27 72 65 61 93 75 77 88
1416 34 8 72 88 101 44 100 22 104 123
1416 35 8 91 19 111 58 126 34 89 122
1416 36 8 51 82 114 80 36 24 119 52
1416 37 8 77 98 21 70 121 23 7 115
1416 38 8 79 7 112 25 21 36 56 45
1416 39 8 112 53 103 113 78 62 95 8
1416 40 8 67 55 59 20 45 126 84 65
1416 41 8 69 48 45 91 71 113 85 97
1416 42 8 37 46 85 64 68 101 59 31
1416 43 8 77 40 100 9 30 20 57 117
1416 44 8 73 21 113 37 18 53 92 33
1416 45 8 94 104 84 100 56 45 35 66
1416 46 8 67 84 47 82 44 81 124 119
1416 47 8 34 117 32 79 90 27 126 73
432 0 8 103 104 71 101 61 14 92 74
432 1 8 3 9 23 95 123 105 42 116
432 2 8 100 122 66 14 10 92 114 7
432 3 8 39 112 64 38 123 29 51 43
432 4 8 23 117 56 83 105 89 36 48
432 5 8 107 47 108 100 27 85 84 75
432 6 8 19 32 42 40 123 108 14 59
432 7 8 2 96 117 95 97 124 90 6
432 8 8 109 64 49 117 93 1 18 11
432 9 8 30 72 39 27 34 77 105 106
432 10 8 72 103 44 88 54 49 111 121
432 11 8 19 8 91 75 62 22 64 111
432 12 8 51 26 47 101 20 78 111 44
432 13 8 99 89 115 70 105 97 107 2
432 14 8 56 80 7 118 25 79 13 36
432 15 8 53 111 60 113 78 79 112 42
432 16 8 55 27 7 67 11 64 15 60
432 17 8 91 52 46 113 15 54 118 126
432 18 8 40 19 111 32 108 50 99 55
432 19 8 97 27 96 90 124 43 122 55
432 20 8 117 55 49 81 1 7 93 73
432 21 8 27 62 72 93 30 88 61 121
432 22 8 72 44 37 104 125 33 51 83
432 23 8 34 91 19 67 126 46 12 88
432 24 8 51 44 7 82 124 47 95 111
432 25 8 99 89 7 115 16 23 105 70
432 26 8 56 45 80 36 13 7 25 118
432 27 8 78 42 113 79 53 62 118 112
432 28 8 67 126 7 47 11 38 55 59
432 29 8 91 72 113 32 52 43 46 125
432 30 8 19 40 32 108 21 102 115 72
432 31 8 27 97 43 124 117 90 69 96
432 32 8 117 55 120 9 49 73 63 93
432 33 8 27 72 93 61 54 78 29 30
432 34 8 44 101 65 72 104 125 37 7
432 35 8 91 126 4 34 19 46 8 111
432 36 8 26 51 118 121 92 80 82 95
432 37 8 20 2 77 16 70 7 95 75
432 38 8 80 79 7 36 13 105 21 112
432 39 8 60 53 113 112 90 78 111 13
432 40 8 55 15 7 67 60 59 11 45
432 41 8 52 46 15 91 85 113 71 17
432 42 8 125 37 46 68 59 73 85 34
432 43 8 12 19 49 40 8 9 30 27
432 44 8 19 88 99 21 45 18 11 33
432 45 8 58 17 104 84 46 112 56 100
432 46 8 84 81 29 30 47 105 39 104
432 47 8 108 52 111 6 35 95 71 126
374 0 8 16 104 111 107 18 101 53 11
374 1 8 34 3 107 76 20 42 123 116
374 2 8 14 100 66 87 9 7 92 10
374 3 8 76 105 38 112 25 2 1 64
374 4 8 23 117 105 56 22 48 20 83
374 5 8 107 80 108 82 47 22 34 13
374 6 8 19 42 14 108 52 80 123 32
374 7 8 87 96 95 117 124 60 2 97
374 8 8 27 64 18 36 55 103 39 15
374 9 8 94 51 72 52 1 34 77 99
374 10 8 72 88 101 44 23 39 106 103
374 11 8 8 19 75 62 91 76 120 111
374 12 8 51 101 53 26 118 111 75 63
374 13 8 95 75 98 97 64 24 70 1
374 14 8 80 73 13 7 79 18 36 83
374 15 8 60 53 111 112 19 113 62 79
374 16 8 40 7 67 58 88 108 47 53
374 17 8 0 52 91 113 32 29 125 118
374 18 8 19 40 55 32 108 42 14 9
374 19 8 87 96 124 97 90 117 103 78
374 20 8 27 55 117 49 93 50 73 120
374 21 8 72 27 94 61 30 62 126 93
374 22 8 72 44 33 88 104 8 101 119
374 23 8 91 19 34 111 112 88 46 36
374 24 8 51 101 7 26 111 91 33 82
374 25 8 95 7 97 89 70 102 85 22
374 26 8 13 56 45 80 29 7 36 27
374 27 8 112 118 111 19 60 53 78 113
374 28 8 40 7 38 67 108 88 44 77
374 29 8 91 63 49 0 113 52 65 32
374 30 8 108 19 40 32 72 118 47 55
374 31 8 96 87 124 97 50 85 90 117
374 32 8 117 55 27 18 49 64 120 63
374 33 8 94 27 72 61 93 4 126 54
374 34 8 72 33 44 88 104 22 65 101
374 35 8 91 19 8 34 111 126 46 22
374 36 8 51 53 3 52 111 82 80 101
374 37 8 95 16 70 75 77 7 24 21
374 38 8 80 7 18 112 79 36 56 13
374 39 8 113 53 60 78 107 20 112 87
374 40 8 40 67 7 59 126 77 44 29
374 41 8 49 65 91 53 85 36 52 113
374 42 8 37 73 20 46 74 59 126 34
374 43 8 30 40 47 8 2 121 100 9
374 44 8 21 37 80 110 18 32 33 73
374 45 8 100 104 94 84 56 121 7 47
374 46 8 122 47 84 124 82 71 38 29
374 47 8 14 11 19 82 79 90 108 44
11 0 8 44 26 65 59 101 0 104 114
11 1 8 50 94 58 124 3 34 23 26
11 2 8 88 84 54 100 93 87 49 53
11 3 8 2 38 76 105 64 6 124 59
11 4 8 117 23 106 76 25 56 105 83
11 5 8 82 108 125 47 22 61 42 107
11 6 8 19 105 42 123 83 80 108 40
11 7 8 50 96 117 49 124 90 97 85
11 8 8 84 121 109 49 120 27 15 117
11 9 8 110 72 27 9 52 4 77 88
11 10 8 72 101 61 88 44 104 33 37
11 11 8 19 91 8 61 126 122 112 46
11 12 8 7 51 80 88 33 101 26 82
11 13 8 16 43 6 21 115 70 98 95
11 14 8 56 20 7 13 79 48 45 80
11 15 8 53 113 103 60 111 78 85 62
11 16 8 15 8 124 38 67 108 55 88
11 17 8 91 69 48 125 25 72 15 4
11 18 8 40 19 108 50 55 111 32 47
11 19 8 97 122 124 96 50 90 117 85
11 20 8 117 73 55 49 81 58 29 27
11 21 8 27 93 75 72 61 74 29 77
11 22 8 72 44 33 104 79 51 101 125
11 23 8 34 91 19 57 112 119 46 89
11 24 8 7 72 88 10 115 44 82 80
11 25 8 16 100 9 3 7 6 89 43
11 26 8 56 45 117 20 13 36 79 48
11 27 8 92 111 42 78 113 62 114 85
11 28 8 38 67 15 47 124 8 126 125
11 29 8 91 113 43 19 71 48 32 41
11 30 8 19 40 108 32 72 45 105 47
11 31 8 124 97 90 69 50 117 27 122
11 32 8 117 55 73 120 109 121 63 49
11 33 8 27 93 72 61 29 110 54 9
11 34 8 72 44 101 65 104 61 125 105
11 35 8 91 67 24 19 34 61 49 126
11 36 8 99 7 80 12 82 3 15 107
11 37 8 16 70 21 15 6 28 7 115
11 38 8 20 56 48 112 25 36 45 80
11 39 8 113 78 85 62 103 42 53 101
11 40 8 124 67 59 8 15 55 47 126
11 41 8 91 69 72 48 19 71 42 52
11 42 8 39 64 46 103 34 7 74 31
11 43 8 51 40 30 77 9 88 67 19
11 44 8 21 18 73 0 53 45 36 123
11 45 8 100 56 84 94 35 46 112 66
11 46 8 47 29 38 105 39 84 30 91
11 47 8 52 73 126 95 35 108 109 32
582 0 8 103 104 71 2 111 89 21 50
582 1 8 9 58 6 95 26 42 23 3
582 2 8 51 122 100 84 14 88 66 11
582 3 8 2 39 29 38 112 64 105 23
582 4 8 4 23 25 117 83 40 48 124
582 5 8 107 82 47 70 27 30 24 34
582 6 8 79 19 40 80 108 126 72 42
582 7 8 50 2 117 90 97 124 96 69
582 8 8 109 117 49 63 43 47 61 36
582 9 8 52 27 45 38 72 34 54 39
582 10 8 101 35 107 44 23 72 83 37
582 11 8 91 9 19 67 46 112 126 69
582 12 8 80 12 100 111 3 29 7 119
582 13 8 16 21 2 99 119 98 115 49
582 14 8 56 80 79 118 10 13 36 73
582 15 8 78 111 60 113 62 4 53 9
582 16 8 15 7 67 11 23 55 38 47
582 17 8 91 52 15 125 39 25 97 29
582 18 8 40 19 79 108 50 32 72 99
582 19 8 97 124 122 87 85 90 27 117
582 20 8 117 55 73 49 109 24 1 50
582 21 8 27 93 61 38 72 75 26 88
582 22 8 72 44 101 37 104 125 83 51
582 23 8 91 34 67 19 87 71 46 112
582 24 8 80 7 101 44 82 115 47 20
582 25 8 16 7 21 89 49 115 44 75
582 26 8 56 45 80 118 79 13 36 120
582 27 8 78 113 60 92 111 42 62 97
582 28 8 15 38 67 7 47 11 126 59
582 29 8 91 52 15 43 113 71 32 97
582 30 8 19 40 72 32 79 45 98 102
582 31 8 97 124 117 90 69 27 111 122
582 32 8 117 55 109 120 63 49 73 31
582 33 8 27 93 61 72 54 29 45 78
582 34 8 101 65 44 125 35 104 72 74
582 35 8 91 67 126 46 34 19 71 112
582 36 8 80 82 104 12 3 53 95 119
582 37 8 2 21 70 16 75 115 98 44
582 38 8 80 79 56 112 25 36 45 10
582 39 8 113 60 78 62 53 42 76 123
582 40 8 15 7 67 59 11 47 55 126
582 41 8 91 52 15 71 46 17 113 23
582 42 8 125 37 46 74 60 7 34 103
582 43 8 51 40 19 9 12 67 56 89
582 44 8 21 18 88 45 0 99 36 123
582 45 8 100 56 112 46 17 84 35 6
582 46 8 47 29 39 105 84 38 30 91
582 47 8 52 108 35 126 95 111 6 59
3271 0 8 62 126 80 111 3 124 29 36
3271 1 8 78 86 76 123 58 71 88 95
3271 2 8 66 119 67 69 51 52 14 7
3271 3 8 7 105 43 65 120 122 11 59
3271 4 8 4 39 36 74 91 21 84 117
3271 5 8 30 80 70 14 85 27 122 47
3271 6 8 40 19 72 79 32 21 109 80
3271 7 8 87 117 97 111 90 124 103 105
3271 8 8 24 51 117 49 39 55 47 120
3271 9 8 27 93 52 88 94 54 72 62
3271 10 8 101 44 120 65 107 37 125 74
3271 11 8 91 87 71 47 126 46 19 34
3271 12 8 100 80 29 5 112 86 53 124
3271 13 8 24 49 75 44 70 115 121 16
3271 14 8 56 101 62 45 28 118 120 25
3271 15 8 78 113 115 62 98 57 42 112
3271 16 8 123 20 67 29 36 120 64 126
3271 17 8 91 84 97 23 14 25 71 121
3271 18 8 72 40 19 108 55 79 47 50
3271 19 8 111 97 124 87 103 122 90 55
3271 20 8 24 117 55 51 49 1 120 73
3271 21 8 27 93 61 121 88 94 54 105
3271 22 8 37 120 44 125 65 101 51 104
3271 23 8 91 71 87 68 34 97 19 126
3271 24 8 101 82 95 29 121 124 90 115
3271 25 8 49 89 24 70 121 7 115 37
3271 26 8 62 45 101 56 28 25 13 9
3271 27 8 78 115 113 112 46 4 57 42
3271 28 8 123 20 67 36 59 126 29 23
3271 29 8 84 91 97 14 113 32 71 23
3271 30 8 19 40 72 32 47 102 21 13
3271 31 8 97 111 117 124 90 103 87 69
3271 32 8 117 24 55 51 120 49 63 39
3271 33 8 27 61 54 93 94 48 72 78
3271 34 8 37 120 65 101 44 100 125 104
3271 35 8 91 71 126 87 46 34 47 10
3271 36 8 120 80 121 82 101 68 100 90
3271 37 8 24 49 70 121 55 7 107 75
3271 38 8 62 118 25 28 101 112 56 91
3271 39 8 115 113 98 53 4 78 57 112
3271 40 8 67 123 20 59 121 36 126 23
3271 41 8 91 84 97 14 71 113 28 23
3271 42 8 28 46 65 101 8 103 34 29
3271 43 8 2 40 4 9 51 117 54 99
3271 44 8 21 113 71 18 36 13 92 49
3271 45 8 100 56 84 1 94 66 34 124
3271 46 8 67 47 45 74 119 4 44 43
3271 47 8 34 117 54 32 79 114 126 55
429 0 8 84 61 103 2 80 92 14 70
429 1 8 58 3 62 83 53 75 76 105
429 2 8 100 122 66 90 67 24 8 69
429 3 8 7 59 11 65 105 120 122 43
429 4 8 4 39 105 40 22 44 86 36
429 5 8 107 105 70 27 30 52 49 122
429 6 8 19 40 80 10 72 13 32 42
429 7 8 117 124 2 90 97 34 26 103
429 8 8 15 24 49 55 39 117 109 51
429 9 8 52 30 48 27 72 105 101 93
429 10 8 101 44 110 107 103 115 120 100
429 11 8 91 8 87 47 46 71 109 50
429 12 8 26 100 80 120 118 12 101 68
429 13 8 66 113 55 95 49 70 115 107
429 14 8 56 105 101 118 96 73 7 79
429 15 8 115 78 98 113 112 62 53 37
429 16 8 119 123 51 67 60 111 55 91
429 17 8 2 35 91 126 84 113 71 20
429 18 8 19 40 55 13 72 14 50 9
429 19 8 2 97 124 103 85 90 72 122
429 20 8 55 117 15 24 49 120 28 93
429 21 8 27 30 93 48 72 61 43 54
429 22 8 103 44 101 110 115 120 100 65
429 23 8 87 91 50 126 8 109 46 47
429 24 8 26 120 36 121 78 69 51 111
429 25 8 66 113 55 70 7 49 14 102
429 26 8 105 56 96 101 118 13 25 27
429 27 8 115 78 113 4 90 118 37 34
429 28 8 119 67 123 126 51 59 55 36
429 29 8 91 2 35 126 113 31 71 32
429 30 8 19 72 32 40 13 102 69 14
429 31 8 2 97 124 90 117 103 85 111
429 32 8 117 15 55 49 120 28 93 24
429 33 8 48 30 27 72 61 93 54 105
429 34 8 103 110 115 100 101 65 104 33
429 35 8 109 126 8 50 87 116 91 46
429 36 8 26 121 120 68 80 82 36 119
429 37 8 66 113 70 107 99 7 55 49
429 38 8 105 96 118 25 112 101 84 36
429 39 8 113 115 98 4 53 37 57 34
429 40 8 119 67 51 59 123 36 126 21
429 41 8 91 2 35 126 71 113 66 84
429 42 8 102 98 34 46 38 103 29 124
429 43 8 40 54 51 105 9 81 16 117
429 44 8 21 36 48 18 68 123 106 55
429 45 8 100 56 66 84 1 20 111 125
429 46 8 47 8 44 114 13 119 51 4
429 47 8 36 120 126 26 59 99 66 22
2436 0 8 36 112 125 23 95 30 87 124
2436 1 8 16 29 68 7 90 59 9 37
2436 2 8 76 100 66 44 96 36 126 67
2436 3 8 43 70 92 44 50 122 113 21
2436 4 8 36 38 4 27 10 40 21 102
2436 5 8 87 14 10 71 48 58 27 85
2436 6 8 40 118 72 19 111 32 21 50
2436 7 8 55 97 90 2 111 103 117 122
2436 8 8 20 15 1 49 120 2 81 63
2436 9 8 27 30 40 93 66 61 72 75
2436 10 8 110 44 109 103 111 65 22 104
2436 11 8 91 42 8 64 116 46 126 19
2436 12 8 101 0 26 80 38 121 82 103
2436 13 8 57 41 70 123 74 115 86 109
2436 14 8 56 45 60 46 18 13 25 120
2436 15 8 111 20 113 78 37 62 97 51
2436 16 8 110 28 77 108 67 21 44 29
2436 17 8 91 64 0 54 63 23 36 65
2436 18 8 40 5 111 72 19 50 32 103
2436 19 8 55 90 97 2 122 124 111 23
2436 20 8 1 49 55 20 117 120 7 63
2436 21 8 27 30 61 121 93 40 29 75
2436 22 8 109 111 110 44 65 104 22 106
2436 23 8 91 64 42 22 34 46 116 55
2436 24 8 0 10 101 121 26 25 103 82
2436 25 8 57 41 7 89 70 86 18 22
2436 26 8 56 45 60 13 120 22 46 25
2436 27 8 111 20 78 51 113 107 126 37
2436 28 8 110 108 44 67 29 77 126 28
2436 29 8 91 64 63 113 125 0 54 32
2436 30 8 72 19 118 40 5 32 47 69
2436 31 8 2 90 97 55 111 124 117 64
2436 32 8 117 55 20 120 49 27 1 93
2436 33 8 27 30 61 93 54 40 105 72
2436 34 8 109 110 22 103 111 65 44 89
2436 35 8 42 91 46 22 126 34 8 19
2436 36 8 121 26 0 101 80 82 25 90
2436 37 8 70 57 41 18 115 7 123 2
2436 38 8 60 25 46 112 21 18 52 45
2436 39 8 113 20 53 111 78 107 51 57
2436 40 8 29 67 110 108 77 44 59 123
2436 41 8 91 84 122 65 36 0 63 54
2436 42 8 46 49 90 55 34 20 75 124
2436 43 8 8 51 40 125 47 9 80 100
2436 44 8 21 110 80 33 11 18 23 84
2436 45 8 47 83 100 56 76 84 66 86
2436 46 8 47 45 10 124 13 82 84 119
2436 47 8 11 54 31 14 90 127 121 61
311 0 8 11 120 93 66 31 61 69 84
311 1 8 19 83 123 41 37 62 66 53
311 2 8 66 117 69 116 68 67 100 51
311 3 8 91 43 1 89 65 11 59 7
311 4 8 91 4 39 102 74 36 44 105
311 5 8 111 30 70 27 49 80 14 122
311 6 8 19 40 72 32 92 69 21 109
311 7 8 72 90 97 117 111 124 50 103
311 8 8 27 117 55 28 49 39 51 120
311 9 8 105 27 93 101 48 88 43 52
311 10 8 44 101 14 65 22 120 74 125
311 11 8 91 86 58 46 47 8 71 19
311 12 8 69 80 120 53 100 112 121 86
311 13 8 121 24 49 44 70 89 95 55
311 14 8 27 101 28 56 45 118 23 71
311 15 8 78 34 100 113 115 98 112 111
311 16 8 20 121 123 67 79 64 36 120
311 17 8 91 97 84 14 45 121 32 30
311 18 8 72 19 40 14 9 55 47 111
311 19 8 72 111 97 124 103 90 64 85
311 20 8 117 55 27 1 24 49 120 28
311 21 8 105 27 93 61 88 43 37 72
311 22 8 120 44 101 14 22 125 65 37
311 23 8 91 58 71 34 47 86 10 46
311 24 8 69 121 120 53 68 80 124 90
311 25 8 121 24 7 55 89 107 105 49
311 26 8 101 45 56 27 28 118 25 13
311 27 8 100 34 78 113 112 115 4 42
311 28 8 20 67 121 36 126 59 104 47
311 29 8 91 97 14 113 32 45 51 30
311 30 8 19 40 72 32 13 69 50 47
311 31 8 97 72 111 90 117 69 103 124
311 32 8 117 27 55 120 49 28 39 67
311 33 8 27 105 61 93 54 78 30 48
311 34 8 22 100 101 14 65 44 120 104
311 35 8 34 91 58 46 86 126 71 13
311 36 8 69 121 60 82 120 80 68 95
311 37 8 7 70 107 121 79 55 99 30
311 38 8 101 28 118 25 112 21 45 56
311 39 8 100 34 113 53 115 112 4 57
311 40 8 67 20 121 59 126 36 4 21
311 41 8 91 45 97 14 71 72 113 23
311 42 8 21 55 65 46 101 34 29 103
311 43 8 65 51 40 4 9 20 54 105
311 44 8 21 36 71 18 113 91 54 68
311 45 8 100 56 20 66 14 1 104 84
311 46 8 47 67 44 29 4 68 77 19
311 47 8 34 55 117 27 32 126 61 112
279 0 8 106 57 47 103 110 71 127 111
279 1 8 48 37 62 123 75 9 103 77
279 2 8 90 68 69 92 122 66 114 67
279 3 8 91 21 43 39 65 44 95 98
279 4 8 102 63 4 111 40 44 121 89
279 5 8 51 105 49 27 71 85 30 70
279 6 8 40 72 32 14 19 21 92 111
279 7 8 72 97 111 90 124 117 122 15
279 8 8 1 28 49 117 27 83 50 55
279 9 8 105 27 14 32 38 39 93 34
279 10 8 44 22 65 48 14 100 101 66
279 11 8 91 109 46 10 94 58 51 110
279 12 8 69 29 120 121 106 112 80 60
279 13 8 66 89 55 113 115 99 107 49
279 14 8 105 45 16 56 118 101 27 22
279 15 8 100 34 113 115 78 4 125 15
279 16 8 12 119 67 64 28 36 27 58
279 17 8 35 91 2 51 23 61 26 126
279 18 8 40 108 19 72 32 47 55 50
279 19 8 97 111 122 72 124 43 90 103
279 20 8 117 1 55 81 49 50 28 24
279 21 8 105 27 75 93 121 61 78 88
279 22 8 44 83 65 125 104 51 37 72
279 23 8 91 34 109 94 19 67 58 81
279 24 8 20 121 69 111 124 98 10 91
279 25 8 89 66 7 113 99 105 27 70
279 26 8 56 45 105 101 25 120 118 16
279 27 8 42 100 34 113 78 118 79 15
279 28 8 12 119 67 126 21 64 31 36
279 29 8 91 51 32 35 113 23 2 61
279 30 8 40 72 47 108 19 32 45 98
279 31 8 97 111 122 90 117 72 69 107
279 32 8 117 28 120 1 49 81 119 70
279 33 8 27 105 32 61 93 78 30 54
279 34 8 22 100 65 44 66 14 3 103
279 35 8 109 34 94 91 46 13 19 126
279 36 8 69 121 92 80 98 82 60 90
279 37 8 7 66 70 113 107 105 30 31
279 38 8 105 101 16 45 118 25 21 112
279 39 8 100 34 113 115 53 42 62 4
279 40 8 12 119 67 59 126 21 4 47
279 41 8 91 35 2 71 66 61 23 51
279 42 8 55 102 27 46 34 29 38 103
279 43 8 65 51 40 54 29 105 9 20
279 44 8 21 36 18 48 68 91 123 55
279 45 8 100 20 56 66 105 14 84 1
279 46 8 47 44 68 4 8 101 77 114
279 47 8 36 120 126 112 22 59 26 7
4065 0 8 87 36 124 41 21 79 28 34
4065 1 8 48 16 59 71 90 75 60 103
4065 2 8 68 112 66 76 52 126 69 96
4065 3 8 21 43 91 93 106 1 77 76
4065 4 8 4 102 36 87 1 86 71 44
4065 5 8 14 48 71 30 27 87 85 28
4065 6 8 40 72 19 32 118 98 21 5
4065 7 8 111 55 90 97 124 122 103 117
4065 8 8 81 27 1 117 120 4 49 52
4065 9 8 27 105 41 93 88 75 61 40
4065 10 8 22 44 15 100 65 51 2 125
4065 11 8 91 19 46 34 94 114 88 76
4065 12 8 10 80 121 38 101 29 86 108
4065 13 8 74 89 86 102 115 70 85 95
4065 14 8 64 45 101 56 18 46 82 91
4065 15 8 100 79 107 33 54 15 42 43
4065 16 8 64 29 58 77 34 27 120 44
4065 17 8 91 0 63 61 65 31 25 54
4065 18 8 40 72 108 98 47 5 19 14
4065 19 8 55 111 7 97 122 90 124 107
4065 20 8 27 81 1 117 55 4 49 29
4065 21 8 105 75 27 41 93 121 126 86
4065 22 8 22 15 44 125 51 65 100 2
4065 23 8 91 34 94 19 114 73 112 81
4065 24 8 121 10 103 101 55 98 38 108
4065 25 8 89 74 22 102 7 62 95 18
4065 26 8 45 64 18 56 101 46 22 82
4065 27 8 100 107 20 46 33 42 113 54
4065 28 8 44 29 77 108 34 67 23 109
4065 29 8 91 61 0 63 65 30 23 29
4065 30 8 40 118 72 47 19 14 5 69
4065 31 8 97 55 111 64 117 69 85 90
4065 32 8 27 117 49 120 55 4 1 81
4065 33 8 27 41 105 32 40 54 61 93
4065 34 8 22 15 33 44 65 124 104 100
4065 35 8 91 94 46 34 97 42 114 9
4065 36 8 38 121 25 103 3 0 101 82
4065 37 8 123 109 70 102 41 74 57 7
4065 38 8 101 18 46 64 25 112 60 56
4065 39 8 107 113 20 100 53 78 34 22
4065 40 8 29 77 67 44 59 108 110 23
4065 41 8 63 0 65 91 61 71 64 113
4065 42 8 8 55 46 49 126 20 90 75
4065 43 8 47 111 65 125 40 8 9 16
4065 44 8 110 21 23 84 11 80 18 92
4065 45 8 100 47 83 76 56 84 66 124
4065 46 8 71 47 1 10 123 45 51 124
4065 47 8 11 31 127 14 121 82 114 15
320 0 8 107 113 26 119 100 72 31 18
320 1 8 94 35 70 103 18 106 10 109
320 2 8 75 88 87 53 93 108 92 67
320 3 8 89 31 6 93 21 2 124 122
320 4 8 79 76 106 118 48 40 124 44
320 5 8 42 125 33 61 71 66 49 30
320 6 8 105 83 19 8 80 72 40 32
320 7 8 8 49 123 117 97 103 111 34
320 8 8 84 99 49 117 121 55 27 2
320 9 8 88 117 110 9 54 45 27 101
320 10 8 73 101 65 61 22 83 44 37
320 11 8 26 91 61 49 46 71 94 126
320 12 8 60 9 100 80 99 15 121 12
320 13 8 6 79 47 28 70 115 95 64
320 14 8 125 48 73 56 118 101 52 111
320 15 8 85 78 113 100 22 87 76 123
320 16 8 124 8 67 108 59 36 65 79
320 17 8 72 59 53 91 42 69 71 61
320 18 8 19 72 40 105 13 80 8 30
320 19 8 8 97 49 103 117 34 111 85
320 20 8 117 27 84 99 43 121 63 120
320 21 8 9 110 27 117 54 88 93 105
320 22 8 73 65 101 61 105 37 22 125
320 23 8 26 61 49 91 24 126 71 127
320 24 8 99 15 9 60 95 104 69 124
320 25 8 6 79 28 15 115 70 47 64
320 26 8 125 48 56 118 52 25 88 112
320 27 8 85 113 78 101 42 4 76 22
320 28 8 124 8 67 59 36 126 15 60
320 29 8 59 91 53 113 71 97 69 42
320 30 8 19 105 40 32 72 35 102 80
320 31 8 97 117 8 103 111 49 124 69
320 32 8 117 55 121 99 84 49 43 63
320 33 8 27 54 110 9 45 88 61 105
320 34 8 73 65 61 101 104 105 100 22
320 35 8 26 126 49 61 46 24 91 19
320 36 8 99 9 15 107 121 60 82 58
320 37 8 79 6 115 15 28 47 70 32
320 38 8 125 48 10 112 25 52 17 21
320 39 8 85 113 78 101 53 23 76 61
320 40 8 67 8 124 59 108 15 36 126
320 41 8 59 91 53 72 42 71 69 113
320 42 8 39 46 55 126 21 34 64 103
320 43 8 40 51 77 88 9 8 20 19
320 44 8 0 21 18 53 36 45 73 80
320 45 8 100 101 56 66 84 94 1 35
320 46 8 47 123 11 82 45 38 44 124
320 47 8 73 2 125 101 126 90 65 27
11284 0 8 2 21 63 93 13 95 34 30
11284 1 8 58 6 83 53 23 41 26 95
11284 2 8 122 117 116 8 88 65 66 54
11284 3 8 64 26 38 89 17 16 2 106
11284 4 8 79 76 91 56 22 48 25 124
11284 5 8 82 47 111 125 2 34 126 22
11284 6 8 42 80 30 19 10 123 52 40
11284 7 8 95 123 60 117 34 103 97 49
11284 8 8 109 84 36 27 49 43 106 103
11284 9 8 45 88 117 43 9 112 54 27
11284 10 8 123 101 73 39 44 113 83 65
11284 11 8 26 58 91 127 19 67 126 122
11284 12 8 60 52 124 74 9 15 104 69
11284 13 8 79 6 98 21 25 64 121 115
11284 14 8 79 28 125 85 52 56 48 118
11284 15 8 103 78 113 53 85 4 22 76
11284 16 8 124 55 20 67 36 45 65 4
11284 17 8 45 69 117 91 48 97 72 17
11284 18 8 19 42 123 40 72 30 32 9
11284 19 8 95 97 60 103 34 111 117 124
11284 20 8 117 39 109 55 49 27 106 122
11284 21 8 45 27 88 62 43 72 112 54
11284 22 8 101 123 44 73 113 108 107 39
11284 23 8 58 91 47 126 26 67 19 111
11284 24 8 124 52 74 69 104 68 80 60
11284 25 8 79 6 21 115 98 25 121 55
11284 26 8 28 79 118 52 56 85 36 101
11284 27 8 113 103 4 78 53 60 22 35
11284 28 8 55 67 124 20 36 59 15 126
11284 29 8 91 113 45 117 69 97 48 71
11284 30 8 19 32 40 123 115 42 72 102
11284 31 8 97 117 27 103 95 124 96 43
11284 32 8 117 55 109 39 49 122 106 43
11284 33 8 27 54 72 45 62 88 30 9
11284 34 8 101 123 104 100 44 39 61 40
11284 35 8 126 111 67 91 46 58 19 61
11284 36 8 80 74 99 52 9 15 58 104
11284 37 8 98 79 6 70 25 21 115 121
11284 38 8 79 7 28 112 48 25 52 118
11284 39 8 103 113 53 4 78 85 76 23
11284 40 8 55 67 59 20 124 36 45 126
11284 41 8 91 48 69 45 113 71 97 112
11284 42 8 37 46 64 101 31 34 103 36
11284 43 8 40 77 9 51 20 117 65 100
11284 44 8 21 73 18 53 36 113 3 92
11284 45 8 100 94 66 84 56 1 30 19
11284 46 8 67 47 84 68 119 82 38 44
11284 47 8 117 34 79 32 126 55 27 57
432 0 8 103 104 71 61 118 66 22 14
432 1 8 3 9 23 95 42 116 58 73
432 2 8 100 122 10 66 14 92 7 11
432 3 8 39 64 112 109 38 123 42 51
432 4 8 23 56 40 89 105 107 95 64
432 5 8 107 47 108 82 84 27 100 85
432 6 8 19 123 42 40 32 72 52 43
432 7 8 2 95 60 117 97 123 103 124
432 8 8 109 64 55 49 117 39 15 120
432 9 8 88 30 45 27 72 39 105 54
432 10 8 44 101 103 123 100 35 23 54
432 11 8 111 8 91 19 126 47 75 79
432 12 8 74 26 58 124 51 9 52 80
432 13 8 98 99 2 65 115 79 66 21
432 14 8 80 79 52 7 21 118 56 111
432 15 8 60 78 53 113 37 90 35 9
432 16 8 60 55 11 7 15 67 4 36
432 17 8 15 91 117 52 46 113 125 53
432 18 8 19 40 32 123 55 108 42 115
432 19 8 2 97 124 103 95 27 96 60
432 20 8 117 55 122 64 39 15 49 106
432 21 8 27 62 30 77 72 88 52 37
432 22 8 101 44 103 72 104 100 123 120
432 23 8 91 47 86 8 19 126 111 87
432 24 8 124 26 53 76 74 80 58 12
432 25 8 2 115 66 7 95 75 21 98
432 26 8 80 79 36 7 56 13 25 52
432 27 8 60 113 78 90 53 9 4 35
432 28 8 55 67 15 60 7 11 114 126
432 29 8 91 15 113 46 52 117 53 71
432 30 8 19 32 40 115 123 102 13 72
432 31 8 2 124 27 97 117 103 96 85
432 32 8 117 55 64 39 109 122 15 106
432 33 8 27 62 72 54 113 77 52 37
432 34 8 103 101 104 107 72 35 44 108
432 35 8 111 126 8 91 86 46 19 34
432 36 8 26 80 53 74 12 124 58 52
432 37 8 2 115 21 98 7 70 16 75
432 38 8 80 79 7 112 25 52 36 21
432 39 8 60 113 53 78 90 71 76 9
432 40 8 7 55 60 15 67 59 4 11
432 41 8 52 46 91 15 113 71 85 62
432 42 8 125 73 37 46 59 7 34 74
432 43 8 12 49 19 40 8 100 51 20
432 44 8 99 88 19 21 45 18 59 11
432 45 8 58 17 100 112 104 84 46 56
432 46 8 84 29 81 30 39 105 47 88
432 47 8 6 52 108 35 111 95 59 0
594 0 8 17 76 16 111 18 101 6 118
594 1 8 34 3 86 12 95 61 107 20
594 2 8 14 100 77 87 66 92 114 51
594 3 8 76 38 105 39 64 73 25 114
594 4 8 23 118 56 22 100 105 48 0
594 5 8 107 108 47 80 82 34 27 122
594 6 8 42 19 52 32 40 72 80 14
594 7 8 60 87 95 117 97 123 2 103
594 8 8 64 39 117 36 43 103 49 15
594 9 8 94 45 27 88 127 72 62 105
594 10 8 23 101 44 14 123 39 40 103
594 11 8 111 8 91 98 67 126 47 9
594 12 8 74 26 53 52 60 9 58 124
594 13 8 75 98 44 65 79 21 2 25
594 14 8 80 79 7 85 118 52 125 56
594 15 8 60 113 4 78 53 76 61 95
594 16 8 40 60 7 67 36 4 114 11
594 17 8 53 117 15 91 52 45 85 113
594 18 8 19 40 42 32 123 9 55 72
594 19 8 87 60 97 95 124 111 103 26
594 20 8 117 64 55 39 15 106 49 122
594 21 8 94 27 45 72 88 62 113 77
594 22 8 101 123 44 14 107 104 72 120
594 23 8 47 111 86 8 91 98 126 58
594 24 8 53 68 74 124 76 52 80 58
594 25 8 75 79 44 115 21 65 55 98
594 26 8 80 79 7 118 36 101 56 52
594 27 8 60 4 113 53 78 90 35 118
594 28 8 40 67 7 114 126 36 15 60
594 29 8 91 117 53 113 52 15 97 85
594 30 8 19 32 115 40 13 102 123 47
594 31 8 87 27 124 97 117 96 85 103
594 32 8 117 64 55 39 122 106 49 67
594 33 8 94 27 62 72 54 113 45 30
594 34 8 101 2 104 107 83 14 108 72
594 35 8 111 126 86 8 67 19 91 46
594 36 8 53 80 74 32 9 104 12 124
594 37 8 75 44 107 115 70 2 7 98
594 38 8 80 79 25 112 7 118 21 36
594 39 8 60 113 53 78 71 4 95 69
594 40 8 40 7 67 15 4 59 60 126
594 41 8 91 53 52 113 15 71 117 85
594 42 8 73 125 37 46 59 34 68 22
594 43 8 40 51 81 49 9 20 8 54
594 44 8 21 37 45 36 18 54 3 80
594 45 8 100 104 84 112 56 46 19 66
594 46 8 47 82 44 84 124 39 105 67
594 47 8 27 90 52 35 95 34 19 108
1431 0 8 63 97 2 103 21 0 61 111
1431 1 8 53 76 86 3 77 107 58 23
1431 2 8 54 65 8 14 100 66 68 7
1431 3 8 76 105 25 1 38 93 112 16
1431 4 8 22 105 102 0 25 74 87 48
1431 5 8 34 122 80 82 108 71 30 47
1431 6 8 19 42 123 52 80 115 79 55
1431 7 8 87 60 117 95 103 124 97 50
1431 8 8 39 64 15 55 122 49 117 36
1431 9 8 62 94 45 88 101 1 54 27
1431 10 8 101 44 40 23 39 13 35 107
1431 11 8 111 8 91 98 126 86 46 122
1431 12 8 80 74 53 118 26 76 7 51
1431 13 8 102 75 98 44 65 79 95 115
1431 14 8 101 7 80 79 85 56 52 23
1431 15 8 60 78 113 4 87 53 90 37
1431 16 8 40 7 114 60 15 4 67 11
1431 17 8 15 53 91 117 85 17 52 113
1431 18 8 19 42 123 115 40 79 32 55
1431 19 8 87 97 124 103 95 60 27 50
1431 20 8 117 55 39 122 64 27 15 49
1431 21 8 94 62 27 52 72 88 33 77
1431 22 8 101 107 44 120 2 35 104 37
1431 23 8 86 47 8 111 91 126 71 34
1431 24 8 53 76 52 80 124 74 68 12
1431 25 8 75 102 44 115 21 95 79 24
1431 26 8 101 118 80 79 7 52 36 25
1431 27 8 60 4 78 113 53 87 9 35
1431 28 8 40 67 7 114 15 4 126 36
1431 29 8 53 91 113 117 97 52 15 85
1431 30 8 19 32 115 40 13 123 102 72
1431 31 8 27 97 87 124 117 103 85 96
1431 32 8 117 55 64 39 49 122 106 67
1431 33 8 94 27 62 33 54 72 30 113
1431 34 8 101 2 107 104 72 83 100 35
1431 35 8 86 126 46 8 91 19 111 71
1431 36 8 80 53 12 32 118 30 9 124
1431 37 8 75 44 102 107 70 7 115 21
1431 38 8 80 79 101 118 25 112 36 21
1431 39 8 53 87 113 60 4 71 78 69
1431 40 8 40 7 67 126 4 59 15 60
1431 41 8 91 53 113 52 90 71 15 117
1431 42 8 37 73 46 125 59 34 124 68
1431 43 8 51 40 20 9 81 54 105 100
1431 44 8 21 37 36 18 3 54 45 33
1431 45 8 104 100 56 20 84 66 112 46
1431 46 8 47 44 82 124 67 84 39 105
1431 47 8 27 90 34 52 35 95 32 117
279 0 8 106 57 111 103 71 118 127 16
279 1 8 48 9 113 3 46 76 77 37
279 2 8 122 90 66 14 65 87 7 68
279 3 8 76 93 105 26 112 1 38 39
279 4 8 118 63 0 105 102 40 23 20
279 5 8 51 105 80 122 71 107 49 30
279 6 8 19 40 123 14 42 32 86 111
279 7 8 60 117 95 103 97 124 90 111
279 8 8 39 64 55 49 15 28 117 120
279 9 8 48 94 32 27 101 45 105 30
279 10 8 44 2 101 14 23 100 107 80
279 11 8 8 111 47 91 109 86 19 98
279 12 8 80 32 53 74 124 60 121 68
279 13 8 66 75 44 107 55 115 98 65
279 14 8 105 101 56 118 52 7 16 111
279 15 8 4 60 113 78 53 90 115 34
279 16 8 40 4 119 12 60 114 36 67
279 17 8 2 91 53 35 126 117 20 121
279 18 8 19 40 72 123 9 108 42 120
279 19 8 97 103 124 60 95 67 111 90
279 20 8 55 117 64 49 39 27 120 122
279 21 8 27 94 88 32 62 72 30 101
279 22 8 44 101 2 100 107 14 120 72
279 23 8 86 91 47 111 46 8 109 126
279 24 8 53 68 111 121 80 20 69 52
279 25 8 66 75 113 44 55 95 107 115
279 26 8 105 25 118 16 101 56 21 125
279 27 8 4 118 90 115 113 60 53 78
279 28 8 4 40 12 119 67 7 36 51
279 29 8 91 2 53 117 126 35 115 113
279 30 8 19 40 13 32 72 115 47 123
279 31 8 97 27 103 95 124 117 111 87
279 32 8 117 55 64 39 49 79 28 50
279 33 8 27 32 94 30 62 77 33 54
279 34 8 2 100 101 14 107 80 35 104
279 35 8 109 86 126 46 19 91 47 111
279 36 8 32 80 121 60 124 12 120 53
279 37 8 66 107 44 113 99 7 70 75
279 38 8 105 16 118 21 36 25 112 10
279 39 8 53 4 113 115 34 98 71 37
279 40 8 4 12 119 67 126 40 59 114
279 41 8 91 2 35 113 66 90 71 117
279 42 8 27 73 46 102 38 34 124 103
279 43 8 40 29 51 20 9 81 54 105
279 44 8 21 36 48 18 68 3 123 125
279 45 8 100 56 58 20 104 66 84 1
279 46 8 47 44 68 77 8 13 40 4
279 47 8 36 120 22 126 112 104 7 66
1429 0 8 34 63 126 7 68 21 36 87
1429 1 8 99 16 48 113 116 46 75 37
1429 2 8 90 8 66 54 70 9 50 100
1429 3 8 76 77 93 43 121 1 37 112
1429 4 8 87 22 0 105 10 20 29 86
1429 5 8 90 105 71 126 27 80 24 85
1429 6 8 19 40 32 55 123 13 72 5
1429 7 8 117 103 97 124 111 60 90 27
1429 8 8 4 49 39 35 117 79 64 83
1429 9 8 33 27 88 62 112 30 72 77
1429 10 8 2 44 101 100 33 80 37 23
1429 11 8 50 91 19 114 86 111 117 122
1429 12 8 32 80 25 58 112 118 74 124
1429 13 8 102 115 66 113 63 65 18 52
1429 14 8 82 64 21 7 52 101 56 85
1429 15 8 37 33 113 122 78 19 90 87
1429 16 8 51 40 7 114 4 67 36 79
1429 17 8 117 91 2 126 35 113 52 53
1429 18 8 55 19 72 123 40 108 39 115
1429 19 8 97 27 103 124 111 96 95 122
1429 20 8 117 4 55 79 27 49 64 122
1429 21 8 33 62 27 88 77 113 72 94
1429 22 8 2 101 33 15 100 44 110 37
1429 23 8 50 114 91 86 9 79 4 34
1429 24 8 111 32 25 92 121 53 20 124
1429 25 8 89 102 113 18 95 63 7 52
1429 26 8 82 64 87 46 21 25 7 85
1429 27 8 33 90 87 37 118 71 100 39
1429 28 8 40 7 51 4 100 114 126 58
1429 29 8 126 91 113 53 2 92 32 52
1429 30 8 32 55 115 40 13 19 72 102
1429 31 8 97 124 27 118 56 15 85 36
1429 32 8 117 55 4 50 64 79 49 54
1429 33 8 33 62 27 32 85 113 30 81
1429 34 8 2 33 80 127 15 100 23 25
1429 35 8 50 114 30 9 79 126 22 86
1429 36 8 32 124 118 74 121 52 25 119
1429 37 8 89 102 70 35 18 66 5 113
1429 38 8 87 82 64 36 73 7 25 37
1429 39 8 37 53 33 87 113 84 39 90
1429 40 8 40 100 51 67 4 7 93 126
1429 41 8 91 126 113 53 62 92 11 49
1429 42 8 38 73 37 98 46 86 34 59
1429 43 8 40 20 16 51 81 54 99 100
1429 44 8 21 5 37 3 72 36 123 113
1429 45 8 20 100 104 84 121 56 92 66
1429 46 8 47 44 51 82 84 124 94 21
1429 47 8 99 27 26 90 94 108 52 14
5926 0 8 63 77 17 67 51 120 87 105
5926 1 8 113 16 99 48 23 59 11 89
5926 2 8 65 121 66 54 49 8 70 90
5926 3 8 121 76 93 77 43 10 65 97
5926 4 8 87 10 105 22 102 116 14 36
5926 5 8 90 97 71 30 122 34 4 14
5926 6 8 40 19 55 32 115 118 13 72
5926 7 8 117 103 97 124 90 111 55 27
5926 8 8 4 49 117 50 27 79 43 19
5926 9 8 27 62 88 30 51 15 72 77
5926 10 8 44 2 100 33 101 72 122 104
5926 11 8 91 114 50 19 79 75 104 126
5926 12 8 80 32 59 74 29 101 112 25
5926 13 8 102 89 115 108 107 86 52 95
5926 14 8 82 21 80 56 7 101 87 52
5926 15 8 33 78 122 90 37 113 53 19
5926 16 8 40 114 51 111 7 58 4 79
5926 17 8 91 52 125 15 35 126 113 92
5926 18 8 55 115 19 40 72 32 123 108
5926 19 8 27 124 55 97 122 103 121 87
5926 20 8 117 4 55 50 27 49 79 81
5926 21 8 27 40 62 88 85 77 33 32
5926 22 8 2 37 44 110 15 33 100 122
5926 23 8 114 91 50 22 34 97 81 46
5926 24 8 91 25 92 59 124 80 111 20
5926 25 8 89 18 102 95 7 20 108 127
5926 26 8 87 64 82 69 80 61 25 46
5926 27 8 33 90 37 84 87 118 46 19
5926 28 8 40 51 111 4 13 7 100 10
5926 29 8 91 126 52 92 113 105 124 53
5926 30 8 55 115 32 40 47 13 72 102
5926 31 8 97 124 27 122 55 56 104 117
5926 32 8 117 4 55 49 50 54 93 67
5926 33 8 85 27 33 30 126 39 73 69
5926 34 8 2 33 37 51 23 100 104 25
5926 35 8 114 34 126 81 50 22 53 79
5926 36 8 32 80 59 25 44 119 124 7
5926 37 8 102 89 18 70 7 127 5 35
5926 38 8 87 7 64 82 68 36 25 73
5926 39 8 37 53 87 113 33 46 82 90
5926 40 8 40 100 111 67 84 93 126 51
5926 41 8 11 91 53 113 52 92 62 126
5926 42 8 38 37 59 86 34 73 46 2
5926 43 8 16 51 40 20 54 100 57 56
5926 44 8 21 37 3 36 5 125 60 98
5926 45 8 104 100 121 56 92 84 20 30
5926 46 8 47 82 124 51 84 105 39 44
5926 47 8 108 26 52 27 14 99 90 35
1483 0 8 7 29 126 116 62 97 111 36
1483 1 8 113 11 76 52 78 46 98 116
1483 2 8 49 121 15 67 90 66 119 56
1483 3 8 93 43 76 121 77 11 104 65
1483 4 8 87 10 21 36 105 9 73 1
1483 5 8 48 90 97 30 102 85 14 122
1483 6 8 40 19 55 32 118 102 21 72
1483 7 8 124 103 117 97 27 90 55 122
1483 8 8 4 50 27 117 49 79 43 6
1483 9 8 27 62 40 51 30 88 77 32
1483 10 8 2 44 100 51 33 37 104 85
1483 11 8 91 114 19 68 50 79 81 46
1483 12 8 38 32 80 103 101 112 29 86
1483 13 8 109 123 115 102 31 95 89 7
1483 14 8 18 82 87 56 7 35 21 46
1483 15 8 122 20 78 113 19 37 33 46
1483 16 8 111 77 29 44 13 114 51 58
1483 17 8 91 0 65 63 113 126 26 84
1483 18 8 55 19 115 32 40 103 72 50
1483 19 8 55 27 124 122 97 96 103 90
1483 20 8 117 27 4 50 55 49 1 24
1483 21 8 40 27 41 62 121 72 77 126
1483 22 8 37 44 2 15 100 110 33 51
1483 23 8 114 91 68 34 73 22 46 19
1483 24 8 38 25 80 103 0 124 108 111
1483 25 8 109 123 7 14 57 115 95 89
1483 26 8 18 85 87 60 46 56 25 61
1483 27 8 122 20 78 107 46 84 113 118
1483 28 8 44 111 77 29 4 93 13 51
1483 29 8 65 0 63 91 26 113 126 84
1483 30 8 55 118 19 108 40 32 115 123
1483 31 8 55 97 103 85 96 117 104 50
1483 32 8 117 27 50 4 55 20 49 67
1483 33 8 41 39 40 27 54 32 85 88
1483 34 8 95 37 2 33 124 104 65 39
1483 35 8 114 97 42 91 68 46 126 19
1483 36 8 38 3 52 0 25 103 58 94
1483 37 8 123 109 102 70 95 7 57 18
1483 38 8 85 18 87 46 52 82 64 14
1483 39 8 107 20 46 113 37 53 78 126
1483 40 8 77 29 111 44 93 67 23 108
1483 41 8 65 63 0 84 91 26 11 126
1483 42 8 20 126 28 75 46 38 80 98
1483 43 8 47 16 94 121 100 75 2 56
1483 44 8 59 110 21 13 11 84 49 47
1483 45 8 23 100 77 7 5 47 18 87
1483 46 8 1 9 37 123 90 45 47 20
1483 47 8 14 44 82 11 12 31 127 15
568 0 8 65 80 98 99 43 73 72 100
568 1 8 18 94 84 38 26 80 117 10
568 2 8 84 88 38 93 57 40 20 108
568 3 8 6 89 31 2 124 41 39 93
568 4 8 106 115 76 124 85 99 48 40
568 5 8 61 125 66 8 22 64 49 85
568 6 8 83 105 8 80 40 19 56 123
568 7 8 49 97 112 103 117 34 124 90
568 8 8 49 121 84 117 55 120 63 43
568 9 8 110 9 88 27 62 93 52 54
568 10 8 105 65 61 101 37 44 125 56
568 11 8 91 61 49 24 19 126 46 125
568 12 8 99 15 80 12 3 115 58 52
568 13 8 6 15 28 115 70 118 23 95
568 14 8 20 48 56 73 104 7 90 52
568 15 8 78 85 113 101 62 76 103 92
568 16 8 8 124 39 67 36 28 23 64
568 17 8 91 19 69 42 48 105 32 118
568 18 8 40 19 105 108 72 83 80 50
568 19 8 49 97 85 90 124 117 112 122
568 20 8 117 84 73 121 55 49 27 63
568 21 8 27 125 110 9 93 54 61 75
568 22 8 105 61 125 37 44 65 56 104
568 23 8 24 61 91 49 23 34 126 19
568 24 8 99 15 82 115 79 96 23 3
568 25 8 6 15 28 58 80 70 115 23
568 26 8 20 56 48 17 90 45 32 117
568 27 8 78 85 101 113 62 92 42 103
568 28 8 124 8 67 39 81 47 59 126
568 29 8 19 91 118 21 42 48 69 113
568 30 8 19 40 83 105 32 108 72 69
568 31 8 112 49 97 117 69 27 90 96
568 32 8 117 121 65 63 84 55 49 120
568 33 8 125 27 16 110 9 98 93 54
568 34 8 56 105 61 90 78 65 44 104
568 35 8 23 24 61 125 49 91 19 126
568 36 8 99 79 15 96 23 3 107 80
568 37 8 118 15 23 28 6 58 115 70
568 38 8 48 20 17 86 90 112 36 52
568 39 8 101 85 103 10 113 78 53 70
568 40 8 67 8 124 73 59 81 36 17
568 41 8 42 19 48 69 91 113 71 21
568 42 8 46 68 64 114 31 7 32 34
568 43 8 77 40 88 117 9 31 100 51
568 44 8 18 73 21 53 90 0 3 38
568 45 8 94 101 100 84 35 2 56 104
568 46 8 38 11 34 47 84 67 97 19
568 47 8 105 57 73 20 109 126 86 59
1416 0 8 2 50 21 93 97 75 63 103
1416 1 8 58 6 23 95 3 26 42 33
1416 2 8 122 117 66 9 24 92 108 11
1416 3 8 64 2 39 4 29 85 38 5
1416 4 8 56 83 117 4 25 95 48 23
1416 5 8 47 108 82 2 22 68 70 34
1416 6 8 19 42 80 123 112 72 8 32
1416 7 8 95 96 117 97 34 90 69 85
1416 8 8 109 36 18 49 117 50 63 43
1416 9 8 27 65 88 45 107 39 72 98
1416 10 8 72 123 113 101 88 44 90 37
1416 11 8 19 69 91 67 58 9 65 46
1416 12 8 79 51 107 30 23 80 71 114
1416 13 8 118 98 23 115 21 121 77 20
1416 14 8 79 10 56 7 118 71 13 73
1416 15 8 112 103 53 78 113 23 60 62
1416 16 8 55 20 47 124 15 122 67 7
1416 17 8 69 48 90 97 91 45 124 25
1416 18 8 19 40 108 72 50 32 83 42
1416 19 8 95 97 96 85 124 43 117 90
1416 20 8 117 55 109 36 49 120 73 63
1416 21 8 27 98 65 93 72 75 61 77
1416 22 8 72 44 123 73 113 88 19 101
1416 23 8 91 19 26 1 34 58 63 111
1416 24 8 51 107 79 114 23 30 80 123
1416 25 8 118 98 23 121 82 21 83 7
1416 26 8 79 56 7 10 45 13 118 112
1416 27 8 112 78 113 62 103 53 42 118
1416 28 8 55 47 67 20 122 59 126 64
1416 29 8 91 69 48 113 90 45 71 97
1416 30 8 19 32 40 21 102 13 72 69
1416 31 8 97 96 95 117 124 43 27 90
1416 32 8 55 36 109 117 18 49 63 31
1416 33 8 27 72 65 61 93 54 62 77
1416 34 8 72 19 88 123 104 44 101 113
1416 35 8 19 111 91 1 126 58 67 63
1416 36 8 51 30 79 114 82 36 23 80
1416 37 8 77 98 118 121 70 115 23 82
1416 38 8 7 79 112 11 10 28 25 118
1416 39 8 112 53 113 103 69 78 62 4
1416 40 8 67 55 20 59 36 45 126 47
1416 41 8 69 48 91 113 45 71 97 85
1416 42 8 37 68 46 101 64 34 31 85
1416 43 8 40 77 9 100 117 51 20 4
1416 44 8 21 73 18 113 36 33 37 92
1416 45 8 104 94 56 84 100 35 66 1
1416 46 8 67 47 84 82 44 38 119 19
1416 47 8 34 117 32 79 126 27 108 90
432 0 8 103 104 71 101 61 14 92 89
432 1 8 3 9 23 95 123 42 116 105
432 2 8 100 122 92 10 66 14 114 36
432 3 8 39 112 64 123 29 38 109 5
432 4 8 23 117 56 83 89 105 50 48
432 5 8 107 108 47 27 49 22 81 34
432 6 8 19 123 32 42 108 40 72 109
432 7 8 2 96 97 124 95 117 90 69
432 8 8 109 64 18 117 49 55 11 36
432 9 8 30 39 27 72 105 77 34 88
432 10 8 103 44 72 88 54 35 69 36
432 11 8 19 8 91 69 75 111 46 36
432 12 8 51 26 30 78 11 71 121 80
432 13 8 115 99 89 97 118 2 105 66
432 14 8 80 7 56 10 13 21 79 118
432 15 8 53 111 60 78 112 9 113 62
432 16 8 55 11 60 7 27 122 67 119
432 17 8 91 46 52 15 113 126 118 79
432 18 8 40 19 108 32 72 99 111 37
432 19 8 97 90 124 96 2 43 122 27
432 20 8 117 49 55 63 1 81 7 124
432 21 8 27 75 72 62 39 93 30 83
432 22 8 72 66 37 51 125 44 28 104
432 23 8 91 34 113 19 67 111 15 65
432 24 8 51 111 44 108 26 95 79 91
432 25 8 99 7 115 20 118 23 82 97
432 26 8 56 45 7 80 13 120 29 27
432 27 8 42 78 62 112 113 79 53 111
432 28 8 67 11 47 55 122 7 60 64
432 29 8 91 72 90 46 52 113 43 93
432 30 8 19 32 40 108 45 69 115 72
432 31 8 96 27 97 43 90 124 2 117
432 32 8 117 55 49 63 9 5 109 64
432 33 8 27 83 72 93 61 54 77 39
432 34 8 72 88 19 103 44 104 7 102
432 35 8 19 91 111 8 4 34 17 126
432 36 8 51 26 111 92 123 80 78 53
432 37 8 77 2 115 95 70 75 98 97
432 38 8 7 80 79 21 11 25 10 112
432 39 8 53 113 60 112 69 78 90 62
432 40 8 67 7 60 55 15 59 126 45
432 41 8 46 52 91 15 113 85 71 69
432 42 8 125 46 37 73 68 34 59 7
432 43 8 12 40 49 19 8 9 100 117
432 44 8 19 88 99 21 45 18 33 11
432 45 8 58 104 17 84 46 112 56 35
432 46 8 84 81 29 30 47 105 39 4
432 47 8 6 108 52 111 35 95 126 59
594 0 8 17 76 16 111 18 101 118 6
594 1 8 34 3 76 20 116 12 95 107
594 2 8 14 100 77 87 92 66 9 114
594 3 8 76 105 38 29 64 114 100 51
594 4 8 117 23 56 83 105 118 22 95
594 5 8 107 108 80 27 34 22 81 82
594 6 8 19 42 14 32 96 91 108 52
594 7 8 96 87 95 60 2 124 117 69
594 8 8 64 18 117 36 11 113 55 5
594 9 8 94 45 72 105 62 99 69 34
594 10 8 88 72 44 23 14 101 107 113
594 11 8 8 19 69 91 111 65 52 75
594 12 8 51 30 26 71 20 53 125 37
594 13 8 75 118 98 77 95 2 20 99
594 14 8 80 10 7 79 118 13 56 29
594 15 8 53 60 112 23 113 4 78 118
594 16 8 40 7 122 47 60 62 15 11
594 17 8 52 53 90 15 91 124 122 75
594 18 8 19 40 32 9 55 72 13 92
594 19 8 87 96 97 95 124 2 85 78
594 20 8 64 117 55 18 5 49 120 47
594 21 8 27 94 77 72 105 15 75 61
594 22 8 72 88 44 103 54 84 101 8
594 23 8 19 91 65 111 8 69 120 4
594 24 8 51 114 26 78 91 20 30 57
594 25 8 75 7 82 13 95 118 98 2
594 26 8 7 80 13 56 10 29 79 45
594 27 8 112 118 60 78 53 113 34 9
594 28 8 40 122 7 67 47 60 59 11
594 29 8 52 91 113 53 124 15 32 60
594 30 8 19 40 32 13 50 102 72 21
594 31 8 124 96 87 43 97 117 27 105
594 32 8 55 117 64 18 36 49 67 63
594 33 8 27 72 94 61 62 77 93 30
594 34 8 72 88 36 19 119 104 101 44
594 35 8 19 8 111 91 86 126 69 122
594 36 8 51 53 30 26 82 36 114 57
594 37 8 77 75 44 70 2 98 7 82
594 38 8 7 80 79 112 10 25 36 11
594 39 8 113 53 60 62 69 78 112 71
594 40 8 40 67 7 59 60 15 126 84
594 41 8 53 113 91 52 71 15 85 90
594 42 8 73 125 68 37 46 34 59 103
594 43 8 40 49 9 81 8 51 20 100
594 44 8 21 33 37 18 54 36 80 45
594 45 8 104 56 84 94 100 112 46 35
594 46 8 47 82 84 124 44 67 105 39
594 47 8 90 27 34 52 126 32 35 95
537 0 8 13 63 111 83 118 97 0 17
537 1 8 3 123 34 107 76 77 20 23
537 2 8 8 14 54 9 66 100 92 120
537 3 8 76 1 38 105 95 25 56 64
537 4 8 23 117 105 56 22 83 90 48
537 5 8 58 80 107 108 34 47 22 27
537 6 8 19 42 40 123 72 32 80 109
537 7 8 43 87 95 96 117 124 97 90
537 8 8 64 27 117 49 55 18 36 120
537 9 8 94 27 72 88 77 51 93 99
537 10 8 72 88 44 101 119 107 100 23
537 11 8 19 8 91 111 1 69 46 122
537 12 8 123 51 30 53 118 20 101 63
537 13 8 95 75 115 102 118 98 77 18
537 14 8 7 80 79 56 18 10 23 36
537 15 8 60 53 112 78 113 87 69 118
537 16 8 33 7 40 47 122 15 67 78
537 17 8 91 52 15 0 125 25 53 63
537 18 8 40 19 55 32 72 50 42 108
537 19 8 43 97 96 124 87 90 85 105
537 20 8 27 55 117 49 120 73 81 63
537 21 8 27 93 72 62 61 94 75 41
537 22 8 72 44 33 88 119 101 104 100
537 23 8 91 19 1 34 111 114 88 46
537 24 8 51 123 67 30 82 114 101 7
537 25 8 95 115 7 89 70 102 22 85
537 26 8 7 56 45 13 80 79 36 29
537 27 8 112 78 113 118 60 62 87 53
537 28 8 33 7 40 67 47 122 59 38
537 29 8 91 113 52 32 124 25 85 15
537 30 8 19 40 32 13 72 50 113 98
537 31 8 43 96 124 97 117 85 105 90
537 32 8 117 18 27 55 64 49 63 36
537 33 8 27 94 72 61 54 51 93 29
537 34 8 72 88 44 33 19 104 101 119
537 35 8 1 19 91 8 111 34 86 126
537 36 8 123 51 53 82 7 67 30 43
537 37 8 95 70 16 77 75 7 21 102
537 38 8 7 80 112 79 25 36 52 56
537 39 8 113 53 60 78 87 112 62 31
537 40 8 33 40 67 7 59 45 126 15
537 41 8 53 85 113 91 36 52 71 15
537 42 8 37 73 59 46 68 125 126 74
537 43 8 30 40 47 49 8 100 9 20
537 44 8 21 80 37 34 110 33 18 54
537 45 8 104 84 56 100 94 87 47 66
537 46 8 122 82 47 124 84 44 39 105
537 47 8 90 27 11 52 31 14 19 127
11 0 8 65 44 26 59 18 73 118 93
11 1 8 50 94 124 58 26 23 37 34
11 2 8 84 88 54 93 100 18 49 92
11 3 8 2 76 38 105 29 6 64 59
11 4 8 117 76 25 83 23 106 56 40
11 5 8 58 82 108 125 22 61 47 16
11 6 8 19 105 123 42 83 40 80 32
11 7 8 43 50 49 117 96 124 97 90
11 8 8 84 49 117 121 109 120 55 18
11 9 8 110 27 9 88 72 93 52 54
11 10 8 72 44 61 101 107 88 113 100
11 11 8 19 91 8 122 69 61 1 46
11 12 8 51 7 30 80 123 107 63 99
11 13 8 16 115 21 6 118 28 95 98
11 14 8 56 20 10 7 48 79 80 36
11 15 8 53 78 60 103 113 85 111 62
11 16 8 15 8 108 124 55 33 47 67
11 17 8 69 91 48 15 125 25 72 97
11 18 8 40 19 108 50 32 72 105 55
11 19 8 43 50 97 124 96 90 122 85
11 20 8 117 73 55 49 63 81 84 58
11 21 8 27 75 72 29 74 93 61 9
11 22 8 72 44 51 33 104 79 125 101
11 23 8 34 1 91 19 57 24 49 61
11 24 8 7 72 10 88 44 80 82 99
11 25 8 16 100 9 3 7 6 22 43
11 26 8 45 56 20 117 48 79 36 10
11 27 8 92 78 113 62 111 42 103 85
11 28 8 38 15 67 47 8 124 64 55
11 29 8 91 48 43 19 69 113 60 25
11 30 8 19 40 108 32 50 105 47 72
11 31 8 97 124 50 43 90 117 105 69
11 32 8 117 55 121 63 73 111 84 119
11 33 8 27 72 29 61 110 93 9 54
11 34 8 72 44 19 65 104 53 61 101
11 35 8 91 19 1 34 61 24 67 49
11 36 8 99 7 82 80 12 3 15 98
11 37 8 16 70 15 21 6 28 7 115
11 38 8 56 48 20 112 36 25 52 10
11 39 8 113 78 85 62 103 53 101 42
11 40 8 67 124 8 59 55 15 47 36
11 41 8 91 72 69 19 48 71 17 113
11 42 8 39 64 46 74 31 103 7 34
11 43 8 30 51 40 77 9 88 57 20
11 44 8 21 18 73 53 0 36 45 97
11 45 8 94 100 84 56 66 35 1 46
11 46 8 38 47 29 84 123 67 105 39
11 47 8 73 109 126 32 52 95 117 108
582 0 8 103 104 71 2 111 89 21 50
582 1 8 9 58 6 95 23 26 42 37
582 2 8 51 122 100 84 14 88 92 11
582 3 8 39 2 29 38 23 56 118 117
582 4 8 4 23 25 83 117 40 48 43
582 5 8 107 82 47 70 58 24 34 35
582 6 8 79 19 72 80 126 42 32 40
582 7 8 50 2 117 97 90 124 43 69
582 8 8 109 117 49 47 43 36 63 83
582 9 8 52 27 38 45 54 39 72 61
582 10 8 101 35 107 44 72 23 59 83
582 11 8 91 9 19 67 69 46 1 112
582 12 8 30 80 111 29 12 7 119 100
582 13 8 16 21 115 2 99 49 107 118
582 14 8 56 80 10 79 118 14 22 101
582 15 8 78 60 113 4 23 62 111 53
582 16 8 15 7 11 67 47 55 33 38
582 17 8 15 91 52 97 125 90 25 39
582 18 8 19 40 79 72 108 32 50 9
582 19 8 97 43 124 90 122 50 85 87
582 20 8 117 55 73 49 1 81 109 63
582 21 8 27 93 61 75 72 29 74 126
582 22 8 72 51 44 125 101 65 104 83
582 23 8 34 91 19 67 1 57 87 112
582 24 8 44 72 80 7 10 115 30 88
582 25 8 16 9 100 7 3 115 21 22
582 26 8 45 56 80 117 118 122 79 65
582 27 8 92 78 113 42 62 111 114 97
582 28 8 38 15 67 7 47 120 21 125
582 29 8 91 43 52 15 71 113 97 60
582 30 8 19 40 32 72 47 108 45 98
582 31 8 97 90 124 27 117 122 105 118
582 32 8 117 55 109 49 73 63 120 119
582 33 8 27 72 29 61 93 52 126 54
582 34 8 72 65 44 125 101 104 51 35
582 35 8 91 67 34 19 46 126 71 80
582 36 8 80 82 98 12 121 53 95 3
582 37 8 16 21 2 75 70 44 7 115
582 38 8 80 79 56 112 25 36 45 10
582 39 8 113 60 78 62 53 13 42 76
582 40 8 15 7 67 59 11 47 55 36
582 41 8 91 52 71 15 46 17 113 23
582 42 8 46 37 125 74 60 7 103 54
582 43 8 51 40 19 9 12 89 56 43
582 44 8 21 18 0 88 45 99 36 97
582 45 8 56 17 46 100 112 84 35 14
582 46 8 47 29 84 39 105 30 38 91
582 47 8 52 108 35 95 126 111 6 59
912 0 8 62 126 111 29 3 97 36 66
912 1 8 78 86 76 58 71 88 123 95
912 2 8 66 119 7 69 51 24 50 94
912 3 8 7 105 65 11 120 43 25 41
912 4 8 4 39 91 36 74 117 40 102
912 5 8 70 80 122 27 30 14 47 96
912 6 8 40 19 72 79 32 21 80 50
912 7 8 90 87 124 117 97 122 105 85
912 8 8 24 51 49 117 55 1 120 39
912 9 8 27 93 52 54 94 29 61 88
912 10 8 101 107 120 65 104 44 37 74
912 11 8 91 87 46 69 126 19 71 34
912 12 8 100 80 30 82 67 53 12 71
912 13 8 24 49 70 121 115 75 16 44
912 14 8 56 62 28 45 118 7 13 120
912 15 8 115 113 78 112 62 98 4 54
912 16 8 20 123 67 27 64 59 47 29
912 17 8 84 91 14 97 25 31 23 8
912 18 8 40 19 50 32 79 72 111 5
912 19 8 90 124 87 97 122 117 85 55
912 20 8 24 117 51 55 49 1 73 27
912 21 8 27 93 75 29 61 121 94 72
912 22 8 72 51 44 125 120 37 65 104
912 23 8 91 34 87 71 19 1 68 46
912 24 8 101 80 67 100 106 115 44 124
912 25 8 49 24 121 89 70 115 75 37
912 26 8 45 56 62 13 7 28 118 91
912 27 8 112 78 115 113 4 42 62 54
912 28 8 123 20 67 59 38 126 64 21
912 29 8 91 84 14 71 113 97 31 23
912 30 8 19 40 72 32 69 102 98 59
912 31 8 90 97 117 124 85 122 87 27
912 32 8 51 55 24 117 49 120 63 1
912 33 8 27 93 54 72 29 61 30 126
912 34 8 37 120 65 101 44 104 72 107
912 35 8 91 34 71 126 87 46 19 1
912 36 8 80 82 120 100 121 98 30 12
912 37 8 49 24 70 121 55 107 75 7
912 38 8 62 118 28 25 112 56 45 36
912 39 8 113 115 98 112 53 4 62 42
912 40 8 20 123 67 59 121 36 47 84
912 41 8 91 84 14 97 113 71 20 58
912 42 8 28 46 65 101 34 103 124 29
912 43 8 40 51 2 9 4 20 117 100
912 44 8 21 18 71 54 36 13 113 33
912 45 8 100 56 66 84 94 35 1 104
912 46 8 67 74 45 47 44 83 19 77
912 47 8 34 117 54 32 126 27 114 79
432 0 8 61 103 104 71 92 38 14 66
432 1 8 3 9 105 17 46 91 33 95
432 2 8 100 66 122 7 69 67 114 121
432 3 8 11 65 7 105 120 43 59 44
432 4 8 4 39 23 40 105 36 117 121
432 5 8 107 70 27 14 122 49 96 30
432 6 8 19 40 72 32 88 109 111 92
432 7 8 2 124 90 97 117 43 87 103
432 8 8 27 24 49 55 1 64 117 120
432 9 8 27 105 52 30 72 93 61 75
432 10 8 44 107 101 103 72 110 104 120
432 11 8 91 8 19 46 34 126 71 36
432 12 8 26 101 80 100 119 111 38 78
432 13 8 95 115 70 99 123 49 24 109
432 14 8 56 18 13 45 7 25 36 27
432 15 8 20 113 78 107 53 122 126 19
432 16 8 29 77 27 67 123 108 70 64
432 17 8 63 0 91 65 84 113 108 23
432 18 8 19 40 32 108 72 5 50 55
432 19 8 124 90 2 97 55 103 43 105
432 20 8 55 27 117 49 24 1 81 7
432 21 8 27 75 30 72 105 62 61 93
432 22 8 72 44 104 125 120 51 110 103
432 23 8 34 91 71 19 46 64 15 8
432 24 8 101 80 44 26 82 124 78 115
432 25 8 95 7 49 22 115 86 24 85
432 26 8 45 56 13 29 7 18 62 27
432 27 8 113 19 78 107 20 122 112 42
432 28 8 29 123 77 108 67 122 44 59
432 29 8 63 91 0 65 113 53 84 71
432 30 8 19 40 72 32 118 108 50 59
432 31 8 97 2 90 124 117 111 27 122
432 32 8 27 55 117 49 63 120 24 93
432 33 8 27 105 61 30 72 93 54 62
432 34 8 65 72 110 107 44 104 101 51
432 35 8 91 46 71 34 126 8 19 97
432 36 8 26 121 38 95 82 80 53 30
432 37 8 95 70 123 109 24 49 115 7
432 38 8 18 25 62 101 112 56 111 46
432 39 8 113 107 20 53 98 57 71 51
432 40 8 67 29 77 108 59 44 123 36
432 41 8 91 0 65 63 84 71 113 53
432 42 8 46 55 20 28 126 75 34 124
432 43 8 8 47 40 51 9 2 100 117
432 44 8 21 110 80 18 11 33 36 117
432 45 8 47 83 100 84 66 56 76 108
432 46 8 47 45 10 1 74 84 82 123
432 47 8 11 31 90 54 127 14 27 126
311 0 8 11 93 111 84 61 18 31 101
311 1 8 19 83 123 3 41 33 42 105
311 2 8 66 117 116 69 68 100 92 114
311 3 8 91 65 1 43 11 105 26 98
311 4 8 4 91 102 39 111 36 89 44
311 5 8 111 70 27 80 122 14 96 49
311 6 8 19 40 72 50 32 111 79 21
311 7 8 72 90 124 97 117 85 15 103
311 8 8 27 28 49 117 55 39 120 51
311 9 8 105 27 93 52 101 48 51 72
311 10 8 101 44 107 14 65 72 22 120
311 11 8 91 58 46 71 47 13 34 8
311 12 8 69 100 120 30 80 112 124 68
311 13 8 121 24 55 107 70 95 44 49
311 14 8 28 101 56 118 27 45 7 13
311 15 8 34 113 115 100 78 4 62 98
311 16 8 20 121 67 123 43 122 59 64
311 17 8 97 91 14 45 30 51 29 113
311 18 8 19 40 50 111 72 32 9 14
311 19 8 72 90 124 97 85 105 117 64
311 20 8 117 55 27 28 49 51 24 7
311 21 8 105 27 93 72 61 75 48 30
311 22 8 14 44 72 65 120 101 125 22
311 23 8 34 91 71 58 13 46 47 10
311 24 8 69 120 80 44 47 68 100 121
311 25 8 121 49 24 55 7 107 105 85
311 26 8 45 56 101 118 13 27 28 25
311 27 8 34 115 100 112 113 4 78 42
311 28 8 20 67 121 59 123 64 126 122
311 29 8 91 14 97 45 71 113 51 30
311 30 8 40 72 19 32 47 98 13 69
311 31 8 72 90 97 111 117 124 122 107
311 32 8 117 28 27 55 49 120 63 7
311 33 8 105 27 61 93 72 54 30 78
311 34 8 14 44 65 100 101 104 22 120
311 35 8 34 91 58 13 46 71 126 10
311 36 8 69 121 120 82 98 30 60 95
311 37 8 7 79 107 70 121 55 99 24
311 38 8 101 25 118 28 21 112 56 84
311 39 8 34 100 113 115 53 112 4 62
311 40 8 121 67 20 59 36 126 84 47
311 41 8 45 91 14 97 71 61 113 51
311 42 8 55 65 46 101 21 34 119 124
311 43 8 65 40 51 4 20 9 54 117
311 44 8 113 21 36 71 29 54 91 18
311 45 8 100 56 66 20 104 1 93 124
311 46 8 47 67 110 43 18 26 21 77
311 47 8 55 34 117 79 112 126 61 22
279 0 8 106 57 103 47 111 71 127 110
279 1 8 48 3 33 9 75 77 91 46
279 2 8 90 68 92 69 66 114 122 7
279 3 8 91 43 21 39 95 32 65 94
279 4 8 4 63 102 111 89 43 40 44
279 5 8 51 105 27 85 49 70 41 122
279 6 8 40 72 32 111 92 21 108 44
279 7 8 97 90 72 117 85 122 124 105
279 8 8 1 49 28 117 83 50 123 113
279 9 8 27 105 14 32 39 38 8 44
279 10 8 44 65 22 103 17 48 106 0
279 11 8 91 109 51 94 46 13 75 65
279 12 8 29 69 120 106 91 121 125 112
279 13 8 66 89 115 127 113 99 55 49
279 14 8 56 118 105 16 45 120 22 84
279 15 8 113 34 115 4 42 76 100 105
279 16 8 119 12 64 21 67 28 120 100
279 17 8 91 35 23 2 43 32 54 71
279 18 8 40 72 108 19 45 47 21 50
279 19 8 97 90 122 107 111 23 124 64
279 20 8 1 117 49 73 55 7 81 63
279 21 8 27 75 93 61 29 78 121 54
279 22 8 65 125 44 104 83 51 37 66
279 23 8 34 91 67 109 51 80 94 113
279 24 8 10 44 121 29 82 125 5 106
279 25 8 66 99 49 7 70 22 82 113
279 26 8 56 120 45 105 16 25 112 117
279 27 8 113 78 42 97 114 122 62 92
279 28 8 119 38 67 12 21 31 120 59
279 29 8 91 72 35 90 43 71 113 51
279 30 8 72 40 19 45 108 47 32 69
279 31 8 97 90 111 117 64 23 122 124
279 32 8 117 63 49 120 1 9 55 28
279 33 8 27 93 32 61 105 54 72 114
279 34 8 65 125 7 44 104 66 101 110
279 35 8 109 91 4 94 34 46 126 13
279 36 8 92 69 121 47 80 95 82 119
279 37 8 66 7 20 113 70 49 31 97
279 38 8 105 16 101 118 84 25 112 45
279 39 8 34 100 113 115 4 15 62 98
279 40 8 12 119 67 59 126 84 36 21
279 41 8 35 91 2 66 61 71 113 45
279 42 8 27 102 55 46 34 103 38 29
279 43 8 65 40 29 51 54 20 9 89
279 44 8 21 36 48 68 18 91 98 22
279 45 8 100 56 20 66 84 121 105 111
279 46 8 47 8 44 19 114 68 101 117
279 47 8 36 120 126 22 112 59 7 47
4065 0 8 87 36 124 41 21 28 79 34
4065 1 8 48 16 59 71 90 60 75 85
4065 2 8 68 112 66 76 52 126 96 69
4065 3 8 43 21 91 93 106 76 70 77
4065 4 8 4 36 102 87 27 86 1 35
4065 5 8 14 71 48 30 87 28 122 27
4065 6 8 40 72 19 118 32 98 5 21
4065 7 8 90 124 111 55 97 122 117 103
4065 8 8 81 27 117 1 120 49 18 4
4065 9 8 27 41 105 75 93 40 32 88
4065 10 8 44 22 15 65 2 100 72 51
4065 11 8 91 94 46 34 19 104 114 22
4065 12 8 121 38 26 29 80 101 108 88
4065 13 8 74 115 70 89 102 123 105 86
4065 14 8 56 101 64 18 45 46 13 25
4065 15 8 100 54 20 107 113 78 34 15
4065 16 8 77 29 64 44 122 58 27 67
4065 17 8 91 61 63 0 65 121 30 54
4065 18 8 72 19 40 14 5 55 47 26
4065 19 8 55 111 97 124 64 90 103 122
4065 20 8 117 81 55 49 27 1 4 120
4065 21 8 27 105 93 75 121 41 78 30
4065 22 8 44 15 65 125 100 33 40 2
4065 23 8 91 94 34 46 19 71 112 22
4065 24 8 121 44 10 82 103 38 95 55
4065 25 8 74 22 70 7 18 102 89 115
4065 26 8 64 56 45 101 18 46 25 22
4065 27 8 100 42 113 20 78 107 118 126
4065 28 8 44 29 77 108 67 109 13 110
4065 29 8 91 61 63 0 122 30 65 60
4065 30 8 40 19 72 118 47 50 32 5
4065 31 8 97 111 55 90 117 124 69 83
4065 32 8 27 55 117 49 120 81 4 119
4065 33 8 27 41 105 32 61 54 78 47
4065 34 8 44 65 15 33 100 127 22 104
4065 35 8 91 94 46 34 97 42 19 22
4065 36 8 38 121 0 103 25 3 82 55
4065 37 8 123 109 74 70 18 41 57 102
4065 38 8 18 46 64 101 25 112 56 60
4065 39 8 107 113 20 53 78 62 22 71
4065 40 8 29 77 67 44 59 108 110 126
4065 41 8 63 65 0 91 61 71 113 54
4065 42 8 8 46 49 55 126 20 75 90
4065 43 8 47 111 8 40 65 121 100 9
4065 44 8 110 21 33 80 11 84 23 92
4065 45 8 83 47 100 76 84 87 45 7
4065 46 8 1 123 10 45 47 71 20 119
4065 47 8 11 31 127 82 15 14 121 90
13 0 8 65 43 73 98 45 44 1 72
13 1 8 18 94 38 26 103 10 95 127
13 2 8 84 88 38 93 57 18 108 20
13 3 8 6 89 31 124 2 21 94 41
13 4 8 106 76 115 124 4 40 48 121
13 5 8 61 125 66 8 22 49 64 70
13 6 8 83 105 8 19 80 40 72 32
13 7 8 49 112 97 117 124 103 90 96
13 8 8 49 121 84 117 63 55 120 43
13 9 8 9 27 110 88 51 93 52 54
13 10 8 61 105 65 101 37 44 125 56
13 11 8 91 1 61 24 49 19 122 125
13 12 8 99 15 30 80 3 119 79 100
13 13 8 6 115 28 15 70 23 118 27
13 14 8 48 20 56 90 7 73 17 52
13 15 8 85 78 101 113 76 62 53 103
13 16 8 124 8 67 39 47 23 21 36
13 17 8 19 91 69 42 105 48 32 110
13 18 8 40 105 83 88 72 19 32 50
13 19 8 49 97 112 90 117 85 124 103
13 20 8 117 84 121 49 43 55 73 27
13 21 8 27 125 110 9 54 93 75 61
13 22 8 105 61 56 65 104 44 72 125
13 23 8 24 61 92 49 91 23 1 19
13 24 8 99 15 96 80 3 79 23 108
13 25 8 6 15 28 58 115 118 80 23
13 26 8 20 48 17 56 90 104 32 10
13 27 8 78 85 101 113 103 92 10 76
13 28 8 124 8 39 67 81 126 59 73
13 29 8 91 19 42 21 113 69 48 32
13 30 8 19 40 105 83 32 72 88 50
13 31 8 112 97 49 27 117 124 96 90
13 32 8 65 117 121 55 49 84 63 67
13 33 8 27 125 110 9 16 62 72 54
13 34 8 56 61 105 78 90 65 72 104
13 35 8 23 24 91 61 125 49 126 19
13 36 8 99 79 96 15 23 3 107 80
13 37 8 15 58 28 118 6 115 23 70
13 38 8 48 17 20 86 90 112 7 36
13 39 8 85 101 103 113 10 78 70 53
13 40 8 124 67 8 73 81 59 36 17
13 41 8 42 69 48 91 19 71 113 21
13 42 8 64 46 114 31 34 7 68 36
13 43 8 77 40 88 117 9 51 31 100
13 44 8 53 73 0 90 18 21 92 3
13 45 8 94 101 84 100 2 56 35 45
13 46 8 38 34 47 11 84 75 67 36
13 47 8 105 57 73 20 109 126 86 9
1416 0 8 2 50 21 93 97 75 63 103
1416 1 8 58 6 23 95 3 42 26 33
1416 2 8 122 117 66 9 114 24 108 11
1416 3 8 64 39 29 2 4 85 56 95
1416 4 8 56 83 117 4 95 23 25 48
1416 5 8 47 108 82 2 22 27 68 70
1416 6 8 19 42 80 126 40 72 8 112
1416 7 8 95 96 117 97 85 34 90 69
1416 8 8 109 36 18 49 117 63 50 1
1416 9 8 65 27 45 98 88 39 107 54
1416 10 8 72 123 113 44 88 101 90 59
1416 11 8 69 19 91 58 67 26 65 46
1416 12 8 79 51 107 80 30 29 23 3
1416 13 8 118 98 23 21 83 121 82 77
1416 14 8 79 10 56 7 118 28 90 13
1416 15 8 103 112 78 53 113 23 76 4
1416 16 8 55 124 47 15 20 67 122 104
1416 17 8 69 91 48 45 97 90 15 113
1416 18 8 19 40 42 32 50 72 9 126
1416 19 8 95 97 96 85 124 43 90 117
1416 20 8 117 109 55 36 49 73 120 63
1416 21 8 27 65 45 93 61 72 88 98
1416 22 8 72 44 123 113 101 88 19 73
1416 23 8 91 19 26 69 58 111 63 34
1416 24 8 51 107 79 80 114 23 30 52
1416 25 8 118 98 77 121 7 83 21 115
1416 26 8 79 7 56 10 45 118 28 112
1416 27 8 112 113 42 103 53 78 4 62
1416 28 8 55 67 20 126 47 59 122 124
1416 29 8 91 48 113 69 97 45 90 32
1416 30 8 19 40 32 21 50 69 102 72
1416 31 8 27 96 97 95 43 124 117 90
1416 32 8 55 109 117 49 79 36 63 39
1416 33 8 27 72 83 61 93 54 65 45
1416 34 8 72 44 123 101 88 100 19 104
1416 35 8 91 111 19 67 126 34 63 58
1416 36 8 51 114 80 30 82 36 74 104
1416 37 8 77 98 121 115 21 70 7 79
1416 38 8 79 7 28 118 25 112 21 56
1416 39 8 112 53 103 69 113 4 71 42
1416 40 8 55 20 67 59 36 126 47 114
1416 41 8 48 91 69 113 45 97 71 20
1416 42 8 37 46 64 101 34 103 59 85
1416 43 8 40 77 51 9 20 117 4 54
1416 44 8 21 73 18 36 113 33 53 71
1416 45 8 56 100 94 84 104 35 66 45
1416 46 8 67 47 82 84 19 119 38 68
1416 47 8 34 117 126 32 79 27 59 73
279 0 8 106 57 101 103 71 110 127 14
279 1 8 9 48 95 105 42 3 33 72
279 2 8 90 122 92 66 11 114 108 61
279 3 8 39 112 64 43 29 114 94 97
279 4 8 117 56 23 63 50 121 40 100
279 5 8 51 105 108 27 107 85 114 47
279 6 8 19 40 32 123 72 112 13 21
279 7 8 97 117 96 95 90 124 69 27
279 8 8 109 117 49 1 28 50 36 83
279 9 8 27 88 32 72 39 77 30 62
279 10 8 44 72 88 123 101 23 48 37
279 11 8 19 91 69 109 111 88 10 126
279 12 8 51 114 80 120 106 20 68 73
279 13 8 66 77 115 98 113 82 99 83
279 14 8 56 105 7 16 118 13 10 101
279 15 8 112 53 103 4 113 72 42 115
279 16 8 55 119 12 15 47 67 33 64
279 17 8 91 2 35 48 45 20 23 115
279 18 8 19 40 72 50 47 32 123 108
279 19 8 97 27 107 124 96 122 85 90
279 20 8 117 55 49 109 1 79 81 73
279 21 8 27 83 61 75 93 62 88 72
279 22 8 72 44 123 100 37 104 101 51
279 23 8 91 34 109 111 19 87 67 63
279 24 8 51 80 114 44 95 52 123 67
279 25 8 66 115 113 98 22 7 30 70
279 26 8 56 45 7 105 16 13 118 21
279 27 8 112 42 53 113 103 72 78 115
279 28 8 55 12 119 67 38 20 126 61
279 29 8 91 35 2 115 113 32 31 43
279 30 8 19 40 32 108 72 47 50 69
279 31 8 27 97 124 43 96 95 107 90
279 32 8 117 109 79 49 55 28 19 119
279 33 8 83 27 32 72 61 93 116 39
279 34 8 72 44 123 101 100 119 87 88
279 35 8 109 91 34 111 19 126 47 10
279 36 8 51 120 80 114 68 82 123 90
279 37 8 66 113 55 115 70 77 99 7
279 38 8 105 7 16 118 21 112 56 25
279 39 8 72 112 113 104 115 4 103 53
279 40 8 12 55 119 67 59 43 126 84
279 41 8 91 2 35 113 66 71 20 23
279 42 8 27 102 46 34 29 103 18 93
279 43 8 40 29 54 51 105 20 9 65
279 44 8 21 36 48 18 68 1 123 91
279 45 8 100 56 66 84 58 1 14 111
279 46 8 47 8 114 68 91 31 119 115
279 47 8 36 126 120 47 59 22 123 66
6500 0 8 112 36 124 3 28 62 64 23
6500 1 8 48 16 90 68 59 71 105 103
6500 2 8 76 44 66 36 126 5 26 56
6500 3 8 43 70 92 113 112 44 61 21
6500 4 8 50 36 27 5 21 84 101 117
6500 5 8 10 87 14 44 85 50 27 108
6500 6 8 40 118 32 19 72 108 103 21
6500 7 8 55 124 90 97 122 117 2 96
6500 8 8 20 117 94 1 49 7 15 43
6500 9 8 27 40 32 66 25 30 72 75
6500 10 8 103 72 44 88 104 109 111 89
6500 11 8 91 42 111 22 19 51 15 126
6500 12 8 51 26 101 0 19 114 80 119
6500 13 8 50 57 41 1 115 7 48 70
6500 14 8 56 60 13 7 120 46 80 16
6500 15 8 111 53 112 20 113 72 79 42
6500 16 8 55 110 60 122 64 108 67 40
6500 17 8 46 91 52 64 94 54 15 31
6500 18 8 40 50 108 19 32 5 72 21
6500 19 8 90 97 124 2 55 27 85 107
6500 20 8 117 1 49 20 63 55 7 119
6500 21 8 83 27 75 61 72 29 121 32
6500 22 8 103 44 72 109 111 88 28 104
6500 23 8 34 111 91 22 42 62 51 19
6500 24 8 51 26 0 19 101 44 80 11
6500 25 8 50 41 57 18 1 7 2 70
6500 26 8 45 7 102 56 80 60 22 120
6500 27 8 111 46 113 42 51 112 53 60
6500 28 8 55 60 67 110 108 94 23 11
6500 29 8 46 91 52 15 113 64 125 54
6500 30 8 19 32 40 102 50 5 21 69
6500 31 8 27 124 97 90 96 2 43 117
6500 32 8 117 79 20 49 43 55 29 7
6500 33 8 83 27 72 32 54 61 112 40
6500 34 8 72 103 119 111 104 41 109 88
6500 35 8 111 19 22 42 34 91 126 46
6500 36 8 51 26 25 0 80 101 103 74
6500 37 8 18 115 41 57 1 77 70 16
6500 38 8 7 60 21 112 80 102 25 22
6500 39 8 53 60 113 69 71 51 46 20
6500 40 8 55 110 67 108 60 59 15 23
6500 41 8 122 46 52 15 91 36 54 113
6500 42 8 90 125 49 46 34 74 8 103
6500 43 8 12 40 19 49 20 9 125 74
6500 44 8 88 21 99 45 33 23 18 11
6500 45 8 17 56 76 84 46 112 100 104
6500 46 8 81 30 47 29 84 105 39 7
6500 47 8 121 52 111 14 15 95 35 108
374 0 8 104 120 16 107 53 92 66 111
374 1 8 107 34 76 20 66 42 92 105
374 2 8 14 87 116 66 72 92 100 120
374 3 8 76 13 89 105 43 85 95 44
374 4 8 117 23 74 105 107 89 118 40
374 5 8 108 80 107 27 34 85 16 81
374 6 8 19 32 14 40 42 13 80 50
374 7 8 87 117 96 90 97 124 95 60
374 8 8 64 117 43 49 39 122 11 25
374 9 8 94 27 72 32 112 88 83 62
374 10 8 88 72 44 101 14 0 103 17
374 11 8 69 19 111 91 86 126 75 104
374 12 8 51 53 26 80 114 73 74 78
374 13 8 75 77 98 115 44 82 7 43
374 14 8 7 80 56 79 118 13 101 22
374 15 8 60 112 53 111 113 4 69 78
374 16 8 40 7 15 60 47 67 11 91
374 17 8 52 91 53 15 97 113 117 118
374 18 8 19 40 50 9 108 72 42 13
374 19 8 87 97 96 95 43 90 27 107
374 20 8 117 64 55 49 63 79 120 36
374 21 8 27 94 62 83 72 61 88 75
374 22 8 72 88 44 101 100 14 37 123
374 23 8 111 91 19 69 34 46 126 86
374 24 8 51 114 53 80 52 90 118 91
374 25 8 75 77 95 98 115 82 7 59
374 26 8 7 80 56 45 79 101 13 29
374 27 8 112 60 53 113 42 69 78 111
374 28 8 40 67 7 60 126 11 59 15
374 29 8 91 52 53 113 120 15 115 71
374 30 8 19 40 32 72 13 50 21 102
374 31 8 87 27 96 43 124 97 117 107
374 32 8 117 64 79 55 49 67 39 29
374 33 8 94 27 83 72 54 62 61 88
374 34 8 72 88 119 101 107 44 14 104
374 35 8 19 111 91 86 126 46 34 71
374 36 8 51 53 80 90 30 36 118 82
374 37 8 75 44 115 77 21 70 2 107
374 38 8 7 80 21 79 112 25 118 29
374 39 8 53 60 69 71 113 112 78 116
374 40 8 40 7 67 59 60 15 84 126
374 41 8 53 52 91 113 15 71 85 117
374 42 8 125 37 73 46 59 85 105 124
374 43 8 40 81 51 20 100 8 49 9
374 44 8 33 37 21 45 80 36 54 18
374 45 8 104 56 84 112 20 46 100 66
374 46 8 82 47 124 84 44 105 39 63
374 47 8 90 27 35 52 95 108 126 59
2480 0 8 62 34 17 36 87 0 63 79
2480 1 8 99 76 71 66 105 118 104 42
2480 2 8 112 66 68 70 121 52 8 120
2480 3 8 1 43 76 44 95 94 105 65
2480 4 8 1 117 74 116 105 36 87 21
2480 5 8 48 108 30 54 16 80 14 90
2480 6 8 19 40 32 123 118 72 5 7
2480 7 8 124 90 97 117 27 103 87 96
2480 8 8 27 117 79 49 4 1 81 2
2480 9 8 27 83 94 88 72 62 40 93
2480 10 8 72 44 88 51 119 101 33 37
2480 11 8 19 91 114 111 34 15 86 126
2480 12 8 38 51 80 101 53 108 10 74
2480 13 8 115 102 95 123 109 89 7 24
2480 14 8 13 82 18 29 7 56 95 45
2480 15 8 33 20 53 112 79 111 71 42
2480 16 8 40 29 77 64 67 44 111 7
2480 17 8 91 0 65 63 25 113 126 23
2480 18 8 40 55 19 111 50 108 32 21
2480 19 8 97 43 27 90 124 107 55 96
2480 20 8 117 49 27 55 79 1 125 7
2480 21 8 27 83 75 121 93 40 94 61
2480 22 8 72 37 44 28 51 88 100 104
2480 23 8 91 19 34 114 97 68 111 46
2480 24 8 51 25 38 103 80 67 0 101
2480 25 8 123 89 18 109 102 115 95 57
2480 26 8 82 56 7 18 45 29 46 13
2480 27 8 42 20 46 33 53 78 51 113
2480 28 8 44 29 77 67 111 40 108 110
2480 29 8 91 65 0 63 115 84 113 61
2480 30 8 19 118 40 55 32 47 50 5
2480 31 8 27 43 96 97 107 55 124 50
2480 32 8 117 27 79 49 55 4 67 119
2480 33 8 27 83 94 41 40 61 54 33
2480 34 8 72 37 33 44 88 100 95 124
2480 35 8 19 91 114 68 97 46 111 34
2480 36 8 51 80 25 38 7 53 0 3
2480 37 8 95 102 123 109 16 24 70 84
2480 38 8 82 29 46 7 64 18 22 62
2480 39 8 20 107 113 69 33 78 87 46
2480 40 8 29 77 44 67 111 108 55 59
2480 41 8 65 63 91 36 115 113 85 54
2480 42 8 8 20 75 126 46 34 64 28
2480 43 8 16 30 121 40 80 47 100 20
2480 44 8 110 33 21 80 11 1 92 73
2480 45 8 47 100 83 34 5 84 7 45
2480 46 8 122 123 10 45 47 96 37 71
2480 47 8 11 31 127 14 82 114 90 44
11 0 8 65 44 26 59 101 73 121 114
11 1 8 50 94 26 124 44 18 46 34
11 2 8 84 88 54 49 92 18 93 53
11 3 8 2 89 76 6 41 93 56 85
11 4 8 25 76 117 106 40 83 29 67
11 5 8 108 125 82 16 61 30 22 27
11 6 8 19 105 123 42 83 32 40 108
11 7 8 50 49 97 117 124 96 90 43
11 8 8 84 117 121 49 122 109 43 79
11 9 8 110 27 88 9 72 112 54 62
11 10 8 72 61 88 44 101 113 37 105
11 11 8 19 69 61 91 111 49 126 46
11 12 8 7 51 80 99 30 63 15 52
11 13 8 16 6 21 115 77 28 98 43
11 14 8 20 48 7 56 79 73 52 13
11 15 8 85 78 103 53 113 60 111 69
11 16 8 15 124 8 55 47 67 108 64
11 17 8 69 48 72 91 15 25 97 19
11 18 8 19 40 105 32 123 50 42 55
11 19 8 50 97 43 124 49 27 96 117
11 20 8 117 55 49 84 73 121 122 43
11 21 8 27 9 110 54 93 61 72 62
11 22 8 72 88 37 105 61 44 101 51
11 23 8 91 19 1 69 24 49 61 126
11 24 8 7 80 99 15 51 30 52 82
11 25 8 16 115 6 28 15 70 21 22
11 26 8 56 20 48 45 79 112 36 95
11 27 8 78 113 92 42 103 85 60 53
11 28 8 67 55 15 124 38 126 8 59
11 29 8 91 48 113 19 69 97 32 15
11 30 8 19 40 32 105 72 69 50 47
11 31 8 43 97 50 124 117 27 49 90
11 32 8 117 55 49 121 84 109 120 119
11 33 8 27 110 9 54 93 72 61 88
11 34 8 72 65 44 101 61 19 105 100
11 35 8 91 24 49 61 19 46 126 67
11 36 8 7 99 80 12 82 15 3 30
11 37 8 16 21 6 15 115 28 70 7
11 38 8 20 48 112 25 56 86 52 36
11 39 8 78 113 103 85 53 101 22 76
11 40 8 67 55 8 124 59 36 15 20
11 41 8 69 72 91 48 19 71 113 17
11 42 8 39 64 46 31 7 103 74 34
11 43 8 51 40 30 77 88 9 20 19
11 44 8 18 21 73 53 0 36 45 33
11 45 8 100 56 94 84 35 46 66 112
11 46 8 47 29 38 67 105 39 84 123
11 47 8 73 126 52 95 117 32 35 109
582 0 8 103 104 71 2 21 111 89 120
582 1 8 9 6 95 58 26 42 53 33
582 2 8 51 122 100 84 92 72 88 14
582 3 8 39 2 29 117 23 56 85 38
582 4 8 4 23 25 83 117 40 43 121
582 5 8 107 82 47 70 27 24 85 34
582 6 8 79 19 72 32 40 50 109 80
582 7 8 50 2 117 97 124 90 69 96
582 8 8 109 117 49 43 55 63 47 83
582 9 8 27 52 38 45 72 54 61 112
582 10 8 101 35 44 23 83 37 107 17
582 11 8 91 67 9 19 69 126 106 112
582 12 8 80 12 29 11 37 71 100 119
582 13 8 16 21 115 99 2 119 98 49
582 14 8 80 56 118 79 10 22 120 13
582 15 8 78 60 113 111 4 76 62 53
582 16 8 15 7 67 11 64 55 28 47
582 17 8 91 15 52 97 25 125 113 23
582 18 8 19 40 32 108 79 72 111 99
582 19 8 97 43 124 27 122 50 87 96
582 20 8 117 55 49 73 1 109 7 120
582 21 8 27 93 61 54 75 94 72 45
582 22 8 72 51 37 101 44 65 125 83
582 23 8 34 91 67 1 87 19 46 71
582 24 8 80 44 7 30 95 67 82 115
582 25 8 16 115 7 49 25 70 44 17
582 26 8 56 45 80 118 79 117 25 7
582 27 8 78 113 42 92 111 60 53 105
582 28 8 67 38 15 7 11 36 59 64
582 29 8 91 52 15 43 32 60 46 71
582 30 8 19 40 72 69 32 47 108 98
582 31 8 97 90 124 43 117 27 122 111
582 32 8 117 55 109 49 120 63 73 7
582 33 8 27 93 61 54 30 72 45 52
582 34 8 65 44 101 35 72 100 51 19
582 35 8 91 67 46 34 126 19 1 71
582 36 8 80 82 12 121 3 53 95 26
582 37 8 16 2 70 21 75 7 44 115
582 38 8 80 79 56 112 25 45 10 21
582 39 8 113 60 78 53 62 42 76 123
582 40 8 15 7 67 11 59 55 47 36
582 41 8 91 52 71 15 46 17 113 23
582 42 8 37 46 125 74 7 60 34 103
582 43 8 51 40 19 9 12 56 89 67
582 44 8 21 88 18 45 36 0 99 91
582 45 8 56 100 17 112 46 84 14 108
582 46 8 47 29 39 105 30 38 84 91
582 47 8 52 108 35 95 126 111 6 59
4057 0 8 62 126 3 111 29 68 36 116
4057 1 8 78 76 86 91 77 71 109 20
4057 2 8 66 119 120 62 51 36 22 50
4057 3 8 7 43 65 105 11 120 29 41
4057 4 8 4 39 40 36 91 74 35 84
4057 5 8 80 16 70 30 14 96 47 27
4057 6 8 40 19 72 79 21 32 50 69
4057 7 8 87 124 90 117 122 97 43 85
4057 8 8 51 24 117 49 7 55 1 43
4057 9 8 27 93 52 94 51 54 88 61
4057 10 8 101 44 120 37 104 107 65 125
4057 11 8 91 87 19 126 71 46 34 15
4057 12 8 100 80 123 101 12 53 119 98
4057 13 8 24 115 121 70 49 75 44 7
4057 14 8 56 62 45 28 13 118 120 29
4057 15 8 115 112 78 113 98 42 62 53
4057 16 8 20 123 64 67 29 122 59 36
4057 17 8 91 84 97 14 23 25 29 126
4057 18 8 19 40 111 72 50 5 32 21
4057 19 8 43 124 97 87 90 122 85 117
4057 20 8 117 24 55 51 49 1 27 73
4057 21 8 27 93 94 121 61 72 54 29
4057 22 8 37 120 44 51 125 72 65 104
4057 23 8 91 87 71 34 46 68 19 97
4057 24 8 123 101 80 67 100 82 115 95
4057 25 8 49 24 121 89 70 7 115 44
4057 26 8 62 56 45 28 118 101 7 27
4057 27 8 112 78 115 113 42 4 62 53
4057 28 8 20 123 67 59 64 126 38 36
4057 29 8 91 84 97 14 126 31 113 32
4057 30 8 40 19 13 32 72 69 50 21
4057 31 8 97 43 90 117 124 85 122 27
4057 32 8 117 51 24 49 55 120 119 63
4057 33 8 27 93 30 54 61 72 51 48
4057 34 8 100 120 37 44 65 101 51 104
4057 35 8 91 87 71 34 46 126 19 1
4057 36 8 120 123 121 101 82 80 30 98
4057 37 8 49 24 121 70 7 107 55 44
4057 38 8 62 25 28 118 112 56 45 21
4057 39 8 113 115 112 53 98 4 42 71
4057 40 8 67 123 20 121 59 36 126 47
4057 41 8 84 91 14 97 71 113 28 20
4057 42 8 46 28 65 101 34 103 55 124
4057 43 8 40 2 51 4 86 20 99 9
4057 44 8 21 36 71 18 13 33 54 123
4057 45 8 56 100 66 20 84 14 104 121
4057 46 8 47 67 74 4 19 21 43 63
4057 47 8 34 54 79 117 27 114 61 55
279 0 8 106 57 61 103 66 110 127 14
279 1 8 91 48 17 9 105 46 109 44
279 2 8 90 66 122 92 120 114 7 62
279 3 8 65 7 43 11 39 120 99 56
279 4 8 40 4 63 39 23 44 121 36
279 5 8 51 105 16 70 27 58 49 7
279 6 8 19 40 72 32 13 21 92 109
279 7 8 117 43 124 97 90 85 83 78
279 8 8 51 117 28 49 24 55 1 120
279 9 8 32 27 39 48 61 30 93 95
279 10 8 44 23 101 84 110 100 54 14
279 11 8 91 109 110 87 47 10 117 19
279 12 8 120 123 68 106 101 100 11 71
279 13 8 113 66 55 107 115 126 49 97
279 14 8 105 118 56 16 13 14 101 29
279 15 8 115 112 78 4 113 19 98 34
279 16 8 119 12 67 51 64 123 36 121
279 17 8 126 2 91 35 61 60 16 20
279 18 8 40 19 72 111 32 108 9 50
279 19 8 97 43 85 122 107 111 124 27
279 20 8 117 55 49 28 24 51 50 1
279 21 8 27 93 48 75 32 61 39 88
279 22 8 100 51 72 14 44 37 101 110
279 23 8 87 109 91 34 46 10 71 47
279 24 8 120 123 80 44 47 60 91 106
279 25 8 49 113 66 7 107 55 97 89
279 26 8 105 118 56 45 16 7 25 101
279 27 8 115 42 113 112 4 78 53 105
279 28 8 12 119 67 51 123 36 126 20
279 29 8 91 35 126 2 32 31 113 60
279 30 8 40 19 72 13 69 32 108 47
279 31 8 97 43 90 27 85 117 124 111
279 32 8 117 55 28 49 81 24 119 120
279 33 8 27 30 32 61 54 92 72 93
279 34 8 100 110 44 14 51 72 65 101
279 35 8 109 34 91 46 87 19 10 126
279 36 8 121 60 120 47 82 80 98 123
279 37 8 66 113 7 70 107 49 55 99
279 38 8 105 118 16 25 21 112 101 45
279 39 8 115 113 98 4 53 42 34 112
279 40 8 12 119 67 59 126 36 51 123
279 41 8 91 35 2 66 28 71 90 113
279 42 8 27 102 46 34 93 38 124 103
279 43 8 40 29 51 54 105 9 20 65
279 44 8 21 36 18 68 48 123 125 3
279 45 8 100 56 66 20 58 121 104 84
279 46 8 47 44 8 101 114 68 77 4
279 47 8 36 120 126 59 22 47 124 66
3245 0 8 63 34 17 41 2 21 68 87
3245 1 8 99 59 48 75 7 16 11 105
3245 2 8 66 90 24 8 70 114 54 71
3245 3 8 43 77 93 44 37 79 97 65
3245 4 8 87 10 40 36 4 23 22 105
3245 5 8 90 14 58 27 16 54 71 85
3245 6 8 40 19 55 72 32 21 50 13
3245 7 8 43 124 97 117 103 122 90 105
3245 8 8 4 49 117 79 50 52 119 1
3245 9 8 33 27 93 88 32 40 30 72
3245 10 8 110 100 44 101 33 119 15 37
3245 11 8 91 50 116 79 126 114 19 70
3245 12 8 101 118 123 25 36 60 100 59
3245 13 8 102 113 115 89 107 7 108 119
3245 14 8 82 64 56 118 87 13 92 25
3245 15 8 33 37 115 87 113 90 112 53
3245 16 8 51 13 67 40 7 36 28 64
3245 17 8 126 91 35 2 92 52 26 49
3245 18 8 55 40 19 72 32 108 123 13
3245 19 8 97 43 27 122 124 107 55 111
3245 20 8 117 4 49 50 55 1 79 27
3245 21 8 27 33 93 121 40 88 61 36
3245 22 8 110 15 37 100 40 51 44 125
3245 23 8 50 91 97 79 114 9 46 34
3245 24 8 25 123 29 36 67 92 112 60
3245 25 8 89 18 102 127 113 7 27 5
3245 26 8 82 87 64 46 7 25 21 56
3245 27 8 33 90 113 87 118 42 100 37
3245 28 8 100 51 13 40 67 11 93 28
3245 29 8 91 92 126 115 113 32 93 35
3245 30 8 55 40 32 19 72 115 69 123
3245 31 8 97 124 43 27 85 117 111 36
3245 32 8 117 4 50 49 55 79 67 43
3245 33 8 33 27 30 61 62 72 77 88
3245 34 8 33 23 100 110 37 15 127 25
3245 35 8 79 114 50 22 9 34 111 19
3245 36 8 123 121 25 29 74 43 119 36
3245 37 8 89 102 18 127 7 120 70 108
3245 38 8 82 87 64 7 36 73 21 25
3245 39 8 33 37 53 113 87 69 9 104
3245 40 8 67 33 40 100 51 84 126 98
3245 41 8 126 91 92 113 53 11 115 100
3245 42 8 86 38 46 34 8 98 73 37
3245 43 8 16 72 40 20 51 127 100 57
3245 44 8 5 21 123 36 3 33 37 68
3245 45 8 20 56 104 100 66 84 34 92
3245 46 8 47 51 44 82 33 84 116 43
3245 47 8 99 26 27 94 114 0 90 14
5926 0 8 63 77 17 67 111 120 87 29
5926 1 8 113 59 99 53 7 11 98 76
5926 2 8 65 49 121 66 54 70 50 8
5926 3 8 121 43 93 77 97 65 106 104
5926 4 8 87 10 103 105 1 36 14 49
5926 5 8 58 97 90 71 30 14 4 12
5926 6 8 40 115 55 32 19 50 118 21
5926 7 8 43 124 117 97 55 111 103 19
5926 8 8 4 50 49 19 117 27 79 93
5926 9 8 27 62 88 30 40 15 77 93
5926 10 8 51 44 100 37 119 72 33 38
5926 11 8 91 114 19 81 51 79 22 50
5926 12 8 123 59 29 51 101 43 92 62
5926 13 8 89 102 127 52 115 7 108 86
5926 14 8 87 80 46 56 21 82 59 25
5926 15 8 33 53 19 113 112 90 46 37
5926 16 8 28 33 40 111 114 7 67 100
5926 17 8 91 92 125 126 52 113 49 115
5926 18 8 55 19 40 115 47 108 72 103
5926 19 8 97 55 27 90 111 124 122 43
5926 20 8 117 4 55 50 49 1 93 19
5926 21 8 27 40 85 93 88 121 39 30
5926 22 8 37 44 15 124 23 100 51 71
5926 23 8 114 91 22 34 81 126 68 50
5926 24 8 29 36 95 123 62 92 121 25
5926 25 8 89 7 27 18 108 102 115 95
5926 26 8 7 87 25 80 82 56 45 64
5926 27 8 33 78 87 90 42 113 37 13
5926 28 8 40 111 67 126 33 7 13 93
5926 29 8 91 72 113 32 52 92 126 93
5926 30 8 55 32 19 115 40 102 47 59
5926 31 8 97 27 117 96 124 43 90 28
5926 32 8 117 55 49 4 9 93 63 67
5926 33 8 72 27 61 30 54 85 93 62
5926 34 8 37 33 7 71 104 110 86 65
5926 35 8 114 126 81 79 4 22 19 34
5926 36 8 92 51 7 43 80 123 74 118
5926 37 8 102 20 89 52 7 127 70 108
5926 38 8 7 87 82 64 68 36 101 73
5926 39 8 37 33 87 113 53 46 90 78
5926 40 8 40 67 100 111 84 33 59 126
5926 41 8 11 113 91 53 92 52 126 58
5926 42 8 38 37 86 34 46 59 68 73
5926 43 8 40 16 51 20 86 57 54 56
5926 44 8 21 37 5 36 18 125 123 60
5926 45 8 104 56 100 121 92 20 64 48
5926 46 8 47 82 51 124 105 39 84 43
5926 47 8 26 108 52 14 126 27 99 35
1483 0 8 7 29 126 116 62 97 111 36
1483 1 8 113 11 98 52 91 78 76 116
1483 2 8 49 121 67 15 66 90 56 119
1483 3 8 43 121 93 11 77 44 42 65
1483 4 8 10 87 21 36 1 9 127 40
1483 5 8 48 58 90 97 14 16 30 85
1483 6 8 40 19 32 118 55 21 50 72
1483 7 8 43 124 55 97 27 122 117 103
1483 8 8 50 4 27 1 49 79 94 18
1483 9 8 40 27 41 88 93 32 62 51
1483 10 8 110 44 100 51 119 37 33 85
1483 11 8 91 114 19 50 116 46 73 79
1483 12 8 38 123 103 59 101 98 0 108
1483 13 8 102 115 89 62 7 109 113 123
1483 14 8 87 46 18 56 82 64 13 25
1483 15 8 115 113 33 37 27 107 110 20
1483 16 8 111 13 51 93 67 29 64 44
1483 17 8 91 126 26 63 0 49 29 92
1483 18 8 55 40 103 19 47 72 50 111
1483 19 8 97 55 122 43 27 124 111 90
1483 20 8 117 50 49 55 4 27 1 120
1483 21 8 27 93 40 41 121 126 88 30
1483 22 8 51 110 100 37 44 15 124 71
1483 23 8 114 91 73 34 97 1 46 19
1483 24 8 38 103 98 25 0 29 44 67
1483 25 8 89 123 18 109 7 57 62 70
1483 26 8 87 46 18 82 64 25 56 60
1483 27 8 27 46 113 42 126 37 78 107
1483 28 8 111 13 44 51 93 67 77 29
1483 29 8 91 126 26 0 63 65 113 92
1483 30 8 55 40 118 19 72 32 50 69
1483 31 8 55 97 117 43 124 85 111 27
1483 32 8 117 50 4 49 27 55 18 20
1483 33 8 27 30 40 41 54 93 61 88
1483 34 8 110 100 51 23 33 44 65 124
1483 35 8 91 97 73 46 42 22 114 50
1483 36 8 103 25 121 0 38 98 82 30
1483 37 8 102 18 123 70 109 62 7 57
1483 38 8 82 64 87 25 18 46 71 112
1483 39 8 46 37 113 107 53 126 20 57
1483 40 8 111 13 67 77 51 44 93 23
1483 41 8 91 0 63 126 113 65 84 26
1483 42 8 46 126 34 98 86 103 38 28
1483 43 8 40 16 9 47 105 20 117 54
1483 44 8 21 36 110 18 13 33 68 106
1483 45 8 56 100 84 66 20 47 83 108
1483 46 8 47 45 51 71 8 1 10 114
1483 47 8 26 126 127 21 31 15 120 11
2436 0 8 112 36 125 95 23 30 54 87
2436 1 8 7 68 90 29 71 113 85 14
2436 2 8 76 66 96 44 36 126 67 41
2436 3 8 43 70 92 121 93 50 13 44
2436 4 8 38 27 36 10 40 4 1 21
2436 5 8 58 87 10 14 48 71 16 90
2436 6 8 40 118 72 19 32 111 18 21
2436 7 8 43 55 97 122 90 2 124 103
2436 8 8 20 49 1 81 50 120 117 2
2436 9 8 27 11 30 41 93 32 106 40
2436 10 8 110 100 109 44 111 119 22 104
2436 11 8 91 76 42 117 19 70 46 64
2436 12 8 101 0 108 38 98 103 123 109
2436 13 8 57 41 86 14 123 70 7 109
2436 14 8 46 18 87 56 13 59 60 91
2436 15 8 20 37 111 113 107 78 126 51
2436 16 8 110 77 44 28 29 67 64 108
2436 17 8 91 63 0 64 65 32 54 26
2436 18 8 40 111 5 72 50 19 32 21
2436 19 8 90 97 55 43 124 122 2 111
2436 20 8 49 1 20 117 55 27 7 50
2436 21 8 27 30 93 61 40 121 75 41
2436 22 8 109 110 44 111 65 100 125 104
2436 23 8 91 34 42 46 64 55 22 76
2436 24 8 0 101 38 108 80 109 103 44
2436 25 8 41 57 7 22 86 115 70 89
2436 26 8 56 18 60 45 46 25 7 22
2436 27 8 78 20 122 113 107 111 51 42
2436 28 8 44 110 77 108 29 67 70 56
2436 29 8 91 63 0 65 64 32 113 71
2436 30 8 19 118 40 32 72 69 47 21
2436 31 8 43 97 90 55 117 124 2 85
2436 32 8 49 20 27 55 117 63 120 70
2436 33 8 27 11 30 106 93 54 61 41
2436 34 8 110 65 109 100 44 104 95 111
2436 35 8 91 42 46 55 97 22 126 19
2436 36 8 0 38 121 3 101 25 80 82
2436 37 8 57 41 123 109 70 7 18 115
2436 38 8 60 18 46 25 71 112 22 102
2436 39 8 107 20 113 51 53 37 90 57
2436 40 8 77 110 67 29 44 108 59 126
2436 41 8 91 63 65 122 64 0 115 11
2436 42 8 46 49 34 126 90 59 55 20
2436 43 8 47 8 40 125 9 49 121 56
2436 44 8 110 21 11 80 33 23 18 84
2436 45 8 76 83 47 100 56 84 5 121
2436 46 8 47 1 10 123 71 45 124 82
2436 47 8 11 31 127 14 82 90 121 15
11 0 8 65 44 26 66 59 73 114 83
11 1 8 50 94 124 26 37 2 18 34
11 2 8 88 84 53 49 114 92 93 41
11 3 8 89 6 21 85 93 65 41 56
11 4 8 40 106 4 79 76 44 121 120
11 5 8 125 42 61 16 70 49 30 66
11 6 8 105 83 19 72 40 32 50 109
11 7 8 49 97 43 117 124 90 103 50
11 8 8 121 84 49 117 120 55 63 2
11 9 8 110 27 9 88 93 54 52 37
11 10 8 101 73 61 44 65 100 37 125
11 11 8 91 61 46 26 49 71 19 126
11 12 8 100 99 15 80 3 12 30 107
11 13 8 6 115 28 80 70 95 15 49
11 14 8 20 48 56 73 49 101 118 80
11 15 8 78 85 113 60 62 111 22 76
11 16 8 8 124 108 15 67 36 88 28
11 17 8 72 91 19 15 52 69 84 113
11 18 8 19 105 40 32 13 72 50 83
11 19 8 49 43 97 124 90 122 27 103
11 20 8 117 55 27 84 49 73 121 66
11 21 8 27 9 110 93 61 16 54 125
11 22 8 105 65 72 125 44 37 61 51
11 23 8 91 24 61 49 34 46 1 71
11 24 8 99 15 108 80 3 30 72 82
11 25 8 6 80 15 28 115 70 86 22
11 26 8 20 56 48 49 17 45 101 11
11 27 8 78 85 113 42 101 92 122 62
11 28 8 124 108 8 67 59 88 126 38
11 29 8 72 19 91 113 71 15 53 69
11 30 8 105 19 40 83 32 69 72 80
11 31 8 49 97 43 117 90 112 124 85
11 32 8 117 121 84 55 49 63 43 66
11 33 8 110 27 9 125 54 93 61 30
11 34 8 73 65 61 105 56 44 100 19
11 35 8 26 24 61 49 23 46 91 126
11 36 8 99 15 107 3 80 121 9 82
11 37 8 6 15 28 79 80 70 115 21
11 38 8 20 48 25 112 86 52 10 111
11 39 8 85 101 113 53 22 61 57 76
11 40 8 108 124 8 67 36 59 15 126
11 41 8 53 91 72 19 69 71 113 42
11 42 8 46 39 34 126 24 59 7 31
11 43 8 40 77 8 9 88 49 117 51
11 44 8 21 53 0 33 37 18 45 47
11 45 8 94 84 100 56 112 46 7 66
11 46 8 123 47 82 124 84 105 38 39
11 47 8 109 90 73 52 126 95 27 32
892 0 8 13 120 2 80 21 14 103 34
892 1 8 83 58 6 3 95 42 26 53
892 2 8 100 122 116 88 84 92 114 66
892 3 8 64 89 2 39 85 93 46 56
892 4 8 79 10 76 40 114 100 127 4
892 5 8 47 107 82 125 111 58 16 23
892 6 8 19 123 83 42 43 66 52 111
892 7 8 60 50 117 43 95 124 97 103
892 8 8 109 84 43 36 117 123 55 64
892 9 8 117 45 43 112 9 54 88 38
892 10 8 73 101 44 110 23 113 100 65
892 11 8 79 26 91 9 127 46 126 67
892 12 8 53 60 124 58 9 71 3 15
892 13 8 79 98 6 21 64 115 95 66
892 14 8 79 80 48 118 56 52 90 101
892 15 8 60 113 85 90 78 22 76 35
892 16 8 124 60 55 15 67 7 36 91
892 17 8 72 15 91 69 52 53 46 45
892 18 8 19 40 13 72 9 32 123 42
892 19 8 97 60 50 124 34 95 117 111
892 20 8 117 55 36 39 64 43 109 49
892 21 8 27 45 112 117 88 43 54 9
892 22 8 73 101 65 113 100 40 14 110
892 23 8 79 127 91 26 126 46 89 61
892 24 8 60 53 104 30 9 52 74 80
892 25 8 6 79 21 98 115 64 70 16
892 26 8 79 80 118 56 52 112 90 7
892 27 8 113 60 90 78 53 22 42 4
892 28 8 60 67 124 55 36 59 126 15
892 29 8 91 46 53 15 113 52 69 71
892 30 8 19 40 72 69 32 80 14 105
892 31 8 97 117 111 60 103 124 95 50
892 32 8 117 109 49 39 64 55 36 43
892 33 8 45 27 88 101 54 61 30 112
892 34 8 100 73 101 65 113 40 104 39
892 35 8 67 79 26 122 86 126 127 8
892 36 8 53 121 30 99 12 9 52 74
892 37 8 79 6 98 115 21 16 70 95
892 38 8 79 80 25 52 111 112 21 7
892 39 8 90 60 113 53 57 76 22 78
892 40 8 55 60 67 15 36 7 45 59
892 41 8 46 15 52 91 69 113 71 85
892 42 8 37 46 125 59 73 31 7 34
892 43 8 8 12 49 19 40 77 117 56
892 44 8 99 21 88 45 73 33 18 84
892 45 8 58 17 112 46 84 100 56 119
892 46 8 29 81 84 30 105 39 47 7
892 47 8 52 111 108 35 95 79 6 126
374 0 8 16 104 111 107 53 0 11 1
374 1 8 107 86 3 34 23 42 95 69
374 2 8 87 14 100 116 92 10 114 66
374 3 8 76 64 46 87 39 114 29 94
374 4 8 118 23 79 0 10 40 100 121
374 5 8 47 107 82 80 58 27 85 81
374 6 8 19 42 111 32 72 66 52 30
374 7 8 60 87 117 97 50 95 43 124
374 8 8 64 36 117 49 43 55 99 50
374 9 8 45 94 117 101 27 43 30 88
374 10 8 73 44 14 101 100 23 65 113
374 11 8 79 26 91 67 8 126 127 46
374 12 8 60 53 9 80 11 74 121 26
374 13 8 79 98 75 21 44 107 7 95
374 14 8 80 79 118 125 56 73 10 52
374 15 8 60 113 4 61 76 78 90 22
374 16 8 40 60 7 67 15 36 59 124
374 17 8 53 91 15 72 52 97 45 117
374 18 8 19 40 72 9 55 13 14 32
374 19 8 97 87 60 111 95 90 124 117
374 20 8 117 64 49 39 55 120 36 99
374 21 8 27 45 94 88 93 101 54 117
374 22 8 14 73 101 44 40 65 100 113
374 23 8 79 91 127 86 46 126 8 47
374 24 8 60 53 52 9 74 104 121 69
374 25 8 79 44 21 75 70 98 107 7
374 26 8 80 79 118 56 25 125 101 21
374 27 8 4 42 105 113 60 53 22 57
374 28 8 40 7 67 60 36 126 4 59
374 29 8 91 53 97 52 15 71 113 45
374 30 8 72 19 40 69 14 13 32 47
374 31 8 111 97 87 117 60 124 107 90
374 32 8 117 49 64 70 39 81 55 63
374 33 8 27 94 101 45 30 105 88 54
374 34 8 100 14 2 44 65 101 104 73
374 35 8 67 86 79 91 46 10 126 8
374 36 8 121 53 60 30 82 9 52 104
374 37 8 44 75 107 70 79 98 21 7
374 38 8 79 25 80 118 21 10 112 56
374 39 8 113 53 60 57 105 115 22 4
374 40 8 40 7 67 36 60 59 20 15
374 41 8 91 53 52 15 113 71 97 28
374 42 8 46 37 125 59 55 73 34 101
374 43 8 8 40 4 117 9 67 51 81
374 44 8 21 37 33 80 54 18 36 45
374 45 8 100 56 20 66 112 84 94 121
374 46 8 47 82 67 124 45 44 84 105
374 47 8 90 34 27 32 117 126 19 95
279 0 8 106 57 127 103 0 101 71 110
279 1 8 48 86 9 3 42 69 116 95
279 2 8 87 90 122 14 100 66 92 7
279 3 8 76 26 64 39 94 112 29 87
279 4 8 118 63 0 79 10 40 44 23
279 5 8 47 51 105 80 82 102 27 107
279 6 8 19 123 111 42 80 30 120 32
279 7 8 60 117 95 50 97 103 85 90
279 8 8 64 36 39 49 15 117 43 55
279 9 8 45 94 101 117 32 27 88 14
279 10 8 101 100 14 73 44 23 2 83
279 11 8 79 67 109 8 91 26 127 126
279 12 8 60 9 53 80 68 11 74 3
279 13 8 66 98 79 44 113 21 75 55
279 14 8 105 118 16 56 10 125 101 52
279 15 8 4 23 113 90 115 37 61 60
279 16 8 119 40 12 60 36 67 51 4
279 17 8 2 91 53 35 126 45 72 90
279 18 8 19 40 9 72 123 32 14 13
279 19 8 97 111 95 124 107 90 27 60
279 20 8 117 49 55 39 64 81 120 28
279 21 8 27 45 88 101 93 48 32 94
279 22 8 14 100 44 101 73 40 2 123
279 23 8 79 47 109 91 10 86 46 67
279 24 8 60 68 121 52 53 120 12 69
279 25 8 66 44 107 113 79 55 7 70
279 26 8 105 56 118 16 25 21 45 101
279 27 8 105 42 4 113 115 90 53 57
279 28 8 12 119 67 4 40 51 36 92
279 29 8 91 35 2 53 126 31 115 45
279 30 8 72 40 69 19 13 47 14 50
279 31 8 111 97 107 90 124 117 95 85
279 32 8 49 117 81 70 55 52 28 63
279 33 8 27 30 101 32 61 93 105 88
279 34 8 100 2 44 14 73 65 93 104
279 35 8 109 91 10 34 90 46 67 19
279 36 8 121 60 82 32 36 52 120 30
279 37 8 66 113 107 70 44 7 55 79
279 38 8 105 16 118 25 56 21 10 45
279 39 8 105 115 113 4 42 53 57 34
279 40 8 12 119 67 4 59 36 51 92
279 41 8 91 35 2 90 66 71 28 126
279 42 8 46 27 102 34 29 38 55 93
279 43 8 29 40 65 54 105 67 117 51
279 44 8 21 36 68 48 18 14 55 123
279 45 8 100 66 56 20 58 111 14 84
279 46 8 47 101 8 114 44 31 77 13
279 47 8 36 120 126 22 47 59 123 66
9787 0 8 36 124 11 28 64 87 79 34
9787 1 8 48 90 59 71 16 68 101 11
9787 2 8 66 96 76 52 126 112 41 71
9787 3 8 43 76 93 0 21 70 24 44
9787 4 8 27 36 10 5 103 101 49 84
9787 5 8 71 14 48 24 30 122 58 87
9787 6 8 40 72 118 98 32 50 21 19
9787 7 8 111 55 97 124 122 90 103 117
9787 8 8 81 70 20 117 52 1 49 4
9787 9 8 40 27 32 88 41 51 86 30
9787 10 8 44 15 100 2 65 40 119 51
9787 11 8 91 19 79 46 42 78 114 97
9787 12 8 101 103 121 52 80 51 0 36
9787 13 8 57 70 89 41 115 109 12 7
9787 14 8 56 46 64 18 21 22 26 45
9787 15 8 51 54 20 113 105 37 42 53
9787 16 8 27 44 13 108 77 28 29 110
9787 17 8 54 91 0 64 63 36 32 23
9787 18 8 40 14 72 5 19 50 60 103
9787 19 8 55 97 111 90 43 122 124 107
9787 20 8 117 81 1 49 55 70 4 7
9787 21 8 27 121 93 61 30 105 40 86
9787 22 8 15 44 100 127 2 65 40 106
9787 23 8 91 34 73 19 35 46 119 94
9787 24 8 121 55 103 94 10 82 52 0
9787 25 8 22 89 62 7 127 57 70 63
9787 26 8 22 56 64 45 46 26 106 25
9787 27 8 51 42 126 46 105 43 113 65
9787 28 8 13 44 108 67 61 38 92 120
9787 29 8 54 91 36 92 31 61 0 122
9787 30 8 72 40 5 69 50 47 118 19
9787 31 8 55 97 111 90 43 107 2 124
9787 32 8 81 49 1 70 117 119 63 55
9787 33 8 27 30 61 32 40 93 121 34
9787 34 8 44 100 15 2 127 65 82 124
9787 35 8 91 73 42 35 46 34 1 119
9787 36 8 121 55 103 94 52 0 82 29
9787 37 8 62 63 70 127 57 22 41 7
9787 38 8 22 46 56 25 18 64 60 71
9787 39 8 105 51 113 126 42 107 46 53
9787 40 8 67 44 59 13 108 77 6 110
9787 41 8 54 91 0 65 63 122 71 36
9787 42 8 8 46 126 90 49 86 34 29
9787 43 8 67 40 47 9 125 105 80 122
9787 44 8 21 23 110 11 36 18 123 33
9787 45 8 76 56 66 100 14 83 108 121
9787 46 8 47 23 51 1 71 86 45 10
9787 47 8 121 126 127 31 14 21 11 15
594 0 8 17 76 120 101 111 38 16 18
594 1 8 34 103 66 2 57 62 105 59
594 2 8 77 90 100 115 66 51 41 114
594 3 8 73 13 76 43 0 93 123 44
594 4 8 63 23 38 114 113 36 40 101
594 5 8 105 107 71 27 75 122 7 85
594 6 8 19 40 72 127 14 80 86 32
594 7 8 2 97 117 103 90 111 50 124
594 8 8 64 49 61 15 63 117 70 55
594 9 8 27 30 101 32 28 66 38 111
594 10 8 2 44 100 13 85 103 101 104
594 11 8 109 86 79 122 91 126 8 111
594 12 8 125 121 7 52 32 51 60 26
594 13 8 66 113 70 2 107 7 95 12
594 14 8 105 56 101 118 22 111 64 35
594 15 8 90 113 87 37 51 115 60 126
594 16 8 11 119 40 67 60 49 51 36
594 17 8 91 2 35 20 10 11 101 72
594 18 8 14 19 72 40 13 1 60 9
594 19 8 2 111 97 90 50 107 85 124
594 20 8 81 117 49 64 55 63 70 61
594 21 8 27 30 61 101 106 54 105 93
594 22 8 44 100 40 65 2 104 15 103
594 23 8 109 91 119 79 30 19 94 50
594 24 8 125 121 7 82 52 60 51 123
594 25 8 113 22 2 66 70 7 64 105
594 26 8 56 105 25 118 45 101 43 64
594 27 8 105 42 113 115 4 97 51 53
594 28 8 11 119 67 120 38 59 61 126
594 29 8 91 2 35 31 10 101 29 67
594 30 8 72 69 40 50 19 47 14 21
594 31 8 2 97 90 111 124 117 23 57
594 32 8 49 81 63 1 70 64 93 55
594 33 8 27 30 61 93 101 78 54 29
594 34 8 44 100 65 93 2 103 104 85
594 35 8 91 109 119 46 10 126 30 50
594 36 8 125 82 121 60 26 32 7 52
594 37 8 113 2 66 70 107 22 7 5
594 38 8 56 105 25 118 43 21 127 112
594 39 8 105 42 115 113 4 47 53 57
594 40 8 119 67 11 59 51 126 12 92
594 41 8 91 35 2 71 23 110 31 90
594 42 8 27 46 102 98 34 29 103 55
594 43 8 91 40 105 51 54 29 67 9
594 44 8 36 21 123 48 55 18 106 68
594 45 8 100 66 56 14 105 11 20 108
594 46 8 47 86 44 40 77 101 13 88
594 47 8 36 126 120 59 26 22 94 14
3681 0 8 77 34 17 7 67 62 36 21
3681 1 8 77 16 59 75 71 103 53 99
3681 2 8 90 66 65 8 121 69 70 68
3681 3 8 93 13 43 77 76 21 44 10
3681 4 8 87 10 103 36 1 102 86 40
3681 5 8 122 71 14 105 27 97 30 21
3681 6 8 40 19 72 32 50 21 69 92
3681 7 8 111 97 90 124 122 117 55 103
3681 8 8 4 81 70 1 27 120 63 49
3681 9 8 27 101 79 54 106 105 30 75
3681 10 8 44 2 15 100 85 65 40 101
3681 11 8 86 91 119 50 79 46 93 19
3681 12 8 125 121 101 59 123 32 55 80
3681 13 8 70 102 89 107 74 113 7 123
3681 14 8 64 56 101 46 21 45 7 43
3681 15 8 105 54 113 19 72 42 87 65
3681 16 8 13 51 61 58 11 40 92 120
3681 17 8 91 61 11 29 10 126 36 0
3681 18 8 40 72 14 19 60 55 108 5
3681 19 8 111 55 97 90 85 107 2 124
3681 20 8 81 4 1 27 49 70 55 41
3681 21 8 27 31 30 61 121 105 93 28
3681 22 8 15 44 100 127 106 40 110 65
3681 23 8 119 91 35 34 68 93 55 73
3681 24 8 121 94 55 125 82 10 88 123
3681 25 8 22 7 89 46 102 70 105 14
3681 26 8 64 45 56 46 106 43 101 25
3681 27 8 105 42 65 46 87 37 113 118
3681 28 8 13 44 51 61 23 109 38 56
3681 29 8 61 91 0 11 126 92 10 24
3681 30 8 72 40 69 14 5 55 50 108
3681 31 8 55 97 111 2 90 85 43 124
3681 32 8 81 4 49 70 1 41 63 117
3681 33 8 27 30 31 61 106 28 54 78
3681 34 8 100 44 15 2 33 65 127 93
3681 35 8 91 46 73 50 35 55 97 42
3681 36 8 125 94 103 52 55 82 38 3
3681 37 8 102 70 127 123 62 109 63 57
3681 38 8 64 18 46 25 112 71 87 60
3681 39 8 113 37 107 46 53 126 20 22
3681 40 8 13 67 59 44 77 51 29 126
3681 41 8 0 91 61 65 63 71 92 113
3681 42 8 126 46 34 86 38 98 103 124
3681 43 8 40 16 47 9 117 67 105 125
3681 44 8 21 110 36 18 14 23 11 68
3681 45 8 56 100 66 87 84 20 45 125
3681 46 8 47 1 51 71 19 10 119 52
3681 47 8 26 127 126 21 31 15 11 120
2436 0 8 112 36 125 95 30 23 87 54
2436 1 8 16 59 113 77 29 85 103 68
2436 2 8 76 96 66 44 36 41 49 114
2436 3 8 93 70 43 92 50 44 76 21
2436 4 8 38 27 10 36 1 21 121 102
2436 5 8 71 122 14 48 10 87 4 58
2436 6 8 40 72 19 118 32 111 50 109
2436 7 8 111 97 55 2 90 103 122 124
2436 8 8 81 20 18 49 47 70 1 15
2436 9 8 27 30 106 41 75 99 4 88
2436 10 8 2 44 85 100 109 89 13 42
2436 11 8 91 42 46 119 117 79 104 55
2436 12 8 101 121 59 38 0 109 52 108
2436 13 8 74 70 57 41 110 123 107 46
2436 14 8 56 18 46 45 43 25 81 97
2436 15 8 20 19 105 37 113 122 107 51
2436 16 8 44 108 58 110 61 77 56 11
2436 17 8 91 0 11 65 63 61 64 10
2436 18 8 40 19 14 72 60 50 69 32
2436 19 8 97 111 90 124 55 107 23 43
2436 20 8 81 49 117 120 27 55 73 93
2436 21 8 27 93 30 78 61 72 37 101
2436 22 8 44 100 15 40 65 2 125 79
2436 23 8 91 34 55 119 35 46 80 112
2436 24 8 94 121 82 3 55 88 108 0
2436 25 8 22 7 41 70 57 123 74 105
2436 26 8 18 56 46 45 106 25 80 35
2436 27 8 20 118 78 107 113 51 42 122
2436 28 8 108 44 77 110 38 67 11 56
2436 29 8 91 0 63 65 11 64 29 118
2436 30 8 72 118 40 19 108 69 50 5
2436 31 8 55 90 97 2 124 117 43 114
2436 32 8 27 49 55 20 18 70 117 63
2436 33 8 27 106 30 41 93 54 16 11
2436 34 8 44 2 100 65 109 72 127 89
2436 35 8 42 91 55 46 97 126 38 19
2436 36 8 3 38 0 52 94 121 82 80
2436 37 8 109 57 41 123 95 70 12 115
2436 38 8 18 46 60 111 25 52 112 7
2436 39 8 107 20 78 22 113 53 69 122
2436 40 8 77 108 29 44 110 67 59 93
2436 41 8 65 63 0 122 11 64 91 115
2436 42 8 46 49 126 20 90 69 59 34
2436 43 8 47 8 40 80 75 121 125 100
2436 44 8 110 21 11 84 80 33 23 49
2436 45 8 76 83 47 7 87 77 100 5
2436 46 8 1 123 37 10 47 45 71 84
2436 47 8 11 31 127 14 82 121 15 44
382 0 8 65 53 1 73 100 98 69 31
382 1 8 18 94 119 127 5 15 10 82
382 2 8 80 84 38 88 57 93 39 40
382 3 8 6 41 31 89 124 75 117 2
382 4 8 124 106 115 76 111 48 85 44
382 5 8 61 66 8 125 37 22 9 64
382 6 8 83 105 8 78 80 56 52 12
382 7 8 49 112 101 75 117 97 9 16
382 8 8 84 121 65 49 116 9 63 43
382 9 8 110 9 117 112 54 125 27 88
382 10 8 56 61 105 65 53 37 98 54
382 11 8 61 49 125 24 127 91 23 36
382 12 8 15 99 96 119 97 115 79 56
382 13 8 6 28 15 19 23 115 58 77
382 14 8 48 20 17 90 73 86 100 88
382 15 8 85 101 123 10 76 70 113 22
382 16 8 124 8 39 73 67 17 65 21
382 17 8 19 42 21 69 91 71 99 1
382 18 8 83 105 80 78 8 40 30 88
382 19 8 49 112 34 97 117 101 71 85
382 20 8 84 121 43 65 63 117 116 46
382 21 8 125 110 9 117 54 27 112 61
382 22 8 105 61 56 65 104 53 13 78
382 23 8 61 24 23 49 125 127 92 37
382 24 8 99 96 15 119 79 56 3 97
382 25 8 58 15 19 6 28 23 118 115
382 26 8 17 20 48 90 100 86 117 88
382 27 8 85 101 76 70 10 123 103 113
382 28 8 124 81 8 39 73 67 17 21
382 29 8 21 19 42 91 48 69 1 71
382 30 8 105 83 78 80 32 30 40 8
382 31 8 112 49 101 34 117 97 75 71
382 32 8 65 121 43 84 63 116 46 117
382 33 8 125 9 110 117 112 27 118 54
382 34 8 78 56 105 61 53 112 39 65
382 35 8 125 23 24 61 49 37 127 39
382 36 8 99 96 15 79 97 56 116 3
382 37 8 58 15 23 28 19 118 6 25
382 38 8 17 100 90 48 20 86 107 112
382 39 8 10 101 85 76 103 70 123 23
382 40 8 81 124 73 8 17 67 45 65
382 41 8 42 69 21 48 19 71 91 18
382 42 8 6 31 64 32 114 54 56 7
382 43 8 77 71 40 88 31 43 9 78
382 44 8 53 0 90 73 18 31 121 21
382 45 8 84 101 94 100 1 27 2 35
382 46 8 38 34 11 84 75 97 47 91
382 47 8 73 105 125 20 2 101 126 9
3983 0 8 2 50 63 21 103 75 60 34
3983 1 8 23 6 58 125 3 95 41 26
3983 2 8 84 8 88 93 54 47 32 53
3983 3 8 4 64 107 16 38 124 39 2
3983 4 8 124 56 25 48 58 76 67 23
3983 5 8 82 68 47 61 22 13 8 125
3983 6 8 83 30 42 52 8 80 105 12
3983 7 8 95 34 51 49 98 60 75 117
3983 8 8 36 84 109 116 46 103 43 121
3983 9 8 9 65 127 110 117 1 112 118
3983 10 8 113 39 112 61 53 105 21 56
3983 11 8 61 125 127 49 69 9 98 26
3983 12 8 15 97 63 116 104 107 79 75
3983 13 8 76 98 23 21 6 28 73 77
3983 14 8 79 48 88 8 90 52 17 10
3983 15 8 76 85 95 103 51 18 56 10
3983 16 8 45 124 73 65 7 8 67 55
3983 17 8 69 48 19 71 91 17 97 85
3983 18 8 83 30 80 8 105 42 52 56
3983 19 8 34 95 49 117 60 51 97 71
3983 20 8 43 36 84 116 121 46 109 63
3983 21 8 117 9 110 65 112 118 125 54
3983 22 8 113 61 105 53 112 39 13 104
3983 23 8 26 61 49 24 37 89 122 125
3983 24 8 116 97 99 104 15 107 63 79
3983 25 8 98 76 6 21 23 28 118 77
3983 26 8 79 90 88 48 10 8 11 112
3983 27 8 76 85 10 103 56 35 95 23
3983 28 8 124 45 8 67 73 55 84 59
3983 29 8 19 69 97 71 91 117 48 17
3983 30 8 80 30 105 42 32 40 110 83
3983 31 8 117 34 95 0 49 97 103 98
3983 32 8 43 36 63 109 121 84 39 46
3983 33 8 112 65 45 9 117 110 127 59
3983 34 8 113 61 39 105 53 112 123 104
3983 35 8 67 61 49 24 37 98 122 89
3983 36 8 99 97 15 63 74 116 104 30
3983 37 8 98 76 23 6 28 21 77 115
3983 38 8 48 79 90 112 88 107 34 8
3983 39 8 23 76 103 85 95 123 10 56
3983 40 8 124 73 8 45 67 17 55 65
3983 41 8 19 69 71 48 113 17 91 18
3983 42 8 32 64 31 54 37 7 34 74
3983 43 8 40 77 43 88 9 78 89 20
3983 44 8 18 53 0 73 121 21 45 97
3983 45 8 84 94 1 27 111 100 103 35
3983 46 8 38 84 75 82 114 91 31 47
3983 47 8 73 117 32 126 95 111 35 34
1246 0 8 2 13 80 21 50 18 63 103
1246 1 8 23 58 95 72 3 8 116 83
1246 2 8 122 47 9 15 72 93 100 117
1246 3 8 112 38 2 64 29 39 59 12
1246 4 8 56 48 124 25 22 58 86 47
1246 5 8 13 82 34 47 22 68 126 102
1246 6 8 30 42 80 52 110 79 8 112
1246 7 8 51 34 98 60 110 95 31 9
1246 8 8 109 36 116 46 43 103 57 3
1246 9 8 10 65 1 38 127 52 117 45
1246 10 8 74 113 112 107 39 121 21 23
1246 11 8 9 67 82 98 107 127 69 37
1246 12 8 116 104 97 63 71 79 37 75
1246 13 8 98 77 76 42 21 73 75 64
1246 14 8 79 8 88 34 80 10 75 11
1246 15 8 90 76 95 18 56 23 60 103
1246 16 8 45 55 15 65 73 76 7 84
1246 17 8 69 15 85 48 71 52 97 17
1246 18 8 30 80 42 52 79 110 8 12
1246 19 8 34 9 51 60 31 117 98 75
1246 20 8 36 43 46 109 116 39 63 3
1246 21 8 117 45 65 10 118 112 59 127
1246 22 8 113 74 112 39 53 62 122 101
1246 23 8 8 89 69 37 0 82 98 67
1246 24 8 116 104 97 63 43 100 79 123
1246 25 8 21 42 98 77 75 76 73 64
1246 26 8 79 8 88 28 10 11 58 90
1246 27 8 90 76 35 4 56 23 95 123
1246 28 8 15 45 55 67 84 59 73 20
1246 29 8 85 69 71 97 91 15 17 83
1246 30 8 30 80 42 32 21 40 110 52
1246 31 8 34 117 98 0 103 97 60 9
1246 32 8 43 36 63 109 39 116 46 103
1246 33 8 10 112 117 118 59 45 65 54
1246 34 8 74 113 53 112 104 62 101 108
1246 35 8 69 67 98 89 37 8 82 0
1246 36 8 97 116 43 104 30 118 100 9
1246 37 8 77 98 42 21 115 75 82 23
1246 38 8 79 8 112 88 34 75 0 107
1246 39 8 76 90 35 95 103 23 123 56
1246 40 8 55 45 67 7 84 59 36 73
1246 41 8 85 69 48 46 117 71 113 18
1246 42 8 32 37 73 31 125 7 54 101
1246 43 8 81 27 12 40 77 43 19 127
1246 44 8 99 88 73 30 113 45 37 18
1246 45 8 84 127 17 94 112 100 46 1
1246 46 8 84 29 30 44 81 105 39 75
1246 47 8 111 95 35 52 32 79 108 90
311 0 8 11 93 84 111 81 118 69 103
311 1 8 123 83 19 23 88 116 76 45
311 2 8 47 117 9 15 10 14 72 51
311 3 8 112 91 38 10 39 120 85 105
311 4 8 56 23 124 22 48 105 86 20
311 5 8 34 13 126 117 107 22 111 70
311 6 8 79 80 30 42 110 52 9 12
311 7 8 34 117 98 87 72 51 9 110
311 8 8 43 109 36 39 28 46 51 116
311 9 8 10 112 52 47 54 65 118 117
311 10 8 74 113 23 107 112 39 101 35
311 11 8 9 58 47 69 67 127 98 13
311 12 8 68 120 43 116 104 100 124 114
311 13 8 77 121 75 42 98 65 99 21
311 14 8 80 28 88 79 8 112 118 120
311 15 8 76 4 90 35 113 60 23 62
311 16 8 15 67 45 21 121 20 7 59
311 17 8 15 91 71 97 45 52 85 17
311 18 8 40 80 79 30 72 19 45 21
311 19 8 90 97 117 34 0 23 87 105
311 20 8 117 63 43 36 49 109 39 120
311 21 8 27 45 61 112 117 54 93 72
311 22 8 113 104 74 101 65 44 125 107
311 23 8 67 126 47 89 69 127 58 91
311 24 8 104 68 119 100 5 114 43 95
311 25 8 98 21 75 77 42 121 82 64
311 26 8 80 28 10 120 56 118 112 88
311 27 8 76 4 113 62 78 42 123 90
311 28 8 21 15 67 59 121 47 31 126
311 29 8 91 97 15 71 52 113 90 23
311 30 8 40 32 21 80 69 72 19 102
311 31 8 90 117 97 0 103 23 34 69
311 32 8 63 43 109 49 36 117 7 39
311 33 8 112 61 27 54 10 45 72 93
311 34 8 74 104 113 65 101 35 88 45
311 35 8 67 69 126 58 71 47 89 82
311 36 8 124 104 119 100 118 43 114 116
311 37 8 75 77 98 42 115 21 2 44
311 38 8 80 112 79 58 88 10 120 28
311 39 8 76 35 60 113 78 123 90 23
311 40 8 67 15 7 59 11 36 121 84
311 41 8 52 15 71 91 113 17 45 85
311 42 8 37 7 54 65 74 21 34 32
311 43 8 40 9 19 43 12 51 89 20
311 44 8 45 0 113 18 21 88 37 30
311 45 8 84 112 46 17 100 63 35 56
311 46 8 29 105 39 84 30 47 75 38
311 47 8 52 35 95 108 111 126 59 6
10091 0 8 62 126 29 3 86 67 12 36
10091 1 8 123 78 76 88 91 114 71 23
10091 2 8 15 119 9 66 73 47 10 23
10091 3 8 7 32 120 112 105 26 11 43
10091 4 8 91 105 39 22 86 48 124 21
10091 5 8 117 78 70 80 13 126 56 85
10091 6 8 80 79 40 30 32 110 42 19
10091 7 8 117 34 87 90 97 98 103 0
10091 8 8 43 51 24 39 63 49 106 6
10091 9 8 112 10 52 27 117 54 61 118
10091 10 8 101 113 120 62 107 74 23 39
10091 11 8 87 71 82 47 127 69 98 9
10091 12 8 68 100 120 104 124 43 63 5
10091 13 8 24 77 121 75 42 65 64 115
10091 14 8 62 28 58 8 112 88 118 39
10091 15 8 76 115 35 4 98 113 90 56
10091 16 8 20 123 67 43 121 45 21 59
10091 17 8 97 14 84 91 20 71 85 32
10091 18 8 40 30 19 79 21 9 80 32
10091 19 8 90 117 97 34 87 124 103 23
10091 20 8 24 43 51 117 39 63 49 36
10091 21 8 27 61 45 112 54 117 72 118
10091 22 8 113 104 101 65 74 120 53 107
10091 23 8 87 71 69 47 89 126 82 8
10091 24 8 104 68 100 120 116 43 114 124
10091 25 8 24 77 98 121 42 64 75 65
10091 26 8 28 62 112 118 58 56 88 120
10091 27 8 4 76 113 115 56 62 35 123
10091 28 8 20 67 123 43 21 59 121 126
10091 29 8 97 91 20 113 71 84 14 85
10091 30 8 40 32 21 80 19 102 69 72
10091 31 8 90 117 97 103 0 34 104 67
10091 32 8 24 43 63 51 39 49 14 36
10091 33 8 112 48 54 61 10 27 45 72
10091 34 8 120 113 104 101 45 65 74 83
10091 35 8 71 87 47 69 126 82 37 89
10091 36 8 124 120 68 104 100 43 119 58
10091 37 8 24 121 55 77 49 115 99 42
10091 38 8 62 28 112 118 96 58 25 88
10091 39 8 113 4 98 76 115 23 78 123
10091 40 8 123 67 20 121 59 36 43 84
10091 41 8 84 91 14 97 20 71 113 117
10091 42 8 101 65 28 34 54 46 32 103
10091 43 8 40 9 4 51 20 117 81 105
10091 44 8 18 71 13 21 36 68 54 91
10091 45 8 100 84 56 103 111 1 14 35
10091 46 8 47 67 114 8 31 75 91 82
10091 47 8 117 34 32 126 114 47 124 27
279 0 8 106 61 57 127 110 103 71 24
279 1 8 48 91 9 25 115 62 14 39
279 2 8 90 122 15 7 66 92 10 120
279 3 8 32 120 7 39 11 59 26 43
279 4 8 63 105 39 4 111 40 48 20
279 5 8 51 105 117 70 85 102 30 27
279 6 8 80 40 72 30 19 32 110 123
279 7 8 117 97 90 103 34 72 124 105
279 8 8 28 117 43 49 24 51 39 63
279 9 8 27 48 32 112 61 88 54 10
279 10 8 23 101 65 122 104 110 17 67
279 11 8 109 47 87 126 91 13 9 106
279 12 8 68 120 5 95 124 29 100 43
279 13 8 66 99 55 115 113 65 42 49
279 14 8 16 105 56 118 120 112 52 88
279 15 8 4 113 76 115 78 42 62 116
279 16 8 119 43 67 12 21 36 33 59
279 17 8 91 2 35 20 66 23 71 113
279 18 8 40 19 72 32 50 47 9 21
279 19 8 97 90 117 103 111 122 107 43
279 20 8 117 49 55 1 28 43 24 120
279 21 8 27 61 93 112 54 72 88 78
279 22 8 65 104 44 101 125 37 113 83
279 23 8 109 91 67 87 47 126 34 69
279 24 8 68 120 114 124 95 5 121 43
279 25 8 66 49 115 113 7 82 98 55
279 26 8 56 105 16 120 118 112 10 25
279 27 8 113 78 42 62 4 115 76 123
279 28 8 119 67 21 12 59 126 47 31
279 29 8 91 35 2 113 71 90 20 32
279 30 8 40 32 19 72 21 69 45 102
279 31 8 90 97 117 23 103 111 0 27
279 32 8 49 117 28 63 43 55 7 120
279 33 8 32 27 72 61 54 93 112 30
279 34 8 104 65 110 123 101 86 103 14
279 35 8 109 47 126 116 69 87 13 71
279 36 8 68 120 104 124 119 121 82 95
279 37 8 66 113 99 55 70 49 115 42
279 38 8 105 16 112 120 118 96 58 25
279 39 8 113 4 115 98 76 62 123 104
279 40 8 119 67 12 59 43 21 36 47
279 41 8 91 2 35 20 71 66 113 23
279 42 8 27 93 102 34 54 18 103 46
279 43 8 40 29 9 51 105 54 20 89
279 44 8 18 21 48 36 68 106 20 91
279 45 8 100 56 84 111 14 125 103 70
279 46 8 47 8 114 115 91 31 6 44
279 47 8 36 126 120 47 123 88 66 124
10592 0 8 36 12 29 126 67 77 3 124
10592 1 8 48 11 71 90 59 16 68 75
10592 2 8 66 121 69 90 119 70 44 26
10592 3 8 43 77 122 24 11 44 95 112
10592 4 8 36 5 87 10 84 21 4 101
10592 5 8 115 14 85 122 87 92 27 50
10592 6 8 40 55 72 103 118 21 5 32
10592 7 8 55 90 117 0 97 122 111 103
10592 8 8 4 7 63 94 49 1 96 43
10592 9 8 27 40 61 75 25 54 32 93
10592 10 8 65 104 124 41 95 33 13 110
10592 11 8 51 116 22 97 91 42 68 126
10592 12 8 103 95 121 29 74 26 0 119
10592 13 8 127 89 70 57 109 102 50 115
10592 14 8 60 120 31 45 16 25 56 46
10592 15 8 46 113 76 126 27 97 57 42
10592 16 8 111 21 13 67 64 100 120 59
10592 17 8 23 91 92 25 71 35 32 36
10592 18 8 103 40 72 55 5 118 45 50
10592 19 8 90 97 55 122 19 23 0 67
10592 20 8 1 94 117 49 7 43 63 4
10592 21 8 40 27 61 54 75 121 112 93
10592 22 8 65 104 124 110 41 23 82 125
10592 23 8 51 42 22 18 34 116 97 68
10592 24 8 103 25 0 121 29 26 95 17
10592 25 8 127 18 57 70 120 89 7 82
10592 26 8 71 120 16 60 112 107 31 25
10592 27 8 46 126 113 76 66 123 57 42
10592 28 8 21 111 67 13 100 93 59 94
10592 29 8 92 91 71 36 23 32 66 29
10592 30 8 40 72 55 118 5 32 45 80
10592 31 8 90 55 97 117 0 23 103 71
10592 32 8 63 94 49 4 15 97 7 43
10592 33 8 40 32 27 61 54 106 47 75
10592 34 8 23 65 110 41 124 9 104 37
10592 35 8 116 51 18 9 22 68 25 126
10592 36 8 29 25 103 121 17 26 119 95
10592 37 8 127 120 18 70 45 49 102 91
10592 38 8 87 73 64 16 22 120 112 24
10592 39 8 46 113 27 54 126 76 25 100
10592 40 8 111 100 13 67 59 21 93 23
10592 41 8 92 91 71 58 113 84 61 23
10592 42 8 8 86 34 28 54 98 124 27
10592 43 8 51 40 16 54 80 105 9 86
10592 44 8 21 91 18 123 36 117 11 49
10592 45 8 100 56 108 48 14 76 1 84
10592 46 8 47 51 23 13 33 14 120 26
10592 47 8 26 114 21 121 24 126 30 22
1140 0 8 112 36 27 30 125 23 122 70
1140 1 8 38 20 104 36 59 57 66 105
1140 2 8 86 76 49 66 5 126 26 23
1140 3 8 70 43 92 122 24 44 73 41
1140 4 8 5 27 36 4 21 84 71 101
1140 5 8 87 115 10 14 48 85 26 92
1140 6 8 40 118 103 72 21 111 5 32
1140 7 8 55 90 97 117 122 0 103 105
1140 8 8 20 49 94 1 7 63 117 15
1140 9 8 27 40 32 75 54 61 25 41
1140 10 8 65 110 104 95 109 103 10 124
1140 11 8 116 42 51 91 22 126 55 34
1140 12 8 103 38 0 26 109 43 58 5
1140 13 8 57 123 41 109 115 99 70 50
1140 14 8 60 120 56 18 16 112 45 31
1140 15 8 113 76 20 126 107 78 57 42
1140 16 8 77 21 110 67 108 59 44 31
1140 17 8 64 91 0 26 65 63 71 23
1140 18 8 40 72 19 103 80 45 118 69
1140 19 8 90 97 23 117 55 67 0 122
1140 20 8 117 20 49 63 43 1 15 120
1140 21 8 27 40 61 112 93 54 32 29
1140 22 8 65 104 41 110 109 125 103 124
1140 23 8 42 116 51 22 126 55 91 41
1140 24 8 0 103 26 25 43 38 121 109
1140 25 8 57 18 109 123 41 77 115 42
1140 26 8 60 71 112 120 16 56 18 88
1140 27 8 20 76 126 113 123 78 46 35
1140 28 8 44 67 77 108 21 110 59 94
1140 29 8 91 0 71 65 36 64 113 63
1140 30 8 80 118 40 72 32 19 21 69
1140 31 8 90 117 97 34 103 0 111 71
1140 32 8 20 43 63 49 39 117 15 27
1140 33 8 40 54 35 112 10 106 27 61
1140 34 8 95 124 110 104 113 65 53 23
1140 35 8 116 42 97 18 126 37 55 71
1140 36 8 0 103 25 38 26 43 58 119
1140 37 8 57 41 18 123 77 109 115 127
1140 38 8 60 18 71 112 88 102 111 120
1140 39 8 20 126 76 107 113 35 90 78
1140 40 8 77 29 67 44 110 59 108 13
1140 41 8 65 91 0 63 71 84 64 54
1140 42 8 90 126 49 75 34 54 18 103
1140 43 8 40 9 47 121 125 51 49 105
1140 44 8 110 21 18 80 11 30 13 23
1140 45 8 47 84 100 103 83 76 87 56
1140 46 8 47 10 75 8 45 114 51 31
1140 47 8 127 21 15 121 31 126 26 11
7525 0 8 112 36 105 23 83 41 86 116
7525 1 8 29 104 85 105 57 71 20 59
7525 2 8 115 67 76 23 66 69 44 36
7525 3 8 43 13 92 40 44 65 12 122
7525 4 8 1 27 36 21 4 10 71 93
7525 5 8 117 48 87 10 70 85 54 30
7525 6 8 40 72 118 19 21 80 32 102
7525 7 8 117 97 90 103 122 0 64 71
7525 8 8 14 63 43 6 20 120 49 15
7525 9 8 27 106 54 32 61 112 93 117
7525 10 8 95 70 110 104 109 41 13 45
7525 11 8 116 16 55 126 82 117 127 71
7525 12 8 38 74 76 103 100 124 58 43
7525 13 8 123 109 41 36 57 115 42 77
7525 14 8 47 18 112 120 16 88 58 60
7525 15 8 76 20 113 35 78 62 87 123
7525 16 8 77 67 21 29 110 59 94 64
7525 17 8 91 0 64 65 71 84 23 63
7525 18 8 40 72 80 19 45 30 21 69
7525 19 8 97 90 117 122 34 0 124 64
7525 20 8 63 43 6 117 120 24 1 49
7525 21 8 27 54 112 61 40 93 117 106
7525 22 8 104 65 125 95 110 70 109 41
7525 23 8 55 116 42 97 126 16 127 8
7525 24 8 0 103 38 26 25 114 43 74
7525 25 8 123 57 109 41 36 42 77 115
7525 26 8 47 60 18 71 88 112 120 56
7525 27 8 20 76 113 35 123 46 78 62
7525 28 8 44 77 67 23 59 29 110 21
7525 29 8 91 0 71 65 64 84 113 63
7525 30 8 80 118 40 72 32 21 30 109
7525 31 8 117 34 97 90 0 103 111 71
7525 32 8 63 43 20 6 14 39 49 27
7525 33 8 106 112 114 117 10 35 54 118
7525 34 8 95 110 70 113 104 124 109 45
7525 35 8 42 55 97 116 37 16 126 98
7525 36 8 0 38 58 103 43 25 74 12
7525 37 8 77 57 36 41 123 109 115 95
7525 38 8 60 47 18 71 112 111 88 52
7525 39 8 20 76 107 35 90 113 78 123
7525 40 8 77 29 67 44 110 23 108 59
7525 41 8 65 0 63 64 71 91 84 85
7525 42 8 49 75 126 25 90 34 55 32
7525 43 8 121 40 47 74 125 9 8 49
7525 44 8 13 110 80 30 21 18 11 94
7525 45 8 47 83 84 87 100 5 26 7
7525 46 8 10 45 44 96 1 84 75 82
7525 47 8 127 11 31 90 15 27 121 21
30 0 8 65 98 99 72 73 40 96 100
30 1 8 18 70 94 127 26 10 119 24
30 2 8 84 88 93 47 38 57 99 82
30 3 8 89 6 31 2 124 41 16 38
30 4 8 124 76 106 115 48 58 44 85
30 5 8 125 13 66 61 126 22 8 58
30 6 8 30 105 83 80 42 110 8 52
30 7 8 34 49 112 117 103 98 43 3
30 8 8 43 84 121 46 14 116 106 63
30 9 8 110 9 10 112 117 118 52 54
30 10 8 61 113 105 39 62 112 122 70
30 11 8 61 49 69 98 127 24 71 125
30 12 8 99 15 63 97 104 116 43 96
30 13 8 6 77 28 15 42 76 115 64
30 14 8 20 48 88 8 112 17 104 90
30 15 8 76 85 101 35 123 95 10 90
30 16 8 124 45 8 73 67 59 65 21
30 17 8 69 71 17 42 48 19 85 91
30 18 8 80 30 105 8 79 42 110 56
30 19 8 34 49 117 0 71 9 97 90
30 20 8 43 84 121 63 46 116 14 36
30 21 8 110 117 9 118 112 59 45 54
30 22 8 113 105 61 62 53 104 112 39
30 23 8 61 49 24 89 37 69 0 125
30 24 8 99 15 116 97 104 96 63 56
30 25 8 15 6 28 58 16 21 64 77
30 26 8 20 48 17 90 88 112 11 79
30 27 8 85 101 76 10 123 103 70 23
30 28 8 124 8 45 73 67 59 81 65
30 29 8 19 69 42 48 71 91 21 1
30 30 8 105 80 30 40 83 8 32 56
30 31 8 49 34 117 112 0 97 90 71
30 32 8 43 63 121 65 84 116 46 109
30 33 8 9 125 110 117 45 118 59 114
30 34 8 105 53 61 56 78 112 104 113
30 35 8 61 24 49 125 37 23 67 89
30 36 8 99 15 97 96 116 63 107 9
30 37 8 15 58 6 25 23 28 115 77
30 38 8 20 17 48 90 86 112 107 8
30 39 8 101 85 103 23 76 10 70 123
30 40 8 8 124 73 67 45 17 65 81
30 41 8 42 69 19 48 71 21 91 113
30 42 8 64 31 54 32 7 74 34 36
30 43 8 77 40 88 9 43 31 117 51
30 44 8 53 18 0 73 90 21 121 14
30 45 8 84 101 94 100 27 1 35 103
30 46 8 38 11 84 34 75 47 31 91
30 47 8 105 73 57 20 126 109 86 9
6771 0 8 50 2 21 75 97 126 104 103
6771 1 8 58 6 23 95 119 123 24 3
6771 2 8 7 47 93 10 9 14 127 122
6771 3 8 2 39 38 4 16 124 64 41
6771 4 8 48 56 23 4 104 25 124 44
6771 5 8 13 82 107 70 22 68 34 47
6771 6 8 80 40 30 42 8 52 111 79
6771 7 8 117 34 97 90 71 0 103 16
6771 8 8 109 63 43 49 36 7 46 116
6771 9 8 45 114 65 54 27 112 117 52
6771 10 8 65 113 104 39 123 53 112 37
6771 11 8 67 127 89 51 91 126 8 82
6771 12 8 95 74 29 104 5 100 114 116
6771 13 8 25 21 115 98 42 65 16 107
6771 14 8 88 56 118 120 112 79 58 71
6771 15 8 76 4 113 103 123 35 62 42
6771 16 8 21 67 55 59 124 15 23 7
6771 17 8 91 71 23 48 43 69 45 54
6771 18 8 40 45 72 80 19 21 113 30
6771 19 8 90 97 117 0 23 71 64 122
6771 20 8 63 117 1 43 49 120 7 73
6771 21 8 27 29 61 54 75 114 45 93
6771 22 8 104 65 125 83 44 66 113 69
6771 23 8 67 34 80 126 113 39 89 91
6771 24 8 5 95 104 82 60 10 119 31
6771 25 8 70 25 99 107 94 66 7 82
6771 26 8 120 45 56 117 118 88 112 90
6771 27 8 97 123 113 62 114 92 76 66
6771 28 8 21 67 31 59 7 120 64 126
6771 29 8 91 71 23 43 90 72 25 113
6771 30 8 45 40 72 80 69 21 32 19
6771 31 8 90 97 117 0 23 71 122 111
6771 32 8 63 117 43 49 9 109 7 36
6771 33 8 29 114 27 54 61 93 75 72
6771 34 8 104 65 125 113 66 88 77 35
6771 35 8 4 126 78 34 87 113 58 37
6771 36 8 95 24 111 82 114 92 119 118
6771 37 8 20 82 61 23 25 98 37 70
6771 38 8 90 62 88 91 92 79 101 107
6771 39 8 13 87 103 76 10 98 123 78
6771 40 8 123 17 73 65 45 55 7 67
6771 41 8 58 18 48 69 17 49 71 91
6771 42 8 28 64 2 31 36 37 32 54
6771 43 8 2 27 77 56 78 94 40 43
6771 44 8 113 11 19 5 60 107 62 99
6771 45 8 127 100 94 77 92 63 84 58
6771 46 8 74 84 103 38 29 97 81 67
6771 47 8 6 79 114 108 32 111 126 67
752 0 8 62 103 13 61 18 37 78 80
752 1 8 58 23 9 123 3 45 76 57
752 2 8 51 14 93 47 9 7 127 100
752 3 8 38 2 59 16 39 112 46 124
752 4 8 124 56 23 48 104 25 22 67
752 5 8 13 107 82 34 47 68 22 75
752 6 8 79 52 80 42 8 30 12 38
752 7 8 34 110 2 51 87 31 9 45
752 8 8 46 36 109 116 61 118 105 43
752 9 8 52 65 1 45 96 118 99 94
752 10 8 74 112 35 113 26 39 103 8
752 11 8 107 9 87 77 98 31 37 75
752 12 8 116 97 75 52 63 71 104 96
752 13 8 98 21 2 73 75 23 20 77
752 14 8 80 88 79 76 86 6 8 75
752 15 8 13 60 8 95 125 18 76 10
752 16 8 45 15 65 7 11 58 17 73
752 17 8 15 52 17 58 18 69 71 99
752 18 8 79 52 8 80 83 30 42 110
752 19 8 34 110 9 51 31 71 75 87
752 20 8 36 46 3 43 116 57 65 118
752 21 8 65 118 114 52 45 96 59 64
752 22 8 112 113 74 53 35 66 30 20
752 23 8 89 8 107 39 37 125 69 6
752 24 8 116 104 97 75 100 50 56 63
752 25 8 21 73 98 23 16 2 75 42
752 26 8 90 80 88 8 79 6 75 101
752 27 8 10 13 76 123 60 18 95 120
752 28 8 45 7 15 11 17 65 73 84
752 29 8 52 15 17 83 18 71 85 91
752 30 8 79 80 30 52 8 12 40 42
752 31 8 34 9 110 117 71 31 51 0
752 32 8 36 43 46 116 109 63 3 57
752 33 8 52 65 114 118 45 59 96 117
752 34 8 112 35 74 53 113 65 62 45
752 35 8 37 89 39 8 67 107 43 71
752 36 8 116 97 100 80 52 104 26 75
752 37 8 2 98 42 75 21 23 82 44
752 38 8 80 88 75 79 34 107 112 58
752 39 8 13 60 78 120 76 95 18 10
752 40 8 11 7 15 45 17 67 83 65
752 41 8 52 17 15 106 18 58 85 46
752 42 8 37 2 74 125 7 123 22 54
752 43 8 43 19 78 56 112 12 40 77
752 44 8 0 45 113 88 37 121 98 97
752 45 8 46 84 112 63 17 22 100 58
752 46 8 84 29 105 39 38 30 80 75
752 47 8 35 108 95 52 111 6 59 9
1744 0 8 62 2 12 126 77 29 66 70
1744 1 8 58 78 123 76 88 23 7 45
1744 2 8 9 51 119 47 15 73 54 127
1744 3 8 59 120 105 7 90 38 16 2
1744 4 8 47 48 22 56 39 86 104 20
1744 5 8 13 78 82 22 126 74 80 34
1744 6 8 52 79 42 30 110 80 38 12
1744 7 8 110 87 51 34 31 60 45 69
1744 8 8 46 36 51 24 105 118 3 116
1744 9 8 1 52 65 96 118 99 94 77
1744 10 8 112 74 35 26 113 39 59 22
1744 11 8 107 87 37 31 71 77 98 16
1744 12 8 111 75 116 77 100 97 71 52
1744 13 8 73 24 98 75 101 95 42 2
1744 14 8 62 76 6 34 88 8 24 75
1744 15 8 8 13 95 18 98 16 38 56
1744 16 8 58 65 45 123 17 83 29 73
1744 17 8 58 17 75 14 93 85 99 18
1744 18 8 79 52 8 30 110 80 42 64
1744 19 8 110 51 34 31 60 87 9 28
1744 20 8 46 36 118 124 51 3 24 116
1744 21 8 65 96 114 118 52 1 99 45
1744 22 8 112 74 113 26 35 53 30 66
1744 23 8 8 107 71 87 4 89 16 77
1744 24 8 116 111 77 75 97 104 100 50
1744 25 8 24 73 42 98 95 21 75 37
1744 26 8 8 62 88 6 90 75 34 76
1744 27 8 18 95 76 56 98 87 8 10
1744 28 8 123 45 65 73 17 58 83 18
1744 29 8 85 18 83 84 17 69 58 14
1744 30 8 79 30 52 80 110 42 64 8
1744 31 8 110 34 51 60 31 9 16 3
1744 32 8 36 46 116 43 51 24 57 3
1744 33 8 65 114 52 118 117 45 96 1
1744 34 8 112 74 113 53 26 120 35 77
1744 35 8 71 87 89 37 16 8 107 82
1744 36 8 97 116 52 100 9 75 30 77
1744 37 8 24 42 95 75 98 37 73 49
1744 38 8 62 88 34 8 75 18 111 107
1744 39 8 98 76 56 120 18 95 123 10
1744 40 8 123 45 17 67 65 73 84 114
1744 41 8 58 85 84 18 106 83 71 65
1744 42 8 28 75 2 32 8 31 54 34
1744 43 8 47 2 121 78 40 81 112 77
1744 44 8 13 80 32 110 121 113 54 94
1744 45 8 47 84 83 87 94 100 82 26
1744 46 8 17 1 10 45 96 74 84 75
1744 47 8 127 90 31 11 15 27 54 114
