151643 47 8 44 28 29 77 118 83 7 46
0 47 8 0 80 61 17 67 83 23 119
151644 47 8 83 48 77 101 3 105 28 2
151667 0 8 60 115 19 37 102 72 94 46
151667 1 8 70 127 119 5 84 108 112 64
151667 2 8 16 2 107 127 57 99 77 40
151667 3 8 107 66 87 18 72 88 30 37
151667 4 8 52 122 73 29 7 101 109 23
151667 5 8 18 33 64 7 21 74 49 84
151667 6 8 107 71 44 76 12 25 11 122
151667 7 8 56 7 59 125 8 61 24 79
151667 8 8 16 22 53 57 11 17 114 26
151667 9 8 64 2 69 55 82 122 85 78
151667 10 8 3 26 57 71 55 16 122 68
151667 11 8 52 25 56 103 6 30 59 14
151667 12 8 85 21 8 64 105 41 92 89
151667 13 8 0 81 61 122 52 26 47 104
151667 14 8 22 1 33 92 42 61 125 104
151667 15 8 52 41 51 0 49 125 25 80
151667 16 8 103 48 27 42 65 81 105 98
151667 17 8 18 118 109 58 88 83 123 55
151667 18 8 107 71 24 81 44 38 122 70
151667 19 8 56 59 119 28 79 9 62 8
151667 20 8 16 57 111 72 53 11 114 22
151667 21 8 69 55 85 2 82 50 64 78
151667 22 8 122 26 3 71 57 16 55 36
151667 23 8 56 25 63 52 6 3 5 14
151667 24 8 85 105 64 126 93 8 73 21
151667 25 8 0 26 68 122 8 103 61 47
151667 26 8 22 117 1 5 104 4 98 81
151667 27 8 49 41 52 120 5 2 51 75
151667 28 8 103 27 98 81 42 69 48 65
151667 29 8 78 58 83 88 18 118 94 81
151667 30 8 71 70 107 44 120 24 26 122
151667 31 8 56 28 59 7 119 113 62 75
151667 32 8 57 16 72 11 53 111 98 3
151667 33 8 69 55 87 85 50 122 64 82
151667 34 8 71 68 55 3 21 57 26 122
151667 35 8 52 14 56 3 63 5 7 6
151667 36 8 105 85 126 8 64 41 73 75
151667 37 8 0 26 14 8 122 103 104 68
151667 38 8 81 117 4 61 100 22 1 76
151667 39 8 2 41 59 49 5 127 52 75
151667 40 8 58 103 65 17 48 81 107 87
151667 41 8 78 108 18 33 26 34 118 29
151667 42 8 81 113 52 47 56 15 35 111
151667 43 8 84 31 96 48 92 37 72 108
151667 44 8 102 51 94 25 90 30 70 127
151667 45 8 82 107 29 38 44 1 18 85
151667 46 8 37 118 34 103 106 38 102 71
151667 47 8 77 44 122 46 28 74 105 14
198 0 8 60 16 84 1 115 114 53 45
198 1 8 119 82 127 121 5 70 15 125
198 2 8 80 47 116 38 82 48 93 95
198 3 8 120 115 16 107 82 34 47 72
198 4 8 115 52 109 123 126 81 75 63
198 5 8 25 51 1 66 9 37 33 69
198 6 8 8 71 78 53 106 25 76 44
198 7 8 18 59 101 119 112 75 31 79
198 8 8 57 65 26 16 116 46 111 9
198 9 8 64 19 85 114 2 55 69 96
198 10 8 29 26 56 3 53 112 68 16
198 11 8 7 6 3 37 113 125 14 5
198 12 8 8 78 85 56 75 50 21 96
198 13 8 0 19 14 78 26 11 122 81
198 14 8 100 117 104 81 90 107 17 98
198 15 8 70 41 10 49 120 59 127 2
198 16 8 103 39 17 81 99 65 26 89
198 17 8 55 78 21 42 18 41 83 58
198 18 8 71 78 106 24 44 11 122 12
198 19 8 119 101 59 79 9 54 62 18
198 20 8 16 26 57 72 65 53 111 116
198 21 8 69 55 19 64 114 2 85 122
198 22 8 29 16 68 26 98 58 3 57
198 23 8 3 6 5 7 14 113 70 63
198 24 8 78 8 65 21 85 105 50 41
198 25 8 0 19 103 78 14 122 26 81
198 26 8 100 86 81 117 98 85 104 5
198 27 8 41 127 49 59 120 70 5 12
198 28 8 103 39 99 17 81 48 76 70
198 29 8 78 55 21 58 42 18 29 41
198 30 8 78 71 24 44 81 26 53 98
198 31 8 101 75 59 18 62 9 28 112
198 32 8 57 16 72 65 111 26 9 53
198 33 8 69 122 87 64 55 19 85 125
198 34 8 29 26 68 78 98 57 56 3
198 35 8 3 7 6 113 5 125 14 52
198 36 8 78 65 105 96 8 56 21 75
198 37 8 19 104 0 14 26 78 58 103
198 38 8 117 100 17 107 70 90 86 81
198 39 8 70 59 10 49 5 41 101 127
198 40 8 103 17 81 39 87 65 105 99
198 41 8 78 55 21 18 42 48 123 33
198 42 8 6 56 81 127 32 113 64 31
198 43 8 92 37 71 78 31 96 3 77
198 44 8 31 90 73 53 47 51 127 121
198 45 8 44 107 1 29 85 21 94 101
198 46 8 103 34 38 102 97 118 41 106
198 47 8 125 101 2 20 73 105 77 86
32313 0 8 21 75 87 60 62 34 50 33
32313 1 8 119 6 58 23 127 125 4 88
32313 2 8 47 127 93 32 8 54 95 9
32313 3 8 16 4 38 107 115 82 124 47
32313 4 8 124 81 56 48 109 104 52 22
32313 5 8 82 68 13 25 22 34 24 74
32313 6 8 8 106 52 12 71 107 79 38
32313 7 8 110 51 31 16 59 75 79 60
32313 8 8 116 36 46 26 57 3 109 124
32313 9 8 64 19 65 96 52 114 119 122
32313 10 8 112 26 53 98 74 68 67 3
32313 11 8 7 89 107 37 63 6 43 127
32313 12 8 24 116 56 97 50 65 75 105
32313 13 8 0 11 26 23 73 32 82 102
32313 14 8 90 100 88 75 81 82 98 107
32313 15 8 70 10 16 18 8 49 13 127
32313 16 8 17 103 65 73 70 91 39 7
32313 17 8 78 18 94 55 21 69 48 58
32313 18 8 106 71 44 12 76 52 8 79
32313 19 8 59 79 31 75 9 110 51 41
32313 20 8 116 26 57 9 3 46 36 72
32313 21 8 64 19 65 96 2 114 122 69
32313 22 8 26 98 53 112 66 58 3 30
32313 23 8 7 89 107 6 60 63 125 43
32313 24 8 50 24 65 56 8 105 97 75
32313 25 8 0 73 26 103 20 58 11 82
32313 26 8 90 100 115 17 75 81 98 76
32313 27 8 70 10 87 49 13 8 120 101
32313 28 8 17 65 103 81 73 39 7 45
32313 29 8 18 78 94 58 73 21 22 69
32313 30 8 44 52 71 8 106 79 12 25
32313 31 8 110 31 59 41 75 9 79 51
32313 32 8 116 3 46 36 57 26 105 72
32313 33 8 64 65 52 69 96 19 1 85
32313 34 8 98 26 112 53 35 67 3 66
32313 35 8 107 7 96 43 37 6 89 52
32313 36 8 75 50 65 56 97 24 116 42
32313 37 8 101 0 73 104 82 23 84 10
32313 38 8 90 75 107 76 115 34 81 82
32313 39 8 70 87 8 10 82 95 49 120
32313 40 8 65 17 45 73 103 75 11 89
32313 41 8 18 26 58 49 78 17 48 81
32313 42 8 2 64 20 50 32 114 116 36
32313 43 8 96 112 77 30 2 78 82 3
32313 44 8 82 113 94 44 107 29 5 53
32313 45 8 107 86 85 94 29 79 53 127
32313 46 8 122 103 88 38 46 84 74 37
32313 47 8 79 12 54 114 6 103 14 24
11 0 8 44 26 59 65 114 45 38 104
11 1 8 50 127 23 58 119 94 80 18
11 2 8 47 84 93 88 127 32 54 40
11 3 8 2 82 16 47 39 124 38 99
11 4 8 124 106 109 56 104 81 25 48
11 5 8 82 22 13 68 25 107 74 34
11 6 8 8 30 106 34 76 12 83 52
11 7 8 16 51 59 3 60 75 39 79
11 8 8 46 116 109 26 36 3 101 59
11 9 8 64 19 114 117 119 65 96 10
11 10 8 53 56 112 98 58 26 39 67
11 11 8 7 67 89 21 127 82 125 43
11 12 8 116 104 56 96 97 65 15 34
11 13 8 32 23 25 11 16 64 124 42
11 14 8 90 20 88 100 17 70 107 80
11 15 8 70 18 10 101 4 103 67 14
11 16 8 73 17 26 66 39 103 124 50
11 17 8 42 69 56 78 48 21 83 103
11 18 8 106 8 27 76 30 12 29 71
11 19 8 16 39 59 60 75 79 115 122
11 20 8 116 46 101 71 109 127 57 9
11 21 8 114 117 119 64 19 10 122 111
11 22 8 53 51 98 66 83 78 58 112
11 23 8 127 82 67 89 7 21 125 37
11 24 8 56 65 116 96 104 50 34 4
11 25 8 25 32 104 58 42 11 20 99
11 26 8 90 88 20 17 107 8 100 70
11 27 8 18 10 101 70 67 14 22 103
11 28 8 73 66 17 26 81 103 124 39
11 29 8 42 78 18 56 21 48 69 72
11 30 8 106 30 76 8 27 12 34 120
11 31 8 75 16 59 60 51 39 122 54
11 32 8 116 109 71 46 9 101 127 84
11 33 8 117 119 114 64 65 111 122 87
11 34 8 98 66 112 67 78 51 105 13
11 35 8 127 4 37 21 7 6 89 61
11 36 8 56 65 116 97 92 99 75 34
11 37 8 104 15 58 28 25 20 23 16
11 38 8 20 90 17 107 48 86 100 75
11 39 8 10 101 85 70 103 18 49 8
11 40 8 45 65 17 73 124 81 8 103
11 41 8 18 48 69 42 19 72 17 21
11 42 8 64 31 32 39 127 36 2 74
11 43 8 77 78 88 43 3 112 56 97
11 44 8 53 73 121 107 0 44 43 113
11 45 8 94 85 21 127 49 27 22 107
11 46 8 103 38 84 88 97 98 34 123
11 47 8 73 32 9 111 117 109 85 95
773 0 8 21 125 63 2 120 116 32 61
773 1 8 23 30 58 38 6 4 116 99
773 2 8 47 93 122 8 127 32 54 84
773 3 8 2 64 16 38 112 82 47 124
773 4 8 25 56 124 104 48 109 22 81
773 5 8 82 13 68 22 34 107 25 109
773 6 8 8 106 52 30 71 42 79 56
773 7 8 60 51 110 31 16 9 59 50
773 8 8 109 116 46 36 26 15 103 29
773 9 8 64 65 119 19 117 87 45 96
773 10 8 112 26 53 39 74 113 123 30
773 11 8 67 89 37 6 107 127 7 58
773 12 8 97 116 104 56 50 98 7 75
773 13 8 23 16 98 21 121 11 81 43
773 14 8 79 90 75 88 61 86 115 8
773 15 8 103 70 18 13 10 8 4 95
773 16 8 73 17 65 45 55 91 7 103
773 17 8 48 69 18 34 97 56 27 21
773 18 8 52 106 8 79 71 12 30 83
773 19 8 60 110 51 79 31 59 39 41
773 20 8 109 116 46 36 3 15 103 101
773 21 8 65 64 117 111 96 114 14 49
773 22 8 53 112 98 123 30 26 74 35
773 23 8 89 107 7 67 6 37 4 70
773 24 8 50 56 116 97 104 65 9 42
773 25 8 23 82 73 16 32 11 21 104
773 26 8 90 79 8 75 88 115 54 34
773 27 8 10 103 18 70 13 8 14 95
773 28 8 73 65 17 55 45 124 83 26
773 29 8 69 18 48 97 17 85 27 106
773 30 8 52 8 106 86 71 34 79 56
773 31 8 110 60 51 31 39 59 95 41
773 32 8 109 116 36 3 46 103 15 101
773 33 8 65 64 52 111 96 1 117 9
773 34 8 98 112 123 53 74 26 64 18
773 35 8 89 67 37 7 96 107 6 61
773 36 8 50 97 116 56 75 65 42 99
773 37 8 98 10 23 101 82 21 77 28
773 38 8 79 90 7 34 107 48 75 88
773 39 8 10 103 87 95 18 120 8 85
773 40 8 73 17 65 45 55 124 83 114
773 41 8 69 48 18 112 17 1 19 106
773 42 8 64 37 31 36 32 2 127 74
773 43 8 77 78 30 112 88 3 43 81
773 44 8 107 73 53 121 44 0 29 43
773 45 8 21 94 85 127 49 27 22 53
773 46 8 103 84 97 67 38 88 28 98
773 47 8 73 117 32 34 79 9 111 86
358 0 8 104 103 49 50 6 78 47 32
358 1 8 9 23 58 77 123 126 95 37
358 2 8 51 47 122 93 127 100 2 18
358 3 8 16 38 2 112 39 64 29 18
358 4 8 48 104 56 23 81 124 109 25
358 5 8 107 22 82 13 74 97 75 68
358 6 8 8 79 52 106 71 38 76 42
358 7 8 2 110 51 16 31 39 122 9
358 8 8 46 109 116 36 61 3 15 26
358 9 8 64 52 65 19 1 96 47 118
358 10 8 112 35 53 74 98 26 103 39
358 11 8 89 6 107 37 7 43 127 67
358 12 8 116 50 97 56 104 59 75 98
358 13 8 2 16 101 11 73 0 66 23
358 14 8 80 115 90 88 79 75 86 102
358 15 8 13 10 18 60 8 70 120 14
358 16 8 11 17 103 7 55 91 65 45
358 17 8 39 52 83 78 18 34 15 22
358 18 8 79 106 71 8 25 12 52 44
358 19 8 110 31 51 59 2 79 9 39
358 20 8 116 46 3 57 109 9 61 17
358 21 8 64 96 114 65 2 19 87 52
358 22 8 35 98 26 53 112 30 58 66
358 23 8 6 7 107 60 43 96 125 82
358 24 8 50 56 65 116 75 59 97 85
358 25 8 2 73 0 23 122 104 20 101
358 26 8 90 80 115 75 86 76 6 105
358 27 8 13 18 10 14 111 32 8 120
358 28 8 11 17 107 65 83 7 45 39
358 29 8 39 18 22 34 52 78 83 73
358 30 8 79 52 71 25 44 63 106 127
358 31 8 110 2 31 51 59 41 79 9
358 32 8 116 3 46 109 36 61 17 105
358 33 8 64 52 65 96 1 111 69 92
358 34 8 35 98 112 66 103 26 126 58
358 35 8 7 107 6 96 37 43 89 21
358 36 8 50 75 97 56 65 116 26 59
358 37 8 2 101 104 82 10 73 16 23
358 38 8 80 7 75 79 115 107 34 90
358 39 8 13 60 10 82 8 120 95 18
358 40 8 11 45 7 15 17 65 83 55
358 41 8 39 18 46 17 52 106 15 103
358 42 8 2 74 125 37 123 22 127 24
358 43 8 56 19 12 43 112 78 97 3
358 44 8 88 45 99 44 37 121 65 7
358 45 8 58 46 17 85 112 92 107 53
358 46 8 84 88 29 30 39 105 38 103
358 47 8 111 95 35 108 52 6 59 87
1184 0 8 111 62 2 126 12 97 22 29
1184 1 8 86 123 76 88 58 3 37 107
1184 2 8 47 14 51 24 32 9 119 7
1184 3 8 105 38 25 59 16 35 112 2
1184 4 8 48 104 56 124 25 22 23 109
1184 5 8 34 80 102 22 107 82 126 74
1184 6 8 8 79 52 71 42 25 106 107
1184 7 8 87 110 34 51 31 50 16 125
1184 8 8 116 46 3 36 51 15 26 2
1184 9 8 64 94 52 65 87 19 96 1
1184 10 8 74 112 35 53 98 122 26 39
1184 11 8 89 87 14 7 37 6 65 127
1184 12 8 50 116 53 97 104 56 98 75
1184 13 8 75 44 24 16 2 11 12 73
1184 14 8 62 88 79 80 75 115 27 28
1184 15 8 13 18 10 60 8 120 111 102
1184 16 8 15 17 45 7 91 73 11 123
1184 17 8 52 14 15 18 123 29 34 85
1184 18 8 79 8 52 71 25 12 106 44
1184 19 8 87 31 110 79 34 41 125 59
1184 20 8 116 3 46 15 36 51 29 57
1184 21 8 94 64 65 87 96 2 52 114
1184 22 8 35 74 53 112 98 122 30 26
1184 23 8 4 89 65 87 77 7 37 43
1184 24 8 50 116 104 97 85 56 54 75
1184 25 8 24 75 73 16 2 44 82 21
1184 26 8 62 28 8 75 90 79 80 88
1184 27 8 13 10 18 60 120 111 8 4
1184 28 8 15 17 45 73 123 11 7 83
1184 29 8 18 14 85 97 83 52 22 120
1184 30 8 79 52 8 25 71 106 44 30
1184 31 8 87 110 31 34 39 79 51 41
1184 32 8 116 3 46 36 51 29 15 80
1184 33 8 94 52 64 65 96 87 118 1
1184 34 8 35 74 98 112 53 30 26 62
1184 35 8 65 87 89 37 77 7 96 21
1184 36 8 50 100 116 97 53 124 28 56
1184 37 8 75 44 24 21 2 101 10 42
1184 38 8 62 75 6 34 107 88 36 91
1184 39 8 18 98 13 120 10 82 8 95
1184 40 8 123 45 11 15 17 83 75 73
1184 41 8 17 18 85 106 14 83 58 22
1184 42 8 2 75 36 65 74 123 101 127
1184 43 8 2 112 3 78 23 27 94 96
1184 44 8 113 82 65 54 121 35 29 107
1184 45 8 86 127 92 107 21 85 31 53
1184 46 8 74 103 84 97 88 29 110 62
1184 47 8 54 79 108 6 114 72 118 45
311 0 8 11 84 93 61 81 92 118 31
311 1 8 123 86 19 76 83 107 77 116
311 2 8 47 14 117 51 9 10 32 127
311 3 8 39 105 91 59 35 38 109 71
311 4 8 23 104 48 124 56 109 25 22
311 5 8 34 80 107 22 70 74 102 82
311 6 8 79 8 71 106 52 25 30 12
311 7 8 34 16 51 50 31 39 87 79
311 8 8 46 109 3 116 36 51 17 28
311 9 8 64 47 52 119 65 94 96 45
311 10 8 74 112 23 35 98 56 83 122
311 11 8 67 127 14 89 47 9 37 7
311 12 8 68 120 50 104 116 47 100 25
311 13 8 121 99 44 75 21 11 42 31
311 14 8 80 27 88 28 73 79 118 115
311 15 8 4 18 60 13 111 14 67 10
311 16 8 15 7 17 66 73 26 87 11
311 17 8 52 15 97 56 83 124 30 93
311 18 8 106 27 79 76 30 25 12 71
311 19 8 39 16 115 79 122 87 60 3
311 20 8 46 109 116 101 3 127 2 15
311 21 8 117 64 10 114 119 65 111 96
311 22 8 74 35 37 53 58 98 112 122
311 23 8 67 82 4 70 127 89 21 71
311 24 8 50 104 116 120 56 47 28 124
311 25 8 121 42 16 75 91 82 99 11
311 26 8 80 90 28 88 8 27 11 79
311 27 8 111 18 14 13 60 10 4 67
311 28 8 15 17 7 73 66 26 45 11
311 29 8 52 15 97 14 56 18 103 120
311 30 8 79 106 76 30 27 52 120 34
311 31 8 39 51 34 122 110 31 16 60
311 32 8 109 116 46 3 101 36 71 103
311 33 8 52 64 117 10 119 94 65 96
311 34 8 74 35 98 112 66 30 101 107
311 35 8 21 37 89 67 71 58 6 82
311 36 8 50 124 116 104 100 97 47 28
311 37 8 75 2 21 44 42 10 121 77
311 38 8 80 79 11 58 75 88 107 27
311 39 8 60 18 13 10 111 120 82 67
311 40 8 11 15 7 17 45 66 83 65
311 41 8 52 15 17 106 18 85 127 45
311 42 8 37 2 7 74 65 127 125 123
311 43 8 43 19 78 3 112 12 56 21
311 44 8 113 45 88 0 121 37 43 44
311 45 8 46 85 112 21 49 17 63 92
311 46 8 29 84 105 88 39 38 30 103
311 47 8 52 95 108 35 111 6 9 59
12118 0 8 62 126 29 116 77 3 12 111
12118 1 8 123 88 78 58 45 76 54 91
12118 2 8 32 24 47 119 23 51 121 72
12118 3 8 105 120 7 90 16 11 79 84
12118 4 8 39 91 109 47 104 48 105 4
12118 5 8 70 80 13 117 22 126 56 69
12118 6 8 106 79 76 30 71 8 27 53
12118 7 8 87 39 16 34 51 122 18 54
12118 8 8 46 51 24 103 116 3 6 101
12118 9 8 119 10 19 94 52 114 96 64
12118 10 8 74 35 37 112 120 53 67 30
12118 11 8 71 87 82 127 47 37 16 89
12118 12 8 120 104 100 25 50 116 68 53
12118 13 8 24 18 121 42 75 77 44 119
12118 14 8 28 62 11 88 91 27 73 66
12118 15 8 18 4 67 14 115 98 24 13
12118 16 8 20 123 66 115 26 73 17 91
12118 17 8 97 14 124 84 56 120 103 1
12118 18 8 106 27 79 76 30 29 75 25
12118 19 8 39 16 87 115 51 79 122 34
12118 20 8 46 6 51 101 24 3 116 2
12118 21 8 117 64 119 114 10 96 94 87
12118 22 8 23 37 22 74 95 35 51 53
12118 23 8 71 82 87 16 127 22 68 21
12118 24 8 120 50 101 124 116 115 32 100
12118 25 8 24 18 121 89 42 91 12 77
12118 26 8 62 11 28 88 91 8 27 107
12118 27 8 18 4 14 31 67 115 13 21
12118 28 8 20 123 66 26 73 115 17 121
12118 29 8 84 14 97 124 56 85 69 28
12118 30 8 106 13 79 30 27 42 8 34
12118 31 8 39 60 51 16 115 87 122 42
12118 32 8 51 24 116 103 101 46 59 71
12118 33 8 117 119 10 52 96 87 64 94
12118 34 8 74 37 120 98 112 107 101 35
12118 35 8 21 71 87 89 37 127 82 22
12118 36 8 120 124 97 100 101 116 50 104
12118 37 8 24 121 42 49 55 75 77 107
12118 38 8 62 28 11 118 88 70 107 52
12118 39 8 98 67 18 53 115 4 22 61
12118 40 8 123 66 20 3 121 36 115 17
12118 41 8 14 84 97 56 20 85 28 127
12118 42 8 75 65 101 32 127 28 120 94
12118 43 8 3 2 78 4 117 81 21 77
12118 44 8 13 121 113 43 54 71 107 73
12118 45 8 94 127 21 49 85 78 47 93
12118 46 8 67 17 88 74 97 28 84 45
12118 47 8 54 34 79 117 32 27 90 55
429 0 8 84 61 103 2 80 120 14 118
429 1 8 58 3 88 83 76 123 115 91
429 2 8 122 47 117 32 24 100 72 121
429 3 8 120 7 90 105 84 82 10 39
429 4 8 91 47 48 105 109 120 104 111
429 5 8 107 70 111 22 13 82 69 97
429 6 8 106 76 30 79 27 95 12 6
429 7 8 39 51 42 60 16 96 43 50
429 8 8 109 51 103 71 59 29 46 101
429 9 8 10 119 47 117 21 51 19 48
429 10 8 23 83 74 22 36 37 6 56
429 11 8 47 70 10 82 127 22 67 110
429 12 8 120 68 25 104 106 115 40 34
429 13 8 121 42 18 55 31 12 91 73
429 14 8 27 28 11 79 73 91 118 70
429 15 8 103 4 67 112 18 24 21 14
429 16 8 55 20 66 42 73 26 91 28
429 17 8 97 124 48 56 69 28 87 68
429 18 8 106 6 76 27 111 95 29 121
429 19 8 43 16 39 115 60 96 56 42
429 20 8 109 71 59 76 103 74 101 46
429 21 8 119 10 117 81 108 43 124 25
429 22 8 37 51 22 92 23 123 72 74
429 23 8 70 127 21 87 82 47 101 13
429 24 8 120 124 62 104 106 98 111 101
429 25 8 121 31 42 14 55 89 91 13
429 26 8 91 27 28 79 11 70 52 82
429 27 8 103 112 4 67 18 22 14 118
429 28 8 55 66 73 20 26 3 87 17
429 29 8 124 28 97 48 56 69 76 68
429 30 8 13 76 111 106 95 27 107 86
429 31 8 60 80 95 43 42 47 122 115
429 32 8 71 109 29 103 127 28 38 5
429 33 8 108 119 19 10 117 45 101 81
429 34 8 123 51 72 92 98 102 74 32
429 35 8 21 10 67 101 47 44 127 28
429 36 8 120 124 13 114 98 48 34 62
429 37 8 121 55 31 69 77 42 16 91
429 38 8 11 28 79 70 27 118 91 127
429 39 8 67 108 124 115 112 103 4 22
429 40 8 55 2 20 95 66 3 71 121
429 41 8 48 69 97 76 28 119 56 14
429 42 8 37 64 101 120 32 46 127 42
429 43 8 117 77 118 4 3 78 79 0
429 44 8 73 109 43 57 53 71 113 33
429 45 8 94 127 85 49 78 21 121 66
429 46 8 67 89 88 126 77 84 28 44
429 47 8 34 117 79 59 92 32 37 27
279 0 8 106 57 103 71 110 50 14 114
279 1 8 9 48 3 95 75 11 115 72
279 2 8 90 122 32 47 108 92 102 121
279 3 8 39 112 79 109 71 29 97 122
279 4 8 63 50 23 29 109 54 89 110
279 5 8 51 105 69 9 70 22 106 114
279 6 8 106 76 27 2 95 29 13 1
279 7 8 42 80 115 54 65 74 122 56
279 8 8 109 71 28 103 114 107 12 11
279 9 8 119 81 32 10 19 14 108 107
279 10 8 23 72 123 56 51 98 6 32
279 11 8 109 51 40 10 100 101 53 52
279 12 8 120 54 92 34 115 4 50 47
279 13 8 89 66 69 18 99 113 127 31
279 14 8 52 118 70 127 105 16 115 71
279 15 8 4 67 22 18 124 103 61 118
279 16 8 95 66 119 2 12 55 26 3
279 17 8 56 35 28 2 76 48 66 74
279 18 8 106 76 95 27 111 2 6 60
279 19 8 80 65 42 122 107 115 96 54
279 20 8 71 52 109 12 112 107 94 29
279 21 8 119 108 19 18 75 101 114 32
279 22 8 51 72 83 37 66 11 65 3
279 23 8 127 100 67 21 51 109 65 44
279 24 8 92 47 13 48 3 120 62 22
279 25 8 89 25 69 99 82 66 104 49
279 26 8 70 127 105 66 118 16 25 107
279 27 8 22 67 18 124 111 103 61 112
279 28 8 95 66 2 3 26 119 55 12
279 29 8 56 28 72 76 48 18 120 52
279 30 8 106 27 76 95 2 107 111 13
279 31 8 122 80 16 96 39 7 65 47
279 32 8 71 109 9 46 12 127 5 112
279 33 8 119 108 117 19 114 65 87 81
279 34 8 51 66 72 22 7 92 98 88
279 35 8 4 109 21 127 101 100 44 51
279 36 8 92 47 34 113 13 115 62 125
279 37 8 66 20 104 91 113 31 69 119
279 38 8 105 16 70 11 89 91 99 101
279 39 8 72 115 67 14 103 98 118 4
279 40 8 12 119 66 95 55 2 115 3
279 41 8 2 35 28 66 124 56 127 80
279 42 8 27 120 102 94 127 46 18 93
279 43 8 29 79 3 117 6 0 78 17
279 44 8 68 48 43 61 121 17 72 95
279 45 8 58 49 78 21 85 20 66 111
279 46 8 89 88 28 114 31 8 44 64
279 47 8 36 22 120 9 59 48 66 47
9334 0 8 30 87 124 28 19 112 68 86
9334 1 8 48 90 16 101 59 68 36 77
9334 2 8 37 6 102 76 126 32 70 74
9334 3 8 79 112 24 29 126 37 54 111
9334 4 8 50 101 109 103 27 13 24 60
9334 5 8 44 115 69 101 15 17 14 7
9334 6 8 76 60 2 95 106 73 27 29
9334 7 8 80 42 65 115 54 55 74 30
9334 8 8 71 52 125 12 4 112 107 94
9334 9 8 19 108 119 18 25 40 81 32
9334 10 8 46 124 15 82 9 98 33 43
9334 11 8 22 51 31 100 18 114 97 21
9334 12 8 54 114 48 13 43 29 71 47
9334 13 8 127 89 18 69 120 91 84 104
9334 14 8 46 16 127 70 22 71 74 91
9334 15 8 124 67 118 108 31 72 111 27
9334 16 8 95 13 66 2 100 26 91 27
9334 17 8 92 28 74 76 56 3 119 52
9334 18 8 76 95 73 106 60 103 2 29
9334 19 8 80 65 42 47 55 122 115 37
9334 20 8 71 125 94 52 12 112 4 83
9334 21 8 108 119 19 18 25 120 101 40
9334 22 8 82 23 46 11 51 9 24 72
9334 23 8 100 51 22 44 31 14 18 21
9334 24 8 54 13 101 48 103 25 47 36
9334 25 8 89 127 69 124 12 18 13 99
9334 26 8 91 46 22 70 31 89 64 87
9334 27 8 111 67 118 72 22 27 124 25
9334 28 8 100 66 95 26 55 35 13 27
9334 29 8 92 28 56 100 76 124 49 3
9334 30 8 76 95 103 13 73 106 119 60
9334 31 8 80 47 65 122 55 42 108 54
9334 32 8 94 71 4 52 12 29 125 11
9334 33 8 108 19 32 40 82 7 119 81
9334 34 8 23 82 46 9 92 37 11 3
9334 35 8 100 51 21 22 25 30 68 18
9334 36 8 101 34 114 28 78 29 47 62
9334 37 8 89 127 91 119 120 34 84 27
9334 38 8 22 87 16 91 70 73 64 89
9334 39 8 27 118 72 51 106 77 14 46
9334 40 8 100 13 26 66 115 94 95 41
9334 41 8 122 92 28 124 61 115 11 81
9334 42 8 8 120 86 94 106 30 77 46
9334 43 8 80 72 16 3 58 94 61 17
9334 44 8 23 41 11 68 30 72 113 1
9334 45 8 76 121 26 58 20 21 85 107
9334 46 8 51 88 96 89 74 103 81 92
9334 47 8 121 30 14 114 26 110 94 22
3704 0 8 19 122 124 112 11 87 28 111
3704 1 8 36 38 59 85 103 66 101 31
3704 2 8 37 49 76 102 32 6 94 119
3704 3 8 79 24 112 92 54 106 42 21
3704 4 8 27 103 50 5 34 49 109 13
3704 5 8 44 69 115 14 15 48 101 0
3704 6 8 60 73 103 2 106 95 76 118
3704 7 8 80 55 42 65 115 54 37 18
3704 8 8 71 12 52 94 29 112 125 107
3704 9 8 119 19 108 18 32 25 81 38
3704 10 8 51 15 72 124 46 11 24 32
3704 11 8 22 100 114 51 118 44 123 101
3704 12 8 48 114 13 62 0 103 101 43
3704 13 8 89 69 41 1 18 57 91 12
3704 14 8 46 16 70 71 87 126 91 52
3704 15 8 118 124 67 72 20 31 28 108
3704 16 8 100 95 66 6 2 29 26 110
3704 17 8 74 46 76 28 119 64 38 0
3704 18 8 95 76 106 73 103 60 29 43
3704 19 8 80 37 47 42 65 55 122 54
3704 20 8 71 94 52 12 29 83 108 112
3704 21 8 108 19 18 119 7 38 32 41
3704 22 8 51 23 72 82 11 24 32 22
3704 23 8 22 100 42 51 27 73 114 44
3704 24 8 13 83 101 103 48 0 62 54
3704 25 8 89 114 41 88 1 69 18 62
3704 26 8 46 91 26 70 22 16 15 87
3704 27 8 72 124 118 107 67 65 22 79
3704 28 8 100 6 110 95 66 55 2 60
3704 29 8 74 64 46 119 38 76 26 56
3704 30 8 103 95 13 73 76 106 11 60
3704 31 8 80 37 47 65 55 108 122 7
3704 32 8 94 71 12 29 83 38 112 13
3704 33 8 108 19 32 7 38 58 106 81
3704 34 8 23 11 46 82 24 51 37 3
3704 35 8 100 21 22 51 30 42 27 44
3704 36 8 62 13 83 48 101 34 114 28
3704 37 8 89 41 18 69 77 114 91 1
3704 38 8 46 87 47 16 70 22 127 24
3704 39 8 118 27 46 72 108 90 77 110
3704 40 8 6 26 110 100 2 71 60 66
3704 41 8 36 64 46 122 115 61 76 28
3704 42 8 8 120 77 90 106 86 49 30
3704 43 8 125 74 94 80 3 72 118 12
3704 44 8 113 11 99 19 84 41 34 33
3704 45 8 76 86 58 121 85 21 26 92
3704 46 8 96 88 103 51 46 77 81 92
3704 47 8 94 14 82 54 121 22 6 58
315 0 8 68 107 31 69 81 93 53 70
315 1 8 75 59 36 83 85 66 101 103
315 2 8 123 37 102 117 6 47 32 72
315 3 8 10 79 112 5 88 29 111 98
315 4 8 111 50 103 91 34 49 2 57
315 5 8 111 44 69 22 17 15 9 8
315 6 8 95 43 60 106 76 73 27 2
315 7 8 80 115 42 47 65 72 74 30
315 8 8 28 71 29 12 52 51 108 83
315 9 8 19 101 108 119 34 43 105 81
315 10 8 14 72 88 36 6 11 46 121
315 11 8 13 102 10 22 70 90 120 100
315 12 8 78 47 120 71 54 62 92 114
315 13 8 18 121 31 55 89 14 117 91
315 14 8 84 91 73 87 71 11 22 19
315 15 8 112 38 106 67 72 79 115 111
315 16 8 121 66 42 2 100 26 20 91
315 17 8 14 76 28 1 124 68 97 74
315 18 8 43 76 27 95 106 3 71 29
315 19 8 115 47 80 56 72 41 37 54
315 20 8 71 28 48 127 83 51 108 53
315 21 8 108 119 43 32 19 81 0 95
315 22 8 23 3 51 103 121 14 0 63
315 23 8 102 13 52 100 10 51 4 21
315 24 8 47 36 54 78 120 62 106 92
315 25 8 14 89 27 121 95 1 99 78
315 26 8 84 87 91 46 70 22 59 110
315 27 8 106 112 79 72 67 115 118 34
315 28 8 121 66 71 2 26 42 100 87
315 29 8 14 124 28 119 76 74 68 56
315 30 8 13 76 73 95 43 111 60 77
315 31 8 56 47 80 72 37 61 35 41
315 32 8 28 71 18 48 52 29 83 40
315 33 8 108 43 19 81 58 25 7 14
315 34 8 51 3 14 121 92 59 63 11
315 35 8 102 100 21 13 10 101 118 22
315 36 8 47 78 69 62 28 111 114 34
315 37 8 89 91 14 49 97 105 77 71
315 38 8 84 19 87 70 91 22 110 101
315 39 8 118 79 115 106 34 112 91 88
315 40 8 26 71 2 34 4 78 95 17
315 41 8 45 61 28 124 74 68 14 76
315 42 8 41 120 115 65 30 21 43 91
315 43 8 10 65 3 0 118 70 4 17
315 44 8 57 113 111 33 107 26 71 30
315 45 8 127 20 21 85 121 93 94 53
315 46 8 67 77 88 74 110 89 103 81
315 47 8 55 58 99 34 79 27 14 117
220 0 8 114 119 72 85 11 16 100 98
220 1 8 75 106 60 119 22 66 21 72
220 2 8 37 45 127 16 112 93 40 102
220 3 8 79 103 84 9 5 81 99 88
220 4 8 109 48 63 96 81 31 52 101
220 5 8 74 44 8 17 109 25 22 69
220 6 8 76 106 95 71 8 53 44 27
220 7 8 59 54 41 79 65 122 18 80
220 8 8 116 26 57 38 101 71 17 3
220 9 8 19 64 119 21 10 96 87 108
220 10 8 53 98 112 56 66 58 26 126
220 11 8 7 21 6 37 60 125 90 52
220 12 8 56 50 21 65 8 105 4 2
220 13 8 0 58 19 103 93 104 117 78
220 14 8 90 100 67 115 17 98 70 104
220 15 8 70 49 14 127 83 10 32 41
220 16 8 103 17 39 65 70 30 48 66
220 17 8 78 18 55 34 21 123 42 73
220 18 8 71 44 106 12 8 76 27 25
220 19 8 79 59 75 9 119 31 41 24
220 20 8 9 26 116 57 3 72 65 45
220 21 8 19 64 2 85 122 87 6 96
220 22 8 58 126 26 98 66 94 78 0
220 23 8 6 7 4 125 121 60 3 107
220 24 8 50 8 65 56 96 105 21 4
220 25 8 20 58 0 103 93 19 73 112
220 26 8 100 17 98 104 86 90 109 20
220 27 8 70 101 14 127 49 32 120 8
220 28 8 103 17 65 39 81 87 107 105
220 29 8 21 73 105 34 78 42 55 18
220 30 8 44 71 52 83 106 78 76 12
220 31 8 41 59 75 79 112 9 31 110
220 32 8 116 65 3 72 9 26 92 57
220 33 8 92 64 6 19 85 107 2 69
220 34 8 26 66 126 58 78 98 112 51
220 35 8 7 96 6 4 125 121 28 107
220 36 8 50 75 65 8 56 96 111 97
220 37 8 0 20 58 19 103 104 73 11
220 38 8 90 17 100 98 107 70 81 76
220 39 8 70 10 127 16 49 101 59 8
220 40 8 103 17 81 65 39 69 42 98
220 41 8 88 78 21 18 123 34 58 93
220 42 8 56 114 50 81 111 14 117 17
220 43 8 96 53 31 62 71 38 108 37
220 44 8 5 25 102 7 103 29 30 60
220 45 8 29 58 107 64 16 19 82 88
220 46 8 46 16 27 37 122 103 94 76
220 47 8 3 102 110 76 104 87 53 30
17 0 8 88 121 109 58 76 7 127 72
17 1 8 65 36 60 38 103 1 97 92
17 2 8 37 21 102 110 60 6 31 112
17 3 8 45 126 81 91 103 88 49 79
17 4 8 57 101 13 24 103 49 109 30
17 5 8 44 29 15 69 77 124 112 115
17 6 8 73 95 76 60 29 103 2 106
17 7 8 80 42 65 37 55 115 74 47
17 8 8 71 52 125 83 94 12 107 29
17 9 8 41 119 18 81 108 100 19 58
17 10 8 51 15 46 72 82 24 27 92
17 11 8 100 22 118 51 114 19 44 101
17 12 8 94 101 48 54 34 62 13 92
17 13 8 89 67 88 69 57 8 18 1
17 14 8 46 126 70 68 71 12 15 119
17 15 8 28 79 107 67 111 124 106 118
17 16 8 108 44 95 100 66 26 0 2
17 17 8 44 46 74 57 63 28 38 0
17 18 8 103 43 76 106 95 111 27 73
17 19 8 80 47 7 115 42 65 19 122
17 20 8 83 94 71 125 52 108 29 76
17 21 8 7 41 108 100 18 119 92 19
17 22 8 51 23 82 72 15 66 4 27
17 23 8 100 22 73 51 118 94 65 95
17 24 8 94 4 92 28 62 101 55 48
17 25 8 67 89 88 62 18 8 114 112
17 26 8 46 68 15 70 12 126 87 71
17 27 8 107 79 28 111 65 67 126 124
17 28 8 108 0 60 66 44 26 55 34
17 29 8 44 46 52 11 57 56 38 100
17 30 8 103 76 106 13 111 95 17 27
17 31 8 2 47 7 80 50 100 55 122
17 32 8 83 71 94 77 30 52 40 29
17 33 8 7 19 41 100 108 119 124 10
17 34 8 82 23 51 46 72 27 4 15
17 35 8 100 22 42 21 118 101 73 9
17 36 8 0 94 25 26 28 34 12 101
17 37 8 67 18 57 77 16 89 91 8
17 38 8 46 11 68 71 70 87 52 15
17 39 8 60 67 90 53 37 22 20 18
17 40 8 108 60 66 55 44 3 0 115
17 41 8 46 36 52 11 15 28 57 56
17 42 8 125 49 46 73 120 24 42 68
17 43 8 12 49 117 58 19 3 15 8
17 44 8 99 88 33 11 43 45 19 84
17 45 8 17 21 58 49 85 78 121 5
17 46 8 81 84 29 30 88 32 94 89
17 47 8 14 82 111 52 4 127 107 108
374 0 8 120 104 52 16 107 53 111 89
374 1 8 107 86 34 53 89 31 76 124
374 2 8 14 116 87 32 47 72 102 10
374 3 8 89 76 79 13 91 45 123 97
374 4 8 23 118 105 74 0 120 2 29
374 5 8 80 69 107 125 44 22 4 18
374 6 8 106 2 76 27 95 86 13 29
374 7 8 87 115 42 50 80 74 54 39
374 8 8 64 71 103 12 59 52 11 27
374 9 8 119 94 10 117 101 111 108 81
374 10 8 72 14 56 23 36 22 98 103
374 11 8 86 100 22 101 40 70 21 76
374 12 8 53 26 13 25 62 48 71 115
374 13 8 18 44 69 75 13 89 84 91
374 14 8 80 52 73 87 91 11 71 63
374 15 8 60 38 67 18 14 6 107 21
374 16 8 40 7 66 115 26 60 42 91
374 17 8 52 53 56 28 68 124 76 44
374 18 8 106 27 76 111 2 86 95 3
374 19 8 115 39 87 16 50 42 47 60
374 20 8 59 103 64 83 71 127 48 27
374 21 8 119 117 10 81 94 111 108 25
374 22 8 23 92 51 103 22 72 5 13
374 23 8 100 127 21 53 76 70 101 4
374 24 8 54 62 26 28 111 124 34 1
374 25 8 95 89 99 42 14 91 13 2
374 26 8 80 91 52 87 79 11 24 46
374 27 8 60 67 18 107 6 111 14 22
374 28 8 40 7 66 60 26 3 113 32
374 29 8 124 53 52 28 56 100 68 125
374 30 8 13 106 76 120 27 3 111 29
374 31 8 87 60 42 47 115 43 39 56
374 32 8 64 71 18 127 124 103 29 59
374 33 8 94 108 124 81 119 10 117 25
374 34 8 92 51 72 2 75 107 14 22
374 35 8 21 86 101 100 22 19 37 114
374 36 8 53 115 62 34 28 111 32 12
374 37 8 44 75 89 107 77 91 42 14
374 38 8 80 11 79 70 52 87 99 21
374 39 8 67 60 53 118 18 61 91 55
374 40 8 40 7 66 60 4 115 26 3
374 41 8 53 52 28 124 85 103 127 15
374 42 8 73 125 37 59 46 120 94 30
374 43 8 3 117 79 49 81 78 21 56
374 44 8 37 43 54 68 33 30 121 95
374 45 8 78 21 127 49 20 85 94 34
374 46 8 88 82 124 84 44 89 28 67
374 47 8 27 19 90 34 9 14 32 99
60654 0 8 67 77 64 82 62 68 19 86
60654 1 8 99 59 13 36 101 67 7 113
60654 2 8 37 102 121 70 32 74 94 120
60654 3 8 76 79 1 77 106 71 97 121
60654 4 8 109 103 5 13 105 116 49 74
60654 5 8 48 69 58 44 115 16 15 0
60654 6 8 106 103 76 95 29 2 55 60
60654 7 8 43 80 42 55 65 54 115 74
60654 8 8 94 71 12 27 4 29 52 103
60654 9 8 119 25 108 34 10 19 18 41
60654 10 8 51 72 67 37 2 33 32 92
60654 11 8 114 51 22 19 123 76 101 44
60654 12 8 38 103 13 123 34 92 101 48
60654 13 8 1 89 18 102 49 69 95 12
60654 14 8 82 18 52 46 71 70 87 31
60654 15 8 20 107 67 61 79 27 21 18
60654 16 8 109 44 29 100 66 77 26 95
60654 17 8 0 63 118 28 56 65 6 124
60654 18 8 103 106 76 55 95 27 6 29
60654 19 8 43 39 115 96 80 74 42 47
60654 20 8 94 71 127 27 108 6 10 4
60654 21 8 34 119 108 41 25 10 19 117
60654 22 8 51 67 23 37 2 72 22 82
60654 23 8 114 51 22 73 76 100 101 97
60654 24 8 103 92 38 25 101 123 109 34
60654 25 8 1 89 18 62 95 109 13 91
60654 26 8 18 82 71 46 70 91 60 114
60654 27 8 61 107 20 21 18 67 27 31
60654 28 8 109 44 77 26 29 66 33 40
60654 29 8 0 65 63 118 28 56 6 68
60654 30 8 103 55 76 106 118 27 95 30
60654 31 8 43 115 39 47 60 122 96 42
60654 32 8 94 27 127 71 4 103 46 10
60654 33 8 34 40 117 25 119 108 41 10
60654 34 8 67 51 23 82 124 22 33 95
60654 35 8 114 22 21 51 73 76 100 37
60654 36 8 38 25 101 103 123 92 34 0
60654 37 8 1 109 18 89 123 102 95 62
60654 38 8 82 18 46 11 22 70 81 52
60654 39 8 107 20 18 61 46 67 87 6
60654 40 8 109 29 77 44 66 108 17 65
60654 41 8 65 63 0 85 28 18 6 118
60654 42 8 20 126 75 24 77 73 32 127
60654 43 8 47 16 121 3 94 78 8 82
60654 44 8 110 80 121 72 107 13 84 33
60654 45 8 47 5 21 83 107 87 41 26
60654 46 8 1 123 103 37 96 10 20 109
60654 47 8 11 82 127 31 14 12 0 44
13 0 8 65 98 43 73 44 114 45 72
13 1 8 18 38 94 119 127 70 26 50
13 2 8 84 88 47 38 93 57 40 32
13 3 8 6 89 31 2 16 124 79 41
13 4 8 76 106 85 115 124 109 48 93
13 5 8 125 61 66 22 13 8 126 74
13 6 8 83 105 8 106 30 52 112 12
13 7 8 49 112 16 39 34 51 41 43
13 8 8 84 121 116 59 46 103 65 101
13 9 8 119 110 117 9 10 64 111 19
13 10 8 56 61 105 112 98 53 18 58
13 11 8 61 49 24 127 89 7 37 6
13 12 8 99 15 104 56 116 50 49 96
13 13 8 28 6 15 23 18 73 77 42
13 14 8 104 90 48 20 11 88 17 107
13 15 8 85 101 18 70 10 13 14 103
13 16 8 124 73 39 17 8 65 91 26
13 17 8 42 105 69 21 19 48 78 56
13 18 8 105 106 83 34 71 8 12 25
13 19 8 49 112 79 59 16 39 75 3
13 20 8 84 116 121 46 3 65 101 127
13 21 8 110 9 117 64 125 10 111 19
13 22 8 61 53 105 56 98 58 112 22
13 23 8 49 61 24 125 7 23 6 21
13 24 8 99 56 15 50 96 65 116 9
13 25 8 28 15 58 23 6 73 25 11
13 26 8 90 20 48 17 104 11 100 88
13 27 8 85 101 18 10 70 103 61 8
13 28 8 73 124 65 8 81 45 17 26
13 29 8 42 19 69 21 105 48 18 1
13 30 8 105 52 106 83 8 30 34 56
13 31 8 110 112 49 51 34 60 39 31
13 32 8 46 121 116 65 84 3 103 101
13 33 8 64 125 9 110 117 96 1 52
13 34 8 112 105 61 56 98 53 78 39
13 35 8 61 24 49 125 23 37 7 107
13 36 8 99 15 56 97 96 116 50 65
13 37 8 15 58 28 23 6 25 10 101
13 38 8 17 90 20 48 107 86 34 75
13 39 8 101 85 10 103 70 95 61 18
13 40 8 45 65 124 73 17 81 8 83
13 41 8 48 69 42 19 21 18 1 106
13 42 8 32 31 64 114 127 36 123 2
13 43 8 77 88 78 112 43 31 97 3
13 44 8 73 53 90 107 0 121 44 43
13 45 8 85 21 101 94 27 2 127 49
13 46 8 103 84 38 97 11 34 88 98
13 47 8 105 73 20 57 9 86 109 85
88190 0 8 75 33 21 82 64 37 62 19
88190 1 8 58 6 26 23 53 9 78 60
88190 2 8 93 127 47 8 32 54 9 94
88190 3 8 38 4 2 124 16 64 117 79
88190 4 8 56 22 48 109 25 47 124 67
88190 5 8 82 13 47 78 22 74 34 24
88190 6 8 52 110 38 42 79 8 30 106
88190 7 8 110 60 51 31 56 41 48 45
88190 8 8 36 46 116 118 105 3 8 53
88190 9 8 1 65 64 107 52 127 99 96
88190 10 8 112 26 67 113 53 3 29 39
88190 11 8 107 65 52 76 37 89 8 6
88190 12 8 97 116 50 20 75 42 52 111
88190 13 8 23 98 73 84 52 101 81 16
88190 14 8 22 76 34 26 104 75 82 90
88190 15 8 95 8 10 70 18 110 56 87
88190 16 8 65 45 17 27 58 73 7 70
88190 17 8 69 18 49 58 48 106 27 99
88190 18 8 52 79 110 120 83 71 44 38
88190 19 8 110 51 60 31 41 45 9 56
88190 20 8 46 36 116 3 118 105 57 33
88190 21 8 65 64 1 107 52 96 99 127
88190 22 8 53 112 26 35 98 30 3 122
88190 23 8 107 89 6 8 37 43 7 52
88190 24 8 50 97 75 116 111 42 56 104
88190 25 8 73 52 23 98 101 84 81 16
88190 26 8 90 8 76 34 26 88 6 22
88190 27 8 8 10 95 87 18 56 103 16
88190 28 8 65 45 17 73 83 27 82 55
88190 29 8 18 49 69 17 48 106 39 58
88190 30 8 52 110 120 42 71 38 79 56
88190 31 8 110 51 60 31 45 56 48 41
88190 32 8 116 36 46 118 3 103 105 44
88190 33 8 65 64 1 127 107 96 52 49
88190 34 8 112 26 53 64 98 3 9 113
88190 35 8 107 37 8 43 89 6 98 7
88190 36 8 42 52 75 50 97 116 24 63
88190 37 8 52 73 81 101 10 23 98 84
88190 38 8 34 26 107 90 88 75 22 76
88190 39 8 8 95 87 10 25 0 56 18
88190 40 8 65 45 17 35 73 27 83 78
88190 41 8 49 18 26 48 118 85 69 106
88190 42 8 32 58 2 64 66 31 123 33
88190 43 8 99 77 69 2 75 94 112 88
88190 44 8 42 73 94 62 113 53 11 114
88190 45 8 51 48 87 94 127 88 85 21
88190 46 8 122 103 33 84 38 1 37 97
88190 47 8 44 82 114 23 6 79 17 14
11 0 8 44 26 65 70 59 114 101 111
11 1 8 50 23 58 26 30 127 94 124
11 2 8 93 84 88 127 47 54 18 32
11 3 8 2 82 38 124 16 39 64 112
11 4 8 56 124 106 48 25 67 118 52
11 5 8 22 82 13 47 42 107 61 126
11 6 8 52 42 38 110 83 30 8 106
11 7 8 60 110 51 31 45 75 49 41
11 8 8 109 46 36 116 3 103 105 84
11 9 8 45 65 64 117 127 1 96 9
11 10 8 112 39 122 113 56 53 23 67
11 11 8 67 107 127 89 98 37 82 61
11 12 8 116 97 104 50 9 52 77 42
11 13 8 23 21 98 16 73 25 42 84
11 14 8 20 90 88 79 8 22 70 80
11 15 8 18 103 56 4 70 67 95 14
11 16 8 73 65 124 45 66 17 55 91
11 17 8 69 48 56 72 42 103 34 97
11 18 8 106 76 27 30 8 34 52 6
11 19 8 60 39 122 115 3 51 16 41
11 20 8 46 109 101 3 71 127 116 36
11 21 8 117 64 119 114 65 10 25 45
11 22 8 53 66 112 123 13 83 30 51
11 23 8 67 127 89 37 51 82 0 65
11 24 8 104 116 74 50 97 34 9 56
11 25 8 25 23 42 21 119 16 98 84
11 26 8 90 8 88 20 111 79 107 52
11 27 8 18 61 10 103 6 14 76 67
11 28 8 73 45 124 65 26 17 66 55
11 29 8 69 42 48 103 18 120 19 34
11 30 8 106 52 30 34 42 76 27 105
11 31 8 60 51 110 100 39 34 122 49
11 32 8 46 109 116 103 36 84 101 44
11 33 8 117 64 65 111 9 96 45 127
11 34 8 112 13 105 53 61 123 113 98
11 35 8 37 61 67 49 24 89 107 127
11 36 8 99 97 74 15 116 9 50 63
11 37 8 15 58 28 23 6 10 76 25
11 38 8 20 90 48 17 107 34 8 86
11 39 8 85 95 101 103 10 61 23 18
11 40 8 45 124 65 8 17 73 105 114
11 41 8 69 19 48 42 18 72 106 1
11 42 8 32 31 64 39 127 123 36 74
11 43 8 77 88 78 3 43 117 112 104
11 44 8 53 73 0 107 43 121 44 81
11 45 8 21 85 94 127 49 27 32 78
11 46 8 103 38 84 97 28 31 98 114
11 47 8 73 9 117 32 111 85 109 86
358 0 8 103 104 49 50 32 78 6 19
358 1 8 9 58 23 30 6 77 26 24
358 2 8 51 122 93 127 47 100 14 2
358 3 8 2 38 112 39 29 64 16 18
358 4 8 48 23 56 25 67 121 104 109
358 5 8 107 22 82 13 74 47 97 126
358 6 8 79 52 42 38 8 106 71 110
358 7 8 110 2 51 31 60 75 41 45
358 8 8 46 36 109 116 3 61 105 44
358 9 8 65 1 64 52 96 47 45 127
358 10 8 112 35 39 122 26 113 53 102
358 11 8 107 67 37 43 89 127 98 9
358 12 8 50 116 104 97 59 75 52 111
358 13 8 2 98 21 23 16 73 76 101
358 14 8 80 90 115 79 88 76 75 6
358 15 8 18 60 10 13 8 95 14 82
358 16 8 45 7 65 11 17 55 83 91
358 17 8 39 52 15 34 17 22 75 83
358 18 8 79 106 52 8 25 71 30 42
358 19 8 110 51 41 31 39 60 100 2
358 20 8 46 3 116 36 109 103 44 37
358 21 8 64 65 96 117 114 52 1 111
358 22 8 35 53 13 112 66 30 103 39
358 23 8 107 6 37 89 43 82 115 0
358 24 8 50 116 97 104 75 42 59 56
358 25 8 2 23 73 98 16 21 25 101
358 26 8 90 80 8 88 111 79 115 75
358 27 8 18 10 8 60 95 13 14 56
358 28 8 45 11 7 65 83 17 75 55
358 29 8 39 17 52 18 22 15 46 103
358 30 8 52 79 106 25 30 42 63 34
358 31 8 110 51 2 100 60 41 31 9
358 32 8 46 109 44 36 3 116 103 105
358 33 8 65 96 52 64 1 117 127 111
358 34 8 35 112 13 53 39 18 64 30
358 35 8 37 115 107 89 98 8 43 105
358 36 8 50 116 97 75 63 52 26 42
358 37 8 2 98 76 101 10 82 21 73
358 38 8 80 34 79 75 88 7 107 115
358 39 8 95 60 13 8 82 120 18 1
358 40 8 11 45 7 17 65 83 15 55
358 41 8 39 106 52 17 18 46 15 85
358 42 8 2 125 74 37 123 22 24 127
358 43 8 56 19 43 12 97 78 112 77
358 44 8 88 45 99 37 44 0 121 61
358 45 8 58 92 46 17 112 85 21 22
358 46 8 84 38 29 30 105 39 88 103
358 47 8 108 111 95 35 52 6 59 87
6099 0 8 111 62 77 126 29 21 12 67
6099 1 8 58 86 76 23 78 77 45 3
6099 2 8 9 51 119 47 32 14 15 93
6099 3 8 25 38 105 16 2 7 79 112
6099 4 8 47 56 25 22 48 91 39 109
6099 5 8 80 82 126 34 22 78 47 107
6099 6 8 79 52 42 8 71 38 30 106
6099 7 8 110 87 51 60 31 41 48 100
6099 8 8 36 46 51 44 24 116 103 3
6099 9 8 65 94 1 64 96 52 45 127
6099 10 8 112 35 39 13 53 74 64 113
6099 11 8 87 115 107 37 98 67 89 6
6099 12 8 97 116 50 104 75 42 63 52
6099 13 8 24 75 98 44 21 73 101 64
6099 14 8 62 28 34 88 8 75 79 76
6099 15 8 95 8 18 98 56 10 16 120
6099 16 8 45 73 83 123 17 20 65 75
6099 17 8 14 85 17 106 97 69 18 27
6099 18 8 79 52 42 34 71 8 106 30
6099 19 8 110 51 87 60 100 41 39 31
6099 20 8 46 36 3 44 116 103 51 101
6099 21 8 65 64 94 96 117 1 45 52
6099 22 8 13 35 112 53 39 74 30 18
6099 23 8 87 115 89 37 107 6 98 8
6099 24 8 50 116 97 104 42 75 74 63
6099 25 8 24 75 98 73 21 42 101 44
6099 26 8 8 62 111 28 88 90 79 34
6099 27 8 18 95 56 10 8 6 61 120
6099 28 8 73 45 83 123 20 17 26 55
6099 29 8 85 14 69 17 18 97 103 120
6099 30 8 52 79 106 34 30 8 42 71
6099 31 8 110 51 60 100 87 39 41 31
6099 32 8 44 46 36 103 116 101 3 127
6099 33 8 96 65 64 94 117 111 45 127
6099 34 8 13 112 53 35 108 113 39 64
6099 35 8 115 87 37 89 67 98 6 107
6099 36 8 50 116 97 63 9 75 42 74
6099 37 8 24 10 42 98 75 21 44 101
6099 38 8 62 34 8 88 28 111 107 115
6099 39 8 98 95 61 103 18 56 120 8
6099 40 8 123 45 73 83 20 17 114 65
6099 41 8 85 14 69 106 97 48 18 112
6099 42 8 31 75 2 101 74 65 36 127
6099 43 8 3 2 43 77 4 81 78 19
6099 44 8 13 121 54 107 80 73 44 43
6099 45 8 21 85 47 127 94 49 46 27
6099 46 8 82 67 84 28 98 97 105 103
6099 47 8 117 32 34 90 27 9 95 54
429 0 8 84 61 103 2 80 111 14 83
429 1 8 58 3 83 86 23 76 30 77
429 2 8 122 84 100 117 9 32 51 47
429 3 8 105 25 38 7 90 16 82 112
429 4 8 47 48 25 91 56 22 124 77
429 5 8 107 82 126 22 80 111 34 97
429 6 8 52 30 42 79 106 8 71 34
429 7 8 60 110 51 100 39 50 95 41
429 8 8 109 46 36 44 103 116 3 15
429 9 8 117 45 65 96 119 1 64 127
429 10 8 112 13 39 83 108 123 23 113
429 11 8 67 115 127 37 98 89 8 107
429 12 8 68 104 97 74 116 50 120 9
429 13 8 121 42 21 98 66 16 64 73
429 14 8 79 28 90 8 88 58 89 70
429 15 8 103 18 4 61 56 67 14 6
429 16 8 55 73 45 66 20 119 17 26
429 17 8 48 69 97 56 45 103 85 28
429 18 8 106 76 34 27 30 6 8 42
429 19 8 60 39 115 96 51 122 65 95
429 20 8 109 127 71 46 103 36 76 101
429 21 8 117 119 65 64 45 81 108 96
429 22 8 13 123 53 0 112 83 80 39
429 23 8 67 127 89 47 37 101 87 8
429 24 8 74 104 9 116 97 68 50 115
429 25 8 98 21 42 121 23 76 16 82
429 26 8 79 90 8 111 28 88 52 70
429 27 8 61 103 18 10 67 4 6 56
429 28 8 73 55 66 26 124 45 17 20
429 29 8 69 48 97 103 56 28 120 45
429 30 8 106 76 34 30 42 27 8 29
429 31 8 60 39 115 65 95 42 80 122
429 32 8 109 127 71 46 36 103 101 116
429 33 8 117 65 45 119 108 64 96 49
429 34 8 13 123 113 53 39 108 112 66
429 35 8 67 127 89 37 8 28 98 61
429 36 8 9 74 114 97 116 63 34 104
429 37 8 98 16 76 121 21 25 28 10
429 38 8 79 90 8 28 48 88 107 52
429 39 8 61 103 67 4 18 10 95 85
429 40 8 124 73 66 55 45 20 17 105
429 41 8 69 48 28 97 127 56 112 85
429 42 8 37 64 31 101 127 36 120 94
429 43 8 77 3 117 88 49 78 81 79
429 44 8 73 43 53 68 121 107 88 0
429 45 8 21 49 127 78 103 85 32 111
429 46 8 67 28 88 114 31 8 82 84
429 47 8 117 34 32 9 59 111 73 27
60654 0 8 67 64 77 82 68 62 28 86
60654 1 8 90 99 13 16 67 59 11 68
60654 2 8 37 121 70 74 102 32 94 4
60654 3 8 112 79 24 77 37 106 71 121
60654 4 8 50 109 5 87 49 93 6 54
60654 5 8 58 115 16 0 44 69 56 24
60654 6 8 103 76 55 106 95 29 118 27
60654 7 8 43 42 80 55 65 115 74 122
60654 8 8 127 4 94 71 18 12 52 29
60654 9 8 25 108 119 40 88 34 18 51
60654 10 8 51 88 33 119 72 37 124 67
60654 11 8 114 22 51 19 101 123 44 40
60654 12 8 114 103 123 92 115 74 13 34
60654 13 8 1 89 102 49 127 69 18 82
60654 14 8 82 71 52 46 70 31 89 90
60654 15 8 61 14 67 72 79 18 87 31
60654 16 8 109 100 115 60 13 66 33 51
60654 17 8 118 46 28 124 92 0 56 6
60654 18 8 76 103 55 106 27 95 29 6
60654 19 8 115 43 122 39 74 42 19 47
60654 20 8 127 94 71 4 18 10 107 29
60654 21 8 34 108 25 119 40 117 81 19
60654 22 8 23 51 67 82 88 2 9 72
60654 23 8 114 22 51 73 19 40 101 97
60654 24 8 103 92 25 114 115 9 123 37
60654 25 8 1 89 18 82 127 62 49 77
60654 26 8 71 46 70 82 52 31 60 19
60654 27 8 61 72 79 31 67 87 18 14
60654 28 8 109 13 100 60 66 51 40 26
60654 29 8 92 28 118 46 56 124 78 81
60654 30 8 103 76 55 13 106 27 29 118
60654 31 8 43 122 115 60 42 19 65 80
60654 32 8 94 127 4 71 18 103 46 37
60654 33 8 40 25 34 108 117 119 82 0
60654 34 8 88 23 51 33 82 124 9 37
60654 35 8 51 114 22 73 18 30 9 101
60654 36 8 103 114 25 115 9 29 74 34
60654 37 8 1 89 127 18 102 82 62 77
60654 38 8 82 71 64 73 46 70 52 25
60654 39 8 61 67 72 46 79 126 18 27
60654 40 8 109 13 100 60 66 51 115 55
60654 41 8 92 28 6 46 127 36 81 122
60654 42 8 77 86 94 109 98 120 46 125
60654 43 8 16 117 3 79 12 21 49 6
60654 44 8 99 43 68 72 95 121 88 23
60654 45 8 21 49 103 26 78 85 58 34
60654 46 8 88 51 28 81 33 84 30 103
60654 47 8 26 21 121 30 15 9 59 114
5109 0 8 30 23 112 125 41 87 83 122
5109 1 8 36 30 13 38 39 101 67 40
5109 2 8 115 76 37 48 59 102 6 49
5109 3 8 79 92 50 70 121 112 24 104
5109 4 8 50 27 109 5 49 6 54 38
5109 5 8 10 115 44 16 58 69 48 0
5109 6 8 103 76 106 2 29 118 95 60
5109 7 8 42 43 55 80 115 54 122 65
5109 8 8 127 71 94 29 20 14 103 52
5109 9 8 25 119 108 19 51 106 117 10
5109 10 8 70 88 51 72 13 92 109 119
5109 11 8 51 19 101 114 22 42 55 44
5109 12 8 74 114 109 115 103 37 0 38
5109 13 8 36 57 41 1 76 89 14 123
5109 14 8 52 90 71 46 70 73 60 87
5109 15 8 61 14 79 111 20 72 67 60
5109 16 8 60 110 44 108 55 6 66 77
5109 17 8 46 28 52 0 64 15 56 29
5109 18 8 76 106 103 27 71 86 34 53
5109 19 8 115 122 50 39 42 60 19 2
5109 20 8 127 71 103 94 37 18 20 10
5109 21 8 117 25 119 108 81 19 64 51
5109 22 8 70 13 88 53 109 0 51 39
5109 23 8 42 51 55 101 127 114 6 22
5109 24 8 115 37 74 0 9 109 103 38
5109 25 8 36 41 57 1 76 16 82 43
5109 26 8 60 80 111 52 24 87 90 70
5109 27 8 61 79 60 20 67 111 18 31
5109 28 8 60 110 55 108 66 44 6 53
5109 29 8 46 52 28 15 64 56 53 120
5109 30 8 103 76 13 106 34 27 75 8
5109 31 8 50 60 115 43 42 39 122 54
5109 32 8 127 71 103 94 20 46 37 64
5109 33 8 117 25 106 119 45 108 88 81
5109 34 8 70 51 108 109 13 39 53 2
5109 35 8 55 42 101 51 89 22 98 37
5109 36 8 115 0 63 9 109 26 12 74
5109 37 8 36 16 57 41 21 76 64 77
5109 38 8 60 52 80 71 25 70 111 46
5109 39 8 61 67 60 53 18 20 56 22
5109 40 8 60 66 55 108 110 15 95 44
5109 41 8 28 52 46 36 15 122 64 85
5109 42 8 25 46 125 49 73 109 90 120
5109 43 8 49 12 117 19 125 8 3 121
5109 44 8 88 99 45 33 43 13 122 37
5109 45 8 58 17 112 46 21 49 85 78
5109 46 8 88 29 84 30 105 39 96 28
5109 47 8 52 111 35 95 108 59 127 6
646 0 8 104 120 2 97 0 70 92 111
646 1 8 107 123 86 53 76 77 56 104
646 2 8 14 116 9 32 10 47 100 7
646 3 8 89 79 105 13 25 38 112 39
646 4 8 0 109 23 25 48 74 124 105
646 5 8 80 34 126 107 82 22 125 114
646 6 8 8 30 106 110 42 52 86 34
646 7 8 87 50 98 60 34 115 42 39
646 8 8 64 127 39 103 46 71 59 83
646 9 8 117 94 119 45 127 88 101 106
646 10 8 108 39 13 70 83 97 112 25
646 11 8 86 98 127 9 37 67 101 122
646 12 8 104 53 74 118 9 97 26 12
646 13 8 44 75 36 21 16 64 42 43
646 14 8 80 79 52 8 58 118 28 111
646 15 8 61 60 67 18 56 10 14 22
646 16 8 15 60 7 66 11 52 40 121
646 17 8 15 52 56 97 28 53 127 117
646 18 8 106 76 27 42 8 6 86 55
646 19 8 87 115 60 50 42 122 39 96
646 20 8 127 64 71 103 46 107 39 78
646 21 8 94 117 45 119 81 108 64 38
646 22 8 13 53 70 108 0 101 39 83
646 23 8 86 79 89 101 127 98 37 36
646 24 8 53 115 74 118 9 104 124 76
646 25 8 44 75 21 16 64 77 65 76
646 26 8 80 79 52 70 8 28 118 99
646 27 8 61 60 67 18 56 22 111 53
646 28 8 7 15 66 60 53 3 55 26
646 29 8 28 52 15 56 53 127 85 117
646 30 8 76 13 106 34 86 27 42 95
646 31 8 87 60 42 115 80 43 122 65
646 32 8 64 71 127 46 103 5 24 109
646 33 8 94 108 119 117 51 45 88 81
646 34 8 101 51 70 119 108 39 97 3
646 35 8 86 101 6 79 28 19 98 37
646 36 8 115 118 53 63 9 76 12 110
646 37 8 75 44 21 16 36 76 2 77
646 38 8 80 52 79 70 25 0 99 107
646 39 8 61 67 60 18 53 69 56 22
646 40 8 7 60 66 15 45 3 115 36
646 41 8 28 52 15 85 46 56 127 117
646 42 8 37 125 7 109 46 73 22 120
646 43 8 12 117 19 2 49 43 3 8
646 44 8 113 88 45 43 37 33 30 122
646 45 8 58 17 46 21 85 49 112 121
646 46 8 88 84 29 30 33 105 39 38
646 47 8 6 108 52 111 35 95 119 71
944 0 8 76 17 118 63 111 101 51 47
944 1 8 107 123 86 34 53 76 12 3
944 2 8 14 8 9 77 120 32 51 116
944 3 8 105 1 38 16 112 79 25 73
944 4 8 0 23 22 109 74 48 105 25
944 5 8 58 34 80 126 107 22 16 82
944 6 8 42 106 30 86 76 8 110 27
944 7 8 43 87 42 50 115 96 103 54
944 8 8 64 39 71 103 127 76 46 59
944 9 8 94 117 88 119 127 45 101 51
944 10 8 108 83 39 101 119 0 64 70
944 11 8 86 101 98 47 70 9 15 87
944 12 8 123 115 53 9 104 74 12 43
944 13 8 75 44 64 65 21 24 84 16
944 14 8 80 52 79 118 70 99 37 0
944 15 8 61 60 67 18 53 22 14 4
944 16 8 33 15 7 66 60 40 95 11
944 17 8 52 15 28 97 56 53 125 87
944 18 8 76 106 13 27 55 42 6 119
944 19 8 43 115 87 42 96 122 74 39
944 20 8 64 127 71 39 46 103 107 5
944 21 8 94 117 119 51 108 81 33 38
944 22 8 0 108 72 51 2 101 37 3
944 23 8 86 79 101 70 127 19 111 15
944 24 8 123 115 53 74 9 76 12 28
944 25 8 44 75 64 121 77 102 24 95
944 26 8 80 52 79 70 110 118 82 62
944 27 8 61 60 67 87 18 111 118 112
944 28 8 33 15 66 7 60 53 26 55
944 29 8 52 28 15 85 53 127 56 97
944 30 8 13 76 106 42 34 27 86 95
944 31 8 87 43 122 115 95 42 80 39
944 32 8 64 71 127 39 5 103 37 46
944 33 8 94 51 117 119 108 45 101 88
944 34 8 51 101 119 39 35 108 107 83
944 35 8 86 101 37 15 6 8 19 98
944 36 8 123 115 43 53 118 124 97 52
944 37 8 44 75 21 24 2 95 102 78
944 38 8 52 80 70 79 25 0 107 82
944 39 8 67 61 60 53 18 22 87 69
944 40 8 33 7 15 60 66 95 3 45
944 41 8 28 52 85 15 46 127 56 53
944 42 8 37 7 109 125 46 120 73 74
944 43 8 12 19 117 3 43 0 49 8
944 44 8 113 88 45 43 34 33 37 30
944 45 8 17 85 58 21 46 49 112 119
944 46 8 88 29 84 30 105 39 89 104
944 47 8 52 108 6 35 71 111 95 59
387 0 8 16 111 126 97 18 89 53 104
387 1 8 123 34 107 116 3 77 76 20
387 2 8 14 9 7 32 100 102 120 87
387 3 8 1 76 105 79 38 122 29 50
387 4 8 0 105 23 74 109 118 22 54
387 5 8 58 80 34 107 126 70 16 22
387 6 8 76 106 86 42 2 27 6 29
387 7 8 43 87 42 115 122 103 50 60
387 8 8 64 71 39 127 103 10 46 27
387 9 8 51 94 119 15 101 108 45 117
387 10 8 84 101 14 108 23 119 83 72
387 11 8 15 6 70 10 19 47 86 101
387 12 8 123 115 43 53 109 68 120 118
387 13 8 44 75 99 85 65 121 36 13
387 14 8 80 70 118 87 59 79 89 52
387 15 8 61 60 112 79 111 4 67 18
387 16 8 40 15 33 7 95 66 53 46
387 17 8 52 53 28 15 56 97 13 109
387 18 8 120 76 43 111 98 27 13 106
387 19 8 87 122 115 47 80 113 42 43
387 20 8 64 71 127 29 10 37 5 46
387 21 8 51 108 94 101 119 15 19 38
387 22 8 51 84 14 70 0 72 3 83
387 23 8 15 6 10 70 47 31 62 101
387 24 8 123 115 109 43 47 62 53 120
387 25 8 44 13 75 85 95 121 97 1
387 26 8 80 70 19 59 118 89 79 110
387 27 8 61 112 60 79 111 67 14 118
387 28 8 33 53 40 15 7 95 66 46
387 29 8 52 28 53 56 109 15 127 97
387 30 8 13 76 43 98 111 106 95 27
387 31 8 122 87 80 115 95 42 113 47
387 32 8 64 71 127 29 37 18 10 5
387 33 8 51 94 108 25 101 119 19 44
387 34 8 51 14 101 35 84 83 119 97
387 35 8 6 86 70 15 71 10 58 64
387 36 8 123 115 43 53 47 118 109 62
387 37 8 75 44 13 21 85 65 64 95
387 38 8 80 70 79 25 82 58 52 0
387 39 8 67 61 60 53 18 124 22 112
387 40 8 33 40 7 95 66 15 3 60
387 41 8 52 53 28 15 85 127 56 117
387 42 8 37 7 109 73 46 59 120 125
387 43 8 117 43 3 78 0 21 8 79
387 44 8 37 61 45 43 33 0 113 95
387 45 8 85 46 21 49 112 78 63 92
387 46 8 88 82 105 124 39 84 89 28
387 47 8 59 52 108 35 95 90 27 19
13302 0 8 62 116 29 126 77 67 3 12
13302 1 8 123 11 78 7 76 88 58 54
13302 2 8 119 121 32 102 24 59 94 73
13302 3 8 79 1 11 105 76 90 16 121
13302 4 8 105 0 39 109 74 10 54 1
13302 5 8 58 70 80 100 56 69 44 117
13302 6 8 76 106 95 2 98 29 55 27
13302 7 8 87 43 42 115 103 80 122 54
13302 8 8 71 27 24 127 46 64 39 29
13302 9 8 51 94 108 119 101 15 19 117
13302 10 8 101 119 14 23 34 72 108 51
13302 11 8 15 71 101 86 70 6 87 68
13302 12 8 115 123 43 101 53 37 62 76
13302 13 8 24 49 64 44 75 85 14 95
13302 14 8 62 59 19 52 70 89 73 118
13302 15 8 61 67 107 112 31 50 118 20
13302 16 8 111 33 29 95 77 66 98 26
13302 17 8 28 53 56 52 84 120 0 29
13302 18 8 76 106 95 27 55 43 13 120
13302 19 8 87 122 115 80 47 42 43 54
13302 20 8 27 71 127 24 64 29 37 46
13302 21 8 51 108 119 15 94 101 11 81
13302 22 8 51 29 22 32 37 14 72 101
13302 23 8 71 15 101 97 86 114 6 70
13302 24 8 115 101 37 123 43 62 53 28
13302 25 8 24 89 14 31 44 13 85 49
13302 26 8 62 59 19 70 89 110 87 52
13302 27 8 61 31 67 107 79 50 112 88
13302 28 8 33 111 29 53 66 123 77 115
13302 29 8 28 53 84 56 120 65 13 52
13302 30 8 13 76 95 98 106 27 34 55
13302 31 8 87 122 80 115 43 42 47 19
13302 32 8 127 27 24 71 29 37 64 51
13302 33 8 51 108 94 119 15 101 117 25
13302 34 8 51 120 14 101 119 97 34 32
13302 35 8 68 6 71 86 15 101 97 114
13302 36 8 115 123 43 101 53 28 124 37
13302 37 8 49 24 44 89 95 75 85 64
13302 38 8 62 70 111 52 25 107 59 19
13302 39 8 61 67 53 18 22 20 91 24
13302 40 8 111 33 29 95 66 77 123 3
13302 41 8 53 28 84 85 65 56 127 0
13302 42 8 20 120 28 109 75 46 73 94
13302 43 8 2 117 0 47 3 121 8 72
13302 44 8 13 110 80 33 43 34 54 84
13302 45 8 47 83 49 21 85 86 34 107
13302 46 8 88 10 45 96 74 28 104 124
13302 47 8 54 11 90 31 14 127 59 27
438 0 8 107 61 63 93 81 71 22 69
438 1 8 116 83 106 91 41 39 113 123
438 2 8 116 117 32 87 102 59 122 67
438 3 8 79 26 1 76 105 106 11 29
438 4 8 105 118 91 0 39 54 89 114
438 5 8 58 111 80 70 69 100 102 44
438 6 8 76 106 2 95 13 86 29 6
438 7 8 43 42 80 115 54 103 74 122
438 8 8 27 71 99 127 39 64 10 12
438 9 8 51 101 119 108 15 48 19 45
438 10 8 14 23 119 83 72 101 51 34
438 11 8 15 70 58 10 110 47 6 13
438 12 8 123 115 43 120 69 108 62 109
438 13 8 121 85 24 13 44 99 14 49
438 14 8 19 59 70 118 28 89 61 91
438 15 8 112 4 61 79 115 84 67 24
438 16 8 4 33 95 121 20 66 53 2
438 17 8 28 97 53 56 14 109 52 115
438 18 8 43 120 111 76 95 98 27 107
438 19 8 122 80 47 115 113 65 56 74
438 20 8 71 10 29 27 127 64 99 28
438 21 8 51 108 101 15 21 19 119 11
438 22 8 51 14 83 29 72 84 3 22
438 23 8 10 15 58 70 110 6 13 31
438 24 8 123 115 47 62 43 120 109 18
438 25 8 85 121 13 14 31 44 89 24
438 26 8 19 59 70 89 28 110 118 87
438 27 8 112 61 67 118 31 22 79 115
438 28 8 4 33 95 53 66 121 20 2
438 29 8 28 97 53 56 119 14 76 68
438 30 8 13 76 43 98 95 27 73 8
438 31 8 122 80 47 65 58 72 87 42
438 32 8 71 29 27 127 64 99 28 37
438 33 8 51 108 101 19 25 43 18 15
438 34 8 51 14 83 2 32 84 46 8
438 35 8 58 6 10 15 71 13 86 118
438 36 8 115 123 43 47 69 60 120 48
438 37 8 85 121 107 13 64 44 24 31
438 38 8 70 19 28 118 25 127 89 5
438 39 8 115 112 124 67 61 108 53 100
438 40 8 95 4 33 121 20 66 2 3
438 41 8 28 97 45 14 127 53 56 61
438 42 8 120 65 46 101 109 59 73 37
438 43 8 117 0 4 79 81 3 78 6
438 44 8 68 71 43 61 33 54 121 95
438 45 8 85 49 78 21 103 127 20 34
438 46 8 88 67 44 31 89 114 28 8
438 47 8 104 34 117 59 32 9 27 55
264 0 8 106 27 50 110 0 48 49 70
264 1 8 99 116 91 113 39 106 42 75
264 2 8 45 122 7 32 92 102 74 72
264 3 8 79 94 76 106 26 122 97 91
264 4 8 118 54 105 109 111 107 29 0
264 5 8 51 105 58 70 114 111 44 100
264 6 8 76 13 106 95 86 111 2 55
264 7 8 42 74 43 115 80 54 72 103
264 8 8 2 71 27 10 107 28 99 37
264 9 8 51 108 119 15 101 47 81 120
264 10 8 14 23 9 75 51 2 119 84
264 11 8 10 62 110 15 65 31 58 70
264 12 8 115 43 47 123 120 18 108 92
264 13 8 12 66 113 119 85 99 52 107
264 14 8 105 59 19 96 118 70 89 78
264 15 8 112 61 88 115 27 124 67 4
264 16 8 4 95 33 53 51 121 66 98
264 17 8 35 28 2 56 39 66 30 51
264 18 8 43 120 76 95 111 106 6 125
264 19 8 47 122 80 115 56 41 108 65
264 20 8 71 2 10 37 127 28 99 29
264 21 8 51 108 15 75 21 25 92 19
264 22 8 51 22 29 3 14 83 38 32
264 23 8 62 70 31 65 10 13 110 58
264 24 8 47 92 62 78 43 123 20 109
264 25 8 12 119 66 85 89 113 14 1
264 26 8 105 59 96 19 70 89 110 87
264 27 8 118 61 88 27 115 112 67 106
264 28 8 4 53 33 51 26 95 66 121
264 29 8 28 35 39 126 2 30 68 115
264 30 8 13 43 76 98 27 95 73 120
264 31 8 122 47 80 56 115 58 74 113
264 32 8 2 71 29 10 127 28 37 64
264 33 8 51 108 25 19 81 15 21 43
264 34 8 51 14 66 3 32 2 29 84
264 35 8 118 64 10 13 58 101 62 6
264 36 8 47 115 43 123 69 62 92 101
264 37 8 119 12 85 66 113 13 49 89
264 38 8 105 70 19 96 59 25 89 118
264 39 8 61 115 67 100 124 98 112 13
264 40 8 51 4 53 33 95 66 121 3
264 41 8 28 126 2 35 66 127 45 39
264 42 8 98 120 102 109 46 93 38 73
264 43 8 6 117 15 0 81 79 3 65
264 44 8 61 68 48 43 33 121 95 20
264 45 8 20 85 49 78 21 111 34 66
264 46 8 88 44 31 114 89 28 8 98
264 47 8 59 36 120 104 9 47 66 123
19419 0 8 30 23 112 83 19 22 28 125
19419 1 8 48 116 85 90 59 60 7 29
19419 2 8 37 76 59 6 102 32 69 74
19419 3 8 79 76 106 92 29 70 24 91
19419 4 8 27 5 103 109 54 105 116 4
19419 5 8 58 48 52 115 44 87 54 69
19419 6 8 76 95 103 106 41 2 60 27
19419 7 8 80 42 43 65 55 54 115 74
19419 8 8 10 71 2 12 20 127 112 29
19419 9 8 51 108 25 41 119 18 19 15
19419 10 8 51 119 72 2 32 46 95 109
19419 11 8 62 114 51 44 118 101 97 42
19419 12 8 43 115 38 123 101 103 109 62
19419 13 8 41 14 12 85 49 1 57 69
19419 14 8 59 46 18 70 52 5 87 47
19419 15 8 27 107 20 31 61 118 111 67
19419 16 8 110 109 77 29 33 95 46 6
19419 17 8 0 28 64 63 65 56 118 76
19419 18 8 76 95 43 103 98 106 27 41
19419 19 8 80 122 55 42 113 65 115 47
19419 20 8 27 71 2 10 94 29 12 127
19419 21 8 51 108 119 40 101 19 25 41
19419 22 8 51 29 109 124 72 2 119 3
19419 23 8 97 42 114 44 62 118 51 101
19419 24 8 109 43 62 103 115 101 123 38
19419 25 8 89 12 41 14 69 57 123 1
19419 26 8 59 46 18 70 47 110 25 87
19419 27 8 27 31 107 20 61 111 106 67
19419 28 8 33 109 53 110 29 77 46 66
19419 29 8 28 0 64 63 65 56 115 13
19419 30 8 13 103 76 95 43 98 118 27
19419 31 8 122 80 43 55 42 115 58 54
19419 32 8 71 2 10 27 94 127 29 20
19419 33 8 51 108 41 40 25 119 34 101
19419 34 8 51 109 2 124 29 95 119 46
19419 35 8 97 42 6 64 44 118 51 114
19419 36 8 101 109 115 43 38 0 123 13
19419 37 8 41 12 57 109 123 69 89 85
19419 38 8 18 25 59 70 60 46 47 52
19419 39 8 107 27 20 67 22 53 124 61
19419 40 8 110 77 33 95 29 44 66 3
19419 41 8 65 0 64 28 63 115 56 76
19419 42 8 49 46 126 90 120 109 59 42
19419 43 8 125 118 47 117 74 0 121 8
19419 44 8 110 109 23 43 33 47 13 61
19419 45 8 76 47 49 83 85 78 21 86
19419 46 8 96 88 10 126 123 124 1 45
19419 47 8 31 11 127 90 92 14 59 121
315 0 8 68 107 31 69 101 53 81 93
315 1 8 85 75 83 116 89 36 60 98
315 2 8 69 117 123 8 59 102 67 37
315 3 8 79 10 76 106 26 1 91 5
315 4 8 111 103 91 105 54 10 109 116
315 5 8 111 58 52 54 44 90 108 70
315 6 8 76 86 95 2 99 41 106 16
315 7 8 42 80 43 103 72 122 65 115
315 8 8 28 71 27 10 12 2 99 127
315 9 8 51 101 43 48 108 15 119 19
315 10 8 14 29 23 119 51 2 34 9
315 11 8 102 13 10 15 58 62 110 76
315 12 8 115 120 43 123 69 62 18 109
315 13 8 85 121 14 64 12 55 24 49
315 14 8 59 84 19 118 70 5 89 96
315 15 8 50 115 112 27 118 106 61 34
315 16 8 121 33 46 20 53 109 4 91
315 17 8 28 126 14 97 115 109 76 13
315 18 8 43 13 76 120 98 95 27 125
315 19 8 72 56 115 47 80 122 113 74
315 20 8 28 71 27 10 29 2 99 127
315 21 8 51 43 108 101 15 34 48 75
315 22 8 29 51 14 3 75 1 32 80
315 23 8 102 13 10 84 62 17 101 33
315 24 8 18 62 120 115 47 69 43 109
315 25 8 85 121 14 12 49 31 55 13
315 26 8 84 59 89 70 19 110 5 118
315 27 8 112 115 61 118 50 31 67 84
315 28 8 121 53 33 20 95 66 36 2
315 29 8 28 126 97 14 115 119 45 56
315 30 8 13 76 98 43 95 73 60 27
315 31 8 80 122 72 47 115 58 65 107
315 32 8 28 71 29 127 2 10 99 27
315 33 8 51 108 43 101 25 19 104 81
315 34 8 51 14 29 46 3 32 2 83
315 35 8 102 13 10 118 58 44 101 17
315 36 8 115 47 69 120 43 60 48 62
315 37 8 85 121 79 49 107 64 69 55
315 38 8 70 84 25 118 127 28 5 19
315 39 8 115 124 67 112 108 53 61 24
315 40 8 121 95 66 36 20 3 2 33
315 41 8 28 14 45 97 127 56 126 76
315 42 8 41 120 46 65 101 109 93 94
315 43 8 117 4 79 3 0 95 6 65
315 44 8 68 71 61 43 33 54 121 95
315 45 8 49 85 103 21 78 127 20 34
315 46 8 88 67 89 31 28 44 114 77
315 47 8 34 117 59 99 9 27 32 55
1378 0 8 50 34 7 80 106 101 110 51
1378 1 8 75 85 99 65 89 36 60 31
1378 2 8 45 8 69 90 122 68 70 102
1378 3 8 10 79 81 104 77 122 94 91
1378 4 8 103 111 87 54 109 49 10 101
1378 5 8 54 105 44 58 77 15 69 71
1378 6 8 76 60 95 2 13 106 29 1
1378 7 8 80 42 122 103 65 72 74 54
1378 8 8 2 71 10 125 12 107 52 112
1378 9 8 104 51 101 19 120 43 41 18
1378 10 8 23 46 45 51 99 14 9 119
1378 11 8 50 102 10 13 44 79 118 110
1378 12 8 120 69 43 115 118 123 13 18
1378 13 8 113 67 66 55 85 126 12 64
1378 14 8 84 59 96 118 19 46 127 87
1378 15 8 19 115 50 118 108 61 67 79
1378 16 8 51 95 46 36 33 101 53 66
1378 17 8 126 28 35 2 44 76 74 52
1378 18 8 43 120 76 95 60 111 6 73
1378 19 8 80 47 56 72 58 74 122 107
1378 20 8 2 10 71 52 125 124 29 83
1378 21 8 51 104 108 75 101 124 15 81
1378 22 8 29 51 22 3 42 75 63 115
1378 23 8 13 102 50 10 31 118 76 14
1378 24 8 62 43 18 69 120 108 57 47
1378 25 8 12 113 14 67 66 89 85 126
1378 26 8 59 84 96 70 110 2 87 83
1378 27 8 118 115 88 19 50 107 84 27
1378 28 8 46 51 95 33 53 66 26 34
1378 29 8 28 126 35 119 74 68 37 56
1378 30 8 13 76 98 88 111 60 27 95
1378 31 8 122 47 80 115 58 107 74 72
1378 32 8 71 2 10 29 52 83 48 127
1378 33 8 51 108 104 81 43 19 41 18
1378 34 8 51 29 40 22 3 115 72 14
1378 35 8 102 118 50 13 15 10 101 94
1378 36 8 115 118 47 43 69 62 36 18
1378 37 8 85 113 66 102 69 67 14 89
1378 38 8 84 70 96 68 118 25 127 64
1378 39 8 37 115 67 124 118 84 108 27
1378 40 8 51 101 95 66 36 33 119 3
1378 41 8 28 126 11 35 2 127 56 61
1378 42 8 98 120 46 102 41 109 38 94
1378 43 8 58 117 79 3 0 6 17 16
1378 44 8 68 43 61 48 33 121 84 95
1378 45 8 103 49 85 21 78 20 121 119
1378 46 8 88 94 31 44 89 51 114 28
1378 47 8 103 36 59 26 9 22 99 120
25780 0 8 17 23 30 52 87 125 41 112
25780 1 8 85 89 59 16 36 101 31 113
25780 2 8 37 76 6 115 102 32 59 41
25780 3 8 45 104 79 70 5 94 92 106
25780 4 8 103 27 49 10 109 5 54 38
25780 5 8 54 44 48 58 115 87 69 10
25780 6 8 76 60 2 106 95 29 73 27
25780 7 8 80 42 55 65 115 74 54 103
25780 8 8 10 2 71 52 12 112 107 20
25780 9 8 41 51 25 108 18 104 119 15
25780 10 8 51 22 72 70 46 119 99 121
25780 11 8 76 62 118 44 42 101 70 123
25780 12 8 108 43 109 103 115 38 62 57
25780 13 8 14 41 36 12 1 69 57 85
25780 14 8 59 18 46 70 91 81 87 127
25780 15 8 107 21 20 27 67 61 118 22
25780 16 8 46 109 33 95 66 77 108 110
25780 17 8 0 28 63 65 56 64 76 16
25780 18 8 43 76 95 27 103 106 41 111
25780 19 8 80 122 55 107 42 47 115 74
25780 20 8 10 71 27 52 2 112 12 107
25780 21 8 108 41 119 25 51 101 120 81
25780 22 8 51 22 70 72 29 2 82 11
25780 23 8 97 76 118 44 114 42 100 123
25780 24 8 109 108 103 38 62 115 43 13
25780 25 8 14 89 41 69 123 36 109 57
25780 26 8 59 18 46 70 87 60 91 110
25780 27 8 107 20 61 27 67 31 22 118
25780 28 8 46 33 44 77 109 66 53 108
25780 29 8 0 63 28 65 64 56 13 76
25780 30 8 103 76 106 13 118 2 98 27
25780 31 8 43 42 55 80 122 54 47 115
25780 32 8 10 71 127 27 2 20 107 112
25780 33 8 41 51 119 108 25 11 104 88
25780 34 8 51 70 95 109 124 119 97 93
25780 35 8 42 97 76 44 118 94 114 55
25780 36 8 109 38 115 0 43 13 103 101
25780 37 8 36 123 109 41 57 69 95 12
25780 38 8 18 59 60 52 46 111 25 70
25780 39 8 107 67 20 22 61 53 18 27
25780 40 8 33 77 29 44 110 66 3 108
25780 41 8 65 28 0 63 64 85 56 115
25780 42 8 46 126 49 25 20 120 109 59
25780 43 8 47 117 125 8 121 56 94 3
25780 44 8 110 33 13 80 43 107 11 84
25780 45 8 47 83 21 5 49 85 119 87
25780 46 8 1 123 10 45 124 84 97 37
25780 47 8 11 31 127 82 90 12 14 48
13 0 8 65 98 43 73 72 114 44 1
13 1 8 18 94 38 119 127 26 50 43
13 2 8 84 88 38 93 57 47 16 40
13 3 8 89 6 31 2 124 16 79 41
13 4 8 76 106 124 85 115 48 109 89
13 5 8 61 125 58 66 22 126 8 64
13 6 8 83 105 8 52 56 42 30 106
13 7 8 43 49 112 51 41 39 103 16
13 8 8 84 121 103 59 127 46 71 116
13 9 8 117 119 110 9 88 127 125 64
13 10 8 61 105 56 112 13 53 39 98
13 11 8 61 49 24 127 37 101 7 125
13 12 8 15 99 74 9 104 97 56 96
13 13 8 28 6 15 23 73 64 42 69
13 14 8 20 48 90 104 52 17 73 111
13 15 8 85 101 10 18 67 103 61 22
13 16 8 124 8 39 17 73 33 66 45
13 17 8 19 105 69 42 56 48 21 72
13 18 8 105 83 106 8 30 34 27 71
13 19 8 49 60 112 96 43 39 51 3
13 20 8 84 121 103 46 127 116 65 59
13 21 8 9 117 110 125 119 64 108 11
13 22 8 61 105 53 56 13 112 2 39
13 23 8 61 24 49 127 23 37 125 101
13 24 8 99 15 9 56 74 96 97 104
13 25 8 58 15 23 28 6 73 64 11
13 26 8 17 20 90 48 86 104 52 88
13 27 8 85 10 101 18 70 103 61 67
13 28 8 124 73 8 45 17 81 66 39
13 29 8 19 42 69 21 48 105 56 18
13 30 8 105 83 106 30 52 42 8 34
13 31 8 112 49 51 60 34 39 96 16
13 32 8 65 121 84 46 103 116 71 127
13 33 8 125 9 117 110 119 64 49 96
13 34 8 105 61 56 112 53 78 13 39
13 35 8 24 61 49 125 23 37 127 7
13 36 8 99 15 97 96 56 116 63 9
13 37 8 15 58 28 23 6 25 73 118
13 38 8 17 20 48 90 107 86 8 100
13 39 8 85 101 103 10 70 61 95 23
13 40 8 124 73 45 17 8 65 81 66
13 41 8 48 69 42 19 21 18 1 56
13 42 8 31 64 32 114 127 36 115 123
13 43 8 77 88 78 3 117 43 112 104
13 44 8 73 107 53 90 0 121 43 44
13 45 8 21 85 101 94 49 27 2 127
13 46 8 38 84 97 11 34 103 88 28
13 47 8 105 73 57 20 9 86 109 85
1988 0 8 2 63 21 50 103 75 19 34
1988 1 8 23 6 58 41 26 3 126 72
1988 2 8 84 88 8 54 93 47 32 53
1988 3 8 64 2 38 16 124 4 6 80
1988 4 8 25 124 56 76 48 106 67 22
1988 5 8 82 47 22 61 125 126 13 58
1988 6 8 83 42 52 105 30 8 110 38
1988 7 8 95 51 49 43 110 60 45 48
1988 8 8 103 84 46 36 121 116 109 59
1988 9 8 9 127 110 117 65 1 119 52
1988 10 8 112 61 39 64 105 113 53 73
1988 11 8 61 26 127 98 49 9 37 107
1988 12 8 15 63 104 97 107 116 75 50
1988 13 8 76 6 98 23 21 28 73 77
1988 14 8 79 48 90 8 88 52 10 34
1988 15 8 85 18 103 95 56 10 55 8
1988 16 8 124 45 8 73 7 65 83 55
1988 17 8 69 19 48 17 85 105 29 117
1988 18 8 83 42 8 52 30 106 105 34
1988 19 8 95 51 60 49 110 39 34 41
1988 20 8 46 36 84 103 121 116 3 109
1988 21 8 9 117 110 65 127 64 1 10
1988 22 8 61 112 53 105 39 64 13 113
1988 23 8 61 26 49 24 37 107 98 122
1988 24 8 116 63 99 15 97 104 107 42
1988 25 8 76 6 23 21 28 98 73 16
1988 26 8 79 90 8 48 88 6 10 34
1988 27 8 85 18 95 10 56 103 76 8
1988 28 8 45 124 73 8 83 55 65 66
1988 29 8 19 69 17 48 85 117 106 18
1988 30 8 42 52 30 105 106 34 110 83
1988 31 8 95 110 51 49 34 39 60 43
1988 32 8 46 36 121 103 116 84 109 44
1988 33 8 9 65 127 110 1 117 118 64
1988 34 8 112 61 105 113 64 39 53 123
1988 35 8 61 98 24 49 37 107 26 122
1988 36 8 99 63 116 97 15 74 76 30
1988 37 8 76 98 6 23 28 21 77 101
1988 38 8 34 48 79 90 6 107 88 75
1988 39 8 23 95 103 85 18 56 8 10
1988 40 8 45 124 73 8 17 65 83 55
1988 41 8 69 19 48 18 17 106 112 1
1988 42 8 32 31 64 37 74 36 127 123
1988 43 8 77 43 78 88 112 3 97 117
1988 44 8 53 0 73 121 107 43 44 45
1988 45 8 21 94 85 49 27 127 2 22
1988 46 8 84 103 38 97 17 28 82 98
1988 47 8 73 32 9 117 111 95 85 86
1246 0 8 2 13 21 80 18 50 63 61
1246 1 8 23 58 3 8 72 116 95 83
1246 2 8 122 47 9 15 93 127 32 100
1246 3 8 112 2 38 64 29 16 39 37
1246 4 8 56 22 48 25 124 47 109 104
1246 5 8 13 47 82 22 34 126 107 8
1246 6 8 42 52 30 110 8 79 106 38
1246 7 8 110 51 60 34 95 39 45 41
1246 8 8 109 36 46 116 103 3 105 124
1246 9 8 1 10 65 127 52 117 64 96
1246 10 8 74 107 112 39 113 64 122 98
1246 11 8 9 82 107 98 67 37 127 8
1246 12 8 104 63 97 116 75 50 54 77
1246 13 8 42 77 76 98 73 21 16 23
1246 14 8 79 8 34 6 88 76 80 58
1246 15 8 90 18 95 56 60 111 8 103
1246 16 8 55 45 15 65 17 83 73 7
1246 17 8 69 85 15 48 52 106 105 83
1246 18 8 42 79 52 30 106 71 34 120
1246 19 8 51 60 110 39 34 95 41 115
1246 20 8 46 109 36 116 3 103 124 33
1246 21 8 10 117 64 65 22 45 118 52
1246 22 8 74 112 107 53 113 39 108 122
1246 23 8 8 82 37 0 107 98 89 127
1246 24 8 116 104 97 63 50 42 75 43
1246 25 8 42 21 98 76 73 77 75 23
1246 26 8 8 79 58 88 90 34 39 6
1246 27 8 90 18 56 95 10 76 8 103
1246 28 8 45 55 15 65 73 17 83 66
1246 29 8 85 69 48 18 17 83 103 97
1246 30 8 30 106 42 52 34 86 110 8
1246 31 8 34 60 51 39 110 95 3 115
1246 32 8 46 109 36 116 103 3 39 44
1246 33 8 10 117 22 118 64 52 65 119
1246 34 8 112 74 107 113 108 53 25 39
1246 35 8 98 37 8 82 67 0 89 105
1246 36 8 97 116 43 76 30 63 104 118
1246 37 8 77 42 98 21 10 76 73 64
1246 38 8 79 8 34 88 107 39 75 6
1246 39 8 90 18 95 56 103 76 35 8
1246 40 8 45 55 7 65 17 73 83 66
1246 41 8 85 69 48 46 18 106 117 17
1246 42 8 32 37 73 125 31 22 36 101
1246 43 8 27 12 81 77 49 19 43 78
1246 44 8 30 88 99 113 45 37 121 65
1246 45 8 127 17 94 21 112 46 85 58
1246 46 8 84 30 44 29 103 81 105 88
1246 47 8 111 35 52 95 32 79 99 108
6896 0 8 21 63 17 77 80 34 61 87
6896 1 8 23 58 116 99 76 88 16 75
6896 2 8 8 47 54 9 32 15 70 69
6896 3 8 112 38 2 16 121 105 62 90
6896 4 8 22 105 56 87 77 48 25 29
6896 5 8 34 13 126 117 24 82 22 78
6896 6 8 30 42 52 110 8 79 106 75
6896 7 8 51 60 110 39 87 34 98 16
6896 8 8 46 36 103 116 59 3 14 39
6896 9 8 33 10 65 1 127 117 22 119
6896 10 8 112 107 39 74 113 64 108 86
6896 11 8 9 107 82 98 37 104 127 8
6896 12 8 118 116 97 63 104 37 50 43
6896 13 8 42 102 77 95 76 73 98 64
6896 14 8 79 82 8 34 80 88 6 58
6896 15 8 90 18 95 56 87 8 60 10
6896 16 8 55 45 15 17 83 73 65 7
6896 17 8 85 69 15 48 52 106 122 125
6896 18 8 30 42 52 106 75 79 34 110
6896 19 8 51 60 39 110 34 115 87 41
6896 20 8 46 36 103 3 39 109 14 116
6896 21 8 33 10 117 22 65 64 49 96
6896 22 8 112 74 107 113 39 53 108 64
6896 23 8 8 82 37 98 107 50 101 0
6896 24 8 116 97 118 104 43 50 63 75
6896 25 8 42 102 77 73 98 21 76 75
6896 26 8 8 79 88 82 58 80 6 101
6896 27 8 90 18 95 56 87 76 8 4
6896 28 8 55 45 15 83 73 109 17 65
6896 29 8 85 69 15 17 48 52 18 46
6896 30 8 30 106 42 52 86 34 100 8
6896 31 8 34 60 51 39 95 26 110 115
6896 32 8 46 103 36 109 116 39 3 44
6896 33 8 10 117 33 22 118 64 119 52
6896 34 8 112 107 74 113 108 25 53 39
6896 35 8 8 98 37 82 16 0 127 105
6896 36 8 97 118 116 43 124 76 100 30
6896 37 8 77 42 102 21 95 98 10 75
6896 38 8 82 8 79 34 88 80 39 107
6896 39 8 90 18 87 95 60 103 76 35
6896 40 8 45 55 7 111 15 109 73 17
6896 41 8 85 69 48 46 106 52 15 18
6896 42 8 32 37 125 31 36 7 74 73
6896 43 8 12 27 43 19 49 30 78 77
6896 44 8 88 99 30 45 113 13 121 37
6896 45 8 127 17 46 112 21 94 58 85
6896 46 8 84 29 30 105 81 39 103 88
6896 47 8 52 111 95 35 108 79 6 32
653 0 8 104 2 126 7 62 50 21 111
653 1 8 58 23 113 76 123 107 116 46
653 2 8 47 14 9 117 86 116 67 119
653 3 8 112 38 105 121 10 91 29 59
653 4 8 23 22 105 77 48 56 91 121
653 5 8 34 80 13 102 126 107 117 24
653 6 8 30 42 79 110 106 52 8 34
653 7 8 87 51 110 39 98 60 34 115
653 8 8 109 46 103 36 116 59 39 5
653 9 8 94 10 117 119 22 1 47 65
653 10 8 74 112 107 34 39 23 70 122
653 11 8 9 82 87 98 47 4 37 127
653 12 8 120 25 116 97 104 68 122 43
653 13 8 121 42 75 77 119 99 73 76
653 14 8 80 79 8 28 58 88 73 63
653 15 8 90 18 103 60 56 95 67 4
653 16 8 55 15 45 20 73 7 83 40
653 17 8 85 69 15 48 97 52 12 56
653 18 8 106 30 42 79 34 120 9 52
653 19 8 87 39 60 115 34 51 41 122
653 20 8 46 109 36 124 5 118 116 127
653 21 8 117 94 10 64 44 14 119 65
653 22 8 74 34 112 107 66 122 70 113
653 23 8 82 4 8 0 47 37 87 101
653 24 8 120 116 50 104 97 28 74 41
653 25 8 42 121 75 77 73 98 21 119
653 26 8 8 79 28 80 88 58 101 111
653 27 8 90 18 56 4 76 95 103 10
653 28 8 55 45 15 73 20 17 26 123
653 29 8 85 69 97 48 103 14 120 52
653 30 8 106 30 52 86 42 34 79 100
653 31 8 87 34 60 39 51 110 115 95
653 32 8 109 46 116 36 103 3 101 5
653 33 8 10 117 94 64 119 22 96 52
653 34 8 112 74 107 123 70 113 25 13
653 35 8 37 8 98 82 87 0 47 67
653 36 8 97 116 43 124 104 120 50 30
653 37 8 77 75 121 42 98 55 21 10
653 38 8 79 28 8 88 34 107 75 39
653 39 8 90 18 103 95 23 76 4 67
653 40 8 45 55 73 20 7 17 66 15
653 41 8 69 48 85 97 112 18 14 106
653 42 8 32 36 101 28 31 37 127 7
653 43 8 2 78 3 4 27 43 112 77
653 44 8 113 30 121 73 71 107 43 44
653 45 8 127 21 121 85 49 94 103 32
653 46 8 103 84 67 97 29 28 98 88
653 47 8 117 34 32 79 9 111 6 108
358 0 8 104 103 49 50 6 118 47 78
358 1 8 9 58 123 113 76 23 52 34
358 2 8 47 51 14 9 122 100 127 32
358 3 8 112 105 38 25 121 59 10 73
358 4 8 23 105 48 22 124 104 56 109
358 5 8 107 34 13 80 126 22 102 74
358 6 8 79 52 42 30 110 8 71 106
358 7 8 34 87 2 110 51 125 50 31
358 8 8 46 116 109 36 3 103 39 83
358 9 8 94 10 52 1 118 64 119 117
358 10 8 35 74 112 107 122 39 23 113
358 11 8 9 47 82 98 87 127 37 107
358 12 8 68 116 104 97 50 120 43 53
358 13 8 75 42 77 2 73 99 119 121
358 14 8 80 79 88 58 6 8 73 28
358 15 8 90 60 18 4 95 14 38 8
358 16 8 15 11 45 7 83 18 40 17
358 17 8 15 52 85 39 17 97 34 56
358 18 8 79 106 30 42 71 52 34 75
358 19 8 87 34 39 51 60 122 16 115
358 20 8 46 36 3 39 116 109 124 103
358 21 8 117 64 94 10 119 118 45 49
358 22 8 74 35 112 107 113 53 101 39
358 23 8 47 82 8 0 127 37 89 98
358 24 8 116 104 68 50 120 97 100 43
358 25 8 75 42 21 77 121 98 2 73
358 26 8 80 8 88 28 58 79 118 101
358 27 8 18 90 4 60 56 76 10 95
358 28 8 15 45 11 66 7 20 33 83
358 29 8 52 85 15 39 97 56 17 127
358 30 8 79 106 30 42 76 86 34 27
358 31 8 34 39 16 51 87 122 42 60
358 32 8 46 116 109 39 71 103 36 59
358 33 8 10 117 119 94 52 64 45 118
358 34 8 74 107 35 112 101 113 53 45
358 35 8 8 82 37 98 127 71 47 67
358 36 8 124 116 100 104 97 43 53 76
358 37 8 75 2 77 21 42 65 44 98
358 38 8 80 58 88 79 39 0 107 34
358 39 8 60 18 90 35 78 67 95 13
358 40 8 11 7 15 45 66 83 17 18
358 41 8 52 15 85 106 17 46 117 39
358 42 8 37 7 125 74 127 32 22 73
358 43 8 43 19 12 78 56 3 21 112
358 44 8 45 88 37 0 121 30 113 99
358 45 8 46 112 17 21 49 85 58 63
358 46 8 84 105 29 39 30 88 38 80
358 47 8 52 108 95 35 111 59 6 9
1191 0 8 62 111 126 7 29 12 3 22
1191 1 8 76 78 123 88 58 113 107 23
1191 2 8 112 119 47 51 14 32 9 68
1191 3 8 105 120 59 7 93 16 112 25
1191 4 8 105 22 39 109 48 77 104 4
1191 5 8 30 13 126 117 80 34 78 48
1191 6 8 79 30 52 106 42 71 8 34
1191 7 8 34 87 110 51 16 125 3 39
1191 8 8 46 24 116 3 51 27 36 33
1191 9 8 10 52 94 118 114 1 119 62
1191 10 8 112 74 35 107 122 80 39 53
1191 11 8 82 87 71 16 127 37 98 107
1191 12 8 116 97 43 100 104 118 53 75
1191 13 8 75 24 77 95 42 73 101 64
1191 14 8 101 62 18 8 88 6 75 34
1191 15 8 90 18 98 20 95 56 8 24
1191 16 8 29 45 123 77 18 17 83 20
1191 17 8 85 0 65 17 106 83 63 14
1191 18 8 30 79 106 52 42 27 71 34
1191 19 8 34 87 39 16 51 3 122 64
1191 20 8 46 116 3 24 14 36 101 103
1191 21 8 117 10 64 114 118 119 94 52
1191 22 8 74 112 122 53 113 30 35 65
1191 23 8 82 16 8 71 37 127 87 0
1191 24 8 116 97 104 38 50 118 100 77
1191 25 8 24 42 77 95 123 75 109 73
1191 26 8 101 8 18 88 62 6 64 81
1191 27 8 90 18 98 31 20 10 76 95
1191 28 8 45 123 29 77 20 17 83 15
1191 29 8 85 84 0 14 65 17 18 83
1191 30 8 79 30 106 52 86 34 110 42
1191 31 8 34 110 51 87 3 39 103 64
1191 32 8 116 46 24 3 36 51 101 39
1191 33 8 10 117 52 94 118 64 22 114
1191 34 8 120 74 112 95 107 53 35 113
1191 35 8 71 16 82 37 87 8 97 98
1191 36 8 116 97 124 100 38 43 50 53
1191 37 8 24 95 77 75 123 109 121 42
1191 38 8 101 62 18 88 28 111 34 107
1191 39 8 98 18 90 20 76 78 120 4
1191 40 8 123 20 29 83 77 45 114 17
1191 41 8 85 14 84 97 106 0 65 17
1191 42 8 28 101 65 74 75 127 7 126
1191 43 8 78 47 43 4 121 3 2 19
1191 44 8 30 121 54 13 80 110 45 43
1191 45 8 21 47 46 87 85 112 49 127
1191 46 8 45 82 105 67 10 39 84 80
1191 47 8 95 90 127 32 34 117 35 9
419 0 8 61 103 106 119 34 71 18 41
419 1 8 3 76 9 91 105 62 26 56
419 2 8 100 122 112 47 51 125 15 50
419 3 8 59 11 7 93 105 120 79 12
419 4 8 105 39 48 77 104 22 40 4
419 5 8 107 30 105 74 13 126 70 78
419 6 8 30 52 110 71 106 25 64 79
419 7 8 34 110 51 26 31 41 16 125
419 8 8 15 46 24 3 116 80 28 27
419 9 8 10 105 52 22 118 64 114 48
419 10 8 74 122 112 110 23 80 53 56
419 11 8 87 8 71 109 127 82 37 13
419 12 8 26 120 50 116 100 124 37 43
419 13 8 66 95 75 77 42 113 55 64
419 14 8 101 105 96 73 88 6 84 62
419 15 8 98 90 18 34 38 14 115 13
419 16 8 119 123 43 51 45 17 99 33
419 17 8 66 2 35 85 34 84 83 22
419 18 8 106 79 30 71 52 8 86 27
419 19 8 39 34 122 115 110 41 16 60
419 20 8 46 15 3 24 124 116 28 83
419 21 8 64 117 10 43 119 118 114 52
419 22 8 74 112 103 80 30 22 120 53
419 23 8 8 71 82 4 109 87 13 47
419 24 8 120 26 50 116 124 104 37 97
419 25 8 66 113 55 77 42 95 126 73
419 26 8 105 8 96 101 88 84 58 62
419 27 8 98 18 14 4 115 34 76 90
419 28 8 119 43 123 51 45 17 83 66
419 29 8 66 2 35 85 103 56 84 83
419 30 8 106 86 30 27 13 52 79 110
419 31 8 110 39 34 60 51 115 122 56
419 32 8 15 46 3 116 24 101 28 103
419 33 8 117 64 10 22 52 119 48 43
419 34 8 110 103 112 74 30 107 120 80
419 35 8 8 109 37 71 116 50 87 47
419 36 8 26 124 116 50 68 43 97 100
419 37 8 66 113 49 99 10 65 77 95
419 38 8 105 96 101 58 88 84 39 107
419 39 8 98 18 4 3 90 120 34 35
419 40 8 119 123 43 51 66 114 83 40
419 41 8 66 2 35 84 85 106 0 127
419 42 8 18 102 98 75 126 127 123 28
419 43 8 3 81 47 78 6 87 112 49
419 44 8 121 48 20 30 110 80 43 68
419 45 8 21 47 49 85 80 111 20 70
419 46 8 88 45 8 114 115 84 28 98
419 47 8 120 36 127 66 47 9 26 123
11064 0 8 112 28 77 41 23 62 125 124
11064 1 8 29 16 45 7 88 3 67 68
11064 2 8 100 76 24 23 32 47 125 25
11064 3 8 90 92 93 70 119 59 79 62
11064 4 8 27 104 109 47 48 105 10 93
11064 5 8 87 117 48 70 10 24 13 74
11064 6 8 106 118 30 76 52 71 79 80
11064 7 8 39 51 122 54 34 16 42 65
11064 8 8 6 15 46 116 20 101 3 2
11064 9 8 10 119 114 64 41 19 96 117
11064 10 8 110 109 95 112 37 22 35 80
11064 11 8 8 16 127 116 82 94 37 64
11064 12 8 38 26 116 50 0 32 80 100
11064 13 8 41 57 123 109 84 18 42 77
11064 14 8 18 47 88 107 60 81 71 62
11064 15 8 20 18 107 67 111 31 14 21
11064 16 8 77 6 29 110 66 17 108 83
11064 17 8 0 64 65 63 56 84 103 120
11064 18 8 106 27 30 76 71 103 34 25
11064 19 8 39 16 122 115 34 79 54 51
11064 20 8 6 46 101 15 127 94 116 103
11064 21 8 117 64 119 114 35 10 25 111
11064 22 8 109 95 37 23 51 112 53 65
11064 23 8 42 22 82 127 8 16 116 37
11064 24 8 0 38 50 26 103 25 34 14
11064 25 8 41 57 109 123 18 25 89 84
11064 26 8 47 18 60 88 71 59 8 62
11064 27 8 18 20 107 111 31 14 76 61
11064 28 8 77 6 44 26 110 23 29 108
11064 29 8 0 65 64 63 84 103 85 120
11064 30 8 106 118 30 27 52 76 103 71
11064 31 8 34 39 122 100 16 51 60 47
11064 32 8 46 6 15 20 101 116 127 76
11064 33 8 117 10 64 35 111 119 41 96
11064 34 8 112 109 110 95 98 13 124 37
11064 35 8 42 8 37 116 16 22 64 97
11064 36 8 26 38 0 43 116 97 25 50
11064 37 8 41 109 123 57 77 95 18 91
11064 38 8 111 47 18 60 107 88 102 81
11064 39 8 20 107 90 18 76 77 120 35
11064 40 8 6 23 77 29 44 110 108 65
11064 41 8 85 65 63 0 64 84 18 106
11064 42 8 75 90 126 49 32 8 28 20
11064 43 8 74 121 47 3 78 27 125 111
11064 44 8 30 13 110 23 121 80 34 72
11064 45 8 47 87 76 5 21 83 26 85
11064 46 8 96 45 10 37 84 103 124 113
11064 47 8 127 11 31 90 114 121 82 15
30 0 8 65 98 72 99 100 102 73 40
30 1 8 18 70 94 127 119 26 106 43
30 2 8 84 88 47 38 93 57 127 99
30 3 8 2 6 89 31 59 16 124 41
30 4 8 76 106 124 115 48 47 85 104
30 5 8 125 61 13 66 126 8 22 30
30 6 8 83 52 105 30 8 42 56 110
30 7 8 34 49 112 110 51 45 48 3
30 8 8 46 84 116 121 3 65 105 103
30 9 8 10 110 9 117 118 52 1 64
30 10 8 61 112 122 105 56 53 39 98
30 11 8 61 49 24 127 125 37 82 8
30 12 8 99 15 116 96 104 97 50 56
30 13 8 6 28 15 77 73 42 23 101
30 14 8 20 48 104 90 17 6 88 76
30 15 8 85 101 10 70 18 90 8 56
30 16 8 124 73 17 45 103 8 65 39
30 17 8 69 42 21 48 34 19 78 83
30 18 8 105 52 83 71 8 44 56 30
30 19 8 49 112 34 51 110 75 31 3
30 20 8 46 84 116 121 3 65 105 103
30 21 8 64 110 9 117 10 125 114 118
30 22 8 53 122 105 61 112 56 98 78
30 23 8 61 49 24 125 107 37 6 7
30 24 8 99 56 15 50 96 116 97 104
30 25 8 58 15 28 6 23 73 25 20
30 26 8 20 90 17 48 100 88 104 8
30 27 8 10 85 101 18 70 103 56 8
30 28 8 124 45 73 65 81 8 17 83
30 29 8 42 69 19 21 18 1 48 17
30 30 8 52 105 30 83 106 42 56 8
30 31 8 112 110 49 51 34 60 31 75
30 32 8 46 65 121 116 84 3 103 44
30 33 8 9 125 110 64 117 1 96 127
30 34 8 112 105 53 61 56 78 98 39
30 35 8 61 24 49 125 37 23 107 7
30 36 8 99 97 15 116 56 96 63 75
30 37 8 15 25 58 28 23 6 73 10
30 38 8 20 17 48 90 107 86 34 100
30 39 8 101 85 103 10 23 70 95 8
30 40 8 65 124 45 73 17 8 81 83
30 41 8 42 69 48 19 18 21 1 112
30 42 8 32 31 64 127 36 123 114 115
30 43 8 77 88 78 112 3 43 97 104
30 44 8 53 90 73 0 121 107 44 43
30 45 8 21 101 85 94 27 49 22 127
30 46 8 103 84 38 97 34 11 98 28
30 47 8 73 105 57 20 109 9 86 85
6771 0 8 50 21 2 75 126 97 104 103
6771 1 8 58 6 119 23 95 123 24 3
6771 2 8 7 47 93 32 10 127 51 14
6771 3 8 2 16 124 39 4 38 112 82
6771 4 8 56 48 109 23 104 4 25 52
6771 5 8 13 82 22 74 107 68 47 34
6771 6 8 106 76 8 30 71 52 12 44
6771 7 8 16 65 80 54 51 42 122 75
6771 8 8 109 46 71 116 36 12 112 76
6771 9 8 119 114 19 45 64 10 65 117
6771 10 8 51 83 53 66 56 112 123 37
6771 11 8 127 67 89 82 101 7 51 21
6771 12 8 104 116 97 13 56 34 3 24
6771 13 8 25 69 42 23 16 21 66 77
6771 14 8 90 70 88 127 118 80 52 71
6771 15 8 67 22 4 18 124 13 112 118
6771 16 8 95 66 55 2 73 7 26 121
6771 17 8 56 69 48 35 28 52 14 120
6771 18 8 106 95 76 111 27 120 2 6
6771 19 8 80 122 16 65 42 96 54 107
6771 20 8 71 109 12 112 107 52 46 29
6771 21 8 119 114 19 75 108 18 117 10
6771 22 8 51 72 83 37 65 123 66 11
6771 23 8 127 67 89 82 51 100 44 21
6771 24 8 3 13 77 92 9 120 24 48
6771 25 8 25 89 69 99 11 16 49 82
6771 26 8 70 88 62 80 90 127 107 96
6771 27 8 22 13 67 18 103 112 61 108
6771 28 8 66 73 3 95 55 2 65 26
6771 29 8 56 48 28 69 39 46 72 76
6771 30 8 106 27 76 30 95 2 79 12
6771 31 8 96 16 80 39 42 60 122 75
6771 32 8 109 71 9 46 36 112 12 127
6771 33 8 119 117 65 114 120 108 81 49
6771 34 8 66 112 51 7 72 74 37 65
6771 35 8 4 127 37 87 17 44 77 101
6771 36 8 24 116 97 92 77 9 13 118
6771 37 8 61 25 20 23 82 98 77 104
6771 38 8 91 101 79 107 62 90 92 88
6771 39 8 13 87 98 8 103 10 95 120
6771 40 8 65 123 17 45 73 55 7 83
6771 41 8 18 58 48 69 85 106 49 17
6771 42 8 2 28 31 64 127 32 123 37
6771 43 8 77 2 27 78 56 3 112 97
6771 44 8 113 11 107 121 82 54 44 62
6771 45 8 127 21 85 94 92 63 58 76
6771 46 8 103 84 74 88 38 97 29 51
6771 47 8 6 79 114 108 0 111 71 80
752 0 8 62 13 103 61 19 18 37 80
752 1 8 58 23 9 123 3 76 57 45
752 2 8 51 47 14 7 93 9 127 54
752 3 8 2 38 16 59 112 39 64 124
752 4 8 124 56 23 25 104 48 22 67
752 5 8 13 107 82 34 47 22 68 8
752 6 8 79 52 8 42 12 38 56 127
752 7 8 110 2 34 87 51 31 41 45
752 8 8 46 36 116 109 3 105 118 61
752 9 8 52 65 1 64 99 96 118 94
752 10 8 74 112 35 26 113 122 53 103
752 11 8 107 6 37 9 75 87 77 52
752 12 8 116 75 97 52 50 104 63 96
752 13 8 23 98 73 2 21 75 101 119
752 14 8 80 76 6 79 88 75 115 90
752 15 8 13 8 10 60 125 18 95 16
752 16 8 15 65 45 17 7 11 91 83
752 17 8 15 52 58 17 18 83 29 34
752 18 8 79 52 71 83 8 44 25 42
752 19 8 110 51 31 41 87 34 45 9
752 20 8 46 36 3 116 105 118 9 109
752 21 8 64 65 114 52 96 99 45 118
752 22 8 74 112 35 53 26 66 30 0
752 23 8 107 6 89 82 43 77 39 4
752 24 8 50 116 75 104 97 56 100 111
752 25 8 23 73 21 98 16 2 101 75
752 26 8 80 90 88 8 79 76 6 75
752 27 8 13 10 18 60 8 111 95 120
752 28 8 45 15 7 11 65 83 17 73
752 29 8 52 17 15 18 58 83 85 106
752 30 8 79 52 106 71 30 42 34 8
752 31 8 110 51 34 31 9 122 41 2
752 32 8 116 46 36 3 109 101 105 33
752 33 8 52 64 65 96 114 49 118 1
752 34 8 112 35 74 53 26 113 30 62
752 35 8 107 37 89 8 43 39 98 7
752 36 8 116 100 97 50 52 75 80 26
752 37 8 2 98 21 75 101 42 10 73
752 38 8 80 75 34 88 6 79 76 107
752 39 8 13 60 120 82 95 8 18 78
752 40 8 11 15 83 7 45 65 17 79
752 41 8 106 52 18 15 17 58 85 46
752 42 8 2 123 37 74 125 7 22 32
752 43 8 112 43 19 78 56 97 12 77
752 44 8 113 45 0 88 37 121 44 122
752 45 8 46 112 85 22 17 92 58 63
752 46 8 84 105 29 39 38 30 88 80
752 47 8 35 95 108 52 111 6 59 71
1744 0 8 62 2 12 126 77 29 66 70
1744 1 8 58 123 78 76 88 23 7 3
1744 2 8 9 51 119 47 15 32 73 127
1744 3 8 59 120 105 7 90 38 16 2
1744 4 8 47 22 39 56 48 104 67 109
1744 5 8 78 13 22 74 82 126 80 24
1744 6 8 79 52 110 42 38 12 10 71
1744 7 8 110 87 51 34 31 45 60 41
1744 8 8 46 36 105 51 24 3 118 33
1744 9 8 52 1 65 99 94 96 118 64
1744 10 8 112 74 26 35 67 22 9 113
1744 11 8 107 87 37 71 43 16 77 31
1744 12 8 111 75 52 116 100 97 77 96
1744 13 8 73 24 101 75 98 95 42 2
1744 14 8 76 62 6 34 81 75 22 88
1744 15 8 8 98 95 13 18 16 56 82
1744 16 8 58 65 17 45 83 123 29 70
1744 17 8 58 106 18 0 65 14 85 17
1744 18 8 79 52 71 44 42 110 25 75
1744 19 8 110 51 31 41 87 45 60 48
1744 20 8 46 118 36 3 105 116 124 51
1744 21 8 65 64 1 52 96 99 114 118
1744 22 8 74 112 26 35 3 53 30 66
1744 23 8 107 16 71 8 87 43 77 82
1744 24 8 111 116 75 77 50 97 100 42
1744 25 8 73 24 95 98 101 42 84 75
1744 26 8 8 62 76 81 88 6 34 90
1744 27 8 8 18 95 98 10 56 87 13
1744 28 8 65 123 45 83 17 73 29 18
1744 29 8 85 18 58 0 65 83 84 106
1744 30 8 52 79 110 30 42 71 86 106
1744 31 8 110 51 60 31 34 41 45 115
1744 32 8 116 46 36 118 3 51 24 105
1744 33 8 52 65 64 1 96 118 114 49
1744 34 8 112 74 26 53 120 3 113 95
1744 35 8 71 16 107 87 37 8 43 89
1744 36 8 116 97 52 75 100 50 77 111
1744 37 8 24 95 42 73 10 101 75 109
1744 38 8 62 34 88 18 75 111 6 107
1744 39 8 98 120 8 18 82 95 56 13
1744 40 8 123 65 83 45 17 29 18 114
1744 41 8 58 85 106 18 84 65 0 53
1744 42 8 2 28 75 32 123 8 31 126
1744 43 8 47 121 112 78 2 97 77 81
1744 44 8 80 13 121 110 113 54 3 73
1744 45 8 47 87 83 85 94 5 21 22
1744 46 8 1 45 17 10 74 96 84 103
1744 47 8 127 90 11 31 44 82 27 15
13 0 8 65 98 43 73 45 72 114 44
13 1 8 18 38 94 127 119 70 26 50
13 2 8 84 93 88 38 47 40 127 54
13 3 8 2 59 6 31 16 124 82 38
13 4 8 47 106 124 115 76 48 104 67
13 5 8 61 13 66 22 126 125 82 8
13 6 8 8 52 105 83 42 30 56 38
13 7 8 110 112 51 49 34 60 45 31
13 8 8 46 84 105 116 121 65 36 3
13 9 8 1 9 110 52 65 64 45 99
13 10 8 112 61 105 56 26 39 113 98
13 11 8 61 107 125 24 37 67 7 8
13 12 8 75 99 116 96 15 97 56 50
13 13 8 73 15 6 23 28 42 58 101
13 14 8 20 90 48 104 17 76 6 88
13 15 8 101 85 10 70 18 103 8 16
13 16 8 73 17 124 45 65 39 83 81
13 17 8 69 42 48 21 83 105 56 17
13 18 8 30 105 8 83 52 34 106 71
13 19 8 60 34 51 112 49 75 3 110
13 20 8 46 84 116 121 36 103 65 3
13 21 8 117 45 65 64 9 114 110 96
13 22 8 53 112 61 105 78 122 56 13
13 23 8 61 125 49 89 127 37 24 67
13 24 8 104 56 97 116 99 15 96 50
13 25 8 58 25 28 15 6 23 73 32
13 26 8 90 20 17 48 88 100 8 104
13 27 8 10 18 101 85 103 70 76 61
13 28 8 73 124 81 45 65 17 8 55
13 29 8 42 69 48 21 19 1 18 103
13 30 8 105 106 30 52 8 83 34 42
13 31 8 49 112 34 60 51 65 75 39
13 32 8 65 121 46 84 116 71 103 109
13 33 8 117 9 110 45 125 119 64 65
13 34 8 105 53 112 61 78 56 13 123
13 35 8 61 24 125 49 37 127 89 67
13 36 8 99 97 15 56 116 96 74 9
13 37 8 58 15 25 28 23 6 10 73
13 38 8 17 20 90 48 107 86 100 8
13 39 8 101 103 85 10 70 23 95 61
13 40 8 73 124 45 17 81 8 65 83
13 41 8 42 69 48 19 21 1 18 112
13 42 8 32 31 64 127 36 114 115 123
13 43 8 77 88 3 78 112 104 117 43
13 44 8 53 107 73 90 121 0 43 44
13 45 8 21 101 94 85 27 49 127 2
13 46 8 84 103 38 34 11 97 98 28
13 47 8 105 73 57 20 9 86 109 85
358 0 8 103 104 49 50 32 78 58 19
358 1 8 9 6 58 23 62 30 77 95
358 2 8 51 122 84 93 47 100 127 2
358 3 8 2 38 39 4 124 64 18 29
358 4 8 23 56 48 124 104 50 25 47
358 5 8 107 82 74 22 47 97 13 75
358 6 8 79 52 8 42 106 71 44 38
358 7 8 110 2 51 31 60 16 41 125
358 8 8 46 109 36 3 116 44 61 17
358 9 8 65 45 52 64 1 96 47 119
358 10 8 112 35 39 113 53 123 36 66
358 11 8 67 107 127 37 89 7 43 65
358 12 8 104 50 75 97 116 71 74 52
358 13 8 2 98 21 23 73 16 25 119
358 14 8 80 90 88 79 115 76 8 73
358 15 8 18 60 13 67 22 14 10 8
358 16 8 7 45 55 11 66 15 95 65
358 17 8 39 52 15 56 34 127 46 17
358 18 8 106 79 76 30 27 52 8 95
358 19 8 60 122 80 39 115 65 16 51
358 20 8 46 36 109 71 103 101 3 116
358 21 8 117 64 119 65 45 114 25 81
358 22 8 13 123 83 112 35 66 53 113
358 23 8 67 89 127 37 51 82 107 122
358 24 8 104 116 50 97 74 60 75 34
358 25 8 25 98 21 23 16 73 2 20
358 26 8 90 80 88 8 79 111 70 115
358 27 8 18 10 60 13 61 76 95 22
358 28 8 45 7 11 15 17 65 66 26
358 29 8 39 52 17 46 103 15 18 56
358 30 8 79 52 106 30 34 42 76 27
358 31 8 110 34 51 2 60 100 39 122
358 32 8 36 46 109 103 44 101 116 3
358 33 8 65 52 45 96 117 64 49 1
358 34 8 35 112 13 113 53 66 39 18
358 35 8 37 115 89 107 98 67 8 43
358 36 8 97 116 26 75 50 74 52 63
358 37 8 2 98 76 21 82 10 16 23
358 38 8 80 79 34 75 88 107 115 90
358 39 8 13 95 60 8 120 82 18 10
358 40 8 7 45 11 65 17 15 83 55
358 41 8 39 18 52 106 17 46 15 85
358 42 8 2 125 74 37 22 123 127 7
358 43 8 56 19 43 12 97 112 78 77
358 44 8 88 45 99 37 44 0 121 113
358 45 8 58 46 92 17 112 85 21 22
358 46 8 84 105 29 30 39 38 103 88
358 47 8 108 95 52 35 111 6 87 59
1744 0 8 62 111 12 2 126 77 29 22
1744 1 8 58 23 86 3 76 77 88 16
1744 2 8 54 9 51 24 93 8 14 47
1744 3 8 25 38 105 2 4 16 64 59
1744 4 8 47 56 48 25 22 67 104 119
1744 5 8 82 34 80 22 47 107 126 74
1744 6 8 52 79 42 110 38 30 106 71
1744 7 8 60 110 51 87 31 50 39 48
1744 8 8 36 46 18 103 109 105 44 51
1744 9 8 1 65 45 94 96 52 127 99
1744 10 8 112 74 35 39 108 113 64 26
1744 11 8 107 67 37 87 98 115 89 43
1744 12 8 75 97 116 52 104 63 118 50
1744 13 8 98 73 21 75 24 16 76 64
1744 14 8 79 88 8 62 34 76 75 28
1744 15 8 95 103 8 18 60 16 56 87
1744 16 8 45 73 55 65 83 17 123 15
1744 17 8 69 48 17 85 15 18 30 106
1744 18 8 52 42 79 30 71 34 106 44
1744 19 8 60 51 34 110 87 31 39 41
1744 20 8 36 46 109 103 3 105 116 44
1744 21 8 65 45 64 117 96 94 127 1
1744 22 8 112 74 35 39 113 53 13 108
1744 23 8 37 107 67 87 89 8 115 98
1744 24 8 116 97 75 104 50 63 74 9
1744 25 8 98 21 73 75 16 24 76 42
1744 26 8 79 8 88 90 62 111 28 34
1744 27 8 103 18 10 95 56 76 61 8
1744 28 8 73 45 55 83 15 123 17 26
1744 29 8 69 48 97 85 103 17 18 120
1744 30 8 106 30 52 34 42 27 8 86
1744 31 8 60 34 51 110 100 39 65 115
1744 32 8 46 36 109 103 44 116 127 101
1744 33 8 117 45 65 64 49 119 96 94
1744 34 8 112 108 113 53 13 39 123 25
1744 35 8 67 37 89 98 115 8 87 122
1744 36 8 97 116 9 63 118 52 74 104
1744 37 8 98 21 16 24 10 75 76 73
1744 38 8 8 62 79 88 34 107 28 75
1744 39 8 103 95 18 23 76 61 87 6
1744 40 8 45 73 55 123 66 17 65 20
1744 41 8 48 69 85 1 97 112 127 18
1744 42 8 64 31 127 75 101 37 36 115
1744 43 8 3 77 78 117 81 21 43 112
1744 44 8 121 107 73 43 53 13 71 68
1744 45 8 21 49 85 94 27 78 127 32
1744 46 8 67 28 98 31 84 114 97 88
1744 47 8 117 32 34 9 86 73 111 85
432 0 8 61 103 104 71 92 38 14 69
432 1 8 3 9 62 23 58 76 30 116
432 2 8 122 100 9 54 14 10 127 47
432 3 8 38 39 105 112 59 25 101 5
432 4 8 23 48 56 47 104 25 50 67
432 5 8 107 126 82 34 22 74 47 13
432 6 8 30 106 42 52 76 110 71 44
432 7 8 60 51 2 39 34 110 54 42
432 8 8 46 109 36 103 15 101 64 3
432 9 8 45 119 117 65 114 64 96 127
432 10 8 112 108 39 123 113 37 103 80
432 11 8 67 8 127 37 89 82 98 51
432 12 8 116 26 104 97 9 74 63 34
432 13 8 25 66 21 98 16 42 59 99
432 14 8 80 88 79 8 90 52 70 58
432 15 8 18 67 60 22 61 6 79 111
432 16 8 55 60 95 66 7 26 15 119
432 17 8 56 46 52 69 15 103 35 88
432 18 8 106 76 27 95 30 111 6 29
432 19 8 39 80 115 122 60 65 42 96
432 20 8 46 71 127 109 6 101 108 103
432 21 8 117 119 114 64 81 25 65 92
432 22 8 51 83 37 66 53 13 123 65
432 23 8 127 100 51 67 89 8 82 101
432 24 8 34 92 26 104 4 116 22 109
432 25 8 25 89 99 82 95 66 20 49
432 26 8 80 90 88 8 79 111 70 47
432 27 8 18 61 111 6 60 67 14 90
432 28 8 26 60 66 7 55 119 45 15
432 29 8 46 103 52 56 53 69 15 6
432 30 8 106 27 30 76 34 89 95 52
432 31 8 60 100 47 39 122 108 115 51
432 32 8 127 46 101 109 71 76 64 17
432 33 8 117 45 111 119 64 96 108 49
432 34 8 108 112 66 113 103 30 39 2
432 35 8 8 37 127 64 89 115 67 4
432 36 8 26 53 97 34 116 95 9 74
432 37 8 76 16 98 10 21 75 44 2
432 38 8 80 79 8 88 34 107 52 105
432 39 8 60 18 95 56 61 6 76 67
432 40 8 60 7 45 55 15 66 17 83
432 41 8 52 15 46 85 103 117 106 18
432 42 8 73 125 37 24 22 127 7 59
432 43 8 49 12 19 3 43 78 21 102
432 44 8 19 88 45 99 121 43 37 122
432 45 8 58 112 17 46 21 49 85 22
432 46 8 84 30 81 29 105 39 88 28
432 47 8 52 35 111 95 6 108 59 71
594 0 8 76 17 16 111 18 101 118 24
594 1 8 3 34 86 76 20 107 12 58
594 2 8 14 100 77 87 9 93 127 115
594 3 8 76 38 105 112 25 2 73 39
594 4 8 23 48 118 0 56 22 25 47
594 5 8 107 126 80 82 34 22 13 97
594 6 8 52 42 110 30 38 112 44 106
594 7 8 60 87 110 51 31 45 39 2
594 8 8 64 36 46 103 3 105 15 101
594 9 8 45 94 65 127 1 96 117 49
594 10 8 112 108 39 80 64 74 102 23
594 11 8 8 67 37 107 98 115 9 127
594 12 8 97 116 63 75 26 9 50 104
594 13 8 75 44 73 98 21 76 77 43
594 14 8 8 80 79 88 34 75 76 6
594 15 8 95 60 18 8 56 55 111 11
594 16 8 40 45 7 60 15 65 17 32
594 17 8 53 52 15 69 85 56 120 106
594 18 8 52 42 30 106 110 34 75 9
594 19 8 60 87 51 39 34 110 41 26
594 20 8 64 46 36 3 103 5 127 124
594 21 8 94 117 45 65 64 95 119 81
594 22 8 112 74 80 108 113 14 39 13
594 23 8 8 89 67 37 107 127 0 98
594 24 8 116 53 97 104 9 50 74 118
594 25 8 75 44 98 21 76 73 16 25
594 26 8 8 80 79 88 111 90 101 105
594 27 8 60 18 61 95 76 56 10 6
594 28 8 40 7 45 60 26 66 15 17
594 29 8 53 103 52 85 117 56 15 69
594 30 8 106 30 34 27 52 110 42 86
594 31 8 60 87 39 34 100 51 115 47
594 32 8 64 127 46 36 71 103 101 116
594 33 8 117 94 45 119 64 111 49 96
594 34 8 108 112 2 113 14 80 83 13
594 35 8 8 37 67 86 89 98 127 115
594 36 8 53 9 97 116 32 42 34 74
594 37 8 44 75 98 10 21 76 16 25
594 38 8 80 79 8 88 34 107 52 111
594 39 8 60 61 95 18 6 67 76 56
594 40 8 40 7 66 45 60 15 17 105
594 41 8 53 52 117 103 85 15 106 127
594 42 8 73 37 125 127 22 24 123 59
594 43 8 3 49 81 117 78 43 21 77
594 44 8 54 37 121 80 43 45 19 95
594 45 8 21 49 46 112 94 80 85 78
594 46 8 82 84 124 88 105 44 39 28
594 47 8 90 34 32 27 95 35 117 9
264 0 8 106 27 50 0 48 110 111 103
264 1 8 99 76 3 86 77 123 116 62
264 2 8 45 14 122 100 87 32 7 70
264 3 8 76 94 105 38 79 26 66 112
264 4 8 0 118 48 77 109 22 93 105
264 5 8 105 126 51 80 22 74 107 102
264 6 8 106 52 30 110 42 86 76 71
264 7 8 60 51 110 39 26 42 54 41
264 8 8 2 46 64 103 36 71 15 127
264 9 8 45 117 94 127 22 119 1 65
264 10 8 108 112 39 80 14 2 23 83
264 11 8 67 8 98 37 127 107 115 58
264 12 8 9 42 116 50 74 53 97 118
264 13 8 12 44 66 75 77 98 76 73
264 14 8 105 96 8 88 58 34 75 107
264 15 8 95 18 56 60 67 61 4 6
264 16 8 51 40 45 66 43 60 4 53
264 17 8 66 2 53 56 103 85 35 117
264 18 8 106 27 76 30 52 42 71 110
264 19 8 60 39 115 122 51 54 47 42
264 20 8 2 64 46 36 127 103 101 3
264 21 8 117 94 45 64 119 81 65 33
264 22 8 14 80 108 112 83 74 30 113
264 23 8 8 89 67 127 37 86 0 98
264 24 8 104 53 116 68 74 118 32 9
264 25 8 44 12 66 75 98 21 64 113
264 26 8 105 8 96 88 111 58 118 39
264 27 8 18 61 56 14 6 4 67 76
264 28 8 51 40 66 26 4 53 43 121
264 29 8 66 2 53 103 35 56 117 6
264 30 8 106 27 76 110 30 86 100 34
264 31 8 60 122 39 100 47 115 42 65
264 32 8 2 46 127 71 64 101 103 76
264 33 8 117 119 45 94 64 25 108 22
264 34 8 2 83 108 14 66 80 30 13
264 35 8 8 67 86 37 64 127 89 115
264 36 8 32 9 53 34 74 42 116 68
264 37 8 12 44 66 65 99 75 10 113
264 38 8 105 8 96 58 88 111 118 34
264 39 8 18 61 3 6 4 67 56 95
264 40 8 51 4 43 40 66 53 121 105
264 41 8 2 66 35 117 103 126 127 106
264 42 8 73 98 102 127 18 93 22 94
264 43 8 3 81 6 78 117 21 87 79
264 44 8 121 48 20 43 68 95 81 72
264 45 8 21 49 20 85 80 70 78 111
264 46 8 88 44 115 8 114 31 28 98
264 47 8 36 120 59 47 66 123 9 88
11416 0 8 77 17 67 28 62 110 68 34
11416 1 8 99 75 48 45 116 114 7 88
11416 2 8 90 70 32 8 73 9 125 64
11416 3 8 76 62 77 16 73 90 121 79
11416 4 8 22 0 48 87 116 109 77 105
11416 5 8 126 122 78 74 105 56 80 18
11416 6 8 106 110 52 86 30 76 85 71
11416 7 8 60 51 110 39 100 26 115 54
11416 8 8 46 4 2 103 44 35 95 36
11416 9 8 117 33 127 22 119 64 96 65
11416 10 8 108 80 2 112 13 30 64 39
11416 11 8 16 8 115 37 50 98 107 127
11416 12 8 32 42 116 104 50 74 97 118
11416 13 8 102 12 10 44 64 113 73 76
11416 14 8 8 64 96 34 82 88 111 58
11416 15 8 95 18 6 33 3 77 56 14
11416 16 8 51 109 45 43 40 26 13 17
11416 17 8 66 2 103 85 35 106 126 53
11416 18 8 106 52 85 30 42 86 110 27
11416 19 8 60 51 100 39 110 41 9 115
11416 20 8 46 4 44 3 2 64 103 127
11416 21 8 117 64 33 111 96 94 22 80
11416 22 8 2 112 80 108 30 53 13 39
11416 23 8 8 37 16 50 98 115 86 89
11416 24 8 32 42 116 50 74 97 104 118
11416 25 8 102 44 12 10 113 64 73 98
11416 26 8 64 8 82 111 96 58 88 34
11416 27 8 6 18 14 33 95 61 56 46
11416 28 8 109 51 26 43 13 66 45 53
11416 29 8 66 103 2 35 126 53 6 92
11416 30 8 106 27 76 30 29 86 34 100
11416 31 8 60 100 39 47 115 51 9 110
11416 32 8 4 2 76 127 46 101 71 103
11416 33 8 117 33 96 64 111 119 127 22
11416 34 8 2 108 30 95 80 13 33 112
11416 35 8 16 8 50 115 37 97 86 98
11416 36 8 32 34 103 116 42 68 50 9
11416 37 8 102 12 10 113 99 65 66 64
11416 38 8 64 82 8 96 58 111 88 34
11416 39 8 18 3 77 4 6 46 14 33
11416 40 8 109 51 66 13 43 4 26 105
11416 41 8 66 2 35 126 127 103 117 6
11416 42 8 18 98 127 73 102 94 86 123
11416 43 8 3 16 6 117 21 78 87 79
11416 44 8 121 48 20 43 68 13 95 44
11416 45 8 21 49 111 85 80 78 70 20
11416 46 8 88 8 114 115 31 28 98 80
11416 47 8 26 120 9 47 123 66 36 59
11064 0 8 112 28 41 77 23 62 125 124
11064 1 8 29 52 67 45 113 68 122 13
11064 2 8 76 24 32 23 125 64 59 115
11064 3 8 92 121 76 90 70 79 119 77
11064 4 8 27 109 10 93 104 47 5 48
11064 5 8 122 10 24 48 126 87 117 56
11064 6 8 106 30 118 76 29 71 86 27
11064 7 8 39 122 51 54 100 42 65 115
11064 8 8 6 46 2 127 18 103 124 15
11064 9 8 119 117 64 96 25 114 127 35
11064 10 8 2 109 13 95 80 51 30 42
11064 11 8 16 8 101 127 82 51 22 37
11064 12 8 32 34 38 103 116 50 104 74
11064 13 8 41 12 123 10 57 109 99 89
11064 14 8 47 18 88 111 31 60 8 71
11064 15 8 20 18 6 14 67 61 37 76
11064 16 8 77 110 6 29 26 53 66 23
11064 17 8 64 0 103 65 84 63 56 120
11064 18 8 106 27 76 30 103 34 29 100
11064 19 8 39 115 122 100 47 16 51 60
11064 20 8 46 6 127 101 94 103 2 71
11064 21 8 117 114 119 64 81 35 96 25
11064 22 8 109 2 80 13 95 51 37 25
11064 23 8 42 97 16 8 127 22 64 53
11064 24 8 32 38 0 34 103 25 115 101
11064 25 8 41 123 12 89 109 25 57 18
11064 26 8 47 18 60 111 71 88 8 62
11064 27 8 20 6 18 31 14 61 107 76
11064 28 8 77 6 26 110 29 23 44 53
11064 29 8 65 103 64 0 84 63 85 53
11064 30 8 106 118 27 30 103 34 76 52
11064 31 8 100 47 39 60 122 108 34 115
11064 32 8 6 127 46 2 101 20 44 76
11064 33 8 117 111 35 96 64 106 127 40
11064 34 8 2 95 109 108 112 13 30 25
11064 35 8 42 37 16 97 8 115 55 64
11064 36 8 32 34 0 38 103 116 97 42
11064 37 8 123 109 41 57 12 10 18 95
11064 38 8 47 111 60 18 8 88 102 107
11064 39 8 20 6 18 107 90 61 77 76
11064 40 8 6 77 23 110 44 29 108 26
11064 41 8 65 64 85 103 0 63 36 106
11064 42 8 24 90 126 49 75 73 59 8
11064 43 8 74 3 121 125 49 47 78 104
11064 44 8 121 13 23 37 110 80 43 45
11064 45 8 26 5 76 21 47 83 49 85
11064 46 8 96 124 10 82 88 84 45 1
11064 47 8 31 127 121 90 11 15 114 82
553 0 8 120 69 53 81 93 101 61 31
553 1 8 53 83 115 45 88 91 105 41
553 2 8 117 116 32 125 47 123 10 120
553 3 8 10 76 106 121 90 26 79 11
553 4 8 111 91 10 93 79 48 109 47
553 5 8 111 56 126 74 122 97 70 24
553 6 8 106 30 52 86 27 76 75 110
553 7 8 72 51 100 39 110 115 34 122
553 8 8 99 46 2 127 44 27 28 103
553 9 8 43 117 45 119 48 127 64 96
553 10 8 2 83 14 123 13 66 80 112
553 11 8 58 13 8 90 51 37 127 79
553 12 8 32 69 68 104 120 34 52 9
553 13 8 25 12 79 121 10 64 127 107
553 14 8 28 101 111 70 88 118 84 80
553 15 8 3 18 4 87 61 67 14 34
553 16 8 121 66 15 20 26 40 43 91
553 17 8 45 97 56 6 61 52 92 103
553 18 8 106 27 75 30 76 13 71 86
553 19 8 39 72 115 122 96 47 42 16
553 20 8 99 46 127 6 2 71 28 101
553 21 8 117 43 119 64 45 91 81 21
553 22 8 2 14 83 37 80 25 123 112
553 23 8 58 13 51 127 101 47 17 86
553 24 8 32 69 120 47 68 115 95 28
553 25 8 25 89 121 12 64 107 44 79
553 26 8 28 118 70 84 107 19 89 88
553 27 8 18 61 14 67 27 6 112 76
553 28 8 121 66 26 53 100 20 3 95
553 29 8 45 100 56 6 52 14 28 97
553 30 8 27 106 13 76 103 30 95 75
553 31 8 72 122 96 47 39 115 42 80
553 32 8 99 127 71 46 107 2 101 28
553 33 8 43 117 119 51 64 108 25 49
553 34 8 51 66 14 2 40 83 37 25
553 35 8 13 58 51 79 101 21 127 102
553 36 8 69 34 115 95 47 28 60 32
553 37 8 25 89 79 121 107 93 42 12
553 38 8 101 87 70 84 28 107 66 19
553 39 8 18 14 34 67 61 89 69 115
553 40 8 121 66 105 20 26 100 115 41
553 41 8 45 97 14 127 61 56 28 112
553 42 8 21 127 101 65 94 120 119 75
553 43 8 3 4 117 6 21 78 79 17
553 44 8 68 71 121 43 54 107 113 35
553 45 8 127 21 49 85 78 63 20 97
553 46 8 88 67 28 114 31 8 51 44
553 47 8 55 117 34 9 59 32 99 26
49759 0 8 62 77 67 12 82 23 64 29
49759 1 8 60 88 8 67 7 115 38 13
49759 2 8 49 32 120 76 69 73 54 121
49759 3 8 106 90 79 24 62 97 78 51
49759 4 8 5 116 109 27 54 4 93 47
49759 5 8 48 56 16 115 0 69 15 117
49759 6 8 106 103 76 30 27 75 2 29
49759 7 8 96 43 39 122 42 54 51 16
49759 8 8 46 94 6 103 59 29 127 27
49759 9 8 41 119 51 40 104 114 88 10
49759 10 8 51 124 37 95 2 67 33 40
49759 11 8 51 127 101 97 114 71 29 16
49759 12 8 103 38 32 109 76 34 115 13
49759 13 8 25 89 41 49 109 123 102 57
49759 14 8 18 46 82 52 31 47 70 62
49759 15 8 20 18 27 107 21 67 22 79
49759 16 8 77 29 44 109 66 26 70 115
49759 17 8 0 56 63 64 120 84 65 92
49759 18 8 27 106 103 100 76 75 30 55
49759 19 8 96 39 122 115 43 16 42 51
49759 20 8 6 46 94 71 59 103 127 27
49759 21 8 119 114 40 117 41 81 108 64
49759 22 8 51 37 124 2 67 32 65 95
49759 23 8 97 51 127 73 114 101 42 16
49759 24 8 103 38 25 0 32 109 123 115
49759 25 8 89 49 25 41 123 62 109 57
49759 26 8 47 18 71 82 22 46 88 31
49759 27 8 20 46 18 107 27 31 77 21
49759 28 8 44 77 109 23 29 53 26 108
49759 29 8 0 65 63 64 84 56 120 92
49759 30 8 103 30 106 27 118 75 52 100
49759 31 8 39 34 96 16 51 122 115 60
49759 32 8 6 94 46 127 103 2 27 116
49759 33 8 40 41 117 119 64 35 106 114
49759 34 8 124 37 51 2 95 82 112 40
49759 35 8 73 97 51 16 37 42 114 55
49759 36 8 38 103 109 0 25 97 116 32
49759 37 8 109 123 57 89 62 49 41 12
49759 38 8 18 60 47 111 87 71 88 82
49759 39 8 20 107 18 126 6 27 77 46
49759 40 8 77 44 29 108 109 23 110 65
49759 41 8 65 85 64 0 63 103 18 54
49759 42 8 24 126 75 49 90 20 73 59
49759 43 8 74 121 47 125 49 3 77 78
49759 44 8 110 13 121 80 107 37 23 11
49759 45 8 5 47 87 83 21 26 76 85
49759 46 8 1 96 10 84 123 124 103 97
49759 47 8 11 31 127 82 90 15 121 12
13 0 8 65 98 43 73 72 45 44 114
13 1 8 18 38 94 127 119 26 70 43
13 2 8 84 88 38 93 57 47 40 16
13 3 8 89 6 2 31 124 16 76 79
13 4 8 124 106 76 115 85 48 47 93
13 5 8 125 61 66 126 22 97 13 64
13 6 8 83 105 52 30 8 42 56 106
13 7 8 49 60 51 112 110 34 16 39
13 8 8 84 46 121 103 116 2 3 44
13 9 8 117 9 110 127 119 64 118 1
13 10 8 105 61 112 2 39 56 53 30
13 11 8 61 49 37 24 8 127 122 125
13 12 8 99 116 15 97 104 32 96 9
13 13 8 6 28 15 73 12 10 25 64
13 14 8 20 48 90 104 88 111 8 17
13 15 8 85 101 18 10 103 95 8 70
13 16 8 124 45 8 17 73 65 39 40
13 17 8 69 19 42 105 21 48 72 34
13 18 8 105 30 83 34 52 8 71 56
13 19 8 49 34 60 112 51 3 100 39
13 20 8 46 84 121 116 3 2 65 103
13 21 8 117 9 110 64 125 114 118 96
13 22 8 61 105 53 112 56 30 2 13
13 23 8 61 49 24 37 23 127 89 122
13 24 8 99 15 56 97 116 96 104 9
13 25 8 58 6 15 28 23 73 25 64
13 26 8 20 17 48 90 88 100 104 111
13 27 8 85 10 101 18 70 103 76 8
13 28 8 124 45 73 8 65 81 17 83
13 29 8 19 69 42 48 21 17 105 18
13 30 8 105 83 52 30 106 56 8 42
13 31 8 112 34 49 51 60 110 39 122
13 32 8 121 65 46 84 116 103 3 127
13 33 8 125 117 9 110 64 118 1 49
13 34 8 112 105 61 53 56 78 39 13
13 35 8 24 37 61 49 23 125 127 107
13 36 8 99 97 15 116 9 96 56 75
13 37 8 15 58 28 25 6 23 73 77
13 38 8 20 17 48 90 107 86 34 8
13 39 8 101 85 103 95 70 10 61 23
13 40 8 45 65 73 124 17 8 81 83
13 41 8 42 69 19 48 18 21 112 1
13 42 8 32 31 64 127 36 114 74 123
13 43 8 77 88 78 3 43 117 97 104
13 44 8 107 53 73 0 90 121 43 44
13 45 8 21 101 94 85 27 49 2 127
13 46 8 84 38 11 97 103 34 28 98
13 47 8 73 105 57 20 9 86 109 85
21607 0 8 21 2 75 87 62 77 82 12
21607 1 8 58 6 23 9 30 126 99 53
21607 2 8 127 93 8 54 9 32 47 51
21607 3 8 38 4 2 64 124 16 59 82
21607 4 8 22 56 48 25 67 47 76 124
21607 5 8 82 47 13 22 34 126 68 97
21607 6 8 52 42 110 38 79 30 106 8
21607 7 8 110 51 60 48 31 45 95 75
21607 8 8 36 105 103 46 44 116 109 8
21607 9 8 65 1 127 45 96 52 99 33
21607 10 8 112 113 26 39 3 108 64 13
21607 11 8 107 98 67 8 37 26 43 69
21607 12 8 97 75 52 116 63 9 42 118
21607 13 8 73 98 23 77 81 21 6 76
21607 14 8 76 79 34 22 82 75 88 90
21607 15 8 8 95 87 16 103 60 18 70
21607 16 8 65 45 17 124 7 83 78 58
21607 17 8 69 18 48 17 49 99 85 72
21607 18 8 52 42 79 110 38 44 71 30
21607 19 8 110 60 51 45 31 34 41 48
21607 20 8 36 46 103 105 3 116 44 57
21607 21 8 65 1 64 127 96 99 52 117
21607 22 8 112 53 113 39 3 26 73 35
21607 23 8 8 107 89 37 98 36 115 33
21607 24 8 75 97 116 63 9 104 42 52
21607 25 8 73 98 21 23 101 6 81 76
21607 26 8 79 90 34 8 76 88 22 111
21607 27 8 95 8 87 18 10 103 16 60
21607 28 8 65 45 83 17 73 124 55 78
21607 29 8 69 18 49 17 85 106 48 1
21607 30 8 52 42 30 110 38 79 71 34
21607 31 8 60 51 110 34 45 48 49 31
21607 32 8 36 103 105 46 116 84 44 3
21607 33 8 65 127 1 117 96 52 64 49
21607 34 8 112 113 53 39 3 108 64 26
21607 35 8 107 37 8 98 115 61 89 43
21607 36 8 52 97 75 116 9 63 24 42
21607 37 8 73 98 81 76 101 10 21 23
21607 38 8 34 107 88 76 79 82 75 111
21607 39 8 8 95 87 103 10 61 18 120
21607 40 8 65 45 17 6 73 7 78 83
21607 41 8 49 18 85 69 26 48 118 58
21607 42 8 2 64 31 20 58 50 66 32
21607 43 8 77 47 75 69 2 30 94 3
21607 44 8 113 73 110 107 94 11 53 82
21607 45 8 94 21 87 85 92 86 58 19
21607 46 8 122 103 84 1 97 37 38 33
21607 47 8 44 79 114 82 6 11 12 65
11 0 8 44 26 65 59 111 114 101 38
11 1 8 50 23 127 94 58 30 26 124
11 2 8 84 93 88 127 54 47 18 87
11 3 8 2 38 82 124 39 64 29 56
11 4 8 25 56 106 48 124 76 67 118
11 5 8 82 22 47 126 13 34 42 107
11 6 8 52 42 110 30 83 38 105 112
11 7 8 60 51 110 95 48 49 45 100
11 8 8 36 109 46 103 44 105 84 3
11 9 8 65 45 127 117 96 9 1 99
11 10 8 112 39 113 108 73 13 64 23
11 11 8 67 98 8 107 37 26 115 127
11 12 8 97 9 52 116 75 63 74 42
11 13 8 98 21 73 6 23 76 16 34
11 14 8 20 79 34 88 90 22 8 76
11 15 8 95 103 85 8 18 61 38 60
11 16 8 65 124 45 17 55 8 73 32
11 17 8 72 69 48 85 34 122 17 89
11 18 8 52 42 30 106 27 83 110 79
11 19 8 60 34 39 51 110 100 115 95
11 20 8 36 46 109 3 127 103 124 123
11 21 8 117 45 65 64 9 127 96 111
11 22 8 112 73 53 108 113 30 66 39
11 23 8 8 37 67 89 127 78 98 51
11 24 8 9 104 74 97 116 52 42 34
11 25 8 98 21 6 73 25 23 16 64
11 26 8 79 20 111 90 8 88 48 58
11 27 8 85 18 103 10 76 61 95 60
11 28 8 124 45 65 73 26 55 8 15
11 29 8 69 48 97 103 19 42 85 17
11 30 8 27 105 30 106 42 52 110 86
11 31 8 34 60 39 49 51 115 96 122
11 32 8 46 109 36 84 121 103 127 71
11 33 8 117 9 45 110 65 64 52 119
11 34 8 112 105 61 53 123 13 113 73
11 35 8 37 67 61 24 49 98 26 8
11 36 8 9 99 52 97 15 74 116 104
11 37 8 6 15 28 98 10 58 23 25
11 38 8 20 48 90 17 111 8 34 88
11 39 8 23 85 95 61 103 101 18 76
11 40 8 45 8 124 65 73 17 105 83
11 41 8 69 19 48 42 72 1 18 85
11 42 8 39 31 64 127 74 32 115 7
11 43 8 3 77 88 43 117 78 104 21
11 44 8 107 53 121 73 43 0 45 88
11 45 8 21 49 94 27 127 85 46 78
11 46 8 84 31 28 38 97 114 98 82
11 47 8 73 117 9 32 86 111 95 90
429 0 8 84 103 2 120 80 21 14 9
429 1 8 23 58 3 6 30 83 77 26
429 2 8 100 122 93 127 9 32 94 51
429 3 8 38 2 112 64 29 37 39 80
429 4 8 56 48 25 22 47 118 67 50
429 5 8 107 126 82 22 105 47 13 97
429 6 8 52 110 42 38 30 86 119 75
429 7 8 110 60 51 2 48 26 45 31
429 8 8 15 36 109 105 46 103 8 124
429 9 8 127 1 117 65 22 49 99 111
429 10 8 112 108 113 39 23 64 3 123
429 11 8 8 107 109 37 98 9 75 67
429 12 8 52 97 26 9 75 42 63 116
429 13 8 66 73 98 76 21 95 84 77
429 14 8 105 79 34 80 76 88 123 22
429 15 8 95 60 8 38 72 18 61 87
429 16 8 119 45 65 60 55 17 51 83
429 17 8 46 85 2 52 69 15 66 72
429 18 8 42 52 110 30 75 25 106 34
429 19 8 60 34 51 110 50 26 39 41
429 20 8 36 15 46 103 109 64 3 105
429 21 8 117 65 64 127 118 111 96 1
429 22 8 112 108 39 113 73 30 80 62
429 23 8 8 37 98 122 107 109 36 86
429 24 8 9 97 116 26 52 104 74 42
429 25 8 66 98 21 73 95 6 79 16
429 26 8 105 79 8 111 88 80 34 90
429 27 8 60 95 18 61 90 72 35 76
429 28 8 119 45 60 65 55 83 26 17
429 29 8 85 46 117 15 66 2 69 52
429 30 8 110 42 52 30 106 27 34 75
429 31 8 60 110 34 51 39 115 50 26
429 32 8 36 46 15 103 109 64 44 3
429 33 8 117 127 22 65 64 1 49 96
429 34 8 112 108 113 39 13 64 73 53
429 35 8 8 37 98 107 109 115 122 86
429 36 8 52 9 97 26 116 74 12 42
429 37 8 76 66 98 10 21 73 95 16
429 38 8 34 105 79 8 80 88 111 107
429 39 8 95 60 72 61 8 18 35 56
429 40 8 45 119 65 60 55 51 17 83
429 41 8 85 2 46 66 18 106 15 117
429 42 8 37 73 125 18 77 98 102 123
429 43 8 49 12 19 81 77 3 87 43
429 44 8 121 88 45 99 48 122 20 43
429 45 8 58 17 112 46 21 85 80 22
429 46 8 84 81 30 105 98 29 39 80
429 47 8 111 120 95 35 52 66 6 85
594 0 8 76 17 16 118 111 18 63 93
594 1 8 23 34 3 86 107 58 12 126
594 2 8 14 100 87 77 93 9 127 115
594 3 8 38 2 76 112 105 25 64 29
594 4 8 23 118 56 48 0 22 25 67
594 5 8 107 126 22 82 80 47 34 97
594 6 8 52 110 42 38 30 44 63 112
594 7 8 60 110 51 87 31 45 26 48
594 8 8 36 64 15 105 103 46 124 8
594 9 8 94 127 1 65 45 117 96 22
594 10 8 112 108 39 23 113 64 26 42
594 11 8 8 107 37 98 9 67 109 115
594 12 8 97 52 9 53 75 42 37 116
594 13 8 73 75 98 84 76 44 21 95
594 14 8 80 79 34 105 76 8 125 88
594 15 8 95 60 8 18 90 38 55 61
594 16 8 40 65 45 7 60 17 83 119
594 17 8 53 85 52 18 106 15 117 69
594 18 8 52 42 110 34 30 120 38 79
594 19 8 60 87 51 110 50 26 34 31
594 20 8 36 64 103 46 15 3 105 57
594 21 8 94 117 65 127 64 1 49 96
594 22 8 112 108 39 113 80 59 26 64
594 23 8 8 107 98 37 86 36 33 122
594 24 8 53 97 9 116 104 42 75 52
594 25 8 21 98 75 73 95 44 76 10
594 26 8 8 80 79 111 34 88 58 6
594 27 8 95 60 8 18 90 6 61 55
594 28 8 40 45 65 7 60 83 18 17
594 29 8 53 85 18 106 117 103 52 15
594 30 8 52 110 42 34 30 106 71 25
594 31 8 60 110 51 34 87 39 26 31
594 32 8 36 46 103 64 15 44 3 105
594 33 8 117 94 96 127 49 22 1 111
594 34 8 112 108 13 113 64 39 2 53
594 35 8 8 37 98 107 86 115 79 122
594 36 8 9 53 97 52 116 42 74 32
594 37 8 75 44 10 76 98 21 73 95
594 38 8 34 8 80 79 88 111 107 39
594 39 8 95 61 56 60 18 8 35 1
594 40 8 40 45 7 65 83 60 17 15
594 41 8 85 53 106 18 117 52 15 103
594 42 8 73 125 37 22 123 59 31 24
594 43 8 81 49 77 43 112 104 78 3
594 44 8 54 80 37 45 121 81 88 113
594 45 8 94 112 46 80 21 19 127 22
594 46 8 82 84 124 44 105 39 80 22
594 47 8 90 32 27 95 34 35 117 52
1290 0 8 62 7 87 21 34 17 0 61
1290 1 8 23 99 58 76 86 77 3 123
1290 2 8 9 68 24 93 32 100 8 70
1290 3 8 38 2 76 1 112 105 62 25
1290 4 8 22 48 56 47 25 0 116 105
1290 5 8 126 82 22 78 13 80 24 97
1290 6 8 42 52 110 30 38 79 106 75
1290 7 8 51 60 110 87 31 48 45 26
1290 8 8 103 46 36 105 15 64 27 80
1290 9 8 1 127 96 94 65 33 52 99
1290 10 8 112 108 113 26 39 64 3 35
1290 11 8 8 107 98 37 115 43 105 16
1290 12 8 52 75 97 116 42 63 9 87
1290 13 8 73 95 98 102 75 24 101 10
1290 14 8 34 82 101 76 81 88 18 62
1290 15 8 95 8 122 87 18 38 16 90
1290 16 8 65 45 17 40 83 29 111 113
1290 17 8 85 65 17 18 106 0 61 69
1290 18 8 52 42 79 30 110 34 71 75
1290 19 8 60 51 110 34 87 45 31 48
1290 20 8 36 103 46 105 44 116 15 64
1290 21 8 65 127 96 1 94 64 52 117
1290 22 8 112 113 39 26 108 53 35 13
1290 23 8 8 107 36 37 115 16 98 86
1290 24 8 97 75 116 9 63 52 42 104
1290 25 8 95 73 102 98 21 24 101 42
1290 26 8 18 82 8 34 81 101 76 88
1290 27 8 87 95 8 10 18 16 55 103
1290 28 8 65 45 77 111 83 17 29 73
1290 29 8 85 69 65 0 18 61 17 53
1290 30 8 52 42 30 34 56 86 110 71
1290 31 8 60 51 34 110 39 100 45 31
1290 32 8 36 103 46 116 44 3 101 105
1290 33 8 117 65 96 45 111 94 127 1
1290 34 8 112 113 13 26 53 108 39 25
1290 35 8 8 37 16 107 98 115 89 105
1290 36 8 52 97 9 116 75 63 38 74
1290 37 8 95 102 73 24 10 109 123 98
1290 38 8 82 111 101 18 34 62 88 107
1290 39 8 87 8 95 61 18 103 20 120
1290 40 8 111 65 45 77 29 17 83 73
1290 41 8 61 85 65 18 0 63 106 48
1290 42 8 20 75 8 126 2 73 28 31
1290 43 8 16 47 121 2 77 94 78 75
1290 44 8 72 110 80 121 113 13 73 107
1290 45 8 47 5 87 21 83 85 19 94
1290 46 8 1 96 45 84 103 10 97 51
1290 47 8 127 11 31 82 90 114 44 15
13 0 8 65 98 43 73 45 72 44 114
13 1 8 18 38 127 94 26 70 113 119
13 2 8 84 88 93 38 127 57 40 18
13 3 8 2 6 124 38 31 121 76 39
13 4 8 115 106 124 48 47 76 67 85
13 5 8 61 22 126 66 64 8 125 82
13 6 8 83 52 105 42 8 30 38 110
13 7 8 60 51 112 49 110 45 31 48
13 8 8 84 46 36 103 105 109 121 116
13 9 8 9 127 110 65 117 96 1 45
13 10 8 112 61 39 105 113 53 64 56
13 11 8 8 61 107 24 67 37 98 115
13 12 8 97 15 99 75 9 116 52 104
13 13 8 6 73 15 28 23 98 58 95
13 14 8 20 48 104 90 17 73 88 34
13 15 8 85 101 103 10 95 8 18 70
13 16 8 124 65 45 8 17 73 39 32
13 17 8 69 42 105 21 19 48 34 17
13 18 8 83 105 30 56 52 8 34 71
13 19 8 112 34 60 49 51 3 100 75
13 20 8 116 84 46 121 101 65 3 36
13 21 8 117 9 64 110 125 111 96 65
13 22 8 53 61 105 112 56 66 98 30
13 23 8 61 49 24 125 37 23 127 36
13 24 8 99 15 56 116 97 96 104 9
13 25 8 58 6 28 15 23 73 64 20
13 26 8 20 17 90 48 88 100 86 111
13 27 8 10 85 101 103 70 18 61 76
13 28 8 124 73 81 8 45 65 17 26
13 29 8 69 42 48 19 21 17 56 97
13 30 8 105 30 83 106 27 8 56 52
13 31 8 49 34 112 60 39 51 115 122
13 32 8 121 65 46 84 109 116 103 3
13 33 8 9 117 110 125 64 45 114 119
13 34 8 105 61 53 112 56 78 65 25
13 35 8 61 24 49 37 125 23 127 67
13 36 8 99 97 15 9 56 116 96 52
13 37 8 15 58 28 6 25 23 115 10
13 38 8 20 17 48 90 86 107 8 34
13 39 8 103 85 101 23 10 61 70 18
13 40 8 73 124 8 45 17 65 81 36
13 41 8 42 69 19 48 21 17 1 127
13 42 8 31 64 127 32 74 36 114 7
13 43 8 77 3 88 43 117 78 21 104
13 44 8 107 53 73 121 0 43 90 45
13 45 8 21 101 94 49 27 85 2 78
13 46 8 38 84 11 97 28 88 34 31
13 47 8 73 20 57 105 9 86 109 85
2055 0 8 21 63 2 50 75 125 103 32
2055 1 8 58 23 6 26 3 30 113 99
2055 2 8 93 84 54 88 8 32 122 47
2055 3 8 64 38 2 4 124 91 16 34
2055 4 8 56 124 25 76 48 67 22 104
2055 5 8 82 22 47 13 34 61 126 68
2055 6 8 52 42 83 30 38 110 105 106
2055 7 8 60 51 50 110 49 16 31 41
2055 8 8 36 109 46 103 84 3 105 15
2055 9 8 65 9 1 110 117 45 127 64
2055 10 8 112 113 39 61 26 74 64 53
2055 11 8 67 8 107 37 9 98 61 127
2055 12 8 97 75 116 104 15 12 3 9
2055 13 8 98 23 73 21 16 6 77 81
2055 14 8 79 73 90 48 88 86 76 34
2055 15 8 103 85 18 95 8 61 87 10
2055 16 8 124 65 45 17 73 55 7 15
2055 17 8 69 48 56 13 17 29 34 89
2055 18 8 83 52 30 106 79 71 8 34
2055 19 8 60 34 50 16 51 3 49 39
2055 20 8 36 46 3 109 116 84 15 101
2055 21 8 65 64 117 114 9 45 110 14
2055 22 8 112 53 65 61 105 113 74 0
2055 23 8 89 61 37 127 49 8 67 24
2055 24 8 97 116 104 15 99 9 56 50
2055 25 8 23 16 98 6 21 28 73 15
2055 26 8 90 79 48 88 8 76 101 28
2055 27 8 10 103 85 18 61 111 22 13
2055 28 8 124 73 17 55 15 45 65 26
2055 29 8 69 48 97 17 56 18 85 19
2055 30 8 105 106 27 30 83 8 75 52
2055 31 8 34 49 60 39 51 122 16 115
2055 32 8 36 46 109 121 84 116 103 3
2055 33 8 9 117 45 110 65 114 64 119
2055 34 8 105 61 112 53 113 65 123 74
2055 35 8 67 61 37 49 24 89 127 8
2055 36 8 99 97 15 116 9 56 12 52
2055 37 8 98 21 28 23 6 16 25 77
2055 38 8 79 90 48 88 8 107 34 6
2055 39 8 103 87 18 23 85 95 61 10
2055 40 8 73 124 45 17 55 65 8 66
2055 41 8 48 69 19 17 127 112 56 18
2055 42 8 64 37 31 127 32 74 36 7
2055 43 8 77 3 88 43 30 117 78 81
2055 44 8 53 121 73 0 107 43 45 37
2055 45 8 21 94 49 85 27 127 78 32
2055 46 8 84 38 97 28 67 31 82 122
2055 47 8 117 32 73 9 34 111 86 95
11 0 8 44 26 65 59 93 47 118 66
11 1 8 23 50 58 94 124 127 37 80
11 2 8 84 93 88 54 127 47 32 18
11 3 8 2 82 39 124 38 16 64 29
11 4 8 124 56 106 25 48 93 109 67
11 5 8 82 22 13 107 47 74 68 8
11 6 8 106 52 30 42 83 8 71 12
11 7 8 60 51 16 75 39 45 50 31
11 8 8 109 46 36 116 3 42 76 103
11 9 8 119 64 45 65 14 114 117 47
11 10 8 23 112 83 66 53 113 37 122
11 11 8 67 127 37 89 52 51 6 8
11 12 8 97 104 116 9 56 114 115 68
11 13 8 16 23 21 98 73 77 32 59
11 14 8 20 90 73 79 118 88 86 70
11 15 8 103 4 18 22 67 61 10 13
11 16 8 124 55 66 73 95 17 3 100
11 17 8 56 69 48 97 42 72 76 28
11 18 8 106 27 76 8 2 12 95 30
11 19 8 96 122 80 16 115 39 60 54
11 20 8 71 109 46 12 112 6 127 101
11 21 8 114 119 65 45 117 101 81 87
11 22 8 51 83 123 32 37 72 67 53
11 23 8 127 89 67 82 10 6 51 44
11 24 8 104 115 56 9 101 3 92 13
11 25 8 16 25 32 98 42 23 11 69
11 26 8 90 20 70 118 88 79 101 107
11 27 8 67 22 13 103 10 18 111 61
11 28 8 73 124 66 3 55 17 26 15
11 29 8 56 48 69 42 28 76 97 18
11 30 8 106 27 30 105 76 75 42 12
11 31 8 96 39 60 16 95 43 49 122
11 32 8 109 103 71 36 46 84 5 112
11 33 8 119 45 65 117 114 9 110 49
11 34 8 123 105 65 61 66 74 101 51
11 35 8 127 67 61 89 49 24 37 6
11 36 8 99 97 15 9 116 114 56 13
11 37 8 15 28 25 23 6 16 58 98
11 38 8 20 90 48 17 88 107 70 86
11 39 8 85 103 10 101 61 18 23 67
11 40 8 124 73 8 17 45 65 66 55
11 41 8 48 69 19 42 72 17 56 127
11 42 8 39 64 31 127 32 74 7 36
11 43 8 77 88 3 43 78 117 21 19
11 44 8 53 0 73 107 121 43 45 88
11 45 8 21 94 49 85 27 127 78 46
11 46 8 84 38 31 97 28 103 114 82
11 47 8 73 117 32 9 111 95 86 34
358 0 8 103 104 49 50 32 78 6 19
358 1 8 9 23 58 6 77 95 37 123
358 2 8 51 122 93 127 100 47 2 14
358 3 8 2 38 29 112 64 39 18 124
358 4 8 23 56 48 25 124 104 67 7
358 5 8 107 82 22 74 75 47 97 13
358 6 8 79 52 42 38 71 44 25 127
358 7 8 2 110 51 31 50 45 16 60
358 8 8 46 36 109 3 116 61 44 105
358 9 8 52 65 1 45 96 47 118 64
358 10 8 35 112 113 74 103 36 122 16
358 11 8 67 9 107 37 98 127 43 6
358 12 8 116 97 104 75 50 12 71 26
358 13 8 16 98 2 21 23 73 77 61
358 14 8 80 73 88 79 115 90 76 75
358 15 8 13 60 18 111 8 82 10 95
358 16 8 7 15 11 45 55 65 17 40
358 17 8 39 52 15 56 46 17 34 75
358 18 8 79 106 30 27 71 52 25 127
358 19 8 34 16 2 122 39 56 60 51
358 20 8 46 36 3 109 101 124 116 2
358 21 8 114 65 64 45 119 39 117 52
358 22 8 35 112 74 65 59 66 25 83
358 23 8 4 37 6 127 89 82 67 65
358 24 8 116 97 50 111 104 59 28 37
358 25 8 16 2 23 98 25 73 20 21
358 26 8 80 90 88 79 115 8 101 105
358 27 8 111 13 60 18 10 61 22 8
358 28 8 7 15 11 45 17 66 55 26
358 29 8 39 52 15 17 46 56 18 4
358 30 8 79 106 27 52 30 75 86 42
358 31 8 34 2 51 39 122 110 50 96
358 32 8 46 36 109 103 3 101 5 61
358 33 8 52 65 45 49 64 119 117 114
358 34 8 35 112 65 113 74 101 103 25
358 35 8 37 89 8 127 67 43 98 107
358 36 8 26 97 116 12 52 9 75 80
358 37 8 2 21 98 16 76 82 25 23
358 38 8 80 79 88 107 34 75 6 115
358 39 8 13 60 95 18 8 78 76 10
358 40 8 11 45 7 15 55 17 65 83
358 41 8 39 17 52 46 15 18 106 85
358 42 8 125 74 2 37 127 22 7 123
358 43 8 56 43 19 12 78 3 97 117
358 44 8 88 45 99 37 0 44 43 121
358 45 8 58 46 17 112 92 21 49 85
358 46 8 84 29 105 30 39 38 88 103
358 47 8 111 95 108 52 35 6 87 71
1265 0 8 111 104 2 97 83 22 63 47
1265 1 8 123 86 76 77 34 3 116 23
1265 2 8 9 51 14 47 24 32 100 93
1265 3 8 105 38 2 39 25 59 112 35
1265 4 8 23 25 22 48 56 124 0 104
1265 5 8 34 82 80 107 22 126 47 13
1265 6 8 79 52 42 110 25 38 30 106
1265 7 8 34 87 110 51 50 60 31 16
1265 8 8 46 36 109 3 116 39 103 105
1265 9 8 52 94 45 118 65 1 99 96
1265 10 8 74 112 35 113 97 39 107 64
1265 11 8 98 9 67 37 127 8 107 87
1265 12 8 12 97 116 53 104 100 75 118
1265 13 8 75 98 44 21 16 73 2 77
1265 14 8 80 79 88 73 75 6 34 76
1265 15 8 60 95 18 111 8 76 38 10
1265 16 8 15 45 7 11 17 65 83 113
1265 17 8 15 52 17 85 56 18 34 29
1265 18 8 79 42 30 52 106 71 25 27
1265 19 8 87 34 50 60 3 51 110 39
1265 20 8 36 46 3 39 116 15 109 103
1265 21 8 45 94 118 65 52 64 117 114
1265 22 8 74 35 112 113 97 53 65 101
1265 23 8 67 37 8 89 127 98 82 4
1265 24 8 116 97 104 12 100 50 52 53
1265 25 8 75 21 98 16 44 73 25 2
1265 26 8 80 79 88 118 28 90 8 101
1265 27 8 4 60 111 18 10 13 76 22
1265 28 8 15 7 45 66 17 83 26 11
1265 29 8 15 52 17 97 56 85 83 18
1265 30 8 79 27 106 30 75 34 76 16
1265 31 8 34 87 39 122 51 16 96 3
1265 32 8 46 36 109 116 3 39 71 101
1265 33 8 52 45 94 49 114 119 64 117
1265 34 8 65 74 35 101 53 97 113 112
1265 35 8 67 89 37 127 8 122 98 6
1265 36 8 100 97 116 53 118 9 104 12
1265 37 8 75 44 21 2 98 25 16 115
1265 38 8 80 79 88 75 6 0 107 70
1265 39 8 60 18 13 67 78 76 95 10
1265 40 8 7 15 11 45 17 66 3 36
1265 41 8 52 17 15 85 56 127 106 46
1265 42 8 37 125 74 127 7 22 2 123
1265 43 8 19 43 3 12 56 78 117 21
1265 44 8 45 0 88 37 43 121 113 44
1265 45 8 46 112 49 21 17 85 78 58
1265 46 8 29 84 105 39 88 38 30 80
1265 47 8 52 35 108 95 111 6 59 9
9658 0 8 62 77 126 2 29 12 111 3
9658 1 8 123 58 78 76 88 23 116 86
9658 2 8 24 9 119 32 51 47 15 54
9658 3 8 105 7 90 120 25 38 59 16
9658 4 8 47 4 39 91 48 22 105 25
9658 5 8 80 70 13 82 126 56 34 22
9658 6 8 106 79 42 30 27 76 75 52
9658 7 8 34 96 87 51 39 16 122 54
9658 8 8 46 51 24 103 39 36 71 59
9658 9 8 52 119 45 94 10 65 77 51
9658 10 8 83 101 74 97 53 112 35 65
9658 11 8 87 71 127 89 10 47 82 37
9658 12 8 100 104 106 97 76 12 68 53
9658 13 8 24 75 121 44 107 77 25 64
9658 14 8 62 28 118 70 91 79 88 73
9658 15 8 112 18 4 115 22 103 67 98
9658 16 8 20 123 3 73 66 26 17 115
9658 17 8 97 56 14 69 120 28 84 85
9658 18 8 106 27 79 75 30 2 76 42
9658 19 8 87 96 39 115 60 122 95 16
9658 20 8 51 24 29 46 103 71 6 112
9658 21 8 119 87 52 94 51 101 77 45
9658 22 8 101 74 51 65 37 72 35 120
9658 23 8 87 71 127 89 10 101 47 65
9658 24 8 100 101 120 76 104 95 115 68
9658 25 8 24 121 89 75 64 77 44 49
9658 26 8 62 118 28 70 79 88 91 52
9658 27 8 112 4 67 22 18 103 53 115
9658 28 8 123 20 3 66 73 55 115 17
9658 29 8 97 14 69 56 28 84 85 48
9658 30 8 79 27 106 13 8 75 42 2
9658 31 8 96 39 95 51 43 87 42 60
9658 32 8 51 103 71 24 39 29 46 59
9658 33 8 119 87 45 52 101 94 88 81
9658 34 8 101 51 72 107 120 74 53 37
9658 35 8 87 71 127 10 67 29 89 6
9658 36 8 120 100 13 101 76 97 30 53
9658 37 8 24 121 75 49 107 69 77 42
9658 38 8 62 28 118 25 70 52 7 127
9658 39 8 53 67 18 22 98 103 112 69
9658 40 8 123 66 3 20 36 55 45 2
9658 41 8 69 56 97 48 84 14 28 127
9658 42 8 75 65 101 127 28 31 46 32
9658 43 8 3 2 4 117 81 77 78 21
9658 44 8 13 54 43 113 71 73 107 109
9658 45 8 94 21 78 127 49 47 85 34
9658 46 8 67 88 74 44 45 84 97 28
9658 47 8 34 117 32 54 27 79 90 9
279 0 8 106 57 61 103 110 24 71 66
279 1 8 48 9 91 39 113 30 17 115
279 2 8 122 90 24 32 7 15 121 69
279 3 8 59 7 90 39 112 105 79 11
279 4 8 63 47 4 40 48 54 39 77
279 5 8 105 51 70 56 22 82 69 49
279 6 8 106 27 76 2 86 30 75 42
279 7 8 96 42 39 54 51 60 43 72
279 8 8 109 71 28 51 103 46 24 29
279 9 8 119 32 88 45 48 47 101 81
279 10 8 23 83 123 72 51 36 101 74
279 11 8 109 10 87 47 127 67 52 102
279 12 8 120 68 106 62 25 104 47 76
279 13 8 66 113 99 107 55 31 42 49
279 14 8 105 16 118 70 84 127 96 52
279 15 8 103 4 115 22 67 112 18 124
279 16 8 12 119 55 66 6 109 95 3
279 17 8 35 2 56 28 66 48 90 12
279 18 8 106 27 76 111 2 120 95 29
279 19 8 96 80 42 43 54 115 107 122
279 20 8 71 109 29 12 112 28 51 15
279 21 8 119 101 32 108 81 120 87 75
279 22 8 72 51 22 32 83 123 11 3
279 23 8 109 10 87 127 65 44 70 102
279 24 8 120 62 47 20 92 101 13 115
279 25 8 66 113 89 31 69 49 1 42
279 26 8 105 70 16 118 127 96 62 91
279 27 8 103 67 22 112 115 118 72 111
279 28 8 12 119 55 66 3 2 95 26
279 29 8 28 35 56 2 76 66 68 126
279 30 8 13 106 27 111 76 43 2 107
279 31 8 95 60 80 39 42 122 96 43
279 32 8 109 71 29 28 15 103 112 5
279 33 8 32 119 87 92 101 19 108 75
279 34 8 51 72 110 123 66 101 93 22
279 35 8 109 10 44 87 102 101 29 127
279 36 8 120 13 47 115 62 51 114 68
279 37 8 66 113 31 55 49 69 42 107
279 38 8 105 16 118 70 25 88 96 101
279 39 8 67 115 98 4 53 103 18 72
279 40 8 12 119 66 43 3 36 55 2
279 41 8 2 28 35 66 56 127 20 112
279 42 8 27 102 127 18 46 120 94 93
279 43 8 3 29 6 79 117 21 78 65
279 44 8 68 48 20 61 43 121 95 72
279 45 8 58 78 21 49 63 111 85 20
279 46 8 88 44 28 31 8 114 89 102
279 47 8 36 120 59 9 47 66 123 88
14002 0 8 67 77 34 12 41 28 68 17
14002 1 8 48 16 99 75 7 59 88 114
14002 2 8 32 90 69 8 37 100 68 102
14002 3 8 59 77 62 79 112 90 106 1
14002 4 8 47 105 116 87 22 77 4 109
14002 5 8 122 56 48 126 71 16 116 58
14002 6 8 106 27 30 75 76 42 2 86
14002 7 8 96 43 39 51 42 122 54 34
14002 8 8 4 71 103 15 46 27 29 59
14002 9 8 119 32 88 52 51 77 101 33
14002 10 8 110 51 72 101 115 33 32 35
14002 11 8 8 50 101 71 114 127 19 16
14002 12 8 76 101 123 118 38 100 25 62
14002 13 8 102 95 41 123 42 74 69 64
14002 14 8 18 64 82 101 16 46 62 70
14002 15 8 107 20 79 22 33 18 111 31
14002 16 8 29 77 111 70 6 53 109 17
14002 17 8 61 0 56 65 63 120 115 68
14002 18 8 27 75 106 55 79 30 76 86
14002 19 8 96 39 115 43 60 122 54 51
14002 20 8 29 15 27 4 103 71 46 127
14002 21 8 33 77 32 101 119 51 81 87
14002 22 8 110 51 22 101 32 72 109 115
14002 23 8 71 127 114 97 101 70 8 104
14002 24 8 101 103 123 115 62 38 76 118
14002 25 8 102 89 123 41 95 109 24 64
14002 26 8 64 82 18 46 101 16 99 47
14002 27 8 20 107 22 18 87 61 111 13
14002 28 8 29 77 111 53 109 70 26 44
14002 29 8 61 0 65 63 56 120 115 64
14002 30 8 27 75 55 13 106 79 30 42
14002 31 8 96 43 39 95 51 115 34 60
14002 32 8 103 4 15 27 5 46 29 71
14002 33 8 32 33 52 119 41 88 51 117
14002 34 8 110 95 33 37 109 51 32 107
14002 35 8 97 16 114 127 8 50 29 101
14002 36 8 38 101 123 103 97 30 0 52
14002 37 8 102 123 109 95 41 89 64 57
14002 38 8 64 111 82 18 88 52 46 47
14002 39 8 18 20 107 98 53 67 22 37
14002 40 8 111 29 77 44 3 109 123 51
14002 41 8 61 0 65 63 85 64 56 126
14002 42 8 75 126 8 49 20 98 127 59
14002 43 8 16 47 125 121 3 12 117 49
14002 44 8 110 72 99 43 121 80 88 13
14002 45 8 47 21 83 58 49 5 85 17
14002 46 8 81 1 10 123 88 28 84 96
14002 47 8 127 31 11 94 15 26 21 90
315 0 8 68 107 93 81 31 69 53 118
315 1 8 75 83 16 20 46 37 103 85
315 2 8 69 117 123 8 32 9 54 102
315 3 8 79 10 112 26 62 59 1 77
315 4 8 111 91 77 105 47 4 103 116
315 5 8 111 122 56 126 71 90 70 16
315 6 8 75 30 42 86 106 76 27 2
315 7 8 96 43 39 95 51 34 72 103
315 8 8 28 71 46 103 51 39 27 15
315 9 8 48 43 101 119 52 88 51 105
315 10 8 14 101 110 123 23 88 80 83
315 11 8 102 13 10 47 79 58 127 70
315 12 8 123 60 120 76 69 100 68 118
315 13 8 121 55 85 95 79 107 14 64
315 14 8 84 28 70 73 118 82 96 121
315 15 8 115 112 4 72 90 22 18 79
315 16 8 20 121 4 43 17 109 33 73
315 17 8 97 61 14 45 56 120 85 68
315 18 8 75 27 106 13 79 98 76 100
315 19 8 96 43 39 95 72 115 60 122
315 20 8 28 29 27 46 51 71 103 39
315 21 8 77 48 43 101 32 51 119 52
315 22 8 110 14 101 123 80 3 22 72
315 23 8 102 13 10 79 58 101 71 47
315 24 8 123 120 60 76 47 69 115 62
315 25 8 85 121 55 95 79 102 14 31
315 26 8 84 28 118 82 99 70 101 88
315 27 8 112 115 18 4 22 67 55 61
315 28 8 20 121 26 33 66 83 36 4
315 29 8 61 14 45 97 85 56 120 28
315 30 8 27 75 13 106 30 8 42 34
315 31 8 95 96 39 43 115 51 60 72
315 32 8 28 103 15 39 71 46 29 27
315 33 8 48 43 119 49 101 77 81 52
315 34 8 123 101 14 13 119 88 72 107
315 35 8 102 13 79 10 58 29 101 47
315 36 8 123 120 43 60 69 76 68 47
315 37 8 55 121 79 107 99 42 49 65
315 38 8 111 84 28 118 88 25 70 101
315 39 8 18 67 53 115 4 34 98 112
315 40 8 121 4 20 36 66 3 43 83
315 41 8 61 45 14 97 56 127 85 20
315 42 8 65 101 41 127 32 75 46 120
315 43 8 3 4 78 117 21 81 79 65
315 44 8 54 43 121 71 113 107 68 95
315 45 8 21 127 49 94 78 85 34 107
315 46 8 67 88 97 28 84 102 103 82
315 47 8 34 117 32 27 9 79 99 55
1128 0 8 13 80 2 50 21 61 97 34
1128 1 8 16 58 75 83 20 53 23 60
1128 2 8 122 9 8 15 100 47 117 32
1128 3 8 10 26 59 62 112 64 90 79
1128 4 8 77 105 10 22 47 111 48 91
1128 5 8 107 111 126 58 22 56 13 116
1128 6 8 75 42 30 106 10 110 79 27
1128 7 8 43 39 96 95 34 115 51 93
1128 8 8 46 109 103 59 39 14 71 15
1128 9 8 48 43 119 52 1 101 88 77
1128 10 8 123 101 110 23 119 74 115 52
1128 11 8 79 47 10 65 58 101 19 13
1128 12 8 60 123 120 76 118 43 62 100
1128 13 8 55 95 121 66 79 64 77 107
1128 14 8 79 111 28 118 84 70 52 101
1128 15 8 90 18 112 111 22 107 53 67
1128 16 8 55 4 20 119 83 15 33 6
1128 17 8 69 56 45 15 85 61 97 52
1128 18 8 75 27 106 79 30 42 9 120
1128 19 8 39 96 60 95 43 115 51 122
1128 20 8 109 15 46 28 103 5 59 27
1128 21 8 77 48 43 101 119 32 49 52
1128 22 8 123 101 80 74 22 115 110 14
1128 23 8 79 47 101 13 10 58 64 102
1128 24 8 123 120 60 76 68 43 101 115
1128 25 8 55 95 121 85 66 79 42 59
1128 26 8 79 118 111 88 99 84 70 101
1128 27 8 90 18 112 55 4 67 22 94
1128 28 8 55 26 33 83 119 4 66 45
1128 29 8 69 85 56 61 45 120 52 48
1128 30 8 27 106 75 13 30 42 34 8
1128 31 8 95 60 39 51 43 96 115 122
1128 32 8 103 109 15 46 39 5 101 59
1128 33 8 43 52 119 49 48 96 81 1
1128 34 8 123 13 101 74 119 112 32 40
1128 35 8 79 64 101 8 111 29 37 82
1128 36 8 123 43 76 120 36 60 97 74
1128 37 8 95 77 79 55 66 42 121 10
1128 38 8 79 111 7 88 28 84 39 52
1128 39 8 90 18 67 37 103 8 53 95
1128 40 8 55 4 45 119 17 66 83 36
1128 41 8 85 69 48 46 56 106 112 1
1128 42 8 59 32 31 37 127 101 36 125
1128 43 8 49 12 3 78 27 19 77 117
1128 44 8 88 73 99 121 107 113 30 43
1128 45 8 21 127 85 58 17 49 94 78
1128 46 8 103 84 81 30 88 97 67 29
1128 47 8 79 111 32 117 34 6 9 95
358 0 8 103 104 50 49 6 111 72 78
358 1 8 9 16 58 76 23 75 116 77
358 2 8 51 122 100 92 14 9 108 54
358 3 8 10 59 73 112 64 79 38 19
358 4 8 105 10 48 77 23 47 104 67
358 5 8 107 58 22 116 126 111 122 114
358 6 8 79 42 75 110 10 52 43 106
358 7 8 95 2 43 39 51 110 93 96
358 8 8 46 103 109 15 14 33 61 11
358 9 8 43 52 1 77 47 119 48 81
358 10 8 35 123 40 13 103 101 112 110
358 11 8 79 9 10 65 107 102 47 13
358 12 8 60 59 123 76 120 26 43 25
358 13 8 55 95 2 66 99 79 107 119
358 14 8 80 79 111 88 73 118 6 84
358 15 8 90 18 60 107 13 111 34 25
358 16 8 11 55 15 4 83 7 17 45
358 17 8 52 15 39 56 122 85 17 68
358 18 8 79 106 75 27 120 71 30 43
358 19 8 39 2 115 96 122 95 51 60
358 20 8 46 15 28 109 5 3 115 14
358 21 8 43 77 52 64 119 48 81 8
358 22 8 35 123 103 74 80 101 121 59
358 23 8 79 65 77 111 101 47 6 102
358 24 8 59 60 123 26 76 120 50 111
358 25 8 95 55 2 97 66 75 113 79
358 26 8 80 111 79 88 118 101 70 99
358 27 8 90 18 60 13 55 94 67 107
358 28 8 11 15 7 26 45 55 83 4
358 29 8 52 15 39 85 17 56 46 120
358 30 8 79 106 27 75 42 13 30 8
358 31 8 2 39 51 95 60 115 34 96
358 32 8 15 103 46 109 5 59 64 14
358 33 8 43 52 1 64 119 96 49 81
358 34 8 35 13 74 103 40 101 107 119
358 35 8 79 8 111 64 29 101 37 107
358 36 8 26 53 123 76 74 43 36 97
358 37 8 2 95 77 75 65 21 42 79
358 38 8 111 80 79 7 88 39 6 34
358 39 8 90 18 60 13 55 95 8 67
358 40 8 11 45 7 15 55 83 17 4
358 41 8 52 15 85 46 17 106 39 18
358 42 8 59 125 2 74 37 127 22 7
358 43 8 56 27 19 12 43 78 3 112
358 44 8 88 45 99 37 121 44 43 72
358 45 8 58 46 17 112 21 49 85 92
358 46 8 84 88 29 30 39 105 103 38
358 47 8 108 6 52 111 35 95 59 71
1366 0 8 111 2 62 97 119 12 22 29
1366 1 8 76 58 20 88 77 123 107 78
1366 2 8 9 51 14 24 32 119 7 47
1366 3 8 59 105 10 38 25 112 7 62
1366 4 8 105 10 77 22 109 48 67 47
1366 5 8 102 126 58 34 80 48 116 70
1366 6 8 79 10 106 42 75 110 30 27
1366 7 8 34 87 43 39 96 51 93 54
1366 8 8 46 103 27 59 15 14 95 71
1366 9 8 52 119 41 94 77 1 127 88
1366 10 8 35 74 40 101 119 110 13 22
1366 11 8 79 87 107 101 65 29 111 116
1366 12 8 76 101 123 53 43 124 38 26
1366 13 8 95 24 75 123 84 2 109 102
1366 14 8 62 18 111 6 52 88 80 99
1366 15 8 90 18 55 60 107 22 20 53
1366 16 8 15 123 77 29 45 33 70 26
1366 17 8 15 85 52 63 56 17 65 14
1366 18 8 79 106 27 75 42 9 120 30
1366 19 8 87 39 96 115 34 60 122 51
1366 20 8 15 46 5 27 64 59 14 103
1366 21 8 94 52 119 77 41 64 43 81
1366 22 8 74 35 40 101 103 8 119 112
1366 23 8 79 65 101 116 111 16 37 8
1366 24 8 76 123 43 26 124 22 38 62
1366 25 8 95 24 75 123 102 59 77 2
1366 26 8 62 27 99 18 111 59 52 94
1366 27 8 90 18 107 55 60 111 94 67
1366 28 8 15 26 123 33 45 66 83 29
1366 29 8 85 17 52 15 120 56 0 68
1366 30 8 79 27 106 75 13 42 30 9
1366 31 8 87 39 34 51 115 43 96 60
1366 32 8 46 5 15 103 39 59 64 27
1366 33 8 94 52 43 41 119 77 81 79
1366 34 8 74 35 101 119 40 13 25 107
1366 35 8 79 16 65 77 29 8 101 111
1366 36 8 43 123 53 124 76 100 97 36
1366 37 8 95 24 75 2 44 123 102 109
1366 38 8 62 111 6 18 94 88 27 0
1366 39 8 90 98 18 35 67 8 94 107
1366 40 8 123 29 15 40 45 83 33 77
1366 41 8 85 0 17 58 65 106 52 63
1366 42 8 75 2 59 74 126 28 127 31
1366 43 8 2 3 27 47 78 121 56 21
1366 44 8 113 54 80 110 121 13 34 72
1366 45 8 86 21 127 47 92 34 16 85
1366 46 8 74 84 96 103 110 29 1 88
1366 47 8 54 79 11 114 108 61 45 14
311 0 8 11 93 61 84 18 118 81 111
311 1 8 76 123 83 19 107 116 91 46
311 2 8 117 9 14 51 32 116 47 10
311 3 8 59 105 91 10 39 7 38 46
311 4 8 10 105 22 77 23 48 47 111
311 5 8 34 111 107 22 126 58 80 70
311 6 8 79 110 10 42 75 30 52 13
311 7 8 34 72 51 39 93 110 43 26
311 8 8 46 28 103 15 39 14 64 27
311 9 8 43 52 48 1 94 119 77 22
311 10 8 74 35 101 23 40 13 123 38
311 11 8 79 47 9 111 58 77 13 116
311 12 8 124 76 123 43 120 53 69 51
311 13 8 95 55 75 121 99 79 2 42
311 14 8 80 27 111 118 73 94 6 10
311 15 8 90 60 18 13 111 115 81 4
311 16 8 15 7 11 121 17 83 33 4
311 17 8 52 15 122 85 68 13 56 105
311 18 8 120 79 75 27 106 63 119 38
311 19 8 39 115 87 122 72 96 51 60
311 20 8 28 64 15 46 5 124 109 27
311 21 8 43 77 52 94 14 119 48 81
311 22 8 74 35 38 80 101 121 40 8
311 23 8 79 77 47 8 4 101 31 58
311 24 8 124 123 120 76 43 26 37 60
311 25 8 95 75 55 97 59 2 121 79
311 26 8 27 80 94 99 118 101 70 111
311 27 8 90 60 18 111 13 67 55 94
311 28 8 26 15 66 11 33 7 17 3
311 29 8 52 15 85 109 120 56 68 6
311 30 8 79 13 27 106 75 120 30 119
311 31 8 39 115 87 72 122 51 113 43
311 32 8 28 64 5 15 103 46 59 18
311 33 8 43 52 51 119 81 94 77 10
311 34 8 74 35 13 101 103 107 97 25
311 35 8 79 101 58 13 8 86 111 33
311 36 8 124 53 76 43 123 100 26 62
311 37 8 95 75 65 2 79 44 42 71
311 38 8 27 80 58 111 6 79 70 99
311 39 8 60 90 18 35 67 13 91 55
311 40 8 7 15 11 66 4 33 26 45
311 41 8 52 15 85 17 45 72 106 46
311 42 8 37 65 59 74 7 127 2 125
311 43 8 3 19 43 78 12 27 21 56
311 44 8 113 45 37 88 121 43 0 72
311 45 8 21 46 112 49 17 85 63 58
311 46 8 88 29 84 105 39 30 102 28
311 47 8 52 108 35 95 59 6 111 71
12118 0 8 62 126 29 116 77 3 12 111
12118 1 8 123 78 76 58 88 45 91 20
12118 2 8 119 32 24 51 23 47 72 94
12118 3 8 120 105 7 90 91 11 79 59
12118 4 8 10 105 47 39 109 104 48 77
12118 5 8 48 58 70 56 117 80 126 108
12118 6 8 106 118 30 79 75 27 42 76
12118 7 8 96 39 43 87 51 34 16 122
12118 8 8 103 46 27 15 24 59 6 71
12118 9 8 41 52 119 10 94 77 43 114
12118 10 8 35 40 13 103 74 120 95 22
12118 11 8 71 79 87 76 19 16 101 68
12118 12 8 38 76 123 43 101 124 100 53
12118 13 8 95 24 123 109 75 57 119 14
12118 14 8 62 18 111 59 86 52 73 46
12118 15 8 90 107 20 18 67 21 13 111
12118 16 8 77 123 29 33 66 26 44 108
12118 17 8 63 0 65 56 68 84 89 49
12118 18 8 106 27 79 75 55 30 2 3
12118 19 8 39 96 115 43 60 87 16 51
12118 20 8 15 27 46 59 24 6 103 2
12118 21 8 41 119 81 52 77 75 101 88
12118 22 8 22 103 37 109 35 32 72 74
12118 23 8 42 71 68 114 101 79 116 22
12118 24 8 38 26 101 123 0 62 43 1
12118 25 8 95 109 123 57 14 24 41 119
12118 26 8 59 18 62 46 60 52 27 111
12118 27 8 107 90 20 21 18 67 22 13
12118 28 8 77 44 108 123 26 29 33 66
12118 29 8 63 0 65 84 49 68 56 14
12118 30 8 27 118 79 106 30 75 13 88
12118 31 8 43 39 96 115 16 34 51 87
12118 32 8 27 15 103 24 46 59 6 20
12118 33 8 41 119 52 81 117 114 79 104
12118 34 8 95 22 35 37 120 25 109 110
12118 35 8 97 16 42 68 114 71 22 46
12118 36 8 38 0 25 3 101 26 12 97
12118 37 8 95 109 123 24 57 41 49 18
12118 38 8 18 62 111 52 47 46 60 71
12118 39 8 20 107 18 22 90 53 67 69
12118 40 8 77 29 44 123 108 23 3 66
12118 41 8 63 65 84 0 85 56 49 122
12118 42 8 75 28 126 20 49 55 8 127
12118 43 8 47 121 49 3 2 21 27 8
12118 44 8 13 110 80 121 84 43 11 88
12118 45 8 47 83 21 5 87 85 26 34
12118 46 8 1 123 10 45 81 84 96 124
12118 47 8 11 31 127 90 82 15 14 121
323 0 8 83 63 31 61 107 118 93 80
323 1 8 8 41 34 76 124 26 42 2
323 2 8 53 88 84 67 93 32 47 16
323 3 8 59 89 6 64 2 21 79 41
323 4 8 79 76 106 124 4 47 40 48
323 5 8 125 42 70 61 22 49 13 122
323 6 8 105 10 83 75 106 110 30 42
323 7 8 49 43 96 34 103 39 93 54
323 8 8 46 84 121 66 103 2 3 71
323 9 8 52 110 119 9 77 98 51 104
323 10 8 73 61 101 105 65 53 112 83
323 11 8 71 61 49 26 127 4 37 24
323 12 8 100 76 107 115 99 104 7 97
323 13 8 6 28 80 64 95 16 77 21
323 14 8 48 79 10 80 70 6 73 118
323 15 8 85 60 111 22 18 67 13 10
323 16 8 15 8 124 26 66 83 17 36
323 17 8 52 15 19 56 72 69 68 97
323 18 8 27 106 79 105 75 8 83 13
323 19 8 49 96 115 39 122 43 50 34
323 20 8 84 121 46 27 127 66 29 5
323 21 8 9 77 110 119 117 52 81 49
323 22 8 105 61 51 65 73 53 101 22
323 23 8 61 71 49 24 127 26 101 6
323 24 8 115 99 15 3 76 100 107 104
323 25 8 6 28 80 15 64 16 25 86
323 26 8 79 48 80 99 87 70 88 90
323 27 8 111 85 60 18 10 13 22 67
323 28 8 15 8 124 66 26 3 7 83
323 29 8 19 52 15 56 69 17 120 6
323 30 8 105 27 13 106 79 75 100 30
323 31 8 49 39 96 115 43 122 51 95
323 32 8 121 84 46 103 66 5 29 59
323 33 8 110 9 77 52 119 51 81 88
323 34 8 73 105 61 74 101 51 25 35
323 35 8 61 24 49 26 71 101 127 6
323 36 8 80 99 15 107 3 100 76 115
323 37 8 6 21 80 28 42 64 16 98
323 38 8 80 48 79 10 0 6 88 52
323 39 8 18 85 60 67 78 111 23 69
323 40 8 8 15 124 66 45 3 17 83
323 41 8 52 15 19 69 17 56 48 106
323 42 8 21 74 127 7 64 31 32 37
323 43 8 43 19 88 3 77 78 12 117
323 44 8 0 45 88 73 121 43 37 53
323 45 8 46 112 21 17 49 63 94 85
323 46 8 29 88 105 84 39 30 38 80
323 47 8 52 95 35 111 108 59 6 9
1221 0 8 63 13 103 2 21 97 93 34
1221 1 8 8 23 53 41 58 116 76 34
1221 2 8 8 53 54 88 100 93 32 65
1221 3 8 64 29 93 38 59 2 39 35
1221 4 8 4 79 76 22 25 48 40 124
1221 5 8 47 82 71 34 70 96 22 42
1221 6 8 10 42 79 30 75 52 106 19
1221 7 8 34 95 50 39 103 49 96 115
1221 8 8 46 109 66 36 3 84 59 113
1221 9 8 98 52 119 77 9 110 62 1
1221 10 8 73 101 23 107 65 74 36 97
1221 11 8 9 26 71 76 4 70 112 127
1221 12 8 80 107 3 100 7 115 79 76
1221 13 8 6 21 16 118 64 98 99 23
1221 14 8 79 10 101 118 80 73 70 58
1221 15 8 111 60 18 22 10 13 85 103
1221 16 8 15 8 7 124 66 26 17 55
1221 17 8 52 15 56 69 97 19 61 83
1221 18 8 27 79 106 75 13 8 100 30
1221 19 8 115 39 50 122 96 95 87 54
1221 20 8 46 109 66 36 127 5 10 29
1221 21 8 77 98 51 119 52 81 64 37
1221 22 8 74 73 101 65 51 3 107 22
1221 23 8 26 71 6 82 4 47 127 101
1221 24 8 80 115 107 101 7 76 3 104
1221 25 8 16 6 21 80 85 121 64 75
1221 26 8 79 101 10 70 118 80 99 58
1221 27 8 111 18 60 22 67 61 10 85
1221 28 8 15 8 66 26 3 7 36 124
1221 29 8 52 15 56 19 17 69 120 97
1221 30 8 13 27 106 79 75 100 86 30
1221 31 8 39 96 122 95 51 115 43 49
1221 32 8 109 46 103 29 5 71 14 36
1221 33 8 77 51 119 52 88 81 10 110
1221 34 8 107 74 73 101 51 35 72 22
1221 35 8 71 67 26 46 101 127 61 6
1221 36 8 80 107 3 100 115 76 7 118
1221 37 8 21 6 98 16 42 75 28 2
1221 38 8 79 80 101 10 48 0 6 88
1221 39 8 18 60 111 87 67 78 69 23
1221 40 8 15 8 7 66 45 55 3 124
1221 41 8 52 15 19 17 69 56 48 106
1221 42 8 37 74 21 127 7 64 31 32
1221 43 8 43 19 3 88 78 12 77 21
1221 44 8 45 0 88 73 121 37 43 113
1221 45 8 46 112 21 17 63 49 85 78
1221 46 8 88 29 105 84 30 39 38 80
1221 47 8 52 108 35 95 111 59 6 9
1473 0 8 29 126 62 116 125 19 28 111
1473 1 8 58 78 8 23 76 88 123 45
1473 2 8 119 24 32 51 125 47 14 94
1473 3 8 29 7 120 90 105 93 11 59
1473 4 8 4 47 91 39 109 22 48 105
1473 5 8 100 47 96 70 80 22 13 106
1473 6 8 79 106 27 75 10 76 30 42
1473 7 8 87 34 96 39 122 16 54 51
1473 8 8 46 51 24 39 59 3 80 101
1473 9 8 119 52 94 77 45 79 14 51
1473 10 8 107 74 101 23 65 97 37 120
1473 11 8 87 71 9 10 47 127 4 82
1473 12 8 80 100 104 101 76 3 25 71
1473 13 8 24 121 75 85 42 64 99 14
1473 14 8 62 28 10 70 118 6 88 27
1473 15 8 112 18 103 22 67 98 115 4
1473 16 8 20 123 66 83 73 26 3 53
1473 17 8 97 56 14 69 85 120 84 109
1473 18 8 79 106 27 75 100 30 86 120
1473 19 8 39 96 87 115 51 122 60 16
1473 20 8 51 46 24 103 59 39 27 5
1473 21 8 77 51 52 119 81 37 101 94
1473 22 8 74 101 107 22 72 51 35 37
1473 23 8 71 87 31 47 101 127 82 46
1473 24 8 80 115 76 101 100 62 120 3
1473 25 8 24 121 75 42 21 14 64 85
1473 26 8 62 28 99 52 118 70 79 91
1473 27 8 18 112 103 53 67 22 115 31
1473 28 8 20 123 66 36 26 73 115 55
1473 29 8 69 85 14 97 56 84 109 48
1473 30 8 27 79 75 106 13 42 86 30
1473 31 8 43 39 51 87 96 115 60 122
1473 32 8 51 24 103 46 39 29 59 5
1473 33 8 51 77 81 103 119 52 88 10
1473 34 8 107 74 101 72 120 51 22 35
1473 35 8 71 87 101 70 127 46 29 67
1473 36 8 80 115 76 124 97 100 101 3
1473 37 8 42 24 121 64 75 21 98 49
1473 38 8 62 52 28 99 0 6 107 101
1473 39 8 69 18 98 103 53 56 67 112
1473 40 8 123 20 36 66 55 45 102 83
1473 41 8 69 14 97 48 20 85 84 56
1473 42 8 75 65 28 101 32 127 31 64
1473 43 8 2 3 4 117 81 6 78 77
1473 44 8 13 113 54 73 121 71 43 81
1473 45 8 94 21 127 49 34 85 19 119
1473 46 8 67 74 88 17 84 102 97 44
1473 47 8 34 79 117 32 54 27 9 114
429 0 8 84 61 103 2 80 120 71 111
429 1 8 58 3 83 88 76 23 123 86
429 2 8 122 32 117 24 100 72 84 47
429 3 8 7 90 120 105 29 39 59 99
429 4 8 91 47 4 105 48 39 67 109
429 5 8 107 70 96 47 111 100 82 22
429 6 8 79 106 27 30 75 2 42 76
429 7 8 96 39 50 60 42 34 16 51
429 8 8 109 46 51 59 103 39 71 15
429 9 8 119 51 45 88 77 48 52 101
429 10 8 23 107 101 74 72 83 102 25
429 11 8 47 10 70 87 67 19 101 9
429 12 8 80 120 101 68 62 3 76 100
429 13 8 121 99 42 85 66 14 55 65
429 14 8 79 27 118 52 70 28 13 10
429 15 8 103 112 4 22 18 67 124 90
429 16 8 55 20 98 36 66 3 26 73
429 17 8 69 48 97 56 109 68 120 85
429 18 8 106 27 75 100 111 79 42 123
429 19 8 96 39 115 43 50 60 113 54
429 20 8 109 39 103 29 71 5 59 46
429 21 8 77 51 81 101 45 119 26 58
429 22 8 72 107 101 51 74 32 123 3
429 23 8 47 101 31 70 10 87 71 4
429 24 8 80 62 120 76 101 68 3 115
429 25 8 121 42 16 85 14 21 75 65
429 26 8 79 52 27 70 99 28 118 110
429 27 8 112 103 18 53 22 67 118 69
429 28 8 55 20 66 36 26 3 73 15
429 29 8 69 48 85 56 117 97 109 6
429 30 8 13 106 27 75 42 86 100 123
429 31 8 43 39 96 95 115 60 51 42
429 32 8 109 103 46 5 39 71 14 59
429 33 8 51 88 77 103 119 81 22 49
429 34 8 107 72 123 101 51 119 108 74
429 35 8 101 29 70 8 67 19 28 127
429 36 8 80 76 120 124 12 62 115 58
429 37 8 121 21 42 16 98 77 55 76
429 38 8 79 52 28 99 0 70 118 27
429 39 8 103 69 18 67 53 4 112 90
429 40 8 55 20 119 66 45 36 73 3
429 41 8 69 48 97 85 56 20 46 127
429 42 8 37 64 101 127 31 125 75 7
429 43 8 49 3 117 77 12 81 19 43
429 44 8 88 99 73 121 43 45 113 54
429 45 8 21 17 127 58 94 49 46 112
429 46 8 81 30 84 67 88 29 28 105
429 47 8 32 111 117 34 79 9 95 52
11508 0 8 126 12 62 29 124 19 3 28
11508 1 8 107 23 3 58 76 53 78 88
11508 2 8 14 116 7 119 32 100 115 102
11508 3 8 112 59 7 26 10 64 38 79
11508 4 8 105 0 22 10 56 74 25 39
11508 5 8 102 80 30 56 126 78 107 47
11508 6 8 106 30 75 42 13 110 27 76
11508 7 8 87 39 96 50 26 51 34 16
11508 8 8 15 24 46 64 103 59 51 39
11508 9 8 94 22 119 10 101 88 1 52
11508 10 8 107 101 72 120 23 14 110 16
11508 11 8 8 87 68 71 86 47 29 19
11508 12 8 53 80 76 26 124 25 12 97
11508 13 8 75 24 42 44 95 78 77 64
11508 14 8 62 101 52 27 28 6 73 99
11508 15 8 87 18 69 90 60 95 98 67
11508 16 8 60 123 45 78 29 6 20 15
11508 17 8 85 14 20 56 53 68 117 122
11508 18 8 106 13 27 42 30 100 75 86
11508 19 8 87 39 115 96 45 50 43 51
11508 20 8 64 15 46 103 39 24 59 27
11508 21 8 94 77 119 81 101 22 51 103
11508 22 8 72 101 107 37 14 120 51 74
11508 23 8 8 86 4 101 87 71 33 31
11508 24 8 53 76 80 115 12 26 124 3
11508 25 8 75 24 44 42 95 77 78 71
11508 26 8 62 101 99 52 28 110 27 58
11508 27 8 18 69 31 67 87 55 98 95
11508 28 8 123 26 45 20 66 6 115 60
11508 29 8 85 14 117 20 84 56 53 97
11508 30 8 13 27 106 86 75 42 30 100
11508 31 8 87 39 115 51 96 43 60 26
11508 32 8 24 64 103 15 39 59 46 51
11508 33 8 94 81 103 119 77 88 22 51
11508 34 8 107 120 72 108 101 39 119 14
11508 35 8 8 86 87 29 101 71 37 19
11508 36 8 53 76 80 12 124 97 26 63
11508 37 8 24 75 44 77 65 64 21 71
11508 38 8 62 52 101 99 34 39 0 21
11508 39 8 98 69 18 53 95 55 67 56
11508 40 8 123 45 20 102 66 6 115 83
11508 41 8 84 85 14 53 106 117 20 97
11508 42 8 28 65 22 55 8 101 123 75
11508 43 8 2 81 4 3 117 112 97 111
11508 44 8 13 113 54 80 72 121 122 30
11508 45 8 127 47 21 86 83 34 85 119
11508 46 8 74 45 84 88 67 97 102 10
11508 47 8 54 90 27 79 34 32 104 22
311 0 8 11 61 81 93 0 84 31 120
311 1 8 19 41 83 76 23 107 123 86
311 2 8 32 117 7 116 14 119 120 68
311 3 8 7 26 91 105 1 112 90 29
311 4 8 0 91 39 105 74 22 77 10
311 5 8 80 102 126 111 82 70 56 30
311 6 8 106 30 42 27 123 13 2 75
311 7 8 50 39 96 72 42 87 115 26
311 8 8 15 103 51 39 28 27 46 59
311 9 8 119 94 48 101 10 22 51 88
311 10 8 23 72 107 101 14 102 83 32
311 11 8 47 8 58 10 87 86 15 13
311 12 8 80 69 53 68 76 120 124 62
311 13 8 121 24 75 44 99 65 55 42
311 14 8 27 52 101 28 118 70 10 19
311 15 8 112 88 4 18 118 22 90 67
311 16 8 121 20 123 98 43 3 66 26
311 17 8 14 109 20 56 97 53 68 120
311 18 8 120 106 27 100 123 13 76 75
311 19 8 39 96 115 87 50 43 60 54
311 20 8 64 59 71 5 46 103 29 51
311 21 8 51 77 101 94 119 81 64 58
311 22 8 72 14 107 51 83 101 3 74
311 23 8 47 15 101 31 86 70 87 58
311 24 8 80 62 53 120 47 101 68 3
311 25 8 121 24 75 44 85 14 16 42
311 26 8 27 28 52 70 118 99 110 19
311 27 8 112 18 67 53 118 22 4 88
311 28 8 121 66 20 43 3 26 36 123
311 29 8 14 20 56 109 97 117 85 28
311 30 8 13 27 106 75 86 76 123 100
311 31 8 96 39 115 43 51 42 60 80
311 32 8 103 71 14 64 46 39 59 28
311 33 8 119 88 51 94 77 81 103 49
311 34 8 72 107 101 51 120 83 14 74
311 35 8 58 29 101 19 86 71 87 8
311 36 8 80 76 124 115 12 69 53 120
311 37 8 121 65 75 44 24 107 99 71
311 38 8 28 58 101 99 52 70 118 27
311 39 8 18 69 53 67 98 112 56 91
311 40 8 20 121 66 43 36 115 123 102
311 41 8 14 97 20 106 117 45 56 85
311 42 8 65 22 101 123 127 109 46 5
311 43 8 3 81 6 4 117 79 21 65
311 44 8 54 71 81 113 43 121 20 72
311 45 8 127 21 20 80 119 49 85 78
311 46 8 67 88 44 84 80 28 102 22
311 47 8 34 32 117 27 9 55 59 79
264 0 8 106 27 110 50 49 48 47 118
264 1 8 99 75 62 91 123 46 116 9
264 2 8 45 122 32 7 72 68 94 102
264 3 8 94 91 26 97 59 79 7 12
264 4 8 0 54 105 77 109 111 107 67
264 5 8 105 51 102 126 70 56 49 30
264 6 8 106 30 86 13 110 123 76 27
264 7 8 39 96 42 26 72 54 115 60
264 8 8 2 103 46 28 15 59 39 51
264 9 8 119 47 48 88 10 51 105 77
264 10 8 23 72 107 101 14 67 54 102
264 11 8 47 31 87 110 10 19 9 13
264 12 8 68 80 47 120 69 76 115 62
264 13 8 66 113 12 65 119 89 99 42
264 14 8 105 52 96 118 27 70 21 22
264 15 8 18 112 67 22 4 88 124 69
264 16 8 51 121 95 66 43 2 91 26
264 17 8 35 2 56 66 28 126 52 76
264 18 8 106 27 76 111 120 95 2 60
264 19 8 80 65 107 122 96 42 74 54
264 20 8 71 2 52 12 107 112 29 109
264 21 8 119 108 81 18 88 101 92 114
264 22 8 72 51 83 66 3 37 32 46
264 23 8 65 67 100 70 62 127 101 87
264 24 8 92 80 3 62 47 91 13 37
264 25 8 89 99 12 66 69 119 113 49
264 26 8 105 70 52 96 110 22 121 127
264 27 8 67 18 22 79 118 53 112 124
264 28 8 66 51 95 26 121 3 2 123
264 29 8 56 2 28 35 39 66 109 76
264 30 8 106 13 27 76 30 86 43 2
264 31 8 96 39 115 107 80 42 60 30
264 32 8 2 71 103 46 59 76 112 107
264 33 8 119 88 81 108 117 10 124 51
264 34 8 72 51 66 110 3 107 101 80
264 35 8 78 29 101 44 21 64 4 71
264 36 8 92 80 115 124 47 13 69 62
264 37 8 12 66 113 119 65 49 69 99
264 38 8 105 58 96 99 101 118 52 88
264 39 8 98 18 69 67 53 100 56 4
264 40 8 51 43 66 121 123 115 3 102
264 41 8 2 35 66 126 20 117 6 106
264 42 8 98 102 123 22 127 93 46 18
264 43 8 6 3 81 117 87 79 21 104
264 44 8 20 48 68 121 81 43 72 95
264 45 8 20 80 21 70 49 85 78 37
264 46 8 88 44 80 115 8 84 114 28
264 47 8 36 120 59 47 66 123 88 9
49759 0 8 77 67 12 82 62 23 64 28
49759 1 8 7 48 29 67 88 60 114 8
49759 2 8 76 32 120 69 73 102 121 24
49759 3 8 62 91 90 77 79 41 92 40
49759 4 8 116 105 27 54 109 47 0 10
49759 5 8 48 16 126 56 69 117 78 58
49759 6 8 106 30 118 123 2 27 76 75
49759 7 8 43 96 39 42 51 54 16 103
49759 8 8 103 46 59 2 6 27 15 115
49759 9 8 51 119 41 77 88 104 10 114
49759 10 8 72 51 107 37 110 95 67 22
49759 11 8 114 19 16 101 76 71 8 78
49759 12 8 38 80 76 101 103 108 123 3
49759 13 8 41 123 12 89 109 49 95 102
49759 14 8 18 82 47 52 62 46 81 22
49759 15 8 20 107 18 27 122 22 31 67
49759 16 8 29 77 53 109 26 6 100 34
49759 17 8 0 63 65 56 64 120 84 68
49759 18 8 106 27 75 100 76 55 30 123
49759 19 8 43 39 96 115 16 51 122 54
49759 20 8 6 27 46 59 115 2 103 76
49759 21 8 51 119 108 114 77 81 64 58
49759 22 8 51 37 67 72 95 109 2 22
49759 23 8 97 114 16 4 31 71 101 82
49759 24 8 103 80 38 123 108 101 25 92
49759 25 8 89 123 41 109 49 18 14 95
49759 26 8 47 18 82 81 62 22 70 59
49759 27 8 107 20 18 31 27 122 21 77
49759 28 8 29 77 44 34 26 66 109 53
49759 29 8 63 0 65 84 120 64 56 13
49759 30 8 30 118 27 106 13 75 42 100
49759 31 8 43 39 96 16 115 51 60 34
49759 32 8 27 59 6 103 46 115 2 76
49759 33 8 51 77 41 104 40 119 81 79
49759 34 8 51 37 95 22 72 109 25 110
49759 35 8 114 16 97 42 71 76 101 37
49759 36 8 38 101 0 80 103 97 3 123
49759 37 8 109 123 12 41 95 49 57 89
49759 38 8 18 47 111 52 60 82 46 22
49759 39 8 107 20 18 77 69 46 31 90
49759 40 8 29 77 44 109 23 110 34 108
49759 41 8 65 63 0 85 64 115 18 54
49759 42 8 20 75 126 49 90 8 55 59
49759 43 8 74 121 47 125 94 8 3 75
49759 44 8 13 110 80 11 84 33 121 72
49759 45 8 5 47 21 83 87 26 86 58
49759 46 8 1 96 123 37 10 103 45 84
49759 47 8 11 127 31 82 12 14 90 44
382 0 8 65 53 1 100 73 98 69 31
382 1 8 18 119 127 94 5 82 15 70
382 2 8 80 84 38 88 57 39 93 47
382 3 8 6 89 31 124 2 16 41 75
382 4 8 106 124 115 76 111 48 85 109
382 5 8 61 125 66 8 9 22 37 13
382 6 8 83 105 8 78 52 56 12 106
382 7 8 112 49 101 75 34 16 51 41
382 8 8 65 84 121 46 116 9 3 105
382 9 8 9 110 117 64 119 125 114 52
382 10 8 56 61 105 112 98 53 78 39
382 11 8 125 61 24 49 37 127 7 23
382 12 8 96 15 99 56 116 75 97 65
382 13 8 19 15 28 6 23 73 58 12
382 14 8 48 20 17 100 90 86 104 88
382 15 8 85 70 101 18 10 8 103 16
382 16 8 124 39 17 8 65 73 81 103
382 17 8 21 42 19 69 48 56 78 99
382 18 8 83 105 78 71 8 106 52 30
382 19 8 112 49 101 75 34 16 41 79
382 20 8 84 65 121 46 3 116 9 57
382 21 8 9 125 110 64 117 114 19 49
382 22 8 56 61 105 53 112 78 98 122
382 23 8 61 125 24 49 23 6 127 7
382 24 8 99 96 15 56 50 97 75 65
382 25 8 58 19 15 23 28 6 73 20
382 26 8 100 17 90 20 48 86 88 76
382 27 8 85 101 70 10 103 18 127 8
382 28 8 124 81 73 65 17 8 39 45
382 29 8 42 21 19 48 69 18 1 55
382 30 8 105 83 78 52 12 106 8 30
382 31 8 112 49 75 101 34 51 16 110
382 32 8 65 121 84 46 116 3 101 57
382 33 8 125 9 110 114 64 122 117 49
382 34 8 105 112 56 78 61 53 65 98
382 35 8 125 24 61 23 49 37 127 7
382 36 8 99 15 97 56 96 116 75 65
382 37 8 58 15 19 28 23 25 73 6
382 38 8 100 17 90 48 20 86 107 115
382 39 8 10 70 101 103 85 8 22 18
382 40 8 81 73 17 65 124 45 8 66
382 41 8 42 48 21 69 19 18 56 1
382 42 8 31 64 32 127 6 56 114 36
382 43 8 77 71 88 78 31 3 43 117
382 44 8 53 73 90 0 107 121 31 43
382 45 8 21 101 94 85 49 27 2 127
382 46 8 38 34 84 11 88 97 103 98
382 47 8 73 105 125 20 2 101 9 59
71486 0 8 21 82 75 62 77 87 34 2
71486 1 8 23 58 6 99 125 9 3 88
71486 2 8 93 47 8 127 54 9 51 68
71486 3 8 4 16 38 64 124 107 94 82
71486 4 8 56 22 124 48 25 58 104 67
71486 5 8 82 22 13 68 24 34 78 47
71486 6 8 52 110 38 42 12 79 30 106
71486 7 8 110 51 60 75 48 31 34 45
71486 8 8 36 116 46 105 3 33 11 8
71486 9 8 65 52 1 64 99 33 96 127
71486 10 8 112 113 26 74 3 98 67 102
71486 11 8 107 65 43 37 9 76 63 52
71486 12 8 75 97 116 24 80 104 42 50
71486 13 8 73 98 23 102 64 101 21 119
71486 14 8 76 82 88 101 34 22 79 90
71486 15 8 8 95 13 125 16 87 70 103
71486 16 8 65 17 45 124 70 103 83 51
71486 17 8 69 18 48 17 93 99 29 106
71486 18 8 52 79 83 38 42 12 110 71
71486 19 8 110 51 31 60 75 45 48 41
71486 20 8 36 46 3 105 116 57 124 8
71486 21 8 65 52 64 99 1 114 96 49
71486 22 8 112 113 26 3 35 74 53 66
71486 23 8 107 89 8 65 37 63 43 76
71486 24 8 75 97 116 80 50 104 24 56
71486 25 8 73 98 23 21 16 101 26 102
71486 26 8 90 76 88 101 8 34 6 82
71486 27 8 87 8 13 10 95 18 103 16
71486 28 8 65 45 17 73 83 124 78 32
71486 29 8 18 17 69 48 61 85 27 83
71486 30 8 52 79 12 30 106 42 56 110
71486 31 8 51 110 60 34 45 48 16 49
71486 32 8 36 116 46 3 105 103 101 57
71486 33 8 65 52 114 64 49 1 99 118
71486 34 8 112 53 113 26 3 65 74 39
71486 35 8 107 37 89 8 63 43 127 61
71486 36 8 97 80 116 75 24 52 56 9
71486 37 8 73 23 98 102 101 21 82 81
71486 38 8 34 88 82 107 90 101 76 22
71486 39 8 87 8 95 13 10 103 18 70
71486 40 8 65 17 45 73 111 83 78 109
71486 41 8 18 49 26 85 61 48 17 69
71486 42 8 2 20 8 66 64 32 31 116
71486 43 8 77 16 47 78 94 30 2 3
71486 44 8 113 94 107 73 11 53 82 121
71486 45 8 94 86 21 85 48 92 127 107
71486 46 8 122 103 1 84 38 97 88 37
71486 47 8 44 79 82 114 12 54 6 14
11 0 8 44 26 65 59 114 73 104 101
11 1 8 50 23 127 58 94 124 113 18
11 2 8 84 93 88 127 47 54 18 32
11 3 8 2 82 39 38 124 47 16 87
11 4 8 25 56 124 106 48 58 67 104
11 5 8 82 22 13 68 61 74 107 24
11 6 8 52 83 30 42 106 8 12 38
11 7 8 51 16 75 60 110 34 31 50
11 8 8 46 36 109 3 116 105 101 103
11 9 8 65 119 45 114 64 96 9 117
11 10 8 112 113 83 53 39 56 26 123
11 11 8 67 127 89 37 43 82 65 7
11 12 8 97 116 104 56 75 3 15 80
11 13 8 23 98 16 21 73 25 42 32
11 14 8 20 88 90 118 79 76 70 96
11 15 8 18 22 103 13 4 67 70 85
11 16 8 124 73 66 17 55 81 95 65
11 17 8 56 69 48 42 72 28 97 34
11 18 8 106 27 8 12 30 76 79 2
11 19 8 16 60 122 80 96 115 39 75
11 20 8 109 46 71 36 101 12 112 116
11 21 8 114 65 45 119 117 87 64 49
11 22 8 123 65 53 83 51 67 20 112
11 23 8 89 127 67 82 65 37 64 10
11 24 8 56 9 104 116 60 97 3 7
11 25 8 16 98 23 25 32 21 58 42
11 26 8 90 20 88 93 17 118 79 70
11 27 8 10 13 22 103 67 85 18 101
11 28 8 124 73 17 66 81 65 3 8
11 29 8 42 48 56 69 18 19 28 97
11 30 8 106 12 105 27 30 79 8 52
11 31 8 49 16 60 96 39 95 75 34
11 32 8 109 84 121 46 36 71 103 101
11 33 8 114 45 9 65 110 119 117 49
11 34 8 105 61 112 113 65 123 53 13
11 35 8 61 127 89 67 49 24 37 125
11 36 8 99 97 15 9 116 56 3 74
11 37 8 15 28 23 58 25 6 98 16
11 38 8 20 90 48 17 88 107 93 86
11 39 8 10 101 85 103 70 67 13 22
11 40 8 124 17 73 65 8 45 3 66
11 41 8 69 48 19 42 56 18 72 17
11 42 8 39 31 64 127 32 74 7 123
11 43 8 77 88 78 43 3 117 21 19
11 44 8 53 0 73 121 43 107 45 44
11 45 8 21 94 49 85 78 27 46 127
11 46 8 38 84 88 82 97 31 105 114
11 47 8 73 32 9 117 95 111 35 59
773 0 8 21 63 125 2 120 116 32 61
773 1 8 23 58 30 113 99 6 26 53
773 2 8 93 84 122 8 47 54 127 88
773 3 8 2 64 38 16 82 124 112 39
773 4 8 25 56 124 104 48 22 58 67
773 5 8 82 22 13 68 34 47 107 126
773 6 8 52 42 30 106 110 79 38 56
773 7 8 60 51 110 50 75 31 16 34
773 8 8 109 36 46 116 3 103 105 15
773 9 8 65 45 64 8 119 1 99 9
773 10 8 112 113 26 23 39 59 36 53
773 11 8 67 107 37 127 89 9 8 98
773 12 8 97 116 75 104 80 3 71 7
773 13 8 23 98 21 16 73 43 77 81
773 14 8 79 88 90 73 76 86 48 61
773 15 8 103 18 4 13 22 85 70 95
773 16 8 65 124 73 17 45 55 91 7
773 17 8 69 48 56 97 18 34 17 29
773 18 8 83 79 52 30 106 12 34 27
773 19 8 60 16 34 51 50 39 110 122
773 20 8 36 46 109 3 15 116 101 105
773 21 8 65 114 45 14 49 117 64 8
773 22 8 112 123 53 113 65 74 0 59
773 23 8 89 67 127 37 8 107 36 4
773 24 8 97 104 116 9 56 75 50 7
773 25 8 16 98 23 21 73 6 32 28
773 26 8 90 79 88 48 93 118 76 20
773 27 8 10 103 85 4 13 18 22 111
773 28 8 124 73 17 55 65 66 26 45
773 29 8 48 69 56 97 18 17 19 68
773 30 8 105 106 12 27 30 8 52 83
773 31 8 49 16 60 39 95 34 51 65
773 32 8 109 36 84 121 46 101 71 103
773 33 8 45 114 65 9 110 119 49 117
773 34 8 105 61 113 112 123 65 53 25
773 35 8 67 89 61 127 49 24 37 8
773 36 8 97 99 15 9 116 56 104 3
773 37 8 98 23 28 21 16 6 77 25
773 38 8 90 79 48 88 93 107 70 52
773 39 8 103 10 87 85 18 13 67 22
773 40 8 73 17 124 45 65 8 3 55
773 41 8 69 48 19 56 17 18 127 49
773 42 8 64 31 127 37 32 74 7 36
773 43 8 77 88 78 3 43 117 30 21
773 44 8 0 53 73 121 43 107 45 44
773 45 8 94 21 49 78 85 46 27 127
773 46 8 38 84 82 88 105 31 97 28
773 47 8 73 32 9 117 95 35 111 34
1077 0 8 62 104 21 2 126 97 29 19
1077 1 8 23 58 123 95 113 9 116 77
1077 2 8 7 47 32 51 93 10 127 14
1077 3 8 112 2 16 39 124 38 59 29
1077 4 8 23 48 56 109 104 25 4 67
1077 5 8 82 22 13 107 70 34 74 68
1077 6 8 106 76 30 27 12 79 2 71
1077 7 8 16 39 65 51 54 80 42 122
1077 8 8 109 71 46 116 108 112 36 12
1077 9 8 119 45 114 65 19 64 81 10
1077 10 8 83 51 123 53 112 56 74 37
1077 11 8 127 89 67 87 101 37 10 6
1077 12 8 97 104 3 101 62 116 13 114
1077 13 8 25 16 69 23 66 12 89 98
1077 14 8 90 118 80 70 88 79 91 127
1077 15 8 13 67 22 103 4 112 18 79
1077 16 8 95 55 66 7 2 73 100 3
1077 17 8 56 48 28 69 76 52 35 120
1077 18 8 106 111 27 76 2 95 120 6
1077 19 8 80 16 122 42 37 115 54 65
1077 20 8 109 71 12 112 29 107 2 52
1077 21 8 87 114 119 108 75 19 101 65
1077 22 8 51 72 83 11 66 123 65 22
1077 23 8 127 67 87 89 10 44 82 118
1077 24 8 62 101 13 92 3 48 120 9
1077 25 8 89 25 69 16 99 32 82 91
1077 26 8 91 70 93 127 62 118 94 96
1077 27 8 13 112 67 22 103 111 18 87
1077 28 8 66 55 3 2 123 73 65 95
1077 29 8 28 56 48 76 69 14 46 18
1077 30 8 106 27 2 111 76 73 95 79
1077 31 8 80 37 42 16 96 54 122 39
1077 32 8 109 71 12 112 5 24 36 29
1077 33 8 119 87 120 65 81 101 19 108
1077 34 8 11 93 72 66 51 32 74 7
1077 35 8 87 44 127 10 89 77 4 6
1077 36 8 13 48 9 62 92 97 24 95
1077 37 8 98 61 69 82 23 77 24 16
1077 38 8 91 62 79 88 93 101 7 90
1077 39 8 13 67 87 103 22 98 10 18
1077 40 8 123 17 65 73 55 45 3 66
1077 41 8 48 58 56 69 18 85 28 17
1077 42 8 28 127 64 2 31 37 42 32
1077 43 8 2 27 56 77 78 3 94 43
1077 44 8 113 11 107 109 19 121 54 43
1077 45 8 127 94 21 63 92 78 77 85
1077 46 8 74 84 103 97 29 88 38 51
1077 47 8 6 79 108 32 114 111 67 27
752 0 8 62 103 13 61 18 37 19 17
752 1 8 23 58 123 9 3 57 116 45
752 2 8 51 14 47 7 93 9 127 32
752 3 8 38 2 112 59 16 29 105 39
752 4 8 124 56 23 25 22 104 48 67
752 5 8 107 22 82 34 13 68 75 74
752 6 8 79 52 42 12 38 8 127 30
752 7 8 34 2 110 87 51 16 31 45
752 8 8 46 36 109 116 3 105 61 113
752 9 8 52 65 1 64 114 99 47 118
752 10 8 74 112 35 113 26 36 107 103
752 11 8 9 107 37 87 31 43 127 75
752 12 8 116 97 104 75 50 12 80 71
752 13 8 73 21 98 2 75 16 23 101
752 14 8 80 88 79 76 86 115 90 6
752 15 8 13 60 18 8 127 82 10 125
752 16 8 15 11 17 65 7 45 83 91
752 17 8 15 52 17 56 18 39 83 58
752 18 8 79 52 106 30 71 12 83 8
752 19 8 16 87 110 34 51 31 50 60
752 20 8 46 36 3 109 116 101 105 57
752 21 8 114 65 64 52 45 49 96 99
752 22 8 74 112 35 113 53 65 20 26
752 23 8 89 107 37 82 127 4 39 43
752 24 8 116 50 97 104 75 100 56 80
752 25 8 98 16 21 73 23 2 75 42
752 26 8 80 88 90 79 76 101 93 115
752 27 8 13 18 60 10 111 4 22 8
752 28 8 15 7 11 17 45 83 65 73
752 29 8 52 15 17 18 83 56 97 85
752 30 8 79 106 12 27 52 30 34 76
752 31 8 34 16 110 51 122 64 30 2
752 32 8 46 36 109 116 3 101 71 63
752 33 8 52 114 49 65 45 64 119 96
752 34 8 35 74 65 112 113 53 20 26
752 35 8 89 37 67 8 127 43 39 46
752 36 8 116 80 97 100 104 9 26 50
752 37 8 2 98 21 75 42 82 44 23
752 38 8 80 88 79 75 101 6 34 107
752 39 8 13 60 18 78 10 120 82 95
752 40 8 11 7 15 17 45 83 65 66
752 41 8 52 17 15 106 18 85 58 127
752 42 8 37 74 7 2 125 127 123 22
752 43 8 43 19 78 56 12 3 97 112
752 44 8 45 0 113 37 88 121 43 44
752 45 8 46 112 21 85 17 63 49 22
752 46 8 29 105 84 39 38 30 88 80
752 47 8 35 95 108 52 111 6 9 59
1191 0 8 62 126 7 29 19 12 3 28
1191 1 8 123 78 76 58 88 45 23 86
1191 2 8 112 119 51 32 9 14 47 68
1191 3 8 120 105 93 7 59 38 16 25
1191 4 8 22 39 104 48 124 4 56 109
1191 5 8 30 13 22 34 80 82 71 126
1191 6 8 79 52 106 30 12 71 42 38
1191 7 8 34 87 16 110 51 31 64 69
1191 8 8 46 3 24 36 116 51 105 101
1191 9 8 52 114 65 94 62 45 64 99
1191 10 8 112 74 113 35 122 80 65 107
1191 11 8 87 71 127 37 82 43 113 125
1191 12 8 116 97 104 118 75 80 71 100
1191 13 8 24 75 73 98 21 101 16 18
1191 14 8 101 62 88 76 73 86 28 6
1191 15 8 13 18 98 34 38 8 127 10
1191 16 8 123 17 29 45 70 114 15 65
1191 17 8 52 14 34 83 56 120 17 97
1191 18 8 79 12 106 30 52 27 71 8
1191 19 8 87 16 34 122 64 3 51 39
1191 20 8 46 36 3 24 101 116 51 105
1191 21 8 114 65 64 62 105 45 49 52
1191 22 8 65 112 35 74 113 53 20 26
1191 23 8 89 87 71 127 37 82 8 39
1191 24 8 116 118 97 104 100 50 75 56
1191 25 8 24 73 98 75 21 16 95 42
1191 26 8 101 88 62 90 93 118 28 76
1191 27 8 13 10 18 34 4 98 22 87
1191 28 8 123 17 83 20 45 29 73 26
1191 29 8 18 14 97 83 85 53 84 56
1191 30 8 79 12 27 106 8 30 52 71
1191 31 8 87 34 16 51 3 39 30 64
1191 32 8 46 116 101 24 36 3 51 111
1191 33 8 114 49 45 52 105 65 62 64
1191 34 8 65 112 113 53 74 35 120 101
1191 35 8 71 87 89 37 127 8 82 46
1191 36 8 97 116 80 100 95 50 56 53
1191 37 8 24 75 95 98 44 21 42 10
1191 38 8 101 62 88 107 7 34 75 6
1191 39 8 98 18 13 10 120 78 82 76
1191 40 8 123 17 29 45 83 20 114 36
1191 41 8 85 84 53 106 17 18 14 65
1191 42 8 28 75 127 74 55 2 123 65
1191 43 8 78 2 47 43 3 121 4 81
1191 44 8 80 121 13 54 32 110 113 45
1191 45 8 47 83 21 85 46 63 112 49
1191 46 8 45 10 1 82 74 84 105 39
1191 47 8 90 127 95 31 27 54 35 11
553 0 8 61 69 93 53 81 18 120 19
553 1 8 53 83 76 23 123 58 86 41
553 2 8 117 8 51 47 87 54 9 32
553 3 8 93 105 59 120 7 38 25 16
553 4 8 124 25 4 91 104 22 48 39
553 5 8 82 30 34 71 80 111 13 22
553 6 8 79 52 30 106 8 12 42 56
553 7 8 34 72 16 51 50 110 31 95
553 8 8 46 116 99 3 36 109 101 15
553 9 8 45 52 114 119 65 96 64 77
553 10 8 112 74 83 65 113 35 66 123
553 11 8 58 67 89 127 71 37 43 82
553 12 8 116 104 97 7 69 68 118 100
553 13 8 121 21 25 16 44 75 98 73
553 14 8 80 28 101 88 73 118 79 90
553 15 8 13 4 18 22 60 10 67 23
553 16 8 15 73 121 17 66 95 3 20
553 17 8 52 56 15 97 45 83 88 28
553 18 8 106 79 27 8 76 12 71 95
553 19 8 16 122 65 80 39 115 54 60
553 20 8 46 109 71 36 101 29 99 116
553 21 8 114 65 45 119 87 75 64 49
553 22 8 74 65 83 123 22 112 53 35
553 23 8 89 127 67 82 58 71 10 37
553 24 8 104 56 9 97 100 116 60 7
553 25 8 25 16 121 21 42 98 32 64
553 26 8 80 101 88 118 70 90 28 93
553 27 8 13 22 18 111 10 60 67 4
553 28 8 15 73 66 17 121 3 95 7
553 29 8 52 56 15 28 97 45 76 17
553 30 8 106 79 27 76 12 34 30 2
553 31 8 16 65 122 80 96 95 39 51
553 32 8 71 109 46 36 12 101 112 103
553 33 8 119 45 114 49 65 52 117 108
553 34 8 74 65 35 113 112 53 101 13
553 35 8 67 89 127 58 71 37 64 43
553 36 8 116 9 69 104 97 100 3 118
553 37 8 21 25 98 2 75 42 121 79
553 38 8 80 101 79 88 70 25 107 6
553 39 8 13 60 67 18 22 10 61 78
553 40 8 15 17 7 3 66 121 45 11
553 41 8 52 15 45 17 56 127 106 28
553 42 8 37 127 7 74 21 65 125 2
553 43 8 43 19 3 78 4 117 56 21
553 44 8 45 0 37 121 54 43 88 113
553 45 8 46 112 21 49 78 85 63 17
553 46 8 82 105 88 39 38 84 30 124
553 47 8 52 35 95 108 32 59 9 34
25538 0 8 77 2 126 62 12 29 21 116
25538 1 8 78 58 88 75 123 76 23 83
25538 2 8 119 24 32 47 9 51 15 7
25538 3 8 7 120 90 105 59 16 11 93
25538 4 8 47 91 4 39 48 22 104 109
25538 5 8 70 82 80 13 56 34 22 108
25538 6 8 106 79 30 76 27 42 2 8
25538 7 8 87 96 16 34 51 39 122 54
25538 8 8 51 46 24 71 103 29 18 39
25538 9 8 119 45 52 87 65 77 10 101
25538 10 8 83 74 51 101 36 53 35 112
25538 11 8 87 71 89 127 10 47 37 110
25538 12 8 104 100 120 97 106 68 116 101
25538 13 8 24 121 25 107 64 75 77 44
25538 14 8 62 28 118 88 91 70 11 79
25538 15 8 112 13 18 4 22 103 115 67
25538 16 8 20 123 17 73 3 115 48 26
25538 17 8 97 56 14 69 120 124 28 48
25538 18 8 79 106 27 75 12 2 30 8
25538 19 8 96 87 115 39 16 51 60 122
25538 20 8 51 29 18 24 103 46 71 6
25538 21 8 87 119 114 65 45 101 52 81
25538 22 8 51 72 74 35 101 37 22 65
25538 23 8 89 127 87 71 10 101 65 111
25538 24 8 120 101 104 100 9 56 97 62
25538 25 8 24 121 89 69 64 75 77 98
25538 26 8 62 28 118 91 70 93 79 11
25538 27 8 112 103 4 22 67 18 13 53
25538 28 8 20 123 73 17 3 66 115 55
25538 29 8 69 97 56 28 14 48 85 84
25538 30 8 79 27 106 13 8 42 2 30
25538 31 8 96 95 60 39 42 51 16 43
25538 32 8 51 103 29 71 18 39 24 59
25538 33 8 87 119 45 101 75 114 88 120
25538 34 8 72 51 101 53 37 107 120 74
25538 35 8 87 71 89 127 10 67 29 44
25538 36 8 97 13 101 51 120 48 30 95
25538 37 8 24 121 69 49 75 77 42 107
25538 38 8 62 28 25 70 118 52 7 127
25538 39 8 67 53 22 103 18 98 112 13
25538 40 8 66 123 3 20 36 55 45 2
25538 41 8 69 56 48 97 28 14 127 84
25538 42 8 75 65 101 127 28 31 42 120
25538 43 8 3 117 2 4 118 77 78 21
25538 44 8 13 109 43 73 113 71 107 54
25538 45 8 94 78 21 49 127 85 34 63
25538 46 8 67 74 88 89 97 126 44 28
25538 47 8 34 117 54 32 79 9 92 37
429 0 8 84 103 2 61 80 14 70 63
429 1 8 58 3 83 23 116 91 88 76
429 2 8 122 117 32 24 9 100 47 51
429 3 8 90 7 105 59 120 38 39 93
429 4 8 47 91 4 105 48 77 124 22
429 5 8 107 82 111 22 70 34 13 126
429 6 8 106 30 79 42 2 76 52 27
429 7 8 96 51 16 39 60 42 34 95
429 8 8 109 71 103 51 46 29 15 59
429 9 8 119 45 88 87 65 101 48 47
429 10 8 23 83 72 36 74 115 51 102
429 11 8 10 67 127 89 47 87 123 52
429 12 8 120 68 104 62 106 101 48 97
429 13 8 121 107 69 55 31 77 64 42
429 14 8 79 118 91 28 70 27 73 89
429 15 8 112 103 4 67 22 53 13 111
429 16 8 55 20 73 95 66 3 2 26
429 17 8 48 97 56 69 28 124 120 76
429 18 8 111 106 27 43 2 76 6 95
429 19 8 96 43 115 80 60 39 42 95
429 20 8 109 71 29 12 103 112 51 74
429 21 8 119 87 75 101 81 108 21 45
429 22 8 72 51 22 83 32 123 115 97
429 23 8 10 127 67 47 101 87 70 89
429 24 8 120 62 101 92 68 47 13 98
429 25 8 121 31 69 13 14 42 16 89
429 26 8 70 79 91 27 28 118 89 127
429 27 8 112 103 67 4 22 118 111 53
429 28 8 55 20 66 3 73 2 95 26
429 29 8 48 28 97 56 69 76 68 119
429 30 8 13 111 76 107 106 27 2 95
429 31 8 95 80 60 37 42 122 96 65
429 32 8 109 71 29 12 103 112 18 127
429 33 8 87 119 101 108 120 75 45 19
429 34 8 72 51 123 11 32 93 101 22
429 35 8 10 67 44 127 19 101 29 47
429 36 8 48 13 120 62 51 114 104 98
429 37 8 121 69 77 55 16 21 42 79
429 38 8 70 79 127 28 118 27 25 52
429 39 8 112 67 103 4 53 108 22 124
429 40 8 2 55 66 95 3 20 124 36
429 41 8 48 69 76 28 97 56 119 74
429 42 8 64 37 101 42 127 120 46 91
429 43 8 118 77 117 4 3 78 30 79
429 44 8 73 109 53 43 71 57 61 16
429 45 8 94 78 49 85 21 127 34 121
429 46 8 89 67 88 126 77 84 28 3
429 47 8 34 117 92 59 37 9 79 32
11995 0 8 72 119 31 49 100 102 94 40
11995 1 8 70 22 106 119 72 126 79 124
11995 2 8 37 102 93 32 99 21 110 98
11995 3 8 103 112 79 122 16 88 82 97
11995 4 8 50 109 48 31 72 54 52 53
11995 5 8 69 33 44 22 29 59 64 21
11995 6 8 106 76 2 44 27 95 71 29
11995 7 8 80 8 42 65 54 37 96 115
11995 8 8 71 12 112 107 98 89 103 114
11995 9 8 119 108 81 19 47 101 120 55
11995 10 8 11 72 53 37 16 55 118 75
11995 11 8 90 52 10 127 6 27 111 104
11995 12 8 54 114 92 62 9 101 56 21
11995 13 8 47 32 88 69 81 89 49 127
11995 14 8 73 93 26 70 78 115 19 49
11995 15 8 72 111 52 67 118 36 22 124
11995 16 8 2 17 55 82 103 95 35 66
11995 17 8 76 56 119 38 74 68 28 46
11995 18 8 76 106 71 27 11 12 73 95
11995 19 8 8 56 80 37 47 115 54 65
11995 20 8 71 48 53 12 22 26 114 112
11995 21 8 108 81 119 69 55 19 101 14
11995 22 8 16 11 103 55 34 118 22 3
11995 23 8 52 30 4 10 104 127 27 51
11995 24 8 54 101 62 114 106 92 24 111
11995 25 8 47 78 88 81 61 73 14 34
11995 26 8 26 49 70 93 91 92 110 46
11995 27 8 52 111 72 0 67 25 103 118
11995 28 8 82 26 2 17 100 55 35 95
11995 29 8 99 76 38 119 28 109 56 48
11995 30 8 27 11 73 76 111 43 106 3
11995 31 8 8 56 37 47 80 115 54 32
11995 32 8 53 29 71 12 48 112 123 108
11995 33 8 55 108 81 51 87 124 34 2
11995 34 8 16 11 55 3 92 57 22 9
11995 35 8 52 21 100 6 101 22 27 104
11995 36 8 101 62 78 33 54 28 106 122
11995 37 8 89 81 47 32 88 69 61 73
11995 38 8 70 19 49 91 78 110 107 59
11995 39 8 118 52 111 88 108 67 14 89
11995 40 8 71 82 12 2 118 26 66 95
11995 41 8 109 76 119 38 74 99 28 33
11995 42 8 89 42 120 104 91 94 127 30
11995 43 8 28 118 3 15 91 90 17 72
11995 44 8 109 16 63 100 67 107 57 101
11995 45 8 95 69 0 90 85 78 58 49
11995 46 8 89 126 53 93 88 110 76 66
11995 47 8 48 83 28 3 92 65 99 61
248 0 8 102 94 19 49 72 81 48 37
248 1 8 36 70 17 106 112 59 102 72
248 2 8 37 21 110 99 102 98 2 58
248 3 8 103 88 79 72 112 16 63 116
248 4 8 50 31 103 34 13 109 49 72
248 5 8 44 29 69 124 14 15 33 101
248 6 8 60 76 73 95 27 106 2 29
248 7 8 80 37 42 55 65 115 56 54
248 8 8 71 12 52 89 29 112 114 107
248 9 8 19 18 108 119 81 90 120 58
248 10 8 11 72 46 51 24 15 75 37
248 11 8 52 27 22 118 35 90 51 100
248 12 8 114 48 106 54 83 101 62 51
248 13 8 88 114 89 47 69 60 78 18
248 14 8 46 70 127 126 43 21 91 63
248 15 8 118 124 72 52 36 67 108 111
248 16 8 95 2 100 66 26 118 112 55
248 17 8 38 74 119 109 76 46 28 124
248 18 8 95 76 73 106 11 27 43 60
248 19 8 80 37 65 47 55 115 42 8
248 20 8 71 12 52 89 112 29 107 48
248 21 8 19 108 18 119 90 101 120 25
248 22 8 11 24 72 46 51 23 55 82
248 23 8 27 52 22 35 100 51 31 30
248 24 8 83 101 13 48 54 62 114 55
248 25 8 89 88 114 69 78 1 47 60
248 26 8 46 70 26 43 126 89 110 127
248 27 8 118 52 65 72 111 67 112 124
248 28 8 100 95 66 118 26 2 55 53
248 29 8 38 74 119 109 76 28 61 46
248 30 8 11 95 103 73 27 76 111 13
248 31 8 8 47 80 37 55 65 61 122
248 32 8 71 29 12 94 89 48 102 112
248 33 8 19 108 81 58 7 90 14 18
248 34 8 11 51 55 24 46 82 122 92
248 35 8 100 52 27 22 35 51 30 101
248 36 8 83 62 101 78 54 34 48 114
248 37 8 89 88 114 69 60 47 71 14
248 38 8 83 43 70 110 127 99 89 61
248 39 8 118 52 105 28 108 88 124 65
248 40 8 71 118 2 34 95 26 100 66
248 41 8 74 38 109 76 119 124 81 68
248 42 8 120 91 104 42 77 43 58 99
248 43 8 15 118 0 10 90 122 82 3
248 44 8 16 57 67 109 111 41 61 66
248 45 8 95 0 121 90 71 85 21 78
248 46 8 89 126 27 76 88 71 81 37
248 47 8 87 8 92 37 76 65 14 3
17 0 8 88 121 58 76 117 127 109 85
17 1 8 65 30 36 112 102 1 92 97
17 2 8 37 21 31 110 102 25 60 104
17 3 8 88 126 91 45 63 49 60 81
17 4 8 57 101 24 49 13 55 70 109
17 5 8 44 29 124 69 15 112 77 14
17 6 8 73 95 76 29 60 103 27 6
17 7 8 80 37 42 65 55 115 74 47
17 8 8 71 52 12 83 125 94 29 81
17 9 8 18 119 81 41 90 108 58 19
17 10 8 51 72 15 46 24 11 82 27
17 11 8 100 22 27 114 118 51 19 123
17 12 8 94 54 101 48 55 26 62 92
17 13 8 89 67 88 69 114 1 119 8
17 14 8 46 70 126 12 68 71 15 27
17 15 8 79 28 118 111 124 67 107 65
17 16 8 100 95 44 108 66 2 26 0
17 17 8 46 44 38 74 57 119 28 49
17 18 8 76 103 73 95 111 43 106 119
17 19 8 80 47 37 2 55 65 115 42
17 20 8 83 71 52 125 29 12 94 108
17 21 8 7 108 18 90 41 19 100 119
17 22 8 72 51 23 24 15 82 11 127
17 23 8 100 22 27 35 118 51 44 52
17 24 8 94 62 101 55 48 83 54 26
17 25 8 88 89 67 114 69 119 38 8
17 26 8 46 70 12 126 68 80 15 59
17 27 8 111 65 118 28 79 67 124 80
17 28 8 108 60 95 0 66 55 26 118
17 29 8 46 38 44 74 52 28 119 57
17 30 8 103 11 76 73 13 111 95 27
17 31 8 2 80 37 55 50 7 47 65
17 32 8 83 71 12 29 77 94 52 30
17 33 8 108 19 7 81 31 18 58 119
17 34 8 51 72 23 82 11 24 46 32
17 35 8 100 22 35 27 118 101 44 123
17 36 8 94 48 26 62 13 101 83 55
17 37 8 18 88 67 69 114 16 111 77
17 38 8 46 70 127 52 15 21 80 126
17 39 8 67 60 65 53 22 124 111 108
17 40 8 60 66 108 3 55 95 2 118
17 41 8 46 36 52 38 76 28 56 15
17 42 8 125 46 104 42 120 49 73 69
17 43 8 15 12 117 122 19 3 118 49
17 44 8 99 88 43 11 45 33 109 84
17 45 8 17 121 21 49 78 58 85 99
17 46 8 81 29 30 88 84 89 32 94
17 47 8 14 111 52 127 4 108 82 6
374 0 8 104 120 16 52 107 53 111 89
374 1 8 107 34 86 53 20 89 124 76
374 2 8 14 116 32 87 47 10 72 100
374 3 8 13 76 79 105 91 89 36 34
374 4 8 23 118 74 105 0 47 120 109
374 5 8 80 69 107 22 108 34 44 106
374 6 8 106 2 76 27 86 6 29 95
374 7 8 87 115 60 42 50 80 54 37
374 8 8 64 103 71 12 112 11 2 15
374 9 8 94 119 101 108 81 18 120 117
374 10 8 72 14 23 11 127 103 75 121
374 11 8 86 10 118 19 52 127 22 101
374 12 8 53 62 26 51 48 25 13 54
374 13 8 75 44 69 77 18 14 2 95
374 14 8 80 73 70 63 79 118 52 21
374 15 8 60 67 112 118 111 53 4 18
374 16 8 40 7 42 100 66 60 53 26
374 17 8 52 56 53 124 28 76 68 75
374 18 8 27 106 76 120 2 43 3 125
374 19 8 87 115 96 39 47 60 42 45
374 20 8 64 103 29 71 48 59 108 5
374 21 8 119 81 94 14 101 108 87 120
374 22 8 72 22 51 103 97 14 121 32
374 23 8 19 101 10 44 118 65 127 70
374 24 8 62 20 101 54 120 92 111 13
374 25 8 95 13 69 75 89 43 77 14
374 26 8 80 70 46 110 79 2 91 52
374 27 8 60 112 67 111 118 22 88 18
374 28 8 40 7 66 60 53 26 3 2
374 29 8 52 53 28 56 124 68 76 6
374 30 8 13 27 76 120 43 111 106 42
374 31 8 87 60 115 39 47 42 80 96
374 32 8 64 71 29 103 18 113 127 112
374 33 8 94 108 119 81 101 87 14 25
374 34 8 72 51 2 14 32 101 107 11
374 35 8 86 10 101 19 44 29 118 22
374 36 8 53 62 115 13 51 32 48 60
374 37 8 75 44 107 69 77 21 2 42
374 38 8 70 80 79 118 25 52 21 127
374 39 8 67 53 60 108 124 22 112 61
374 40 8 40 7 66 3 95 60 2 15
374 41 8 53 28 52 56 127 15 85 76
374 42 8 73 37 46 125 59 120 42 94
374 43 8 3 117 81 79 21 49 78 0
374 44 8 37 43 33 68 54 95 45 121
374 45 8 78 21 49 34 94 127 85 63
374 46 8 88 82 124 44 89 84 28 67
374 47 8 90 27 34 9 59 19 35 95
24438 0 8 62 67 17 83 19 77 64 86
24438 1 8 99 59 90 101 36 7 76 114
24438 2 8 37 70 102 121 32 74 94 6
24438 3 8 76 1 79 77 106 41 29 24
24438 4 8 103 5 13 109 105 116 51 87
24438 5 8 48 69 44 115 15 101 56 0
24438 6 8 106 103 2 76 60 95 55 27
24438 7 8 55 80 42 54 115 96 74 65
24438 8 8 4 71 29 94 12 27 52 112
24438 9 8 25 119 108 18 41 120 40 19
24438 10 8 72 51 33 67 2 46 32 119
24438 11 8 19 114 118 123 51 22 44 101
24438 12 8 48 101 13 38 103 51 62 113
24438 13 8 1 89 102 69 95 13 49 41
24438 14 8 46 18 82 70 52 127 91 71
24438 15 8 27 79 107 20 61 67 22 2
24438 16 8 109 77 95 29 44 111 100 66
24438 17 8 0 28 63 56 65 76 118 74
24438 18 8 55 76 103 106 27 2 95 98
24438 19 8 80 122 115 55 42 39 65 96
24438 20 8 71 27 29 94 4 12 127 112
24438 21 8 34 108 119 41 101 19 25 40
24438 22 8 72 51 67 2 11 23 22 32
24438 23 8 114 118 51 22 73 44 123 97
24438 24 8 103 101 13 92 25 48 62 51
24438 25 8 1 89 69 95 18 62 102 13
24438 26 8 46 18 70 82 91 87 64 2
24438 27 8 27 107 46 111 20 67 61 87
24438 28 8 109 44 77 29 66 111 108 40
24438 29 8 0 28 63 65 56 76 68 52
24438 30 8 55 103 76 27 106 2 118 95
24438 31 8 55 39 80 60 50 115 42 54
24438 32 8 94 27 71 4 127 107 29 103
24438 33 8 34 119 108 40 25 41 94 33
24438 34 8 51 67 72 33 23 2 124 37
24438 35 8 114 22 51 73 100 44 97 9
24438 36 8 38 101 3 25 13 103 48 62
24438 37 8 1 89 109 123 102 95 18 69
24438 38 8 82 18 46 70 64 52 93 25
24438 39 8 107 22 67 20 46 61 18 27
24438 40 8 109 77 29 44 3 66 108 111
24438 41 8 65 63 0 28 56 122 6 85
24438 42 8 20 126 42 46 75 24 127 70
24438 43 8 16 47 94 3 121 8 82 2
24438 44 8 110 72 84 33 80 11 113 101
24438 45 8 21 47 5 34 83 86 26 97
24438 46 8 1 123 37 96 88 20 103 71
24438 47 8 11 82 14 12 127 31 0 44
13 0 8 65 43 98 73 45 44 72 114
13 1 8 18 38 94 127 26 70 119 43
13 2 8 84 88 38 93 47 32 57 82
13 3 8 6 89 31 2 79 124 93 76
13 4 8 76 106 124 115 85 48 47 109
13 5 8 125 61 66 22 13 8 69 70
13 6 8 105 83 106 8 2 30 42 12
13 7 8 49 112 96 16 34 39 51 43
13 8 8 84 121 103 12 71 59 46 112
13 9 8 110 119 9 117 88 52 108 87
13 10 8 61 105 56 72 51 53 127 112
13 11 8 61 49 19 89 127 24 125 122
13 12 8 99 97 56 15 3 7 104 13
13 13 8 6 15 28 77 73 23 69 64
13 14 8 20 48 90 104 73 70 32 17
13 15 8 85 101 22 18 10 67 103 13
13 16 8 124 39 17 8 65 66 109 73
13 17 8 56 42 105 69 19 48 21 68
13 18 8 105 106 27 83 12 8 119 78
13 19 8 96 49 112 43 39 115 16 51
13 20 8 121 84 29 27 103 116 65 71
13 21 8 9 110 125 119 81 114 64 108
13 22 8 105 61 56 51 53 72 112 13
13 23 8 49 61 24 127 89 23 125 19
13 24 8 99 15 56 3 7 96 9 97
13 25 8 15 28 58 6 73 23 16 19
13 26 8 20 17 48 90 100 104 32 86
13 27 8 85 101 10 70 22 18 103 67
13 28 8 124 65 81 8 17 66 39 73
13 29 8 105 19 48 69 21 56 42 18
13 30 8 105 83 106 27 12 8 30 52
13 31 8 112 49 60 39 96 51 16 75
13 32 8 121 65 84 71 103 46 12 112
13 33 8 125 110 9 119 117 81 108 49
13 34 8 105 56 61 53 112 78 51 72
13 35 8 61 24 49 23 127 125 37 89
13 36 8 99 15 97 3 96 56 9 75
13 37 8 15 28 58 23 6 25 111 69
13 38 8 17 20 48 90 86 52 107 93
13 39 8 101 10 85 67 103 70 22 61
13 40 8 124 73 8 17 81 3 65 66
13 41 8 48 69 42 19 56 21 127 18
13 42 8 64 31 127 32 114 7 46 39
13 43 8 77 88 78 117 3 31 43 21
13 44 8 53 73 90 0 43 121 107 95
13 45 8 94 101 21 49 78 85 27 2
13 46 8 88 38 11 34 84 97 28 102
13 47 8 105 73 57 20 9 109 59 86
1416 0 8 2 21 50 93 97 63 75 19
1416 1 8 58 6 23 95 3 83 42 26
1416 2 8 122 117 32 9 47 93 94 116
1416 3 8 64 2 4 38 112 39 79 16
1416 4 8 56 25 47 48 117 50 124 54
1416 5 8 108 47 82 2 22 13 34 68
1416 6 8 42 106 30 2 27 8 76 107
1416 7 8 96 95 34 16 60 39 51 42
1416 8 8 109 36 103 46 59 71 12 116
1416 9 8 45 65 119 88 117 52 81 1
1416 10 8 88 123 97 113 72 23 112 39
1416 11 8 127 67 89 58 19 98 10 37
1416 12 8 97 114 3 104 52 51 80 9
1416 13 8 23 98 21 77 64 121 82 73
1416 14 8 79 90 88 52 70 118 107 80
1416 15 8 103 112 18 22 67 53 61 4
1416 16 8 55 20 73 15 17 124 95 66
1416 17 8 48 69 56 45 97 68 28 87
1416 18 8 27 106 42 76 13 30 79 86
1416 19 8 96 60 39 115 95 122 65 54
1416 20 8 109 36 71 46 103 29 48 5
1416 21 8 65 119 81 45 117 108 101 87
1416 22 8 97 88 123 72 113 53 101 74
1416 23 8 89 127 58 111 101 67 8 10
1416 24 8 114 104 9 3 52 97 116 24
1416 25 8 98 21 23 121 77 82 64 69
1416 26 8 79 90 88 52 28 118 111 70
1416 27 8 103 112 4 22 67 18 61 53
1416 28 8 55 20 73 66 3 45 17 65
1416 29 8 45 69 56 48 97 85 28 76
1416 30 8 42 27 106 13 30 2 76 75
1416 31 8 95 60 39 96 115 51 34 54
1416 32 8 36 109 103 71 59 46 39 12
1416 33 8 65 119 45 81 101 117 108 52
1416 34 8 88 123 97 72 113 112 101 53
1416 35 8 111 127 58 89 67 10 101 8
1416 36 8 114 51 97 74 104 9 120 13
1416 37 8 77 98 121 82 23 21 55 69
1416 38 8 79 7 28 25 118 70 88 52
1416 39 8 67 103 53 112 4 95 22 18
1416 40 8 55 45 66 3 20 36 73 17
1416 41 8 69 48 45 56 28 97 85 127
1416 42 8 101 37 31 127 64 42 46 120
1416 43 8 117 77 4 118 78 3 30 21
1416 44 8 73 43 109 113 107 121 71 68
1416 45 8 21 49 78 94 127 85 32 103
1416 46 8 67 28 88 126 84 89 31 97
1416 47 8 34 117 32 92 9 37 79 27
429 0 8 84 103 2 80 101 14 41 63
429 1 8 3 23 58 9 75 116 76 105
429 2 8 100 122 32 8 7 54 9 94
429 3 8 64 112 38 39 79 10 105 93
429 4 8 56 117 105 22 25 23 48 47
429 5 8 108 107 82 105 47 13 22 34
429 6 8 42 30 52 110 106 27 86 13
429 7 8 60 96 95 51 2 34 39 110
429 8 8 36 15 109 103 59 46 64 105
429 9 8 65 119 1 88 127 81 52 47
429 10 8 88 112 113 72 23 97 36 39
429 11 8 8 111 127 109 98 19 37 52
429 12 8 51 26 114 97 3 63 52 71
429 13 8 66 98 77 95 73 113 21 34
429 14 8 79 105 27 73 80 7 52 88
429 15 8 60 72 18 95 53 38 111 112
429 16 8 119 55 60 45 15 65 17 48
429 17 8 46 52 56 2 15 68 85 69
429 18 8 42 27 106 75 13 30 3 6
429 19 8 60 39 115 96 51 50 45 47
429 20 8 36 15 109 5 64 103 48 46
429 21 8 81 65 21 119 52 117 69 89
429 22 8 88 97 72 101 115 112 3 74
429 23 8 8 111 127 109 65 36 101 107
429 24 8 26 114 51 52 97 116 76 9
429 25 8 66 95 77 98 113 82 73 21
429 26 8 79 105 52 88 80 27 96 7
429 27 8 18 60 72 13 112 118 53 8
429 28 8 119 60 55 45 66 26 65 15
429 29 8 85 46 52 15 2 56 69 68
429 30 8 42 27 106 13 30 75 86 3
429 31 8 39 60 95 96 51 34 115 43
429 32 8 36 103 15 39 109 64 59 46
429 33 8 81 65 119 52 88 127 117 103
429 34 8 88 97 72 113 103 101 112 39
429 35 8 8 111 109 29 127 86 101 37
429 36 8 26 51 97 12 116 53 114 9
429 37 8 77 98 66 95 21 113 16 75
429 38 8 79 105 52 7 96 80 88 34
429 39 8 72 60 18 67 53 95 13 55
429 40 8 119 55 60 45 3 66 51 15
429 41 8 2 46 85 15 66 52 117 127
429 42 8 73 125 37 98 102 18 22 59
429 43 8 49 12 19 117 3 78 81 21
429 44 8 99 88 43 121 45 48 72 113
429 45 8 58 17 21 49 85 112 78 20
429 46 8 81 84 30 88 29 28 44 31
429 47 8 111 120 6 9 95 79 35 66
594 0 8 76 17 16 118 111 63 19 57
594 1 8 34 3 76 23 107 58 20 12
594 2 8 100 14 77 87 9 115 32 51
594 3 8 76 38 105 64 112 100 25 73
594 4 8 117 56 23 22 105 118 25 48
594 5 8 108 107 82 80 22 47 13 34
594 6 8 42 30 52 110 106 75 13 27
594 7 8 60 87 96 51 95 39 110 34
594 8 8 15 36 64 103 46 59 105 39
594 9 8 94 1 45 65 127 101 81 52
594 10 8 88 112 72 23 113 36 39 97
594 11 8 8 111 127 37 98 102 52 9
594 12 8 37 51 53 26 97 114 71 20
594 13 8 75 77 98 95 84 73 52 14
594 14 8 80 79 73 27 7 88 84 52
594 15 8 60 95 18 38 8 112 53 24
594 16 8 40 7 65 45 60 17 119 26
594 17 8 52 53 85 56 68 75 15 73
594 18 8 42 75 27 106 30 52 3 71
594 19 8 60 87 39 51 115 96 45 95
594 20 8 15 36 64 103 46 5 48 105
594 21 8 65 94 81 14 69 107 52 64
594 22 8 97 88 112 3 72 74 101 75
594 23 8 8 111 65 4 31 36 127 107
594 24 8 37 26 114 28 75 53 116 97
594 25 8 95 98 77 75 13 73 82 14
594 26 8 80 79 27 88 8 111 84 110
594 27 8 18 60 112 8 95 111 90 13
594 28 8 40 45 60 7 65 26 4 119
594 29 8 85 53 52 68 56 18 69 120
594 30 8 42 106 27 30 75 13 52 86
594 31 8 60 39 87 51 95 96 115 34
594 32 8 15 103 36 64 39 59 46 5
594 33 8 94 81 119 65 52 1 127 117
594 34 8 88 97 112 113 72 107 101 39
594 35 8 8 111 86 37 127 101 29 98
594 36 8 53 51 97 74 26 116 12 9
594 37 8 77 75 44 95 98 21 82 73
594 38 8 80 79 7 34 88 52 99 111
594 39 8 18 60 95 55 53 67 13 94
594 40 8 40 7 45 60 66 4 3 15
594 41 8 85 53 52 117 15 56 106 28
594 42 8 73 37 59 125 22 127 123 46
594 43 8 49 81 78 3 117 43 21 44
594 44 8 54 37 45 80 121 43 113 33
594 45 8 94 127 21 112 46 49 78 20
594 46 8 84 82 124 44 105 88 39 67
594 47 8 90 27 34 32 95 35 52 117
830 0 8 62 116 17 34 19 41 0 61
830 1 8 76 58 23 99 123 3 113 88
830 2 8 100 24 32 9 121 47 14 70
830 3 8 1 76 38 105 90 16 62 112
830 4 8 117 105 56 22 47 48 77 25
830 5 8 108 80 126 48 82 13 22 47
830 6 8 42 106 30 27 2 52 75 76
830 7 8 96 87 51 39 60 50 34 16
830 8 8 15 103 27 59 36 46 71 64
830 9 8 94 119 127 88 65 52 1 81
830 10 8 88 72 97 101 112 39 113 33
830 11 8 8 111 127 19 98 101 86 29
830 12 8 51 26 101 3 97 12 53 62
830 13 8 95 102 24 75 77 69 98 16
830 14 8 73 82 27 62 18 52 7 89
830 15 8 20 111 18 67 53 107 95 22
830 16 8 77 29 111 40 26 66 45 65
830 17 8 56 65 0 85 63 30 68 120
830 18 8 42 75 106 27 86 55 30 121
830 19 8 39 50 60 87 115 96 51 45
830 20 8 15 103 27 36 64 5 29 48
830 21 8 81 65 94 119 52 33 127 101
830 22 8 97 88 72 101 112 3 39 25
830 23 8 8 101 111 29 127 16 114 36
830 24 8 26 101 38 7 12 3 1 76
830 25 8 95 102 16 24 77 98 109 123
830 26 8 27 82 18 52 62 99 110 70
830 27 8 111 20 18 67 22 87 118 103
830 28 8 77 29 111 66 26 55 45 65
830 29 8 65 0 85 69 56 48 63 68
830 30 8 42 27 106 30 55 3 13 75
830 31 8 50 60 39 115 96 87 51 95
830 32 8 15 103 36 27 59 64 71 39
830 33 8 81 94 119 65 33 117 127 88
830 34 8 97 72 113 88 39 112 13 95
830 35 8 8 127 37 114 101 111 16 68
830 36 8 12 3 7 97 53 52 38 63
830 37 8 95 16 77 102 24 21 109 123
830 38 8 82 52 111 62 88 107 93 18
830 39 8 18 22 67 103 87 55 20 61
830 40 8 111 55 29 77 66 45 3 44
830 41 8 85 65 48 56 36 69 49 63
830 42 8 20 8 75 126 64 127 31 114
830 43 8 30 16 121 47 94 3 21 2
830 44 8 110 113 80 11 13 35 72 84
830 45 8 21 5 47 86 83 94 58 85
830 46 8 122 123 96 103 110 84 20 109
830 47 8 82 11 14 12 79 114 54 6
11 0 8 44 65 26 114 59 101 73 66
11 1 8 50 94 58 124 26 18 23 113
11 2 8 84 88 54 100 93 32 49 47
11 3 8 2 38 76 6 124 64 121 59
11 4 8 25 117 106 76 47 124 48 23
11 5 8 82 108 22 125 47 61 126 107
11 6 8 42 105 83 30 106 27 2 52
11 7 8 50 96 49 34 39 51 60 16
11 8 8 103 15 84 59 109 121 46 36
11 9 8 119 110 9 45 88 117 65 101
11 10 8 72 97 61 88 83 36 112 39
11 11 8 8 127 61 89 67 19 111 98
11 12 8 7 3 97 12 104 80 26 13
11 13 8 16 21 98 69 77 6 64 25
11 14 8 20 73 79 27 48 52 70 90
11 15 8 103 67 111 60 22 18 85 53
11 16 8 55 124 66 15 17 3 108 6
11 17 8 69 56 48 72 28 25 68 15
11 18 8 106 27 2 83 42 76 8 105
11 19 8 50 96 115 60 39 42 80 49
11 20 8 71 29 84 103 121 12 36 109
11 21 8 119 81 9 101 26 110 87 108
11 22 8 97 72 61 105 83 75 13 51
11 23 8 89 65 127 61 49 101 44 24
11 24 8 7 3 99 13 48 15 115 62
11 25 8 16 69 6 28 13 15 98 21
11 26 8 70 20 110 79 27 48 90 91
11 27 8 111 103 67 118 10 22 85 18
11 28 8 66 55 3 124 26 17 15 95
11 29 8 48 69 56 28 19 76 68 42
11 30 8 105 27 106 13 76 2 8 125
11 31 8 50 80 49 60 39 42 65 54
11 32 8 71 84 121 109 12 112 127 29
11 33 8 119 110 9 101 45 108 117 81
11 34 8 72 105 97 61 51 93 101 53
11 35 8 61 49 24 67 127 44 89 101
11 36 8 99 7 12 15 3 13 48 97
11 37 8 16 28 21 15 6 69 77 111
11 38 8 20 48 70 52 25 127 107 86
11 39 8 67 103 85 22 18 53 61 124
11 40 8 3 124 8 55 66 36 95 73
11 41 8 69 48 56 72 19 28 127 42
11 42 8 39 64 31 127 32 120 46 42
11 43 8 77 30 117 88 3 78 21 43
11 44 8 53 73 0 43 121 107 44 33
11 45 8 94 21 49 85 78 127 34 63
11 46 8 67 38 123 88 84 97 28 103
11 47 8 73 109 117 32 79 9 59 90
1221 0 8 63 21 103 2 13 120 97 19
1221 1 8 58 8 53 41 23 6 26 42
1221 2 8 84 88 54 32 100 8 93 47
1221 3 8 2 64 38 80 93 112 29 91
1221 4 8 25 76 48 124 67 22 47 117
1221 5 8 82 47 22 34 108 126 125 107
1221 6 8 42 30 106 27 2 52 75 123
1221 7 8 50 96 39 60 95 51 34 16
1221 8 8 109 103 59 15 36 71 46 39
1221 9 8 45 119 88 101 65 51 26 81
1221 10 8 23 72 83 97 113 102 101 75
1221 11 8 67 8 127 9 123 19 10 98
1221 12 8 3 12 104 7 80 97 101 20
1221 13 8 16 21 98 64 14 31 69 121
1221 14 8 27 79 118 89 73 70 52 127
1221 15 8 112 103 111 67 118 22 124 61
1221 16 8 55 95 15 17 66 2 20 3
1221 17 8 56 69 48 97 28 76 29 120
1221 18 8 111 43 76 106 27 98 95 2
1221 19 8 80 50 60 122 65 96 54 42
1221 20 8 109 71 12 29 36 112 103 127
1221 21 8 26 101 119 108 45 51 19 81
1221 22 8 72 97 83 81 22 51 101 74
1221 23 8 67 127 10 6 44 89 31 123
1221 24 8 101 13 3 48 62 115 7 104
1221 25 8 16 13 69 121 21 31 6 14
1221 26 8 27 79 70 91 127 89 118 87
1221 27 8 112 111 103 67 22 118 10 124
1221 28 8 55 66 95 3 2 73 124 17
1221 29 8 48 56 69 28 76 97 119 68
1221 30 8 13 111 76 2 106 27 95 107
1221 31 8 80 50 60 95 65 37 122 39
1221 32 8 109 71 12 29 112 127 36 84
1221 33 8 101 119 108 45 19 51 120 26
1221 34 8 72 51 101 107 11 102 93 97
1221 35 8 67 10 61 123 44 127 49 89
1221 36 8 12 48 99 13 80 3 15 7
1221 37 8 16 21 69 98 6 28 23 121
1221 38 8 79 70 127 52 48 25 10 27
1221 39 8 67 103 22 124 53 108 112 18
1221 40 8 3 55 95 66 2 36 124 8
1221 41 8 69 48 56 28 19 76 97 127
1221 42 8 64 31 37 127 46 42 120 32
1221 43 8 77 30 117 88 3 118 21 78
1221 44 8 73 53 43 0 107 109 121 33
1221 45 8 94 21 49 78 85 121 32 127
1221 46 8 67 38 88 84 28 97 126 89
1221 47 8 117 34 32 73 92 9 79 37
432 0 8 103 104 71 111 61 22 14 118
432 1 8 3 9 23 58 95 116 56 37
432 2 8 100 122 14 10 32 54 127 94
432 3 8 39 38 112 29 2 51 64 46
432 4 8 23 25 89 48 50 110 56 40
432 5 8 107 82 22 47 126 34 69 4
432 6 8 42 106 2 27 76 30 86 43
432 7 8 2 60 50 96 42 91 115 45
432 8 8 64 109 71 103 15 74 59 40
432 9 8 119 81 88 45 34 108 101 51
432 10 8 103 72 23 107 36 6 75 84
432 11 8 8 67 75 123 127 9 31 101
432 12 8 26 12 101 62 59 25 3 71
432 13 8 16 69 99 21 13 66 31 76
432 14 8 80 27 79 78 52 70 127 118
432 15 8 111 60 67 22 124 118 61 112
432 16 8 95 55 7 60 66 3 2 4
432 17 8 52 46 56 28 15 68 30 74
432 18 8 43 76 27 120 106 111 2 13
432 19 8 2 80 115 47 42 60 50 122
432 20 8 71 64 48 12 109 40 127 29
432 21 8 108 51 119 81 101 32 26 44
432 22 8 72 97 84 103 3 115 22 51
432 23 8 8 44 62 127 31 118 64 101
432 24 8 101 26 54 62 12 59 13 111
432 25 8 16 69 13 66 14 97 2 95
432 26 8 80 27 70 79 91 89 105 25
432 27 8 111 60 118 67 22 61 79 124
432 28 8 55 7 66 60 95 3 15 2
432 29 8 52 46 28 56 76 15 68 53
432 30 8 76 13 27 111 106 43 95 2
432 31 8 2 60 80 122 50 42 115 87
432 32 8 64 71 18 109 127 15 12 5
432 33 8 108 101 119 51 25 117 81 19
432 34 8 72 107 51 103 101 84 102 46
432 35 8 8 64 44 123 127 86 101 6
432 36 8 26 12 53 13 115 80 118 48
432 37 8 16 21 69 2 98 75 76 77
432 38 8 80 79 52 70 25 88 127 0
432 39 8 67 60 53 22 61 18 124 108
432 40 8 7 60 55 66 3 15 95 36
432 41 8 52 46 56 15 28 127 85 69
432 42 8 73 37 125 46 120 127 42 22
432 43 8 49 12 19 117 3 21 56 78
432 44 8 19 99 88 43 45 33 84 37
432 45 8 58 17 49 21 112 121 46 78
432 46 8 88 84 81 29 30 105 39 28
432 47 8 52 111 108 6 35 95 59 71
646 0 8 104 2 97 111 18 101 11 92
646 1 8 123 3 107 86 76 57 34 20
646 2 8 14 9 32 100 10 51 116 7
646 3 8 105 38 25 39 112 29 1 79
646 4 8 23 0 25 22 105 74 54 48
646 5 8 34 107 80 126 82 22 69 47
646 6 8 42 106 30 27 2 86 76 6
646 7 8 87 50 34 96 42 39 115 91
646 8 8 64 103 39 71 59 15 46 36
646 9 8 94 119 101 45 88 81 107 117
646 10 8 101 72 97 107 36 75 23 39
646 11 8 8 127 9 98 15 101 19 10
646 12 8 53 12 118 26 97 3 104 78
646 13 8 75 44 16 21 69 14 77 64
646 14 8 80 73 79 52 27 118 63 78
646 15 8 111 60 67 22 118 18 53 61
646 16 8 7 15 60 66 17 3 95 98
646 17 8 56 52 15 53 28 68 127 34
646 18 8 43 76 106 13 27 95 119 2
646 19 8 87 50 115 42 60 47 96 122
646 20 8 64 71 103 48 27 5 127 2
646 21 8 94 119 81 101 14 51 108 117
646 22 8 97 72 101 107 75 51 37 2
646 23 8 127 86 31 4 10 101 89 36
646 24 8 53 12 101 54 9 3 62 118
646 25 8 13 44 75 16 95 24 69 99
646 26 8 80 27 79 110 70 62 91 52
646 27 8 111 118 60 67 112 22 61 24
646 28 8 7 66 15 26 3 17 123 60
646 29 8 52 56 28 68 85 53 120 15
646 30 8 13 106 27 76 42 3 125 43
646 31 8 87 60 115 39 42 122 50 47
646 32 8 64 5 71 18 127 48 103 39
646 33 8 94 119 51 81 108 101 117 45
646 34 8 51 107 97 101 72 75 39 35
646 35 8 86 101 127 8 44 37 89 10
646 36 8 53 118 12 115 9 110 97 13
646 37 8 44 75 21 2 95 98 69 16
646 38 8 80 52 70 79 25 0 62 101
646 39 8 60 67 18 53 22 61 118 24
646 40 8 7 15 60 66 3 115 36 95
646 41 8 52 28 15 56 46 85 127 103
646 42 8 7 37 125 120 46 127 73 74
646 43 8 117 12 19 3 49 78 2 21
646 44 8 113 43 88 45 33 19 7 37
646 45 8 58 17 21 121 49 85 46 112
646 46 8 29 88 84 30 105 39 38 104
646 47 8 6 52 108 111 35 71 95 48
387 0 8 16 97 126 111 118 101 53 19
387 1 8 123 3 116 34 107 76 20 54
387 2 8 14 32 7 9 100 10 87 92
387 3 8 76 105 1 46 71 38 87 109
387 4 8 0 23 105 22 110 89 40 127
387 5 8 34 80 107 70 126 22 82 69
387 6 8 106 76 2 42 27 30 6 95
387 7 8 87 42 34 60 50 115 80 54
387 8 8 64 71 39 103 46 36 27 59
387 9 8 94 119 101 51 45 108 81 15
387 10 8 72 23 101 97 107 14 75 36
387 11 8 10 8 31 123 127 15 67 101
387 12 8 53 118 12 60 101 78 18 47
387 13 8 44 75 99 14 69 13 85 16
387 14 8 80 27 118 70 52 83 79 127
387 15 8 111 60 118 22 4 67 124 88
387 16 8 15 7 95 40 2 66 3 4
387 17 8 52 56 28 53 15 76 124 97
387 18 8 43 120 76 111 95 98 13 106
387 19 8 122 87 80 47 65 42 113 115
387 20 8 71 29 64 2 12 5 109 48
387 21 8 51 108 94 26 101 81 19 119
387 22 8 51 72 97 14 3 22 83 29
387 23 8 31 10 70 15 127 118 78 65
387 24 8 62 92 47 101 54 118 18 115
387 25 8 13 95 75 69 14 89 44 12
387 26 8 80 27 70 89 110 91 118 96
387 27 8 111 60 118 112 22 61 124 88
387 28 8 7 95 40 15 66 2 3 4
387 29 8 52 28 56 53 15 76 109 119
387 30 8 13 43 76 111 98 95 120 106
387 31 8 87 122 80 65 113 54 115 42
387 32 8 64 71 29 127 2 5 12 18
387 33 8 51 94 108 101 19 119 26 18
387 34 8 51 14 72 97 101 107 35 66
387 35 8 6 64 86 118 10 44 8 101
387 36 8 118 115 53 48 13 95 62 124
387 37 8 44 75 13 21 69 2 95 111
387 38 8 70 80 79 25 27 58 127 52
387 39 8 67 60 18 22 61 124 13 108
387 40 8 7 40 15 95 66 3 60 36
387 41 8 52 53 28 15 56 127 85 80
387 42 8 37 7 120 46 125 73 127 59
387 43 8 117 3 78 43 0 21 79 56
387 44 8 37 45 43 33 61 0 113 121
387 45 8 46 49 85 112 78 21 63 121
387 46 8 88 82 105 89 124 39 84 28
387 47 8 59 108 52 35 95 90 27 9
5326 0 8 62 29 126 3 19 125 66 69
5326 1 8 123 11 58 3 78 88 76 116
5326 2 8 32 119 121 87 23 125 102 100
5326 3 8 1 79 11 105 76 16 90 29
5326 4 8 0 39 105 74 118 109 48 47
5326 5 8 80 70 56 69 126 100 122 82
5326 6 8 76 106 95 2 6 27 29 86
5326 7 8 87 80 42 65 54 122 115 34
5326 8 8 27 71 24 64 12 103 39 127
5326 9 8 94 119 101 108 51 19 45 15
5326 10 8 72 23 101 97 107 84 14 83
5326 11 8 123 70 87 8 10 71 127 68
5326 12 8 77 101 53 25 104 12 115 71
5326 13 8 24 75 44 84 69 64 14 95
5326 14 8 62 27 91 73 89 59 70 74
5326 15 8 111 22 118 67 112 61 107 117
5326 16 8 111 95 123 29 66 77 3 4
5326 17 8 56 28 53 120 52 76 29 13
5326 18 8 43 76 106 111 120 95 2 27
5326 19 8 87 122 80 115 54 56 65 42
5326 20 8 27 71 29 24 64 2 12 51
5326 21 8 51 108 94 119 101 81 15 26
5326 22 8 72 51 22 97 3 75 14 32
5326 23 8 71 70 31 127 10 84 110 123
5326 24 8 77 101 62 115 53 45 3 70
5326 25 8 24 95 44 89 14 12 13 69
5326 26 8 62 27 70 91 110 89 93 87
5326 27 8 111 118 22 61 112 107 67 88
5326 28 8 111 123 29 53 77 66 17 95
5326 29 8 56 28 53 84 120 14 76 85
5326 30 8 13 76 27 34 106 98 8 95
5326 31 8 87 80 122 115 65 30 54 60
5326 32 8 27 24 71 29 127 37 12 2
5326 33 8 108 94 51 119 101 114 19 15
5326 34 8 51 72 120 107 14 97 101 11
5326 35 8 71 68 86 127 10 64 70 123
5326 36 8 101 77 53 115 12 13 95 48
5326 37 8 24 44 95 75 49 69 85 111
5326 38 8 62 70 25 52 91 127 88 111
5326 39 8 67 22 61 98 53 124 18 108
5326 40 8 111 29 95 3 123 66 36 77
5326 41 8 28 84 53 56 65 85 127 0
5326 42 8 120 20 28 75 46 127 42 8
5326 43 8 2 117 3 78 47 0 121 16
5326 44 8 13 110 43 33 80 113 121 84
5326 45 8 47 83 49 85 86 21 78 121
5326 46 8 45 88 10 74 96 104 89 123
5326 47 8 54 11 14 90 31 127 12 27
438 0 8 107 61 63 93 81 71 111 19
438 1 8 116 83 106 41 3 58 123 86
438 2 8 32 87 117 116 102 14 100 72
438 3 8 1 79 26 76 105 106 29 11
438 4 8 118 0 91 105 39 54 74 47
438 5 8 80 111 82 70 69 122 22 44
438 6 8 95 76 2 106 6 43 60 29
438 7 8 80 42 65 54 60 115 72 50
438 8 8 27 12 71 99 29 64 112 39
438 9 8 101 51 119 108 45 19 18 81
438 10 8 72 14 83 23 97 75 107 11
438 11 8 10 123 58 8 120 70 15 31
438 12 8 66 48 18 60 13 62 101 120
438 13 8 121 13 44 14 24 85 99 69
438 14 8 27 91 19 73 28 59 70 89
438 15 8 112 111 88 118 4 124 22 108
438 16 8 4 95 2 121 53 20 40 66
438 17 8 53 97 28 56 119 74 76 14
438 18 8 43 111 120 76 95 98 2 119
438 19 8 80 122 47 65 58 113 37 72
438 20 8 29 27 99 71 12 2 48 127
438 21 8 51 108 101 19 21 81 75 34
438 22 8 51 72 14 3 29 22 83 75
438 23 8 31 10 15 70 58 110 123 60
438 24 8 62 66 48 92 69 60 18 45
438 25 8 13 121 14 85 69 32 44 89
438 26 8 70 27 91 19 87 110 89 127
438 27 8 112 118 88 124 111 22 61 108
438 28 8 4 2 95 53 121 66 20 26
438 29 8 119 28 76 74 53 97 56 14
438 30 8 13 43 76 95 98 111 73 60
438 31 8 80 37 122 65 72 47 87 58
438 32 8 71 29 99 27 12 2 127 64
438 33 8 108 51 19 101 18 119 25 120
438 34 8 51 14 11 72 2 93 83 46
438 35 8 10 58 118 123 44 13 17 71
438 36 8 48 60 13 115 69 95 120 62
438 37 8 121 44 69 32 13 107 25 75
438 38 8 70 127 25 28 118 79 91 19
438 39 8 124 112 108 67 115 22 105 61
438 40 8 95 4 2 121 3 66 20 36
438 41 8 28 97 56 14 45 53 76 119
438 42 8 120 46 59 101 65 42 127 91
438 43 8 117 118 4 79 0 3 17 78
438 44 8 43 109 71 33 68 61 121 57
438 45 8 49 78 85 94 21 121 34 20
438 46 8 67 88 89 126 44 28 31 77
438 47 8 34 104 117 27 92 37 9 32
264 0 8 106 27 50 0 49 110 48 19
264 1 8 116 99 113 91 126 95 3 42
264 2 8 45 32 122 7 92 102 74 94
264 3 8 79 94 76 106 26 91 99 1
264 4 8 54 118 109 72 0 110 111 105
264 5 8 105 51 70 111 44 69 114 102
264 6 8 76 95 106 2 13 6 86 120
264 7 8 80 42 54 72 65 74 115 47
264 8 8 2 27 71 99 28 12 98 107
264 9 8 51 101 47 119 108 81 120 15
264 10 8 14 23 72 75 36 54 2 46
264 11 8 10 31 65 58 110 70 13 123
264 12 8 25 47 120 92 62 69 115 60
264 13 8 12 119 66 113 69 126 61 34
264 14 8 105 96 127 118 89 70 59 83
264 15 8 4 88 118 124 22 67 115 112
264 16 8 4 95 51 121 53 66 2 26
264 17 8 39 28 35 126 2 56 124 30
264 18 8 43 120 76 111 106 2 95 13
264 19 8 80 47 122 115 42 72 56 32
264 20 8 2 71 29 98 108 28 107 12
264 21 8 51 108 81 92 19 75 119 34
264 22 8 51 22 3 72 83 32 14 11
264 23 8 31 118 10 70 65 62 58 64
264 24 8 47 92 62 20 120 91 70 101
264 25 8 12 66 119 113 89 69 25 13
264 26 8 105 96 70 89 110 91 127 27
264 27 8 118 22 67 61 115 88 112 124
264 28 8 4 51 53 95 121 66 2 26
264 29 8 28 39 35 76 126 2 119 56
264 30 8 13 120 73 76 98 95 111 43
264 31 8 80 37 122 47 72 65 115 56
264 32 8 2 71 29 98 12 127 99 28
264 33 8 51 108 19 25 75 101 81 18
264 34 8 51 22 14 2 66 32 3 11
264 35 8 118 64 10 58 13 101 51 44
264 36 8 47 115 69 48 92 95 13 62
264 37 8 12 119 66 113 69 13 25 85
264 38 8 105 70 96 127 118 25 33 91
264 39 8 115 67 124 108 61 98 100 13
264 40 8 51 4 53 95 2 66 121 3
264 41 8 28 126 39 2 35 66 127 76
264 42 8 120 98 102 46 93 42 109 127
264 43 8 15 117 79 0 3 81 6 17
264 44 8 68 48 61 43 121 33 20 95
264 45 8 20 78 85 49 21 111 34 45
264 46 8 88 44 89 31 114 8 28 126
264 47 8 36 120 59 9 47 26 66 104
19419 0 8 30 19 23 112 83 28 22 125
19419 1 8 48 90 85 116 59 60 7 68
19419 2 8 37 76 32 102 59 6 69 94
19419 3 8 79 76 106 92 29 70 24 91
19419 4 8 27 103 5 109 4 54 13 24
19419 5 8 48 44 52 87 115 54 69 10
19419 6 8 95 76 2 106 60 118 41 103
19419 7 8 80 55 42 65 54 115 74 35
19419 8 8 2 12 71 20 112 29 52 10
19419 9 8 51 108 41 18 119 25 120 19
19419 10 8 51 72 2 46 11 29 109 32
19419 11 8 123 118 44 62 42 51 101 114
19419 12 8 101 48 62 13 103 115 38 18
19419 13 8 41 14 12 69 1 49 13 57
19419 14 8 46 18 89 70 59 91 127 5
19419 15 8 27 111 107 20 31 22 124 118
19419 16 8 110 77 95 109 29 46 4 2
19419 17 8 0 28 64 63 65 56 120 54
19419 18 8 76 43 98 95 120 111 103 106
19419 19 8 80 122 55 113 42 115 65 58
19419 20 8 29 2 27 71 12 10 108 52
19419 21 8 51 108 41 75 19 101 119 34
19419 22 8 51 29 22 109 72 11 3 110
19419 23 8 118 97 64 123 44 42 31 78
19419 24 8 101 62 103 48 109 25 13 20
19419 25 8 12 41 14 89 13 18 69 1
19419 26 8 46 70 47 91 110 22 89 18
19419 27 8 111 27 107 22 46 20 118 61
19419 28 8 110 109 29 77 53 46 6 95
19419 29 8 28 64 56 76 63 0 65 115
19419 30 8 13 76 98 103 95 2 27 106
19419 31 8 80 122 37 55 65 54 30 42
19419 32 8 2 71 29 27 12 20 112 94
19419 33 8 51 108 19 101 41 40 119 18
19419 34 8 109 51 29 11 2 110 32 46
19419 35 8 64 118 42 44 94 22 97 123
19419 36 8 101 48 13 0 109 103 115 25
19419 37 8 12 41 69 57 18 111 123 109
19419 38 8 70 127 46 47 25 60 18 93
19419 39 8 124 27 22 107 108 67 20 111
19419 40 8 110 95 2 29 77 109 3 6
19419 41 8 64 76 0 28 65 63 119 56
19419 42 8 91 120 49 42 126 90 46 59
19419 43 8 118 125 117 47 0 74 3 79
19419 44 8 109 110 61 43 16 47 33 13
19419 45 8 49 76 47 85 83 78 121 95
19419 46 8 89 88 126 96 124 10 123 44
19419 47 8 92 59 127 37 31 14 11 90
264 0 8 106 27 50 49 48 110 101 18
264 1 8 36 99 53 9 85 59 116 105
264 2 8 37 122 2 45 110 21 94 57
264 3 8 94 103 79 49 18 88 29 76
264 4 8 72 109 118 103 54 24 29 98
264 5 8 44 29 69 124 72 54 51 15
264 6 8 76 95 73 2 29 60 106 41
264 7 8 80 37 65 42 54 55 47 35
264 8 8 98 2 71 12 112 52 107 13
264 9 8 18 51 120 108 19 90 119 41
264 10 8 11 46 55 24 127 15 93 84
264 11 8 35 27 118 62 123 44 65 59
264 12 8 48 55 13 18 101 83 64 60
264 13 8 88 114 12 69 47 60 119 111
264 14 8 127 46 33 70 91 43 89 105
264 15 8 124 65 80 118 108 105 67 27
264 16 8 95 53 118 2 66 4 91 27
264 17 8 39 28 38 76 119 74 63 49
264 18 8 76 73 11 111 2 95 120 6
264 19 8 37 80 47 55 32 65 42 107
264 20 8 98 71 2 12 52 112 29 108
264 21 8 108 75 31 19 18 90 81 27
264 22 8 51 11 55 24 22 93 46 75
264 23 8 27 35 118 30 64 44 31 60
264 24 8 83 13 55 48 62 101 64 94
264 25 8 88 61 114 89 69 12 78 60
264 26 8 33 46 110 70 43 127 25 91
264 27 8 80 65 118 124 108 67 105 28
264 28 8 53 95 2 118 66 27 71 26
264 29 8 39 38 76 28 119 74 80 11
264 30 8 11 73 76 13 127 60 27 95
264 31 8 37 55 80 2 47 122 107 58
264 32 8 98 71 12 2 112 52 29 48
264 33 8 51 108 19 31 18 90 120 75
264 34 8 55 11 24 51 22 93 46 127
264 35 8 118 35 27 76 44 101 100 30
264 36 8 55 83 48 101 13 62 94 47
264 37 8 88 114 69 89 12 60 63 85
264 38 8 33 43 127 70 91 106 46 110
264 39 8 80 65 108 124 118 105 54 28
264 40 8 71 53 118 2 95 66 26 65
264 41 8 39 38 76 74 119 28 11 13
264 42 8 120 104 91 42 50 46 77 92
264 43 8 15 122 118 28 17 0 82 3
264 44 8 67 109 47 61 57 16 84 35
264 45 8 95 0 121 90 49 78 85 86
264 46 8 89 126 88 44 123 45 104 46
264 47 8 14 98 92 37 44 25 59 107
3470 0 8 72 58 19 22 47 49 37 78
3470 1 8 36 102 25 126 8 59 38 33
3470 2 8 75 37 21 110 2 102 111 53
3470 3 8 88 18 49 63 102 126 87 79
3470 4 8 72 109 92 24 103 13 101 66
3470 5 8 29 124 44 43 69 15 72 101
3470 6 8 76 95 73 60 29 6 2 41
3470 7 8 80 37 55 42 65 54 47 115
3470 8 8 98 71 12 112 52 107 108 29
3470 9 8 90 18 41 19 51 120 108 104
3470 10 8 11 51 24 46 15 42 22 55
3470 11 8 35 27 118 123 81 65 103 44
3470 12 8 94 13 48 83 20 62 55 89
3470 13 8 88 114 69 89 60 38 14 12
3470 14 8 46 127 126 91 43 70 33 12
3470 15 8 65 124 107 118 111 80 19 27
3470 16 8 95 27 54 2 53 44 66 118
3470 17 8 39 38 63 74 28 119 49 76
3470 18 8 76 95 73 2 106 11 88 60
3470 19 8 80 37 55 42 65 47 32 122
3470 20 8 98 29 12 71 52 2 112 108
3470 21 8 19 90 108 75 18 31 41 119
3470 22 8 51 11 24 22 46 72 32 55
3470 23 8 27 35 118 123 65 81 103 44
3470 24 8 83 20 94 62 48 13 55 109
3470 25 8 88 89 114 69 12 60 14 38
3470 26 8 33 46 12 70 87 26 126 110
3470 27 8 80 107 65 118 27 111 79 67
3470 28 8 27 54 53 66 46 108 118 95
3470 29 8 39 63 28 38 26 0 11 76
3470 30 8 76 98 73 11 13 88 95 27
3470 31 8 37 80 55 65 122 54 42 7
3470 32 8 98 71 12 112 2 29 27 52
3470 33 8 108 51 18 90 31 19 120 41
3470 34 8 51 11 24 55 22 46 93 32
3470 35 8 118 27 35 44 76 123 81 100
3470 36 8 94 48 13 20 83 3 101 55
3470 37 8 88 69 114 12 85 109 111 123
3470 38 8 33 70 46 18 127 25 43 126
3470 39 8 80 67 107 22 65 108 53 124
3470 40 8 3 66 95 77 108 54 2 29
3470 41 8 39 65 38 0 28 63 76 56
3470 42 8 42 104 120 20 46 126 127 59
3470 43 8 47 15 10 117 122 125 118 0
3470 44 8 110 43 84 33 109 11 47 73
3470 45 8 83 121 49 47 21 85 78 86
3470 46 8 123 10 88 1 104 89 124 122
3470 47 8 31 11 127 14 90 44 82 109
1380 0 8 13 120 2 80 92 69 89 93
1380 1 8 58 83 53 47 3 116 26 41
1380 2 8 122 32 116 117 67 47 88 102
1380 3 8 64 26 89 36 79 10 48 106
1380 4 8 79 91 102 10 76 54 109 120
1380 5 8 125 82 111 69 47 22 107 44
1380 6 8 2 76 106 8 95 13 60 27
1380 7 8 95 80 72 50 42 54 65 49
1380 8 8 12 109 71 27 2 112 99 107
1380 9 8 43 119 101 108 51 38 16 18
1380 10 8 73 11 83 72 23 42 2 75
1380 11 8 26 10 58 118 123 17 65 44
1380 12 8 48 62 69 13 120 20 115 60
1380 13 8 6 79 121 64 69 14 12 85
1380 14 8 73 79 28 87 118 70 91 110
1380 15 8 112 103 22 67 111 118 124 90
1380 16 8 55 124 95 20 17 2 3 66
1380 17 8 56 72 48 28 76 97 69 49
1380 18 8 43 2 76 13 106 27 95 111
1380 19 8 80 95 115 72 56 42 50 65
1380 20 8 2 27 109 71 29 12 99 127
1380 21 8 43 51 101 108 119 38 81 15
1380 22 8 73 51 22 11 42 75 72 3
1380 23 8 31 10 58 118 127 17 26 44
1380 24 8 62 69 20 13 45 120 48 111
1380 25 8 121 69 6 14 12 89 79 95
1380 26 8 79 70 110 91 87 27 89 118
1380 27 8 112 118 103 22 67 108 61 124
1380 28 8 55 66 3 2 95 53 20 46
1380 29 8 28 48 76 69 56 119 97 68
1380 30 8 13 76 43 111 27 2 73 95
1380 31 8 95 80 37 122 42 107 65 47
1380 32 8 109 71 29 12 127 112 99 10
1380 33 8 51 108 43 101 19 26 104 18
1380 34 8 51 73 72 11 22 40 93 32
1380 35 8 79 118 10 76 44 26 67 127
1380 36 8 115 13 95 48 62 7 99 69
1380 37 8 79 69 6 85 21 98 121 16
1380 38 8 70 127 79 25 91 93 48 118
1380 39 8 112 103 67 22 124 108 53 24
1380 40 8 55 3 95 2 66 36 124 71
1380 41 8 28 48 69 76 56 119 45 97
1380 42 8 120 37 64 42 46 91 127 101
1380 43 8 30 118 117 79 3 77 17 4
1380 44 8 109 73 113 43 47 71 53 63
1380 45 8 121 94 49 85 78 21 127 63
1380 46 8 89 88 67 126 28 44 103 104
1380 47 8 79 34 92 117 8 37 14 59
264 0 8 106 27 49 110 50 118 19 48
264 1 8 99 59 9 103 36 23 75 102
264 2 8 37 21 45 110 2 122 102 31
264 3 8 94 103 18 49 79 112 88 114
264 4 8 72 50 109 103 119 24 54 13
264 5 8 72 29 69 44 15 101 114 43
264 6 8 76 73 95 2 60 29 6 11
264 7 8 80 37 65 2 47 42 107 122
264 8 8 98 71 12 112 2 107 18 108
264 9 8 108 51 120 18 26 81 47 15
264 10 8 127 11 46 28 15 24 36 67
264 11 8 62 118 35 15 27 44 31 104
264 12 8 62 55 48 101 18 13 95 57
264 13 8 88 119 114 69 85 89 12 14
264 14 8 46 127 83 70 19 43 89 21
264 15 8 124 54 65 112 80 118 108 19
264 16 8 95 46 2 27 55 4 118 66
264 17 8 39 46 74 119 38 28 49 76
264 18 8 120 43 76 73 111 95 6 11
264 19 8 47 37 80 2 46 32 58 122
264 20 8 71 98 52 12 108 29 112 125
264 21 8 108 75 26 51 18 15 81 101
264 22 8 51 72 11 32 3 28 15 75
264 23 8 118 35 31 62 27 60 44 100
264 24 8 62 101 83 55 48 13 59 47
264 25 8 88 85 114 119 89 69 13 50
264 26 8 70 33 46 12 59 110 91 89
264 27 8 118 80 65 79 111 54 124 112
264 28 8 95 53 2 46 27 66 118 34
264 29 8 39 28 46 38 119 76 74 68
264 30 8 73 111 11 76 2 95 98 120
264 31 8 37 80 2 47 55 122 65 42
264 32 8 98 71 12 29 52 112 18 2
264 33 8 51 108 18 19 75 15 26 81
264 34 8 51 11 24 127 15 55 46 28
264 35 8 118 35 100 27 44 101 22 66
264 36 8 62 55 101 115 48 83 13 113
264 37 8 85 88 69 114 47 13 63 89
264 38 8 70 33 46 91 127 25 43 110
264 39 8 54 80 65 124 108 67 22 72
264 40 8 71 118 95 2 53 60 66 3
264 41 8 39 38 46 76 28 74 36 119
264 42 8 104 120 42 46 109 91 77 50
264 43 8 15 122 118 82 94 3 12 69
264 44 8 84 33 99 44 67 47 35 11
264 45 8 121 85 20 119 21 90 49 16
264 46 8 88 81 44 123 89 37 51 104
264 47 8 14 82 42 11 48 92 26 127
323 0 8 83 63 22 31 107 93 47 41
323 1 8 8 41 126 34 111 124 25 2
323 2 8 53 67 69 32 41 108 62 16
323 3 8 36 79 122 112 37 94 98 123
323 4 8 50 79 29 107 72 120 52 48
323 5 8 42 69 108 22 2 54 96 59
323 6 8 2 76 27 43 106 127 13 125
323 7 8 2 37 107 47 54 42 80 115
323 8 8 66 71 12 112 17 113 107 78
323 9 8 104 98 15 51 101 8 120 92
323 10 8 73 11 90 28 54 9 6 115
323 11 8 62 15 26 31 10 118 52 36
323 12 8 62 115 122 92 25 37 95 20
323 13 8 80 69 20 18 93 30 104 78
323 14 8 10 19 127 66 118 89 70 71
323 15 8 112 22 72 67 111 118 64 79
323 16 8 55 46 42 95 66 28 26 98
323 17 8 28 56 76 46 52 49 34 126
323 18 8 76 27 2 106 71 43 6 58
323 19 8 47 115 42 80 56 75 54 41
323 20 8 71 48 66 112 37 10 115 78
323 21 8 15 119 108 81 104 8 69 51
323 22 8 115 73 3 51 32 75 28 22
323 23 8 62 31 52 78 118 26 36 44
323 24 8 62 59 92 95 57 37 122 28
323 25 8 99 89 1 36 80 23 69 87
323 26 8 70 2 37 96 107 89 110 91
323 27 8 67 72 13 112 118 22 111 18
323 28 8 66 28 55 26 4 46 34 3
323 29 8 28 120 105 56 76 46 48 72
323 30 8 106 76 27 13 2 43 88 15
323 31 8 42 47 54 36 107 39 56 122
323 32 8 71 127 29 112 107 66 48 5
323 33 8 104 119 51 15 8 108 81 25
323 34 8 73 51 7 70 54 32 28 115
323 35 8 62 118 26 101 17 36 44 78
323 36 8 92 62 28 20 95 115 107 114
323 37 8 80 89 36 85 91 69 2 82
323 38 8 70 19 91 2 87 107 110 10
323 39 8 118 72 79 84 112 24 13 11
323 40 8 4 63 26 75 34 115 78 62
323 41 8 28 80 18 68 120 93 49 10
323 42 8 21 120 78 50 109 30 116 77
323 43 8 3 10 17 11 48 83 106 82
323 44 8 47 113 99 109 63 15 107 34
323 45 8 121 127 53 97 34 28 85 94
323 46 8 67 103 89 46 38 74 62 29
323 47 8 48 76 54 58 14 8 6 79
293 0 8 72 49 58 19 78 50 37 22
293 1 8 8 59 36 38 25 102 126 33
293 2 8 37 21 110 2 102 31 115 41
293 3 8 29 18 103 49 126 87 50 88
293 4 8 72 50 103 13 49 24 109 101
293 5 8 43 29 72 96 44 69 15 101
293 6 8 88 73 76 2 60 95 29 6
293 7 8 80 37 65 42 2 74 47 115
293 8 8 71 98 12 112 107 108 52 48
293 9 8 104 79 108 120 51 18 92 81
293 10 8 11 46 51 127 115 15 32 93
293 11 8 35 118 92 31 22 1 62 44
293 12 8 62 18 101 13 55 54 122 59
293 13 8 88 69 85 114 89 22 14 20
293 14 8 46 127 83 70 106 89 43 33
293 15 8 19 124 111 65 79 80 105 107
293 16 8 95 27 7 54 66 46 2 113
293 17 8 46 39 52 28 126 63 74 94
293 18 8 76 88 43 73 95 120 6 2
293 19 8 80 2 47 65 74 32 37 42
293 20 8 71 98 29 52 108 12 112 125
293 21 8 75 108 26 18 79 107 81 15
293 22 8 51 72 3 32 11 24 70 46
293 23 8 118 35 31 27 44 1 62 70
293 24 8 62 101 55 20 59 83 48 47
293 25 8 88 89 69 114 36 8 14 31
293 26 8 70 33 46 12 80 43 87 103
293 27 8 80 118 65 79 111 19 107 51
293 28 8 27 66 108 60 54 46 95 34
293 29 8 39 28 46 52 38 76 63 126
293 30 8 88 73 76 43 98 13 95 27
293 31 8 37 122 2 80 55 65 42 54
293 32 8 71 98 52 12 112 29 18 107
293 33 8 108 79 18 51 19 26 75 120
293 34 8 51 11 32 24 46 28 72 93
293 35 8 118 35 92 1 27 44 22 100
293 36 8 101 115 48 62 13 20 94 55
293 37 8 85 69 88 36 114 63 74 2
293 38 8 70 33 46 25 127 80 91 43
293 39 8 80 65 67 22 108 60 111 37
293 40 8 60 36 3 66 55 108 118 95
293 41 8 39 28 46 52 36 38 76 56
293 42 8 46 120 42 125 104 109 59 49
293 43 8 15 117 12 10 122 3 17 19
293 44 8 99 88 43 33 84 44 35 47
293 45 8 121 17 58 119 85 49 21 78
293 46 8 88 29 30 84 89 110 71 104
293 47 8 14 59 111 108 52 6 119 42
525 0 8 104 89 92 120 16 111 53 22
525 1 8 107 34 86 76 47 124 33 126
525 2 8 14 116 87 32 10 7 67 69
525 3 8 76 36 79 13 41 122 30 114
525 4 8 23 118 74 0 100 110 121 120
525 5 8 80 107 69 54 108 106 7 23
525 6 8 2 88 13 127 76 106 55 27
525 7 8 87 42 37 2 103 65 54 60
525 8 8 71 64 112 12 107 2 99 11
525 9 8 51 104 101 94 15 8 108 119
525 10 8 23 14 40 11 0 121 32 29
525 11 8 62 10 31 15 118 70 65 79
525 12 8 62 60 53 122 59 18 54 111
525 13 8 44 36 85 69 119 14 75 20
525 14 8 80 118 19 89 96 87 70 84
525 15 8 64 112 19 50 22 4 88 118
525 16 8 46 40 7 4 66 95 121 98
525 17 8 28 126 52 97 53 56 76 14
525 18 8 120 43 88 13 76 111 2 98
525 19 8 87 47 72 122 80 61 113 115
525 20 8 29 71 37 2 10 99 64 28
525 21 8 51 26 15 8 108 94 43 87
525 22 8 51 14 70 22 3 32 72 115
525 23 8 62 31 10 15 79 118 84 60
525 24 8 62 57 120 20 47 59 37 18
525 25 8 36 85 14 13 121 95 1 68
525 26 8 80 70 19 96 87 89 84 79
525 27 8 64 112 118 115 60 84 88 111
525 28 8 40 46 7 66 121 53 26 3
525 29 8 28 126 97 53 52 76 14 6
525 30 8 13 88 98 43 120 76 111 27
525 31 8 87 80 122 47 37 42 61 107
525 32 8 29 71 64 10 37 52 112 127
525 33 8 51 108 26 94 15 104 101 19
525 34 8 51 72 70 14 22 2 32 40
525 35 8 10 118 44 101 79 62 78 102
525 36 8 115 62 48 95 60 53 47 13
525 37 8 85 36 44 75 69 107 119 59
525 38 8 70 127 118 25 96 79 80 62
525 39 8 115 124 112 67 108 22 4 53
525 40 8 40 7 36 3 95 2 66 51
525 41 8 28 53 126 56 52 127 97 14
525 42 8 46 120 37 73 125 59 42 109
525 43 8 79 117 3 4 81 17 21 0
525 44 8 68 71 43 33 37 61 121 54
525 45 8 103 121 49 78 85 21 119 20
525 46 8 88 44 89 67 31 28 114 82
525 47 8 34 59 117 27 9 32 36 90
25780 0 8 17 23 30 19 87 125 62 41
25780 1 8 59 85 76 68 90 36 47 101
25780 2 8 37 6 102 115 76 32 74 41
25780 3 8 76 79 5 36 94 106 92 70
25780 4 8 103 49 27 5 109 13 24 51
25780 5 8 69 44 48 15 115 54 14 56
25780 6 8 60 2 76 88 106 95 73 29
25780 7 8 80 42 55 107 37 65 54 115
25780 8 8 12 71 52 112 10 107 2 29
25780 9 8 51 25 41 18 104 119 108 120
25780 10 8 51 72 46 11 70 67 2 22
25780 11 8 62 118 35 70 44 76 42 123
25780 12 8 101 57 62 13 115 48 122 103
25780 13 8 69 1 36 14 41 85 68 89
25780 14 8 46 18 70 89 127 59 91 19
25780 15 8 19 64 107 118 20 27 111 106
25780 16 8 46 109 95 54 110 77 66 34
25780 17 8 28 0 63 65 76 94 54 52
25780 18 8 43 88 76 98 2 73 111 95
25780 19 8 80 55 107 122 113 47 42 74
25780 20 8 10 29 71 52 2 27 12 112
25780 21 8 108 15 51 41 75 119 18 87
25780 22 8 51 72 70 3 11 22 32 67
25780 23 8 62 118 100 76 123 44 70 60
25780 24 8 57 62 101 109 103 13 48 37
25780 25 8 1 41 89 14 36 69 85 87
25780 26 8 70 46 91 18 110 89 87 59
25780 27 8 111 27 118 107 31 20 19 79
25780 28 8 46 109 110 77 53 29 108 54
25780 29 8 28 0 63 65 64 76 120 13
25780 30 8 43 13 76 103 98 88 111 2
25780 31 8 122 55 37 80 65 61 107 30
25780 32 8 71 10 29 27 2 12 13 52
25780 33 8 51 108 15 41 104 18 25 119
25780 34 8 51 70 72 109 2 32 11 93
25780 35 8 118 42 62 100 44 6 114 97
25780 36 8 101 48 62 57 13 109 0 115
25780 37 8 36 41 69 57 123 109 85 89
25780 38 8 70 46 18 25 127 60 52 47
25780 39 8 67 22 107 27 20 124 53 108
25780 40 8 110 3 77 66 36 44 29 108
25780 41 8 28 65 0 64 56 63 115 122
25780 42 8 46 25 120 49 42 59 126 20
25780 43 8 47 117 125 56 3 8 94 49
25780 44 8 110 33 43 84 11 37 13 61
25780 45 8 119 121 49 47 83 78 85 21
25780 46 8 123 88 1 124 10 82 45 89
25780 47 8 11 31 127 90 14 59 12 82
448 0 8 31 120 69 93 19 61 0 81
448 1 8 107 83 53 59 76 36 19 41
448 2 8 116 32 117 102 69 47 67 94
448 3 8 41 89 76 10 64 79 16 26
448 4 8 79 91 10 111 54 109 76 124
448 5 8 111 69 125 47 82 54 2 108
448 6 8 2 76 106 60 95 6 27 88
448 7 8 72 107 42 80 103 95 54 65
448 8 8 99 71 12 27 2 112 107 52
448 9 8 43 101 51 104 119 15 18 88
448 10 8 73 23 14 11 121 72 28 70
448 11 8 17 58 26 10 118 62 79 15
448 12 8 69 62 107 13 48 115 47 57
448 13 8 85 79 121 64 69 6 36 14
448 14 8 70 19 10 89 87 118 91 5
448 15 8 112 22 124 67 118 103 108 64
448 16 8 121 46 95 66 40 20 3 2
448 17 8 28 14 97 56 72 45 76 20
448 18 8 43 107 13 76 106 111 2 98
448 19 8 72 80 47 42 95 115 74 87
448 20 8 99 71 29 27 2 12 64 112
448 21 8 43 51 15 108 101 81 119 26
448 22 8 51 72 73 3 29 28 14 40
448 23 8 17 58 79 10 62 26 78 118
448 24 8 62 47 69 48 13 57 95 120
448 25 8 121 85 69 79 89 6 1 14
448 26 8 70 87 89 91 110 127 79 19
448 27 8 112 118 22 67 124 108 84 53
448 28 8 121 2 66 3 40 20 95 26
448 29 8 28 14 76 97 56 119 45 20
448 30 8 43 13 76 106 27 98 111 2
448 31 8 80 72 95 107 65 42 37 122
448 32 8 99 71 29 64 12 112 52 109
448 33 8 51 43 108 101 26 15 119 81
448 34 8 51 72 40 14 73 28 102 11
448 35 8 17 58 78 10 118 79 44 26
448 36 8 95 62 69 115 13 48 51 113
448 37 8 79 69 121 85 6 111 25 107
448 38 8 70 25 127 21 28 118 91 101
448 39 8 112 67 53 124 22 108 115 103
448 40 8 36 121 95 66 3 2 20 40
448 41 8 28 14 45 97 20 56 76 127
448 42 8 46 120 65 21 101 42 127 75
448 43 8 79 4 117 3 118 2 81 0
448 44 8 33 71 68 43 54 109 113 121
448 45 8 19 121 85 49 78 94 119 21
448 46 8 88 67 89 44 74 84 31 28
448 47 8 34 27 117 79 59 32 55 9
902 0 8 63 83 34 21 19 50 61 17
902 1 8 75 99 7 116 59 77 60 53
902 2 8 8 90 32 24 9 122 14 102
902 3 8 41 64 94 1 10 79 106 16
902 4 8 23 10 22 87 54 79 109 105
902 5 8 58 47 105 34 54 111 69 108
902 6 8 2 106 76 42 55 123 9 27
902 7 8 43 42 107 103 95 54 80 72
902 8 8 71 39 64 2 12 14 107 112
902 9 8 101 88 15 51 104 119 43 26
902 10 8 119 40 72 101 33 23 28 73
902 11 8 79 78 10 62 58 50 26 109
902 12 8 123 62 118 115 125 43 13 92
902 13 8 113 66 79 85 64 69 102 63
902 14 8 118 79 70 127 96 80 87 52
902 15 8 112 22 124 67 118 19 27 108
902 16 8 33 51 7 95 40 66 46 6
902 17 8 28 126 35 2 20 49 56 30
902 18 8 43 76 55 106 2 13 27 95
902 19 8 43 80 42 107 72 47 87 74
902 20 8 71 64 29 27 2 112 12 52
902 21 8 51 15 43 108 26 119 88 101
902 22 8 51 40 72 37 32 3 11 101
902 23 8 79 78 62 50 58 15 84 10
902 24 8 62 123 47 95 24 51 115 92
902 25 8 89 85 66 113 95 102 69 119
902 26 8 70 87 110 79 96 46 89 82
902 27 8 118 87 112 22 67 13 31 61
902 28 8 33 51 66 7 40 6 46 26
902 29 8 28 126 49 35 2 115 56 120
902 30 8 13 43 111 76 98 106 27 55
902 31 8 122 43 80 107 47 42 113 95
902 32 8 29 71 64 14 4 127 5 27
902 33 8 51 108 104 15 26 101 119 8
902 34 8 51 40 72 119 101 33 35 97
902 35 8 78 79 118 50 86 114 58 10
902 36 8 123 43 62 115 118 52 51 22
902 37 8 66 102 113 89 85 69 44 95
902 38 8 70 96 25 79 52 37 21 107
902 39 8 67 53 37 87 69 18 124 56
902 40 8 33 51 66 7 36 95 40 3
902 41 8 28 20 126 127 35 2 56 45
902 42 8 46 98 120 102 22 109 123 5
902 43 8 79 117 6 81 3 0 87 78
902 44 8 68 43 48 33 61 20 44 121
902 45 8 20 85 119 49 121 103 78 21
902 46 8 88 44 89 31 28 114 51 70
902 47 8 59 36 120 22 26 94 9 66
4185 0 8 17 77 62 67 19 12 34 28
4185 1 8 7 77 99 75 59 76 89 46
4185 2 8 69 90 121 70 32 102 8 94
4185 3 8 41 79 77 122 112 97 62 98
4185 4 8 103 87 109 10 105 54 116 44
4185 5 8 58 54 105 69 44 122 14 90
4185 6 8 76 2 106 55 60 29 27 1
4185 7 8 103 43 42 80 107 65 54 35
4185 8 8 4 71 12 112 14 2 107 39
4185 9 8 104 15 101 119 88 18 108 51
4185 10 8 119 72 101 37 46 33 67 51
4185 11 8 78 50 79 114 19 118 44 31
4185 12 8 123 43 118 62 13 71 51 48
4185 13 8 113 102 69 108 89 85 99 127
4185 14 8 46 59 96 127 64 70 87 52
4185 15 8 33 27 22 124 118 31 67 53
4185 16 8 33 51 95 111 46 36 13 109
4185 17 8 35 126 28 2 120 3 123 30
4185 18 8 43 55 76 2 6 98 106 27
4185 19 8 80 107 96 42 43 54 30 122
4185 20 8 71 4 29 37 27 2 40 112
4185 21 8 15 108 51 104 88 101 119 41
4185 22 8 51 72 32 37 3 119 75 114
4185 23 8 78 114 50 79 118 84 15 97
4185 24 8 62 123 43 109 103 101 20 92
4185 25 8 89 113 102 108 85 95 1 14
4185 26 8 59 96 46 64 70 87 5 89
4185 27 8 27 118 33 46 31 37 87 22
4185 28 8 33 109 51 111 6 66 13 36
4185 29 8 126 28 35 115 2 92 61 120
4185 30 8 13 43 55 98 76 27 2 60
4185 31 8 122 43 107 30 87 54 115 124
4185 32 8 4 71 29 14 40 127 64 2
4185 33 8 51 15 108 107 104 101 8 88
4185 34 8 51 72 110 32 37 40 119 35
4185 35 8 78 114 50 118 6 101 44 10
4185 36 8 115 123 62 43 101 109 118 51
4185 37 8 89 102 85 113 69 1 14 108
4185 38 8 70 64 82 96 87 25 37 59
4185 39 8 37 46 67 27 33 53 61 13
4185 40 8 33 51 109 13 66 111 95 6
4185 41 8 28 126 35 2 127 92 66 61
4185 42 8 120 98 46 109 102 86 81 38
4185 43 8 16 79 6 117 3 65 21 91
4185 44 8 68 61 43 48 44 72 121 20
4185 45 8 49 85 103 119 21 20 78 121
4185 46 8 88 89 51 31 114 8 44 28
4185 47 8 26 59 36 120 9 21 103 66
9363 0 8 23 41 125 112 77 19 70 12
9363 1 8 20 25 7 29 113 36 116 114
9363 2 8 115 67 76 37 102 49 32 69
9363 3 8 41 79 92 50 29 77 5 40
9363 4 8 103 27 10 109 116 5 54 13
9363 5 8 58 48 14 44 69 54 15 16
9363 6 8 60 2 106 76 95 103 29 6
9363 7 8 43 80 42 65 103 54 107 55
9363 8 8 12 71 27 112 14 107 10 52
9363 9 8 51 104 18 15 41 119 108 88
9363 10 8 51 72 70 119 32 11 28 33
9363 11 8 114 15 118 19 78 123 44 66
9363 12 8 62 123 109 38 13 43 48 103
9363 13 8 36 41 69 14 89 110 95 108
9363 14 8 59 18 46 127 87 70 74 91
9363 15 8 27 107 20 118 31 22 67 124
9363 16 8 46 33 6 29 54 77 95 109
9363 17 8 0 63 65 28 120 64 56 76
9363 18 8 43 76 98 106 95 2 6 55
9363 19 8 43 80 113 55 42 65 54 107
9363 20 8 71 27 29 12 112 52 2 107
9363 21 8 41 108 119 18 51 15 88 75
9363 22 8 51 72 70 11 40 3 32 37
9363 23 8 114 97 118 73 78 44 123 15
9363 24 8 62 103 48 123 13 109 38 101
9363 25 8 89 69 41 95 123 36 62 49
9363 26 8 18 59 46 87 70 47 110 82
9363 27 8 107 20 27 31 46 111 22 67
9363 28 8 6 46 77 29 44 54 33 109
9363 29 8 0 65 63 28 115 64 120 56
9363 30 8 43 13 98 106 76 103 95 2
9363 31 8 43 7 80 65 42 96 122 54
9363 32 8 27 71 29 12 127 112 94 6
9363 33 8 51 41 108 11 119 15 104 26
9363 34 8 51 72 70 40 109 95 37 124
9363 35 8 114 97 78 118 42 44 55 19
9363 36 8 109 123 38 62 0 13 43 101
9363 37 8 36 123 41 109 69 57 95 89
9363 38 8 47 18 70 46 59 52 25 60
9363 39 8 22 107 20 67 53 37 90 27
9363 40 8 6 29 77 33 44 110 66 3
9363 41 8 65 0 28 63 115 64 56 85
9363 42 8 25 46 59 126 49 20 81 75
9363 43 8 47 125 8 117 121 74 56 3
9363 44 8 110 13 33 84 80 43 73 113
9363 45 8 47 83 5 119 21 87 49 76
9363 46 8 1 123 10 96 45 88 71 44
9363 47 8 11 31 127 90 82 14 59 12
1008 0 8 34 7 68 73 41 0 74 69
1008 1 8 53 107 7 77 16 9 20 41
1008 2 8 8 116 69 100 94 122 54 32
1008 3 8 10 41 1 79 26 89 121 64
1008 4 8 79 10 105 127 22 87 76 103
1008 5 8 58 122 111 114 107 82 22 54
1008 6 8 106 76 2 13 123 43 27 119
1008 7 8 95 103 43 42 107 54 72 36
1008 8 8 71 27 14 39 64 59 10 112
1008 9 8 43 101 11 88 119 45 34 51
1008 10 8 119 123 6 33 40 73 101 75
1008 11 8 58 76 26 19 15 86 79 78
1008 12 8 123 118 62 108 43 25 115 69
1008 13 8 95 79 102 64 69 27 20 36
1008 14 8 52 87 118 123 64 125 21 70
1008 15 8 87 67 22 53 127 33 118 112
1008 16 8 33 91 111 66 109 100 36 42
1008 17 8 28 72 126 53 61 120 76 123
1008 18 8 43 2 106 27 119 76 13 8
1008 19 8 43 74 67 47 118 35 95 42
1008 20 8 27 71 48 117 112 64 113 50
1008 21 8 21 119 88 15 43 81 8 39
1008 22 8 75 51 40 37 48 72 73 122
1008 23 8 78 79 114 4 92 58 66 19
1008 24 8 108 1 123 62 11 109 92 111
1008 25 8 95 89 102 34 27 99 52 73
1008 26 8 87 59 46 125 91 49 110 19
1008 27 8 87 118 107 100 33 84 79 112
1008 28 8 33 111 66 109 26 29 32 4
1008 29 8 120 61 99 28 100 53 126 3
1008 30 8 13 106 15 55 9 121 43 3
1008 31 8 95 36 60 67 72 35 47 43
1008 32 8 27 64 127 48 40 71 5 4
1008 33 8 43 11 81 15 117 119 33 8
1008 34 8 73 40 51 3 75 92 72 33
1008 35 8 114 26 79 78 101 58 86 19
1008 36 8 123 118 62 36 115 43 7 107
1008 37 8 95 89 79 102 36 73 6 71
1008 38 8 111 64 101 49 82 87 37 52
1008 39 8 87 37 118 53 90 34 67 94
1008 40 8 33 111 7 40 4 66 115 17
1008 41 8 61 53 126 85 28 11 72 115
1008 42 8 66 114 46 59 20 2 30 120
1008 43 8 2 16 94 65 75 61 108 56
1008 44 8 5 113 33 84 44 42 104 34
1008 45 8 86 127 119 20 76 34 21 88
1008 46 8 21 74 96 88 51 103 46 122
1008 47 8 99 103 114 54 6 94 79 110
1091 0 8 93 21 63 2 83 97 103 120
1091 1 8 41 83 16 23 53 20 116 126
1091 2 8 87 8 116 54 117 53 32 9
1091 3 8 41 10 1 26 64 29 79 106
1091 4 8 91 79 22 105 76 10 118 23
1091 5 8 58 111 82 122 47 34 54 71
1091 6 8 2 30 106 76 60 123 42 95
1091 7 8 95 103 67 42 43 80 107 72
1091 8 8 71 39 27 99 14 10 28 12
1091 9 8 45 101 43 51 48 104 15 88
1091 10 8 23 123 72 14 75 40 73 119
1091 11 8 10 58 15 118 76 19 26 62
1091 12 8 62 118 66 123 109 115 11 120
1091 13 8 121 85 14 69 64 95 55 79
1091 14 8 19 5 87 118 70 89 127 21
1091 15 8 112 124 22 115 118 105 67 81
1091 16 8 46 121 4 91 95 40 20 66
1091 17 8 97 28 53 61 14 76 44 126
1091 18 8 43 76 94 13 111 119 2 121
1091 19 8 95 47 72 19 74 115 122 54
1091 20 8 27 71 37 108 99 28 64 10
1091 21 8 15 21 51 43 108 11 101 70
1091 22 8 51 29 3 14 72 80 32 75
1091 23 8 58 10 78 13 118 15 75 84
1091 24 8 62 66 109 1 47 123 69 118
1091 25 8 14 95 31 121 85 97 25 89
1091 26 8 19 70 59 5 89 87 91 84
1091 27 8 112 118 87 84 27 100 67 13
1091 28 8 4 66 121 33 95 111 40 26
1091 29 8 28 61 53 119 74 14 120 76
1091 30 8 43 13 76 15 111 98 60 121
1091 31 8 95 122 115 47 74 87 61 113
1091 32 8 27 40 71 52 99 37 107 113
1091 33 8 15 21 108 43 51 81 101 53
1091 34 8 51 3 14 40 92 100 73 80
1091 35 8 58 101 10 118 78 114 19 13
1091 36 8 62 47 123 66 60 118 115 51
1091 37 8 31 107 79 85 14 89 121 25
1091 38 8 19 70 37 101 87 59 127 25
1091 39 8 124 118 87 91 108 100 34 67
1091 40 8 4 95 40 66 2 33 7 111
1091 41 8 61 53 28 119 74 45 14 97
1091 42 8 46 120 37 21 59 65 101 38
1091 43 8 3 65 0 117 118 4 79 94
1091 44 8 57 33 111 71 54 84 113 44
1091 45 8 21 85 20 119 127 18 34 49
1091 46 8 67 77 88 89 74 104 103 84
1091 47 8 55 34 27 58 79 104 117 14
220 0 8 72 100 119 85 11 114 16 1
220 1 8 106 72 113 89 75 56 37 21
220 2 8 45 37 16 102 93 87 112 65
220 3 8 79 103 41 9 29 81 91 122
220 4 8 109 48 52 63 96 103 31 118
220 5 8 8 74 109 44 69 64 59 103
220 6 8 106 76 44 71 95 8 12 2
220 7 8 80 54 42 8 65 75 79 59
220 8 8 71 26 12 65 112 17 116 108
220 9 8 64 119 19 21 92 108 95 120
220 10 8 51 53 66 56 98 112 11 37
220 11 8 7 6 127 125 51 23 52 37
220 12 8 56 3 21 115 50 65 4 113
220 13 8 25 23 69 58 111 89 42 66
220 14 8 127 52 70 90 118 89 0 100
220 15 8 22 124 67 118 4 108 103 112
220 16 8 95 66 2 55 26 32 12 119
220 17 8 56 35 48 28 74 50 52 76
220 18 8 106 95 76 43 27 2 111 120
220 19 8 80 65 122 42 107 37 96 54
220 20 8 109 71 12 52 29 112 107 99
220 21 8 18 119 19 101 108 75 114 27
220 22 8 51 72 83 11 37 66 46 65
220 23 8 67 127 100 123 32 65 51 44
220 24 8 3 92 48 13 62 47 101 80
220 25 8 89 25 99 69 49 16 23 20
220 26 8 70 127 66 110 22 12 107 118
220 27 8 22 67 124 79 108 103 118 112
220 28 8 95 66 2 3 113 55 26 65
220 29 8 56 28 72 76 48 89 52 119
220 30 8 106 95 76 27 43 2 107 104
220 31 8 80 65 107 54 47 122 37 7
220 32 8 71 9 12 112 109 46 108 29
220 33 8 108 119 19 18 101 65 120 114
220 34 8 51 66 7 72 3 65 46 37
220 35 8 4 127 100 44 64 101 121 123
220 36 8 92 48 13 3 113 80 51 47
220 37 8 20 69 104 25 119 82 49 77
220 38 8 70 125 89 91 22 7 76 110
220 39 8 75 11 13 79 111 67 102 82
220 40 8 42 107 66 1 95 113 26 12
220 41 8 88 59 13 34 30 123 105 21
220 42 8 17 56 111 120 114 28 127 43
220 43 8 92 80 30 72 91 10 99 38
220 44 8 5 113 30 7 34 52 35 42
220 45 8 29 58 113 41 71 107 121 88
220 46 8 16 46 76 27 37 100 103 43
220 47 8 3 87 104 76 102 22 67 55
16 0 8 88 123 109 58 7 72 121 76
16 1 8 65 89 113 1 17 36 37 85
16 2 8 37 102 21 110 45 112 27 32
16 3 8 103 79 29 17 18 94 45 41
16 4 8 103 49 101 109 57 30 54 70
16 5 8 58 44 14 29 69 77 15 71
16 6 8 60 76 2 73 95 6 106 15
16 7 8 80 42 107 37 54 65 35 43
16 8 8 71 81 52 12 112 10 125 107
16 9 8 41 51 18 15 108 88 11 4
16 10 8 51 15 72 33 119 46 32 100
16 11 8 19 15 76 62 114 118 78 44
16 12 8 62 108 94 101 109 13 38 123
16 13 8 67 69 85 88 81 14 110 8
16 14 8 18 59 46 81 12 83 70 127
16 15 8 27 107 118 22 19 31 63 84
16 16 8 46 54 95 66 44 74 108 33
16 17 8 44 0 63 28 65 57 50 123
16 18 8 43 76 106 95 2 41 88 60
16 19 8 80 42 43 122 74 47 113 107
16 20 8 71 27 10 52 12 42 112 107
16 21 8 41 108 11 15 51 119 75 18
16 22 8 51 72 32 3 11 2 75 37
16 23 8 114 76 78 118 123 84 100 45
16 24 8 62 108 38 94 13 57 48 109
16 25 8 89 67 95 14 69 123 109 110
16 26 8 18 46 59 87 81 70 68 12
16 27 8 107 27 118 54 19 122 20 61
16 28 8 54 44 77 34 108 46 26 0
16 29 8 0 63 44 65 11 120 28 57
16 30 8 43 76 106 103 27 2 34 88
16 31 8 80 42 115 65 43 74 96 47
16 32 8 127 71 27 83 107 42 77 48
16 33 8 41 108 11 119 51 117 88 15
16 34 8 51 72 33 2 15 32 95 97
16 35 8 114 76 97 42 118 100 44 19
16 36 8 38 0 3 62 94 115 109 52
16 37 8 109 123 95 67 57 69 36 89
16 38 8 18 46 52 68 70 37 111 25
16 39 8 22 67 107 20 61 53 27 54
16 40 8 77 66 3 44 108 29 54 34
16 41 8 65 11 0 63 56 85 28 115
16 42 8 20 46 126 49 59 24 69 120
16 43 8 47 56 122 117 8 15 58 121
16 44 8 110 84 33 11 80 43 58 121
16 45 8 21 47 5 87 83 49 85 99
16 46 8 1 123 71 32 45 10 84 88
16 47 8 31 127 11 82 107 14 44 4
11 0 8 44 65 26 52 59 89 111 22
11 1 8 94 50 18 124 89 26 80 34
11 2 8 88 84 53 49 93 32 18 16
11 3 8 6 31 89 79 41 2 21 93
11 4 8 106 76 79 85 124 48 115 40
11 5 8 42 61 125 58 66 69 22 8
11 6 8 105 83 2 8 106 107 12 76
11 7 8 49 42 43 103 54 118 107 36
11 8 8 71 84 121 107 12 112 59 2
11 9 8 119 110 9 88 11 15 51 120
11 10 8 73 61 105 72 11 33 70 51
11 11 8 26 61 49 76 44 24 127 118
11 12 8 99 15 13 62 108 48 3 107
11 13 8 6 28 69 34 15 73 36 80
11 14 8 48 20 73 52 127 70 110 93
11 15 8 22 85 67 118 27 24 10 53
11 16 8 108 124 8 54 66 95 3 26
11 17 8 72 56 19 28 76 59 69 68
11 18 8 106 105 2 83 76 27 8 6
11 19 8 49 42 80 115 54 39 96 112
11 20 8 84 121 71 12 27 112 107 2
11 21 8 9 110 119 108 125 101 88 81
11 22 8 105 61 72 51 11 56 73 97
11 23 8 61 49 127 24 44 23 78 84
11 24 8 99 15 13 62 48 95 108 3
11 25 8 6 15 69 28 80 89 95 1
11 26 8 20 48 87 90 110 70 52 49
11 27 8 85 118 22 67 10 13 107 101
11 28 8 54 66 124 108 8 3 26 17
11 29 8 72 19 56 28 118 69 120 53
11 30 8 105 106 76 83 27 2 13 8
11 31 8 49 112 42 60 54 80 47 65
11 32 8 84 121 127 71 12 107 112 42
11 33 8 117 9 119 110 125 108 88 11
11 34 8 73 61 51 105 56 72 39 112
11 35 8 61 26 24 49 23 127 44 37
11 36 8 99 15 107 9 97 52 13 3
11 37 8 6 15 28 80 79 69 118 23
11 38 8 20 48 52 111 107 86 25 70
11 39 8 85 67 22 101 61 53 10 18
11 40 8 108 124 8 66 3 36 65 45
11 41 8 69 72 53 56 19 15 28 48
11 42 8 39 31 126 46 127 7 73 120
11 43 8 77 117 49 88 19 3 78 8
11 44 8 53 0 73 43 45 37 88 121
11 45 8 94 49 85 21 17 112 46 78
11 46 8 123 84 88 82 124 38 105 97
11 47 8 90 109 73 95 59 9 35 52
1290 0 8 21 7 87 19 34 62 17 120
1290 1 8 6 53 99 23 58 8 72 95
1290 2 8 93 68 8 9 127 32 47 24
1290 3 8 64 2 38 124 1 89 106 21
1290 4 8 76 48 22 79 25 56 102 64
1290 5 8 82 22 13 126 47 125 34 24
1290 6 8 42 52 30 106 38 79 12 110
1290 7 8 60 51 34 95 110 45 87 16
1290 8 8 103 36 27 46 84 59 105 5
1290 9 8 127 119 117 26 1 9 52 33
1290 10 8 112 72 39 113 97 73 108 56
1290 11 8 127 26 37 9 98 107 79 23
1290 12 8 97 52 12 15 9 75 118 108
1290 13 8 95 73 77 6 79 102 98 81
1290 14 8 82 88 81 34 76 101 52 79
1290 15 8 8 87 95 18 22 122 85 38
1290 16 8 65 17 45 124 54 58 111 66
1290 17 8 72 99 56 69 18 120 85 1
1290 18 8 30 52 106 42 83 79 105 75
1290 19 8 60 51 39 34 56 45 49 110
1290 20 8 36 46 103 84 118 101 116 27
1290 21 8 117 9 119 64 110 26 81 96
1290 22 8 112 113 53 61 66 3 39 73
1290 23 8 127 37 8 61 107 49 101 89
1290 24 8 97 9 116 74 104 75 15 52
1290 25 8 95 6 73 28 21 77 81 47
1290 26 8 81 90 88 48 52 8 79 111
1290 27 8 87 10 18 8 95 85 22 122
1290 28 8 65 17 45 124 66 26 54 58
1290 29 8 18 69 120 61 85 39 0 65
1290 30 8 106 30 42 105 52 83 34 27
1290 31 8 60 34 51 49 39 56 45 110
1290 32 8 36 84 103 116 46 121 101 127
1290 33 8 117 9 110 64 119 96 65 49
1290 34 8 112 113 53 61 39 105 3 26
1290 35 8 37 8 61 127 107 49 24 16
1290 36 8 52 97 9 15 99 116 74 75
1290 37 8 95 73 77 81 102 98 24 47
1290 38 8 82 101 107 18 81 62 34 111
1290 39 8 87 8 95 103 18 22 10 67
1290 40 8 65 111 45 17 7 73 123 108
1290 41 8 61 58 18 85 53 48 49 120
1290 42 8 8 20 32 75 66 2 28 55
1290 43 8 47 16 77 121 2 94 78 8
1290 44 8 30 72 110 80 94 113 84 53
1290 45 8 47 87 85 83 86 94 21 5
1290 46 8 45 96 37 123 84 103 71 102
1290 47 8 11 44 114 14 54 127 31 82
30 0 8 65 98 99 72 102 100 73 40
30 1 8 18 70 94 127 113 26 38 103
30 2 8 84 88 93 38 47 127 99 57
30 3 8 2 6 124 31 38 121 117 16
30 4 8 76 106 124 115 48 47 85 67
30 5 8 61 66 125 22 8 126 13 97
30 6 8 83 105 8 42 52 30 106 107
30 7 8 49 112 34 60 16 51 45 54
30 8 8 84 103 121 59 46 65 71 12
30 9 8 9 119 110 117 88 81 120 125
30 10 8 56 61 105 112 72 39 25 53
30 11 8 61 24 127 125 49 37 89 23
30 12 8 99 15 3 97 75 96 9 13
30 13 8 15 6 23 28 73 77 119 69
30 14 8 48 20 90 73 104 17 52 88
30 15 8 85 101 22 10 67 24 103 70
30 16 8 124 39 17 8 65 66 3 26
30 17 8 56 42 69 19 48 21 39 105
30 18 8 105 83 106 27 8 2 76 12
30 19 8 49 112 16 60 96 39 115 80
30 20 8 121 84 65 12 71 46 112 116
30 21 8 9 110 125 119 117 81 64 108
30 22 8 105 56 61 53 72 51 25 13
30 23 8 61 24 49 23 127 125 89 46
30 24 8 99 15 56 96 3 75 9 13
30 25 8 58 15 6 28 23 119 73 20
30 26 8 17 90 20 48 100 86 104 70
30 27 8 85 10 101 22 70 18 67 103
30 28 8 124 8 81 17 66 65 39 3
30 29 8 19 21 56 42 69 48 18 105
30 30 8 105 83 106 27 52 30 2 76
30 31 8 112 49 60 80 75 65 16 39
30 32 8 65 121 84 71 103 46 12 127
30 33 8 125 9 110 119 117 108 88 49
30 34 8 105 61 56 112 78 53 39 51
30 35 8 61 24 49 23 125 127 37 44
30 36 8 99 15 97 96 9 3 56 75
30 37 8 15 58 28 6 23 25 73 69
30 38 8 17 20 48 90 86 107 52 70
30 39 8 85 101 103 67 61 10 22 70
30 40 8 124 8 73 17 45 66 3 81
30 41 8 42 69 48 19 56 21 127 18
30 42 8 31 64 127 114 32 39 46 7
30 43 8 77 117 88 78 3 31 43 21
30 44 8 53 73 43 0 90 121 107 17
30 45 8 94 101 49 21 85 27 78 87
30 46 8 38 84 11 88 34 97 28 31
30 47 8 105 73 57 20 109 9 86 59
2055 0 8 21 63 50 2 75 125 103 19
2055 1 8 23 58 6 3 26 42 113 95
2055 2 8 84 93 88 54 8 32 122 47
2055 3 8 64 2 38 4 91 124 16 82
2055 4 8 56 124 25 76 48 67 22 79
2055 5 8 82 47 22 13 61 34 125 107
2055 6 8 83 42 52 105 106 30 2 112
2055 7 8 60 49 50 51 16 34 45 110
2055 8 8 36 109 84 103 46 105 59 114
2055 9 8 9 65 119 8 110 117 45 16
2055 10 8 112 113 61 23 102 39 36 56
2055 11 8 127 9 67 61 8 37 98 107
2055 12 8 97 3 15 12 75 104 9 52
2055 13 8 23 98 21 73 6 16 28 77
2055 14 8 79 73 48 90 88 86 27 76
2055 15 8 103 22 85 67 24 18 8 95
2055 16 8 124 65 17 55 45 66 3 7
2055 17 8 56 48 69 29 68 43 49 28
2055 18 8 83 106 105 111 2 8 27 30
2055 19 8 60 50 49 16 80 65 122 39
2055 20 8 36 84 109 121 71 12 46 15
2055 21 8 9 65 110 8 119 45 114 14
2055 22 8 61 105 113 112 53 72 56 73
2055 23 8 127 61 49 89 24 8 36 67
2055 24 8 99 15 104 9 3 97 56 75
2055 25 8 23 6 98 16 28 21 73 15
2055 26 8 79 90 93 48 70 88 110 11
2055 27 8 10 85 103 22 67 111 18 108
2055 28 8 124 3 66 55 17 95 73 2
2055 29 8 56 48 69 76 97 28 19 13
2055 30 8 105 83 106 2 76 27 8 12
2055 31 8 49 60 80 54 65 50 42 37
2055 32 8 36 121 84 109 12 71 112 46
2055 33 8 9 110 119 65 45 117 114 120
2055 34 8 105 61 53 113 112 72 11 73
2055 35 8 61 67 24 49 127 37 44 89
2055 36 8 99 15 97 9 13 3 56 12
2055 37 8 98 23 6 28 21 16 69 81
2055 38 8 79 48 93 90 88 107 52 70
2055 39 8 67 103 87 22 85 10 23 61
2055 40 8 124 3 17 66 55 8 73 45
2055 41 8 69 48 56 28 72 19 127 76
2055 42 8 64 37 31 127 42 46 120 32
2055 43 8 77 117 30 118 88 3 81 79
2055 44 8 43 53 73 109 0 121 107 68
2055 45 8 49 94 78 21 85 32 111 87
2055 46 8 122 38 44 31 126 67 84 28
2055 47 8 117 92 73 9 32 34 37 111
11 0 8 44 26 65 59 93 47 66 73
11 1 8 50 23 94 58 124 37 127 34
11 2 8 84 93 88 54 127 32 47 87
11 3 8 2 82 39 124 38 29 64 117
11 4 8 124 56 106 25 48 109 67 93
11 5 8 82 22 47 13 107 8 74 64
11 6 8 106 30 42 83 12 52 112 2
11 7 8 60 16 50 54 75 51 42 30
11 8 8 109 36 71 46 108 59 103 107
11 9 8 119 65 45 47 14 39 8 64
11 10 8 23 113 122 112 75 16 36 37
11 11 8 127 67 123 52 51 8 10 31
11 12 8 3 12 20 97 104 9 13 22
11 13 8 23 98 16 21 73 69 59 119
11 14 8 20 73 79 127 90 27 70 118
11 15 8 22 103 124 67 4 118 108 25
11 16 8 95 55 124 66 2 17 3 7
11 17 8 56 48 69 72 76 28 42 97
11 18 8 106 2 111 76 120 95 27 83
11 19 8 80 65 60 122 37 42 50 54
11 20 8 12 71 109 112 29 36 52 2
11 21 8 101 119 114 19 108 65 18 26
11 22 8 72 51 11 32 3 16 22 8
11 23 8 127 67 10 123 44 32 118 89
11 24 8 48 3 13 101 62 92 20 9
11 25 8 23 16 69 98 119 99 32 1
11 26 8 20 93 70 90 127 79 89 27
11 27 8 22 103 118 67 124 108 112 13
11 28 8 124 95 2 55 66 17 3 26
11 29 8 56 48 76 69 28 119 42 19
11 30 8 76 106 2 105 27 111 107 83
11 31 8 80 37 60 65 54 49 122 42
11 32 8 109 71 12 36 112 127 84 121
11 33 8 108 119 65 19 120 9 101 18
11 34 8 51 11 105 16 61 46 113 123
11 35 8 67 127 44 61 24 49 123 10
11 36 8 99 13 3 48 15 9 114 97
11 37 8 15 28 6 23 69 98 16 32
11 38 8 20 48 127 90 70 93 107 17
11 39 8 67 85 22 103 124 10 101 108
11 40 8 124 3 8 2 66 95 36 17
11 41 8 48 69 72 19 56 76 42 28
11 42 8 39 64 127 31 42 46 32 120
11 43 8 77 117 88 118 3 79 30 78
11 44 8 53 43 0 73 109 121 68 107
11 45 8 49 78 94 21 85 32 111 103
11 46 8 38 126 31 67 89 84 114 44
11 47 8 73 92 117 9 32 37 34 109
11995 0 8 72 49 31 102 119 94 85 100
11995 1 8 70 50 106 22 127 72 79 119
11995 2 8 37 93 99 16 102 98 110 21
11995 3 8 103 112 2 79 82 29 122 5
11995 4 8 50 48 109 31 26 53 52 63
11995 5 8 22 69 33 59 84 4 49 62
11995 6 8 76 106 2 95 6 44 27 77
11995 7 8 8 80 54 37 30 42 65 47
11995 8 8 12 71 40 107 108 114 112 17
11995 9 8 119 108 47 81 34 101 120 38
11995 10 8 11 103 75 118 112 9 88 16
11995 11 8 127 123 90 22 10 51 104 52
11995 12 8 114 3 37 54 71 9 52 75
11995 13 8 16 32 23 69 73 47 61 81
11995 14 8 73 93 78 127 70 63 26 110
11995 15 8 72 22 118 124 111 67 103 108
11995 16 8 95 82 2 55 17 35 42 66
11995 17 8 56 76 48 119 74 46 38 34
11995 18 8 106 2 43 76 95 12 27 71
11995 19 8 80 8 47 65 37 54 115 56
11995 20 8 48 12 71 108 112 109 114 124
11995 21 8 81 119 108 14 69 101 120 92
11995 22 8 16 11 103 48 72 75 22 34
11995 23 8 127 36 10 104 4 123 44 51
11995 24 8 62 101 52 37 54 92 3 13
11995 25 8 69 99 89 78 34 13 16 43
11995 26 8 93 26 78 125 110 89 91 121
11995 27 8 118 111 72 0 103 67 52 87
11995 28 8 82 55 95 26 100 35 66 2
11995 29 8 56 99 76 48 68 105 4 80
11995 30 8 27 106 2 122 11 76 3 77
11995 31 8 56 47 80 39 60 37 115 54
11995 32 8 48 12 124 18 112 71 98 114
11995 33 8 81 108 65 26 119 14 63 120
11995 34 8 16 11 75 42 25 3 55 51
11995 35 8 44 101 51 52 22 10 100 36
11995 36 8 52 114 54 111 13 92 62 34
11995 37 8 61 69 81 82 32 73 47 89
11995 38 8 70 91 49 110 78 127 83 93
11995 39 8 118 124 108 111 52 67 63 106
11995 40 8 82 12 71 2 118 95 66 100
11995 41 8 109 76 38 119 74 99 72 37
11995 42 8 89 42 104 127 120 91 94 88
11995 43 8 28 3 118 15 21 17 92 30
11995 44 8 109 63 16 100 107 67 35 101
11995 45 8 90 95 78 0 69 85 49 107
11995 46 8 89 126 88 110 93 53 76 26
11995 47 8 48 83 28 3 99 8 92 80
248 0 8 102 94 19 49 72 48 81 37
248 1 8 36 70 113 102 17 72 106 60
248 2 8 37 21 110 102 99 98 58 25
248 3 8 103 79 88 29 72 112 91 82
248 4 8 50 31 34 103 109 48 72 13
248 5 8 44 29 69 14 124 15 101 22
248 6 8 95 60 73 76 11 122 29 6
248 7 8 80 37 42 55 65 54 47 56
248 8 8 71 12 52 89 114 112 107 40
248 9 8 18 19 108 119 81 51 120 90
248 10 8 11 46 24 51 72 75 15 93
248 11 8 22 123 31 27 51 52 44 100
248 12 8 114 48 106 54 13 83 101 47
248 13 8 88 114 69 60 89 47 18 1
248 14 8 46 27 127 126 70 63 43 89
248 15 8 118 124 72 36 111 108 27 52
248 16 8 95 100 2 118 66 112 91 26
248 17 8 38 46 74 119 124 76 109 44
248 18 8 95 73 76 11 119 29 2 43
248 19 8 80 37 65 47 55 122 115 42
248 20 8 71 12 48 52 112 107 108 40
248 21 8 19 108 18 81 101 119 90 120
248 22 8 11 46 24 72 51 23 22 127
248 23 8 27 123 35 22 100 44 118 52
248 24 8 83 13 48 101 114 55 52 62
248 25 8 88 114 89 69 1 60 50 38
248 26 8 46 70 89 27 26 126 110 127
248 27 8 118 111 124 65 72 52 67 27
248 28 8 100 95 118 2 55 26 66 71
248 29 8 38 74 109 119 124 46 76 80
248 30 8 11 95 103 73 104 76 122 77
248 31 8 80 47 37 52 55 65 8 2
248 32 8 12 48 71 29 114 102 112 108
248 33 8 19 108 81 18 26 58 65 34
248 34 8 11 24 46 55 122 75 51 29
248 35 8 100 27 22 35 123 51 101 30
248 36 8 62 78 83 54 114 34 48 13
248 37 8 114 88 89 69 82 71 85 60
248 38 8 83 70 91 43 89 110 127 99
248 39 8 118 88 52 79 65 124 108 27
248 40 8 34 71 118 2 100 26 95 98
248 41 8 38 74 76 109 119 124 37 68
248 42 8 104 91 120 43 77 66 99 33
248 43 8 118 15 10 82 28 3 17 72
248 44 8 57 16 67 109 66 63 9 42
248 45 8 95 90 121 0 92 113 51 8
248 46 8 89 37 76 126 46 100 103 27
248 47 8 87 8 92 76 30 37 65 102
17 0 8 88 121 58 76 109 117 127 85
17 1 8 65 30 36 102 1 112 97 92
17 2 8 37 21 110 31 102 25 104 60
17 3 8 126 88 91 45 49 63 81 9
17 4 8 57 101 55 24 70 49 30 72
17 5 8 44 29 124 69 15 112 77 83
17 6 8 73 95 76 29 103 60 6 119
17 7 8 80 37 42 47 55 74 65 19
17 8 8 71 52 12 83 125 94 107 112
17 9 8 18 119 81 108 90 41 31 58
17 10 8 51 15 46 11 72 24 103 27
17 11 8 22 100 123 27 51 19 118 31
17 12 8 54 94 101 48 26 59 55 92
17 13 8 88 114 69 89 119 67 1 60
17 14 8 46 126 27 70 12 71 89 127
17 15 8 79 118 111 124 28 65 67 108
17 16 8 95 100 2 44 0 66 108 26
17 17 8 46 38 44 74 119 57 49 52
17 18 8 43 73 120 95 11 111 76 119
17 19 8 47 80 2 37 65 55 115 108
17 20 8 83 71 48 12 108 125 52 77
17 21 8 18 108 19 81 7 90 58 119
17 22 8 72 51 24 46 11 103 23 3
17 23 8 100 27 123 22 35 118 31 44
17 24 8 94 62 83 54 48 55 101 26
17 25 8 88 114 67 89 69 119 60 43
17 26 8 46 70 12 126 27 80 110 91
17 27 8 118 111 65 79 124 28 67 108
17 28 8 95 118 60 26 108 2 0 66
17 29 8 46 38 74 119 44 52 76 28
17 30 8 11 103 43 111 73 2 104 95
17 31 8 2 37 80 50 47 55 65 122
17 32 8 83 12 71 18 112 48 98 114
17 33 8 108 19 18 81 90 51 31 101
17 34 8 51 11 24 46 72 23 36 7
17 35 8 100 22 27 35 123 44 101 118
17 36 8 48 83 94 26 55 13 12 62
17 37 8 88 69 114 16 18 67 111 60
17 38 8 127 70 43 46 126 15 91 110
17 39 8 65 124 108 67 79 105 111 22
17 40 8 71 118 2 60 95 66 3 0
17 41 8 46 38 76 119 74 36 52 39
17 42 8 42 104 91 77 120 125 46 66
17 43 8 28 15 12 122 118 0 56 3
17 44 8 99 67 109 16 88 43 84 11
17 45 8 0 95 21 58 121 49 78 17
17 46 8 81 89 126 29 37 90 88 30
17 47 8 14 92 37 25 111 4 44 6
284 0 8 52 8 102 107 108 53 104 66
284 1 8 86 100 102 108 124 70 112 22
284 2 8 87 93 37 110 102 20 18 32
284 3 8 102 48 79 45 91 88 9 116
284 4 8 118 31 92 66 103 72 48 54
284 5 8 69 59 29 22 101 124 15 1
284 6 8 95 76 6 106 2 60 27 73
284 7 8 80 8 37 65 42 115 54 47
284 8 8 12 71 58 99 112 103 114 108
284 9 8 101 119 18 108 19 81 120 45
284 10 8 83 11 72 57 75 36 46 112
284 11 8 123 127 10 27 40 118 44 89
284 12 8 66 48 54 83 9 52 13 12
284 13 8 88 32 60 114 69 16 47 73
284 14 8 63 73 127 126 70 27 110 43
284 15 8 36 124 118 52 108 22 88 111
284 16 8 95 2 4 118 53 66 91 17
284 17 8 119 38 74 53 76 44 34 56
284 18 8 43 95 35 120 76 2 65 106
284 19 8 8 80 37 50 65 47 115 122
284 20 8 12 71 102 48 99 27 29 108
284 21 8 101 19 108 81 18 51 119 21
284 22 8 57 11 51 72 3 75 22 24
284 23 8 27 10 123 118 127 44 30 35
284 24 8 83 66 48 52 13 33 54 9
284 25 8 88 114 60 89 69 47 32 13
284 26 8 110 126 70 89 127 27 91 12
284 27 8 52 118 36 124 108 88 67 111
284 28 8 118 53 95 2 17 66 26 65
284 29 8 119 74 38 76 53 109 34 44
284 30 8 43 11 95 35 76 13 27 111
284 31 8 8 37 80 47 87 122 65 54
284 32 8 102 12 71 112 18 108 48 114
284 33 8 19 108 101 51 90 18 81 0
284 34 8 51 57 11 24 72 46 93 75
284 35 8 10 27 123 118 32 101 44 103
284 36 8 83 48 60 13 66 34 54 115
284 37 8 88 32 114 69 60 80 71 119
284 38 8 70 127 43 91 63 126 110 107
284 39 8 52 124 36 108 118 88 105 67
284 40 8 118 71 2 95 53 66 4 26
284 41 8 74 119 76 38 109 28 55 53
284 42 8 120 91 104 42 92 99 94 43
284 43 8 118 15 28 17 3 0 21 10
284 44 8 109 16 57 111 47 43 67 66
284 45 8 95 90 78 85 21 49 0 121
284 46 8 89 88 126 102 46 3 76 123
284 47 8 8 109 92 37 76 14 58 118
264 0 8 106 27 49 19 58 48 110 78
264 1 8 36 59 102 99 112 126 24 17
264 2 8 37 21 2 110 102 45 57 31
264 3 8 94 18 17 49 88 91 102 79
264 4 8 72 66 103 13 109 24 118 54
264 5 8 44 29 72 124 69 15 101 14
264 6 8 76 73 60 95 2 6 29 11
264 7 8 80 37 65 42 54 47 55 107
264 8 8 98 71 12 112 2 107 52 108
264 9 8 18 19 120 51 90 108 81 75
264 10 8 11 46 24 127 15 2 55 72
264 11 8 123 35 27 118 44 65 62 60
264 12 8 48 83 55 13 101 62 59 113
264 13 8 60 114 88 69 89 22 111 38
264 14 8 127 46 33 70 59 43 126 91
264 15 8 65 118 80 124 19 108 67 112
264 16 8 95 53 118 2 66 4 112 26
264 17 8 39 74 38 119 28 76 63 80
264 18 8 120 76 11 73 95 2 6 27
264 19 8 47 80 37 32 2 55 108 65
264 20 8 98 71 12 108 112 2 52 48
264 21 8 81 108 19 18 75 119 90 51
264 22 8 51 11 24 72 75 93 46 3
264 23 8 118 27 35 31 44 123 60 77
264 24 8 83 62 13 48 59 101 44 92
264 25 8 88 114 69 89 60 12 91 119
264 26 8 33 59 110 46 70 83 126 87
264 27 8 118 80 65 124 79 67 108 88
264 28 8 53 95 118 2 66 26 4 28
264 29 8 39 38 74 119 76 28 124 68
264 30 8 11 127 73 95 76 120 60 111
264 31 8 47 37 32 2 55 80 108 58
264 32 8 98 71 48 12 17 2 29 108
264 33 8 19 108 51 90 31 81 18 15
264 34 8 51 24 55 11 75 3 46 22
264 35 8 27 35 118 101 44 31 123 100
264 36 8 83 62 48 55 78 13 34 44
264 37 8 88 114 69 60 71 91 89 34
264 38 8 33 91 43 127 70 83 110 126
264 39 8 118 80 65 108 124 105 88 79
264 40 8 53 71 118 95 2 26 34 4
264 41 8 39 38 74 76 119 68 109 124
264 42 8 104 120 91 42 43 50 38 92
264 43 8 15 122 118 28 17 3 55 82
264 44 8 67 109 47 16 57 84 9 66
264 45 8 95 0 90 29 121 78 16 85
264 46 8 89 126 88 44 46 37 110 116
264 47 8 98 14 25 92 37 44 8 93
3470 0 8 19 58 22 72 49 37 47 78
3470 1 8 36 102 25 59 38 126 33 24
3470 2 8 75 37 21 110 2 102 6 111
3470 3 8 18 49 88 63 126 102 45 87
3470 4 8 72 24 13 92 66 109 103 101
3470 5 8 29 124 44 43 15 72 69 101
3470 6 8 73 76 60 95 6 29 2 11
3470 7 8 80 37 55 65 42 47 54 115
3470 8 8 98 71 12 112 108 107 52 48
3470 9 8 90 19 51 41 18 81 31 108
3470 10 8 51 24 11 46 22 15 72 32
3470 11 8 35 27 123 65 118 44 81 103
3470 12 8 83 48 13 94 55 62 20 89
3470 13 8 114 88 69 60 38 89 22 73
3470 14 8 126 127 46 59 70 91 12 33
3470 15 8 19 118 107 65 124 79 108 80
3470 16 8 95 54 53 27 44 118 2 66
3470 17 8 38 74 63 39 119 49 28 76
3470 18 8 95 76 2 73 43 11 65 120
3470 19 8 80 37 122 65 55 42 47 32
3470 20 8 98 12 71 29 108 112 52 27
3470 21 8 19 108 75 90 18 41 51 119
3470 22 8 51 22 11 24 72 46 32 93
3470 23 8 27 35 65 118 123 44 31 81
3470 24 8 94 83 48 20 62 13 92 55
3470 25 8 88 114 89 69 60 38 1 14
3470 26 8 12 33 46 70 59 126 26 87
3470 27 8 80 118 107 19 79 65 111 27
3470 28 8 54 27 53 118 95 66 28 26
3470 29 8 63 39 26 38 11 108 49 0
3470 30 8 76 98 27 95 11 88 106 103
3470 31 8 80 55 37 65 47 122 7 42
3470 32 8 71 98 12 27 18 127 112 29
3470 33 8 108 19 18 119 31 90 51 79
3470 34 8 51 24 11 46 22 72 32 2
3470 35 8 35 27 123 118 22 44 81 100
3470 36 8 94 3 48 13 83 55 52 20
3470 37 8 69 88 114 63 111 109 47 123
3470 38 8 46 33 18 70 127 126 52 4
3470 39 8 80 22 67 65 108 107 124 53
3470 40 8 54 3 118 95 66 2 108 77
3470 41 8 39 38 76 63 65 56 0 11
3470 42 8 42 104 20 127 77 126 46 120
3470 43 8 47 15 122 10 118 28 117 94
3470 44 8 110 67 43 109 84 11 16 1
3470 45 8 49 83 21 78 85 47 94 87
3470 46 8 1 123 10 81 71 126 122 89
3470 47 8 127 31 14 11 44 82 92 15
13 0 8 65 43 45 73 92 89 98 1
13 1 8 18 94 38 26 80 127 119 47
13 2 8 84 88 93 38 18 57 32 20
13 3 8 6 31 124 2 36 89 21 79
13 4 8 106 124 115 76 48 85 109 40
13 5 8 61 66 22 125 69 64 8 49
13 6 8 83 105 2 8 106 60 27 12
13 7 8 49 112 80 54 37 42 65 30
13 8 8 12 84 121 71 112 103 107 65
13 9 8 119 110 9 16 108 18 120 104
13 10 8 72 11 61 105 36 51 2 56
13 11 8 61 24 49 123 27 127 118 44
13 12 8 3 99 48 13 15 75 9 20
13 13 8 15 6 69 28 23 88 73 114
13 14 8 73 20 48 32 104 90 127 70
13 15 8 85 22 101 118 124 67 103 108
13 16 8 95 124 8 39 17 66 2 3
13 17 8 105 56 42 19 69 48 72 21
13 18 8 105 106 2 83 27 95 76 6
13 19 8 49 112 80 65 115 42 37 39
13 20 8 84 121 71 12 112 29 2 65
13 21 8 9 110 125 119 108 19 101 16
13 22 8 105 61 72 56 51 11 93 53
13 23 8 24 49 61 23 127 123 118 44
13 24 8 99 15 3 48 13 56 96 20
13 25 8 15 28 58 6 23 69 19 16
13 26 8 20 48 17 90 32 100 70 93
13 27 8 85 101 22 10 67 103 124 70
13 28 8 124 95 81 8 66 3 39 17
13 29 8 19 56 21 42 48 105 69 76
13 30 8 105 83 106 76 2 95 27 8
13 31 8 112 49 80 65 42 54 122 60
13 32 8 65 71 121 84 12 112 46 127
13 33 8 125 9 110 119 108 16 18 19
13 34 8 105 56 61 78 51 72 53 112
13 35 8 24 61 23 49 125 127 37 44
13 36 8 99 3 15 96 97 56 13 48
13 37 8 15 28 58 23 6 69 118 25
13 38 8 20 17 48 90 107 86 52 70
13 39 8 85 101 22 67 103 10 70 61
13 40 8 124 81 17 8 3 73 45 95
13 41 8 48 69 42 56 21 19 18 17
13 42 8 31 64 127 32 114 46 42 7
13 43 8 77 88 117 78 31 43 3 21
13 44 8 53 73 43 90 0 107 121 17
13 45 8 94 101 49 21 85 27 78 2
13 46 8 38 84 11 34 88 103 97 31
13 47 8 105 73 57 20 9 109 86 59
1597 0 8 21 50 83 63 103 2 75 19
1597 1 8 6 23 8 41 58 42 26 95
1597 2 8 84 93 53 88 32 54 47 67
1597 3 8 64 38 4 2 124 6 39 16
1597 4 8 124 56 76 25 48 106 79 67
1597 5 8 22 47 82 61 42 13 125 96
1597 6 8 83 105 52 42 106 2 38 8
1597 7 8 49 95 60 16 51 45 75 41
1597 8 8 36 109 84 66 103 46 105 121
1597 9 8 119 65 9 98 16 110 81 99
1597 10 8 73 113 112 23 61 122 75 16
1597 11 8 127 26 9 69 61 37 14 65
1597 12 8 79 107 97 3 24 75 15 104
1597 13 8 98 23 21 6 73 118 77 80
1597 14 8 79 48 10 90 73 88 70 52
1597 15 8 22 85 103 67 24 18 124 10
1597 16 8 124 8 65 17 95 66 3 55
1597 17 8 56 69 48 19 39 68 15 34
1597 18 8 83 106 2 76 27 13 6 42
1597 19 8 60 95 80 65 49 42 115 54
1597 20 8 36 109 71 66 12 112 84 46
1597 21 8 65 119 98 101 9 81 108 117
1597 22 8 73 72 113 112 61 53 25 11
1597 23 8 26 127 61 49 44 89 123 8
1597 24 8 107 3 104 79 9 99 15 52
1597 25 8 6 98 80 118 69 23 21 16
1597 26 8 79 10 48 90 70 127 93 52
1597 27 8 85 22 67 103 118 124 108 10
1597 28 8 124 66 8 3 95 17 2 55
1597 29 8 19 56 69 28 48 76 97 91
1597 30 8 76 105 106 2 27 13 8 95
1597 31 8 80 49 95 42 65 107 60 54
1597 32 8 71 36 109 12 121 84 66 112
1597 33 8 108 9 119 65 98 88 110 45
1597 34 8 73 113 61 105 51 72 123 93
1597 35 8 26 61 49 24 127 44 67 69
1597 36 8 99 107 15 79 13 97 3 95
1597 37 8 6 98 23 28 69 118 21 80
1597 38 8 79 48 52 127 25 90 70 10
1597 39 8 67 103 22 85 108 53 124 10
1597 40 8 124 3 8 66 95 36 55 17
1597 41 8 69 48 19 28 56 76 127 17
1597 42 8 64 31 21 127 46 42 32 120
1597 43 8 77 117 88 118 79 3 78 21
1597 44 8 53 0 73 109 43 121 107 47
1597 45 8 94 49 21 85 78 32 111 103
1597 46 8 38 84 126 67 28 31 88 44
1597 47 8 73 92 117 9 32 37 34 111
2474 0 8 93 2 21 63 13 19 17 34
2474 1 8 23 58 8 83 116 41 74 3
2474 2 8 117 122 32 47 8 9 93 54
2474 3 8 64 29 112 38 16 2 39 94
2474 4 8 56 25 124 48 22 91 67 47
2474 5 8 82 108 47 96 2 22 34 69
2474 6 8 106 42 2 30 52 76 6 27
2474 7 8 95 60 42 80 54 51 16 39
2474 8 8 109 36 71 103 59 12 99 46
2474 9 8 119 65 45 88 101 81 92 12
2474 10 8 123 113 107 88 72 39 112 23
2474 11 8 67 69 127 58 123 111 10 98
2474 12 8 3 97 114 104 13 74 80 75
2474 13 8 98 21 25 121 23 69 64 73
2474 14 8 79 127 52 28 118 70 10 89
2474 15 8 22 103 124 4 67 118 112 108
2474 16 8 95 55 20 66 124 3 17 2
2474 17 8 56 48 45 69 97 90 28 52
2474 18 8 76 106 2 111 42 95 27 13
2474 19 8 80 95 60 42 65 107 122 54
2474 20 8 71 109 36 12 52 99 112 107
2474 21 8 65 101 119 45 88 108 81 18
2474 22 8 72 113 123 101 46 11 73 88
2474 23 8 58 127 67 44 10 111 123 89
2474 24 8 114 60 3 13 104 9 107 48
2474 25 8 98 25 69 23 121 21 64 82
2474 26 8 79 70 127 52 118 89 10 28
2474 27 8 22 112 67 103 124 53 61 118
2474 28 8 66 95 55 124 3 36 20 73
2474 29 8 28 45 56 48 69 97 76 120
2474 30 8 76 106 27 2 13 95 42 60
2474 31 8 95 80 65 60 42 107 54 30
2474 32 8 71 109 36 12 52 127 112 99
2474 33 8 65 108 119 45 88 101 117 104
2474 34 8 123 88 113 46 72 101 53 51
2474 35 8 111 127 67 44 58 10 69 123
2474 36 8 114 74 13 9 62 104 3 97
2474 37 8 25 98 121 23 69 82 21 76
2474 38 8 79 25 52 28 70 7 127 118
2474 39 8 67 103 22 53 4 112 124 108
2474 40 8 55 36 66 95 3 124 20 73
2474 41 8 48 69 45 28 56 97 127 76
2474 42 8 37 64 101 31 46 127 120 42
2474 43 8 117 77 79 118 4 30 3 78
2474 44 8 43 73 109 53 68 121 71 113
2474 45 8 49 94 85 78 21 103 32 111
2474 46 8 67 89 31 28 88 126 114 44
2474 47 8 117 34 32 92 9 73 37 79
807 0 8 103 104 71 14 2 41 13 66
807 1 8 9 3 23 58 116 73 95 39
807 2 8 100 122 32 51 94 14 10 7
807 3 8 39 64 112 123 79 38 122 97
807 4 8 23 56 50 48 109 105 25 54
807 5 8 107 108 22 82 47 75 96 69
807 6 8 106 79 42 2 76 30 127 52
807 7 8 2 60 95 103 42 65 80 54
807 8 8 71 36 109 103 15 64 61 46
807 9 8 104 119 101 88 65 81 45 108
807 10 8 88 70 103 107 35 113 72 123
807 11 8 8 111 127 44 98 31 101 69
807 12 8 26 74 118 114 97 9 13 59
807 13 8 36 76 98 77 69 2 73 75
807 14 8 80 79 52 88 127 118 70 111
807 15 8 22 60 67 118 124 108 53 95
807 16 8 55 11 36 95 60 17 7 66
807 17 8 56 15 52 46 28 49 126 76
807 18 8 76 2 13 42 106 120 79 27
807 19 8 2 60 80 95 65 37 122 87
807 20 8 71 15 36 64 12 109 112 107
807 21 8 104 101 119 108 65 88 81 32
807 22 8 70 88 72 101 11 113 93 45
807 23 8 111 8 127 44 118 101 123 69
807 24 8 26 114 74 59 62 118 9 13
807 25 8 98 36 76 69 77 82 2 75
807 26 8 80 79 70 52 25 118 110 127
807 27 8 22 60 67 118 53 61 124 4
807 28 8 55 60 66 11 36 3 95 15
807 29 8 46 28 52 56 15 85 49 53
807 30 8 13 76 42 106 2 79 27 30
807 31 8 2 60 95 80 34 65 42 30
807 32 8 15 71 36 64 103 109 39 12
807 33 8 104 88 119 65 108 101 45 52
807 34 8 88 35 70 103 72 101 39 113
807 35 8 111 8 37 127 44 98 86 19
807 36 8 26 74 53 63 9 97 114 104
807 37 8 2 36 76 98 21 77 75 115
807 38 8 80 79 52 25 7 70 88 37
807 39 8 67 60 53 22 18 13 95 76
807 40 8 55 36 15 66 7 11 60 3
807 41 8 52 15 28 46 56 17 127 85
807 42 8 46 125 37 73 74 59 42 120
807 43 8 117 19 56 12 49 3 21 43
807 44 8 88 99 45 43 37 33 84 44
807 45 8 58 17 119 49 46 112 21 78
807 46 8 29 30 84 88 39 105 89 28
807 47 8 52 108 35 111 6 95 9 59
614 0 8 111 29 104 97 16 19 2 126
614 1 8 107 20 76 86 3 77 116 34
614 2 8 14 7 32 51 100 119 102 121
614 3 8 41 105 79 38 25 1 123 112
614 4 8 23 22 109 105 0 56 74 48
614 5 8 80 107 108 22 97 47 34 82
614 6 8 76 106 2 79 42 95 6 86
614 7 8 87 103 80 107 65 95 42 30
614 8 8 71 64 39 15 103 36 99 61
614 9 8 101 104 94 119 88 45 108 15
614 10 8 14 88 101 35 107 72 23 113
614 11 8 111 8 87 15 10 127 44 19
614 12 8 53 74 26 118 114 62 51 48
614 13 8 75 77 44 69 24 25 36 76
614 14 8 52 118 80 127 70 79 89 21
614 15 8 112 22 60 67 4 118 124 56
614 16 8 40 95 121 36 7 66 60 11
614 17 8 14 20 56 28 49 97 45 126
614 18 8 76 2 13 106 9 27 95 120
614 19 8 87 80 122 60 107 42 95 65
614 20 8 71 64 15 12 99 36 5 18
614 21 8 94 101 88 104 119 108 15 81
614 22 8 72 88 14 101 70 37 75 11
614 23 8 111 127 78 8 44 15 87 86
614 24 8 114 53 62 74 9 101 51 26
614 25 8 98 75 77 69 82 44 24 121
614 26 8 52 70 80 110 62 89 118 25
614 27 8 22 112 118 67 53 60 61 4
614 28 8 40 121 66 36 7 123 95 3
614 29 8 14 20 28 56 45 85 97 76
614 30 8 13 76 106 42 2 43 95 79
614 31 8 87 80 42 107 60 65 30 54
614 32 8 64 71 99 39 15 24 5 103
614 33 8 94 88 101 108 104 119 15 43
614 34 8 88 72 14 35 101 119 39 120
614 35 8 78 111 86 44 87 8 17 19
614 36 8 53 74 104 95 62 9 13 69
614 37 8 75 44 24 121 107 69 77 76
614 38 8 25 62 28 70 21 118 52 127
614 39 8 67 98 53 22 124 4 108 115
614 40 8 40 95 66 121 123 36 7 20
614 41 8 28 14 20 97 56 127 85 117
614 42 8 46 65 120 101 125 37 127 94
614 43 8 79 117 4 2 12 3 81 21
614 44 8 33 43 71 54 68 113 88 44
614 45 8 19 119 49 85 78 94 21 121
614 46 8 67 88 89 84 44 28 31 74
614 47 8 27 34 79 117 32 9 55 22
902 0 8 63 83 34 61 111 21 50 80
902 1 8 99 7 75 123 77 76 116 113
902 2 8 8 14 90 9 32 24 102 122
902 3 8 41 94 105 1 79 38 7 98
902 4 8 22 23 0 87 74 105 54 109
902 5 8 58 80 105 54 108 22 34 107
902 6 8 76 106 2 79 42 95 6 13
902 7 8 43 42 87 103 107 65 80 54
902 8 8 71 39 64 103 107 78 46 4
902 9 8 94 88 101 15 119 104 108 51
902 10 8 72 119 88 101 33 35 107 23
902 11 8 111 8 19 86 101 78 44 50
902 12 8 123 74 53 62 26 118 13 114
902 13 8 69 75 102 113 44 66 77 76
902 14 8 52 127 118 79 70 89 96 71
902 15 8 22 67 118 60 112 53 19 4
902 16 8 33 40 51 66 7 95 36 3
902 17 8 126 28 124 49 20 56 2 35
902 18 8 106 2 55 76 13 27 6 43
902 19 8 43 87 42 96 54 107 80 74
902 20 8 71 64 15 112 27 12 59 103
902 21 8 94 119 88 15 33 51 101 81
902 22 8 88 72 37 2 101 75 3 40
902 23 8 111 114 78 127 44 8 50 79
902 24 8 114 123 62 74 9 53 26 13
902 25 8 95 102 69 89 75 98 113 44
902 26 8 110 82 79 52 11 70 62 96
902 27 8 118 87 22 67 112 61 13 60
902 28 8 33 51 40 66 7 6 123 100
902 29 8 126 28 124 49 2 35 20 56
902 30 8 13 76 106 55 79 2 43 42
902 31 8 43 87 42 54 80 95 122 30
902 32 8 71 18 64 29 14 5 15 40
902 33 8 94 104 108 15 88 101 119 33
902 34 8 88 72 119 101 35 107 51 3
902 35 8 78 111 86 50 114 118 44 19
902 36 8 123 43 74 53 62 115 118 51
902 37 8 66 75 44 102 89 113 107 77
902 38 8 70 96 11 25 118 52 37 110
902 39 8 53 67 37 98 87 69 4 56
902 40 8 33 40 66 51 36 95 7 123
902 41 8 20 28 126 35 2 127 56 85
902 42 8 46 98 120 102 22 94 93 127
902 43 8 117 79 6 81 3 87 21 0
902 44 8 68 43 48 20 33 44 121 95
902 45 8 85 49 21 78 20 119 103 19
902 46 8 88 44 89 31 114 28 8 107
902 47 8 36 59 120 9 22 26 47 94
4185 0 8 62 17 77 67 19 12 34 28
4185 1 8 7 77 99 75 59 76 89 20
4185 2 8 69 90 70 121 102 32 37 94
4185 3 8 41 79 77 122 97 112 98 62
4185 4 8 103 109 87 105 54 13 116 44
4185 5 8 58 54 105 44 69 122 90 108
4185 6 8 76 2 106 55 95 60 29 27
4185 7 8 103 80 43 42 65 107 54 30
4185 8 8 4 71 12 14 107 112 18 27
4185 9 8 104 15 101 88 119 108 18 120
4185 10 8 119 72 37 101 75 46 45 96
4185 11 8 78 31 114 50 111 19 44 123
4185 12 8 43 123 71 25 62 74 118 13
4185 13 8 113 102 69 89 108 99 14 18
4185 14 8 59 127 52 96 46 70 64 89
4185 15 8 33 22 118 124 67 53 115 27
4185 16 8 33 95 51 36 111 66 40 13
4185 17 8 35 126 28 124 2 92 56 30
4185 18 8 76 2 55 43 106 95 123 60
4185 19 8 80 122 107 43 42 30 65 96
4185 20 8 71 4 12 112 18 27 52 29
4185 21 8 104 108 15 101 88 119 51 107
4185 22 8 72 119 32 37 29 51 75 3
4185 23 8 78 114 111 50 15 118 84 44
4185 24 8 123 62 43 51 92 101 78 109
4185 25 8 89 14 113 69 102 108 18 31
4185 26 8 59 46 96 70 64 89 52 25
4185 27 8 118 33 22 46 27 37 53 67
4185 28 8 33 51 109 111 66 36 95 40
4185 29 8 124 28 126 35 2 14 61 92
4185 30 8 13 43 76 98 55 79 95 2
4185 31 8 122 43 107 30 87 80 124 47
4185 32 8 4 18 71 29 14 40 27 64
4185 33 8 51 108 104 107 15 101 88 94
4185 34 8 72 51 110 37 35 88 32 119
4185 35 8 78 114 111 50 118 22 19 68
4185 36 8 123 43 101 115 62 118 51 109
4185 37 8 89 102 18 113 14 85 49 91
4185 38 8 64 70 82 96 59 25 11 107
4185 39 8 37 46 67 53 33 87 98 77
4185 40 8 33 109 51 13 66 100 111 95
4185 41 8 126 28 35 2 92 127 66 6
4185 42 8 120 98 46 102 86 94 8 38
4185 43 8 16 79 117 3 6 21 91 94
4185 44 8 68 43 48 72 95 44 23 84
4185 45 8 103 21 49 85 78 119 20 121
4185 46 8 88 89 51 31 114 28 8 44
4185 47 8 26 59 103 9 36 21 120 22
9363 0 8 23 41 125 112 77 19 70 12
9363 1 8 20 25 29 7 36 113 52 13
9363 2 8 115 67 76 102 37 49 32 69
9363 3 8 41 79 92 50 5 77 40 121
9363 4 8 103 27 109 5 116 54 105 10
9363 5 8 58 48 14 44 16 15 69 54
9363 6 8 60 76 106 95 118 2 103 6
9363 7 8 80 43 65 42 103 54 55 122
9363 8 8 71 12 14 20 107 112 27 52
9363 9 8 104 51 15 18 108 119 88 41
9363 10 8 72 119 70 51 46 32 75 37
9363 11 8 123 114 78 19 118 111 44 15
9363 12 8 123 38 62 43 48 13 109 101
9363 13 8 14 41 36 69 123 89 109 95
9363 14 8 127 18 59 46 70 52 89 47
9363 15 8 20 118 107 27 22 67 124 79
9363 16 8 33 6 29 95 77 109 66 100
9363 17 8 65 0 63 28 56 64 124 120
9363 18 8 76 43 2 106 98 95 6 27
9363 19 8 80 43 122 55 42 65 107 113
9363 20 8 71 27 12 112 29 52 107 6
9363 21 8 108 41 119 88 101 18 15 104
9363 22 8 72 51 70 11 88 46 37 2
9363 23 8 114 118 123 78 44 111 97 73
9363 24 8 62 48 101 123 13 103 38 25
9363 25 8 89 69 36 41 123 95 18 14
9363 26 8 18 59 46 70 47 87 52 89
9363 27 8 107 20 22 118 111 67 27 19
9363 28 8 44 6 77 29 33 66 108 109
9363 29 8 65 63 28 0 64 56 124 115
9363 30 8 2 13 118 106 76 98 42 103
9363 31 8 50 43 80 96 42 55 107 60
9363 32 8 27 71 18 20 12 127 29 112
9363 33 8 41 119 104 108 40 88 94 117
9363 34 8 88 72 70 23 51 95 109 37
9363 35 8 114 111 42 22 9 44 97 127
9363 36 8 25 38 12 123 0 101 3 109
9363 37 8 36 41 16 18 109 123 57 69
9363 38 8 47 52 59 18 60 46 70 25
9363 39 8 22 20 67 53 107 61 37 90
9363 40 8 6 33 29 77 44 110 66 55
9363 41 8 65 36 85 115 63 64 28 56
9363 42 8 25 46 49 126 75 59 20 90
9363 43 8 30 47 117 125 121 74 94 8
9363 44 8 110 33 13 73 84 43 80 34
9363 45 8 47 119 21 83 76 85 5 49
9363 46 8 122 123 96 10 45 97 84 44
9363 47 8 11 82 31 127 14 12 114 90
11 0 8 65 44 26 0 59 73 114 101
11 1 8 50 94 124 18 26 34 56 2
11 2 8 84 88 49 93 54 32 18 72
11 3 8 89 2 41 6 109 97 122 79
11 4 8 25 76 106 48 124 23 40 44
11 5 8 125 58 22 108 82 61 16 66
11 6 8 105 83 42 106 2 123 27 8
11 7 8 50 49 43 42 103 54 118 60
11 8 8 84 71 121 103 59 109 12 15
11 9 8 110 119 88 9 104 101 108 81
11 10 8 61 72 107 113 88 39 112 33
11 11 8 127 8 61 123 111 44 49 19
11 12 8 3 13 7 74 26 99 97 12
11 13 8 16 21 69 6 28 64 36 77
11 14 8 20 48 52 127 73 79 27 70
11 15 8 103 22 67 85 124 60 118 108
11 16 8 55 95 108 66 8 124 15 33
11 17 8 48 69 56 72 28 97 19 76
11 18 8 106 2 76 27 6 105 42 83
11 19 8 50 80 60 49 42 43 107 54
11 20 8 71 84 12 121 112 15 109 52
11 21 8 9 110 119 88 101 108 45 120
11 22 8 72 61 105 113 11 51 101 53
11 23 8 127 61 49 24 44 123 8 19
11 24 8 99 12 15 13 9 3 7 48
11 25 8 16 6 69 28 15 98 21 64
11 26 8 79 20 48 52 70 127 90 27
11 27 8 103 85 22 67 53 61 10 124
11 28 8 55 66 124 95 36 8 3 2
11 29 8 48 69 56 28 19 76 97 59
11 30 8 105 76 13 2 106 8 95 111
11 31 8 50 80 49 60 107 42 54 65
11 32 8 71 84 109 121 12 112 127 29
11 33 8 104 9 110 45 119 108 101 88
11 34 8 72 61 105 51 53 113 101 73
11 35 8 61 67 24 49 127 44 19 69
11 36 8 99 12 15 13 9 3 7 97
11 37 8 16 6 28 15 21 69 98 76
11 38 8 20 48 52 25 127 70 10 79
11 39 8 103 67 85 53 22 108 124 61
11 40 8 55 124 66 36 3 95 8 2
11 41 8 48 69 72 56 28 19 76 97
11 42 8 39 64 46 127 31 42 120 101
11 43 8 77 30 117 118 88 79 3 78
11 44 8 109 53 43 73 0 47 33 121
11 45 8 94 49 78 21 85 32 45 127
11 46 8 67 126 88 89 28 84 38 123
11 47 8 117 92 73 34 32 9 37 109
279 0 8 106 57 103 14 74 110 127 71
279 1 8 9 48 6 50 3 95 77 72
279 2 8 122 90 32 92 10 61 7 94
279 3 8 2 29 39 112 79 94 109 117
279 4 8 63 25 50 23 48 110 40 56
279 5 8 105 51 47 22 82 107 58 69
279 6 8 106 2 42 76 123 13 6 43
279 7 8 50 42 60 54 80 43 65 103
279 8 8 109 71 59 103 36 107 40 83
279 9 8 32 119 88 101 47 26 45 108
279 10 8 23 72 123 101 107 102 6 75
279 11 8 109 127 10 9 19 67 123 31
279 12 8 12 3 114 62 120 104 68 125
279 13 8 16 66 21 113 69 99 34 98
279 14 8 105 16 127 52 118 70 21 79
279 15 8 103 22 72 124 4 118 67 108
279 16 8 95 55 12 119 36 66 33 3
279 17 8 2 56 35 48 28 66 20 50
279 18 8 106 76 2 13 95 111 120 6
279 19 8 80 50 107 122 60 95 42 43
279 20 8 71 109 39 12 36 28 112 52
279 21 8 32 101 108 88 45 119 26 18
279 22 8 72 123 101 107 113 97 51 14
279 23 8 109 127 10 47 67 44 87 123
279 24 8 12 68 124 13 62 120 3 104
279 25 8 66 16 69 113 98 21 77 79
279 26 8 105 16 52 70 118 127 25 79
279 27 8 72 103 22 67 53 4 124 118
279 28 8 12 55 119 66 95 36 3 2
279 29 8 28 2 35 56 66 76 48 127
279 30 8 13 76 106 2 27 111 95 119
279 31 8 80 107 122 42 30 60 95 65
279 32 8 109 71 12 36 39 29 127 112
279 33 8 32 101 104 119 108 88 26 45
279 34 8 123 101 72 51 32 88 107 66
279 35 8 109 67 127 10 44 118 19 69
279 36 8 114 12 120 13 9 62 95 68
279 37 8 66 113 98 69 16 55 115 107
279 38 8 105 16 118 25 70 52 96 88
279 39 8 72 67 115 103 4 53 22 108
279 40 8 12 119 55 66 36 3 95 43
279 41 8 28 2 35 127 66 56 20 76
279 42 8 27 102 120 46 127 18 93 94
279 43 8 29 79 117 3 6 0 21 65
279 44 8 68 43 48 121 61 20 95 17
279 45 8 58 49 78 21 111 85 20 32
279 46 8 88 89 114 8 31 28 44 101
279 47 8 36 120 59 9 22 47 123 66
19419 0 8 30 112 19 23 83 28 125 41
19419 1 8 48 16 59 90 68 85 101 20
19419 2 8 37 59 76 102 6 32 69 94
19419 3 8 79 112 92 29 70 97 54 42
19419 4 8 50 27 109 103 54 13 5 10
19419 5 8 10 52 87 44 69 15 101 54
19419 6 8 76 95 2 118 106 41 6 29
19419 7 8 80 42 65 55 54 58 74 35
19419 8 8 71 20 12 112 15 107 2 52
19419 9 8 32 108 18 119 25 120 51 88
19419 10 8 72 46 88 109 111 11 103 32
19419 11 8 42 123 44 22 118 52 101 62
19419 12 8 114 48 101 26 0 13 62 109
19419 13 8 41 1 69 57 49 14 99 50
19419 14 8 16 127 52 46 70 21 47 60
19419 15 8 72 22 111 124 20 67 118 108
19419 16 8 95 110 60 109 55 77 6 66
19419 17 8 46 56 64 28 52 0 94 115
19419 18 8 76 2 95 106 120 41 13 98
19419 19 8 80 122 55 42 58 65 54 37
19419 20 8 71 12 15 20 112 29 18 107
19419 21 8 32 108 101 119 19 88 51 18
19419 22 8 109 72 51 88 11 46 32 3
19419 23 8 64 42 44 22 118 127 123 114
19419 24 8 12 101 26 62 13 103 0 52
19419 25 8 41 1 69 57 18 14 50 49
19419 26 8 70 16 46 52 60 47 25 22
19419 27 8 72 22 111 31 67 53 20 61
19419 28 8 60 55 109 110 95 66 6 36
19419 29 8 46 28 56 64 52 115 76 117
19419 30 8 13 76 106 95 103 2 118 119
19419 31 8 80 60 50 65 122 54 42 30
19419 32 8 15 71 20 18 29 127 12 46
19419 33 8 108 32 119 88 101 40 51 70
19419 34 8 109 107 111 103 72 51 101 119
19419 35 8 22 42 64 44 127 8 69 118
19419 36 8 12 26 0 25 13 101 114 80
19419 37 8 41 57 16 76 18 69 115 111
19419 38 8 60 52 70 46 47 25 80 21
19419 39 8 53 60 67 22 20 124 108 72
19419 40 8 110 55 60 95 3 66 109 6
19419 41 8 46 36 64 56 15 52 28 76
19419 42 8 125 49 46 120 90 42 73 59
19419 43 8 118 12 125 49 117 19 74 21
19419 44 8 109 99 43 88 23 45 33 84
19419 45 8 49 17 85 121 76 58 78 21
19419 46 8 88 81 29 126 89 30 84 28
19419 47 8 92 111 14 127 37 9 15 59
374 0 8 104 120 16 107 111 101 53 70
374 1 8 86 107 34 20 104 3 42 105
374 2 8 14 87 32 116 100 10 72 92
374 3 8 79 76 89 13 97 29 105 5
374 4 8 0 23 118 25 74 110 107 54
374 5 8 80 107 22 82 34 69 47 62
374 6 8 2 42 106 76 6 27 13 99
374 7 8 87 50 60 80 42 54 65 103
374 8 8 64 71 15 12 39 103 59 114
374 9 8 94 101 32 119 45 88 108 95
374 10 8 23 14 107 72 101 103 75 36
374 11 8 86 9 8 127 123 98 10 44
374 12 8 53 12 26 104 13 9 110 109
374 13 8 75 44 16 21 69 64 76 1
374 14 8 80 73 79 52 21 118 127 70
374 15 8 60 22 67 124 118 108 4 53
374 16 8 40 60 7 95 66 36 3 33
374 17 8 52 53 56 15 28 117 76 97
374 18 8 76 13 106 55 2 120 95 42
374 19 8 87 50 60 80 122 54 42 35
374 20 8 64 71 39 15 124 107 36 127
374 21 8 94 32 108 119 88 101 33 45
374 22 8 72 101 107 14 113 2 51 37
374 23 8 86 8 127 101 47 20 111 98
374 24 8 12 53 124 76 52 104 9 118
374 25 8 75 44 16 21 95 98 69 79
374 26 8 80 52 79 70 118 101 82 58
374 27 8 60 67 22 61 53 4 118 18
374 28 8 40 7 60 66 95 53 3 15
374 29 8 53 28 52 56 117 85 127 115
374 30 8 13 76 106 95 120 27 111 119
374 31 8 87 80 60 122 54 42 65 50
374 32 8 64 71 39 29 127 15 37 2
374 33 8 94 108 119 51 88 101 32 45
374 34 8 2 101 107 72 51 14 83 32
374 35 8 86 8 111 64 127 44 67 78
374 36 8 53 12 9 80 32 115 95 60
374 37 8 75 44 21 107 65 69 16 64
374 38 8 79 80 70 25 52 21 118 58
374 39 8 53 60 67 22 61 18 124 108
374 40 8 40 7 95 60 3 15 66 36
374 41 8 53 52 28 15 56 117 85 127
374 42 8 125 37 73 46 59 120 127 42
374 43 8 117 81 3 49 79 0 78 21
374 44 8 37 43 33 45 68 80 54 61
374 45 8 78 85 49 21 112 46 20 121
374 46 8 88 82 124 44 89 84 39 105
374 47 8 90 27 59 35 52 95 34 108
304 0 8 93 69 107 31 0 101 80 111
304 1 8 60 86 83 76 19 123 105 39
304 2 8 68 116 117 32 123 102 14 69
304 3 8 79 76 1 106 26 105 5 27
304 4 8 102 0 109 111 74 54 105 91
304 5 8 80 111 126 70 69 56 2 102
304 6 8 76 106 95 2 43 86 42 6
304 7 8 72 80 42 103 54 60 65 26
304 8 8 71 27 64 28 103 39 12 99
304 9 8 105 119 101 88 94 108 51 120
304 10 8 14 72 101 2 39 75 107 23
304 11 8 58 86 15 19 44 13 127 123
304 12 8 53 12 69 62 92 13 60 80
304 13 8 44 75 95 69 121 24 65 107
304 14 8 52 101 84 28 70 118 89 27
304 15 8 100 34 22 67 53 4 118 112
304 16 8 40 95 121 66 43 3 20 36
304 17 8 30 56 97 28 14 53 45 52
304 18 8 43 76 95 106 55 2 111 6
304 19 8 72 80 87 122 42 60 50 54
304 20 8 64 27 71 28 29 5 99 127
304 21 8 94 101 105 108 119 51 32 88
304 22 8 72 2 14 51 101 107 37 11
304 23 8 86 58 71 114 79 101 15 10
304 24 8 53 12 69 62 32 124 52 9
304 25 8 44 95 75 89 121 49 24 69
304 26 8 101 84 70 82 52 110 80 125
304 27 8 100 34 22 61 67 112 118 18
304 28 8 40 121 66 53 20 95 3 26
304 29 8 30 28 56 14 53 97 76 115
304 30 8 43 13 76 95 106 27 2 55
304 31 8 72 122 80 65 87 54 42 115
304 32 8 64 27 71 28 29 99 127 37
304 33 8 108 105 94 119 51 26 70 4
304 34 8 2 51 14 101 72 107 54 32
304 35 8 86 58 71 13 15 118 10 17
304 36 8 69 32 53 115 60 95 118 12
304 37 8 44 121 89 107 75 85 64 79
304 38 8 101 70 84 28 118 25 21 111
304 39 8 100 34 67 53 22 115 18 124
304 40 8 121 95 20 40 3 66 36 4
304 41 8 30 45 28 14 97 56 127 117
304 42 8 120 119 101 55 127 46 65 42
304 43 8 4 117 79 3 81 78 0 21
304 44 8 68 71 43 54 33 121 95 61
304 45 8 78 20 93 49 21 85 121 127
304 46 8 88 67 89 44 31 28 114 84
304 47 8 55 34 117 59 27 32 9 104
1181 0 8 17 71 106 103 101 34 14 50
1181 1 8 60 77 9 3 75 39 91 48
1181 2 8 100 90 68 122 32 115 121 102
1181 3 8 79 106 73 76 26 21 91 10
1181 4 8 102 23 63 105 0 54 109 111
1181 5 8 107 105 126 111 22 45 108 49
1181 6 8 76 2 106 95 86 13 123 1
1181 7 8 2 80 42 54 103 72 26 107
1181 8 8 71 64 27 28 107 112 40 103
1181 9 8 105 101 88 119 108 33 51 15
1181 10 8 101 2 72 33 23 14 103 123
1181 11 8 109 94 58 19 86 8 15 44
1181 12 8 62 12 69 125 92 80 60 25
1181 13 8 113 66 95 44 69 102 2 107
1181 14 8 105 52 101 84 70 83 82 118
1181 15 8 100 34 22 67 118 4 53 61
1181 16 8 119 40 95 43 3 66 11 12
1181 17 8 30 35 2 56 28 52 51 120
1181 18 8 43 76 95 106 55 120 2 6
1181 19 8 56 72 80 2 42 60 115 122
1181 20 8 64 71 27 124 28 4 5 107
1181 21 8 33 32 108 105 119 69 44 94
1181 22 8 2 51 72 75 3 37 102 32
1181 23 8 109 114 94 20 52 86 101 50
1181 24 8 92 62 32 125 12 123 53 111
1181 25 8 95 113 66 89 97 49 102 52
1181 26 8 105 101 82 84 70 35 96 64
1181 27 8 100 34 118 61 84 22 67 90
1181 28 8 119 40 53 51 66 4 11 12
1181 29 8 30 2 28 35 66 56 115 52
1181 30 8 13 76 43 106 95 55 27 6
1181 31 8 2 122 56 72 115 60 80 19
1181 32 8 64 71 37 28 127 27 29 15
1181 33 8 108 105 53 119 33 32 51 64
1181 34 8 2 51 80 35 66 14 101 32
1181 35 8 94 109 86 8 58 101 114 102
1181 36 8 32 26 115 69 62 125 110 59
1181 37 8 2 66 113 89 107 65 44 102
1181 38 8 105 101 70 84 118 58 25 96
1181 39 8 100 34 67 53 61 18 115 98
1181 40 8 119 11 95 66 51 115 40 3
1181 41 8 28 35 30 2 66 56 127 117
1181 42 8 120 102 27 127 98 46 55 38
1181 43 8 91 29 79 117 3 6 21 78
1181 44 8 68 48 43 95 121 33 20 17
1181 45 8 20 78 21 49 85 58 63 111
1181 46 8 88 89 44 28 31 114 104 8
1181 47 8 59 36 120 22 9 66 47 71
44548 0 8 77 63 67 34 17 62 12 68
44548 1 8 77 99 60 16 75 113 114 11
44548 2 8 8 90 32 70 73 37 54 102
44548 3 8 79 106 77 76 93 62 1 121
44548 4 8 109 87 116 105 22 54 102 10
44548 5 8 24 90 108 44 56 58 126 105
44548 6 8 95 2 76 106 55 41 15 119
44548 7 8 80 103 42 54 65 122 74 55
44548 8 8 71 4 27 37 107 12 40 46
44548 9 8 51 119 15 108 18 88 41 53
44548 10 8 72 51 33 37 2 46 101 80
44548 11 8 114 123 19 101 44 50 118 97
44548 12 8 62 38 13 92 123 125 48 74
44548 13 8 102 69 113 89 108 99 85 95
44548 14 8 82 46 127 52 64 83 18 70
44548 15 8 33 100 22 118 67 31 37 124
44548 16 8 95 51 13 66 26 3 33 40
44548 17 8 35 28 56 30 126 120 0 2
44548 18 8 76 95 55 2 106 6 43 111
44548 19 8 80 42 74 122 43 65 54 19
44548 20 8 4 27 71 12 112 6 107 29
44548 21 8 108 33 119 101 88 41 53 18
44548 22 8 51 72 37 2 3 33 11 80
44548 23 8 114 97 94 50 44 78 118 68
44548 24 8 62 38 103 13 32 25 48 12
44548 25 8 89 102 69 95 123 49 113 108
44548 26 8 82 46 18 70 64 52 35 25
44548 27 8 33 100 22 67 46 61 118 31
44548 28 8 51 109 111 66 13 33 53 6
44548 29 8 30 28 66 120 115 2 56 35
44548 30 8 55 76 13 106 95 43 103 2
44548 31 8 122 80 42 54 19 64 60 30
44548 32 8 4 71 27 64 127 2 6 37
44548 33 8 33 108 41 51 119 53 32 40
44548 34 8 33 37 2 51 40 80 95 72
44548 35 8 114 94 97 50 118 16 44 86
44548 36 8 103 32 62 25 115 101 125 36
44548 37 8 89 102 127 113 12 95 66 49
44548 38 8 82 64 70 87 46 96 25 37
44548 39 8 33 37 100 46 67 27 18 54
44548 40 8 13 51 95 66 100 115 109 33
44548 41 8 35 30 126 2 66 92 28 127
44548 42 8 98 120 86 102 18 38 127 46
44548 43 8 16 79 117 6 91 3 21 78
44548 44 8 68 43 48 121 72 95 20 84
44548 45 8 85 49 20 21 78 34 111 63
44548 46 8 88 51 31 8 89 28 114 122
44548 47 8 26 120 59 9 21 36 94 66
1352 0 8 30 41 112 23 28 126 19 125
1352 1 8 113 77 29 85 38 88 7 16
1352 2 8 76 32 59 54 49 37 68 102
1352 3 8 79 1 106 121 76 77 62 16
1352 4 8 109 105 116 0 27 13 10 4
1352 5 8 48 90 44 24 108 126 70 69
1352 6 8 2 95 106 76 29 60 30 123
1352 7 8 80 42 103 54 65 55 35 74
1352 8 8 71 27 12 112 107 103 127 59
1352 9 8 51 41 119 18 108 11 88 120
1352 10 8 72 2 51 46 33 101 11 32
1352 11 8 123 114 44 19 101 118 94 111
1352 12 8 38 62 13 108 109 12 48 3
1352 13 8 41 95 69 102 123 109 89 49
1352 14 8 18 46 52 127 82 74 83 70
1352 15 8 20 107 122 33 22 118 27 67
1352 16 8 6 77 29 95 44 54 66 111
1352 17 8 56 0 65 63 28 30 76 120
1352 18 8 2 106 95 76 6 98 55 27
1352 19 8 80 42 43 54 65 37 55 7
1352 20 8 27 71 12 112 52 29 107 40
1352 21 8 108 119 41 88 101 120 18 27
1352 22 8 72 51 2 11 33 46 109 93
1352 23 8 114 118 44 127 123 97 73 78
1352 24 8 13 38 48 3 62 103 101 109
1352 25 8 123 95 69 109 89 41 102 12
1352 26 8 18 46 47 82 81 70 64 52
1352 27 8 20 122 107 22 87 67 84 46
1352 28 8 44 6 77 54 29 108 110 53
1352 29 8 65 0 63 56 30 28 93 64
1352 30 8 118 106 2 42 55 13 119 9
1352 31 8 60 39 7 43 50 34 96 16
1352 32 8 27 103 59 127 15 71 40 13
1352 33 8 41 119 108 81 32 88 117 106
1352 34 8 95 72 51 2 109 33 124 112
1352 35 8 114 97 42 16 55 94 37 44
1352 36 8 38 3 0 109 52 97 62 103
1352 37 8 95 109 123 41 57 102 69 12
1352 38 8 18 47 46 52 111 82 60 62
1352 39 8 107 22 20 67 61 53 18 90
1352 40 8 77 6 29 44 108 110 3 66
1352 41 8 65 0 63 115 85 56 64 11
1352 42 8 20 126 49 75 46 59 8 90
1352 43 8 47 121 8 94 16 18 75 117
1352 44 8 110 13 84 80 47 107 11 33
1352 45 8 5 21 47 83 77 87 85 86
1352 46 8 1 123 37 45 96 10 97 90
1352 47 8 11 127 31 82 12 14 44 15
13 0 8 65 43 98 73 70 72 100 45
13 1 8 18 94 38 26 127 43 50 119
13 2 8 84 88 38 93 57 40 16 32
13 3 8 6 2 31 89 124 41 79 117
13 4 8 106 76 124 115 48 85 109 67
13 5 8 61 125 66 22 8 64 126 49
13 6 8 83 105 8 12 52 106 42 2
13 7 8 49 112 60 45 103 16 54 51
13 8 8 84 103 121 59 12 107 71 65
13 9 8 119 9 110 88 81 117 51 120
13 10 8 72 61 105 112 75 56 2 25
13 11 8 61 24 49 127 125 123 44 19
13 12 8 99 15 3 97 13 96 75 80
13 13 8 6 15 28 69 23 73 34 64
13 14 8 48 20 52 73 90 104 17 127
13 15 8 85 101 22 67 118 24 103 53
13 16 8 124 39 8 17 66 3 33 95
13 17 8 56 19 69 105 42 21 48 99
13 18 8 105 83 106 2 27 8 30 6
13 19 8 49 112 60 54 96 42 16 39
13 20 8 84 121 65 12 112 71 59 107
13 21 8 9 110 125 119 88 117 81 108
13 22 8 61 105 56 72 51 53 112 25
13 23 8 61 24 49 127 23 125 44 92
13 24 8 99 15 96 3 56 13 75 79
13 25 8 6 15 58 28 23 69 73 20
13 26 8 20 48 17 90 86 100 52 104
13 27 8 85 101 10 22 70 18 67 103
13 28 8 124 39 81 8 17 65 66 3
13 29 8 19 21 42 56 69 48 105 18
13 30 8 105 83 106 52 30 12 27 42
13 31 8 112 49 60 51 16 75 80 34
13 32 8 65 121 84 71 46 103 59 12
13 33 8 125 9 110 119 117 88 16 64
13 34 8 105 56 61 78 112 53 39 72
13 35 8 24 61 23 125 49 37 127 46
13 36 8 99 15 97 96 3 75 56 116
13 37 8 15 58 28 23 6 118 73 77
13 38 8 17 20 48 90 86 107 34 52
13 39 8 85 101 10 103 70 22 95 67
13 40 8 45 124 65 17 81 73 8 3
13 41 8 48 69 42 21 19 56 18 1
13 42 8 31 64 127 32 114 7 74 46
13 43 8 77 88 117 78 31 43 3 21
13 44 8 53 73 0 90 107 43 121 47
13 45 8 101 94 49 27 21 85 2 82
13 46 8 84 38 11 103 34 97 31 28
13 47 8 73 105 57 20 9 109 86 85
35439 0 8 21 87 75 62 2 33 19 34
35439 1 8 58 23 6 99 9 53 95 60
35439 2 8 93 8 9 54 127 32 47 51
35439 3 8 38 4 124 64 2 16 82 100
35439 4 8 124 56 48 22 25 67 109 121
35439 5 8 82 22 13 47 34 24 68 78
35439 6 8 52 42 38 110 106 79 30 12
35439 7 8 51 110 60 75 31 16 45 48
35439 8 8 36 46 105 116 103 3 109 8
35439 9 8 65 1 52 127 99 96 33 64
35439 10 8 112 113 26 72 74 3 102 39
35439 11 8 107 9 65 52 127 37 112 76
35439 12 8 97 75 80 52 116 3 79 24
35439 13 8 73 23 98 84 102 21 20 77
35439 14 8 82 76 88 34 81 79 101 22
35439 15 8 8 95 18 87 13 16 70 125
35439 16 8 65 58 17 45 27 124 83 32
35439 17 8 69 99 18 48 29 17 1 93
35439 18 8 52 83 79 42 106 30 38 110
35439 19 8 51 60 110 45 34 75 50 39
35439 20 8 36 46 105 3 57 116 15 101
35439 21 8 65 64 16 1 52 99 49 96
35439 22 8 112 113 53 72 26 35 3 39
35439 23 8 107 8 37 46 127 63 43 65
35439 24 8 97 116 75 104 80 108 9 50
35439 25 8 73 23 98 21 16 95 84 6
35439 26 8 90 88 76 81 8 79 34 82
35439 27 8 8 18 95 87 10 60 13 103
35439 28 8 65 45 17 83 124 27 78 7
35439 29 8 18 69 17 48 26 27 85 49
35439 30 8 52 30 106 83 42 79 110 38
35439 31 8 51 60 110 34 49 45 48 39
35439 32 8 36 46 116 103 105 84 3 101
35439 33 8 65 49 52 1 64 127 9 117
35439 34 8 112 113 53 26 3 39 35 72
35439 35 8 107 37 8 63 46 127 43 61
35439 36 8 80 97 52 116 75 42 3 24
35439 37 8 73 23 98 81 21 84 101 102
35439 38 8 34 107 88 76 90 82 75 62
35439 39 8 87 95 8 18 103 10 13 56
35439 40 8 65 45 17 73 83 27 123 111
35439 41 8 26 18 49 85 58 48 69 17
35439 42 8 20 2 64 32 31 58 50 127
35439 43 8 47 77 30 94 2 16 78 97
35439 44 8 113 94 73 11 53 121 107 110
35439 45 8 86 94 87 47 21 107 85 127
35439 46 8 122 1 84 103 38 37 97 88
35439 47 8 44 127 114 82 11 79 12 54
11 0 8 44 26 65 59 73 111 114 38
11 1 8 50 23 58 30 94 124 127 126
11 2 8 84 93 88 127 54 18 32 47
11 3 8 2 82 39 38 124 64 30 99
11 4 8 56 124 25 106 48 67 76 58
11 5 8 82 22 13 47 24 34 61 68
11 6 8 42 83 52 38 106 30 110 105
11 7 8 60 51 16 75 110 34 49 50
11 8 8 36 109 46 103 105 59 84 116
11 9 8 65 119 9 16 45 99 96 1
11 10 8 113 112 72 39 67 23 26 56
11 11 8 127 67 107 61 37 65 52 46
11 12 8 3 97 80 75 15 116 52 79
11 13 8 23 98 21 73 16 6 84 119
11 14 8 20 48 79 90 52 70 88 76
11 15 8 22 67 85 103 18 13 118 124
11 16 8 124 95 65 66 17 55 8 3
11 17 8 56 69 48 72 19 42 34 89
11 18 8 106 83 105 2 76 95 27 120
11 19 8 49 80 112 60 50 42 65 96
11 20 8 71 121 84 12 109 36 112 65
11 21 8 9 119 110 65 81 125 18 101
11 22 8 72 51 56 105 61 25 32 53
11 23 8 127 32 61 49 24 23 89 67
11 24 8 3 99 15 56 48 13 80 96
11 25 8 23 15 16 28 6 69 58 98
11 26 8 20 90 48 70 127 17 93 88
11 27 8 85 22 10 67 124 101 103 108
11 28 8 124 95 17 66 65 3 8 81
11 29 8 56 19 48 69 42 21 28 18
11 30 8 105 106 83 95 76 27 12 2
11 31 8 49 80 112 65 16 60 75 30
11 32 8 71 121 36 109 84 12 46 65
11 33 8 9 119 110 65 125 108 18 117
11 34 8 105 61 113 112 56 72 78 65
11 35 8 61 24 127 49 37 23 46 125
11 36 8 99 3 15 97 80 116 75 96
11 37 8 15 23 28 58 6 77 98 76
11 38 8 20 48 90 17 107 88 34 86
11 39 8 85 101 103 10 95 22 18 67
11 40 8 124 45 8 65 17 73 3 66
11 41 8 69 48 19 42 72 56 18 17
11 42 8 39 64 127 31 32 74 123 7
11 43 8 77 43 88 78 117 3 19 21
11 44 8 53 0 121 73 43 45 107 37
11 45 8 94 49 21 27 85 46 78 17
11 46 8 84 38 82 31 97 105 103 39
11 47 8 73 32 9 111 117 95 109 90
773 0 8 21 63 125 2 120 116 32 103
773 1 8 23 30 58 38 4 26 116 6
773 2 8 93 8 84 122 54 88 32 127
773 3 8 2 64 38 112 82 124 91 16
773 4 8 56 124 25 48 22 76 67 104
773 5 8 82 22 47 13 34 126 68 107
773 6 8 42 52 30 106 83 110 38 112
773 7 8 60 51 50 110 16 34 75 31
773 8 8 109 36 103 46 59 105 84 116
773 9 8 65 119 8 9 45 127 14 1
773 10 8 113 112 23 39 72 59 102 26
773 11 8 67 127 9 107 98 37 8 36
773 12 8 97 3 80 75 116 104 12 52
773 13 8 98 23 21 73 16 6 77 43
773 14 8 79 73 88 90 27 48 52 76
773 15 8 103 22 85 95 18 67 8 24
773 16 8 124 65 55 17 45 3 73 7
773 17 8 69 48 56 29 34 85 68 97
773 18 8 83 106 42 30 27 52 2 79
773 19 8 60 50 39 51 16 80 122 49
773 20 8 36 109 46 15 84 103 71 12
773 21 8 65 14 9 119 117 8 110 45
773 22 8 113 112 72 61 53 105 59 25
773 23 8 8 127 61 67 49 37 36 46
773 24 8 104 97 3 9 99 80 15 116
773 25 8 98 23 16 6 21 28 73 15
773 26 8 90 79 48 93 88 20 70 52
773 27 8 85 103 22 10 67 18 4 124
773 28 8 124 55 17 3 66 73 95 65
773 29 8 56 48 69 19 97 17 76 28
773 30 8 105 106 83 76 27 2 30 12
773 31 8 49 60 80 65 50 16 54 39
773 32 8 36 109 121 71 84 12 46 112
773 33 8 9 119 110 65 45 117 108 114
773 34 8 105 113 61 53 72 112 101 123
773 35 8 61 67 24 49 127 37 89 44
773 36 8 99 97 15 3 80 116 9 12
773 37 8 98 23 28 6 21 16 77 69
773 38 8 48 79 90 88 93 107 52 127
773 39 8 103 85 67 22 87 18 95 10
773 40 8 124 95 3 45 8 73 17 55
773 41 8 69 48 56 19 72 17 127 28
773 42 8 64 127 31 37 32 74 7 42
773 43 8 77 117 88 43 78 118 3 81
773 44 8 0 53 73 43 121 109 45 107
773 45 8 49 94 21 78 85 46 27 111
773 46 8 38 84 31 44 82 28 114 67
773 47 8 73 117 32 9 34 92 95 111
429 0 8 84 103 2 80 14 47 93 74
429 1 8 23 58 3 83 116 123 126 19
429 2 8 122 100 117 7 32 93 47 116
429 3 8 112 38 2 64 91 29 37 39
429 4 8 56 48 50 22 25 67 109 120
429 5 8 107 82 22 126 105 47 13 34
429 6 8 42 52 110 30 106 38 119 43
429 7 8 60 51 110 2 50 16 95 45
429 8 8 15 109 36 103 46 105 48 59
429 9 8 65 119 47 22 45 34 81 99
429 10 8 112 113 23 123 39 108 72 88
429 11 8 8 98 127 109 107 37 9 67
429 12 8 80 97 26 3 124 75 12 116
429 13 8 66 98 21 73 76 77 16 23
429 14 8 79 27 105 80 52 88 73 101
429 15 8 60 95 72 22 18 67 8 90
429 16 8 60 119 55 65 45 17 3 66
429 17 8 56 46 15 52 69 2 85 68
429 18 8 42 106 30 83 52 27 75 2
429 19 8 60 50 39 51 34 115 96 122
429 20 8 36 15 109 46 103 48 71 59
429 21 8 119 65 117 81 38 64 21 45
429 22 8 112 113 72 74 39 101 88 25
429 23 8 8 127 109 37 101 107 87 98
429 24 8 9 97 26 12 124 116 104 3
429 25 8 98 66 21 23 16 73 76 77
429 26 8 79 105 90 88 80 8 52 101
429 27 8 60 18 72 95 22 67 10 61
429 28 8 60 119 45 55 66 124 17 15
429 29 8 56 46 15 52 2 117 85 66
429 30 8 106 30 42 27 52 110 76 75
429 31 8 60 34 51 50 39 54 80 42
429 32 8 15 36 109 46 103 71 39 59
429 33 8 119 117 65 49 45 88 127 22
429 34 8 113 112 53 39 108 88 101 65
429 35 8 8 37 109 127 98 89 122 64
429 36 8 26 80 97 12 9 116 58 63
429 37 8 98 66 76 21 16 113 77 23
429 38 8 105 79 88 52 96 80 34 8
429 39 8 72 18 95 60 35 67 76 22
429 40 8 119 60 45 55 15 3 17 51
429 41 8 46 2 15 66 85 56 117 52
429 42 8 73 77 125 37 18 127 102 98
429 43 8 49 12 19 3 117 81 77 79
429 44 8 99 45 88 43 121 48 20 73
429 45 8 58 17 49 21 112 46 78 111
429 46 8 81 30 84 31 114 105 29 39
429 47 8 111 9 95 120 35 66 52 47
594 0 8 76 17 16 118 111 24 63 18
594 1 8 34 23 3 86 107 58 12 116
594 2 8 100 14 77 87 32 93 115 127
594 3 8 38 76 112 2 29 105 100 64
594 4 8 56 23 25 48 0 118 22 67
594 5 8 107 82 22 126 80 47 34 13
594 6 8 42 52 30 110 38 106 12 27
594 7 8 60 87 51 110 16 50 31 45
594 8 8 36 15 46 64 103 105 59 85
594 9 8 94 65 45 119 127 95 47 1
594 10 8 112 113 23 26 108 39 80 72
594 11 8 8 9 98 67 127 107 37 120
594 12 8 97 80 116 3 75 53 12 26
594 13 8 75 98 73 21 44 76 16 77
594 14 8 80 79 88 73 34 8 27 76
594 15 8 60 95 18 8 22 90 4 13
594 16 8 40 65 60 7 45 17 83 26
594 17 8 53 56 85 52 29 18 68 15
594 18 8 42 30 106 52 120 75 79 110
594 19 8 60 87 51 39 50 26 110 34
594 20 8 36 15 46 64 101 103 3 105
594 21 8 94 117 65 64 49 119 22 81
594 22 8 112 113 74 80 26 39 59 53
594 23 8 8 127 37 107 86 98 87 64
594 24 8 116 97 104 9 53 12 75 80
594 25 8 98 21 75 44 73 16 95 76
594 26 8 8 88 80 79 111 101 90 96
594 27 8 18 60 95 4 22 8 61 90
594 28 8 40 45 7 60 65 17 83 66
594 29 8 53 97 85 56 18 117 52 83
594 30 8 106 30 52 27 42 110 75 86
594 31 8 60 51 34 39 87 16 115 110
594 32 8 15 46 36 64 101 103 39 3
594 33 8 94 117 119 49 22 45 114 52
594 34 8 113 112 65 39 80 53 2 108
594 35 8 8 37 127 122 67 86 98 64
594 36 8 9 97 53 116 80 12 104 32
594 37 8 44 75 98 21 76 10 65 77
594 38 8 79 8 88 80 34 52 39 58
594 39 8 18 95 60 56 67 35 61 76
594 40 8 40 7 45 17 60 66 3 4
594 41 8 85 53 117 106 56 127 97 52
594 42 8 73 127 37 125 22 59 123 31
594 43 8 81 3 49 4 78 77 43 117
594 44 8 54 121 37 43 80 45 71 81
594 45 8 21 49 94 78 80 127 85 112
594 46 8 84 82 124 67 28 44 97 103
594 47 8 34 32 117 90 9 27 95 35
847 0 8 17 103 106 34 19 50 0 14
847 1 8 9 86 23 77 76 58 123 116
847 2 8 51 90 122 100 14 9 94 7
847 3 8 76 73 38 112 26 105 39 25
847 4 8 48 63 0 118 22 77 56 104
847 5 8 126 107 105 22 80 82 13 51
847 6 8 79 52 42 30 110 38 106 75
847 7 8 60 2 51 110 16 26 31 34
847 8 8 46 15 36 103 59 28 61 3
847 9 8 52 22 94 1 65 47 96 119
847 10 8 35 112 113 2 74 80 26 39
847 11 8 109 8 127 98 9 37 87 107
847 12 8 80 97 116 32 3 75 26 12
847 13 8 66 75 2 113 98 73 44 77
847 14 8 105 88 73 96 8 34 115 101
847 15 8 4 18 95 90 8 22 13 98
847 16 8 11 119 43 40 65 45 17 83
847 17 8 2 66 56 35 20 85 18 106
847 18 8 79 106 30 52 42 75 9 12
847 19 8 60 2 39 16 51 26 34 122
847 20 8 15 46 36 101 3 28 64 39
847 21 8 64 65 94 49 119 114 117 22
847 22 8 35 74 113 112 101 80 2 65
847 23 8 8 109 127 37 87 86 50 107
847 24 8 116 104 9 97 124 32 12 80
847 25 8 66 98 113 21 75 44 2 73
847 26 8 105 8 96 88 118 101 93 111
847 27 8 4 18 22 90 13 95 67 115
847 28 8 119 11 43 4 45 17 51 83
847 29 8 66 2 35 56 20 18 17 83
847 30 8 79 106 27 30 76 86 2 75
847 31 8 60 2 39 51 16 65 34 96
847 32 8 15 46 36 101 103 39 71 59
847 33 8 119 49 114 117 64 52 62 45
847 34 8 35 113 2 65 101 13 74 112
847 35 8 109 8 127 37 47 64 50 86
847 36 8 104 32 26 80 9 97 116 68
847 37 8 2 66 113 99 65 98 107 44
847 38 8 105 96 118 88 58 8 0 39
847 39 8 4 98 18 67 13 115 95 72
847 40 8 11 119 43 66 4 3 51 17
847 41 8 2 35 66 127 56 20 106 83
847 42 8 127 18 102 27 98 73 93 22
847 43 8 91 3 6 29 87 78 79 21
847 44 8 48 68 20 121 43 81 95 72
847 45 8 21 111 78 80 70 49 58 20
847 46 8 88 8 114 115 31 28 44 80
847 47 8 36 120 47 123 9 66 88 59
5916 0 8 126 77 12 62 28 3 67 124
5916 1 8 77 16 75 88 45 113 76 67
5916 2 8 112 51 119 32 90 73 52 121
5916 3 8 77 93 76 59 62 120 112 90
5916 4 8 22 109 87 77 48 104 10 105
5916 5 8 30 126 71 78 117 56 70 74
5916 6 8 79 30 106 76 52 55 86 119
5916 7 8 16 39 34 51 110 26 103 126
5916 8 8 46 15 4 3 59 103 2 24
5916 9 8 119 62 114 52 22 33 32 49
5916 10 8 80 35 2 112 113 65 9 120
5916 11 8 71 127 50 8 16 82 68 46
5916 12 8 32 80 116 124 25 97 76 3
5916 13 8 102 113 12 127 73 42 10 101
5916 14 8 101 64 88 62 73 96 16 76
5916 15 8 18 22 38 122 90 13 67 24
5916 16 8 13 23 114 26 51 70 66 45
5916 17 8 66 35 56 2 83 34 127 106
5916 18 8 106 79 27 30 75 76 119 12
5916 19 8 39 60 16 54 115 34 65 122
5916 20 8 46 15 101 4 24 36 3 63
5916 21 8 62 119 33 114 105 77 64 81
5916 22 8 65 2 80 113 101 112 35 74
5916 23 8 8 68 16 82 127 50 101 37
5916 24 8 32 116 12 26 124 52 118 97
5916 25 8 113 102 24 123 98 73 95 77
5916 26 8 101 64 88 8 62 18 96 22
5916 27 8 18 31 90 34 22 100 13 4
5916 28 8 23 13 51 45 26 123 17 114
5916 29 8 66 2 35 92 18 85 84 56
5916 30 8 27 106 30 79 86 75 12 55
5916 31 8 34 39 51 103 16 115 60 30
5916 32 8 46 15 4 101 103 3 6 116
5916 33 8 62 114 49 119 33 77 81 22
5916 34 8 80 35 2 41 65 113 95 37
5916 35 8 68 16 50 8 37 97 71 127
5916 36 8 32 103 80 116 25 97 125 52
5916 37 8 127 102 113 120 10 49 65 12
5916 38 8 64 101 96 88 22 47 118 58
5916 39 8 98 77 18 46 37 51 67 72
5916 40 8 23 13 51 43 123 66 119 17
5916 41 8 66 2 35 92 127 84 106 85
5916 42 8 8 28 18 86 98 102 123 127
5916 43 8 16 3 87 65 6 78 79 21
5916 44 8 13 121 20 48 68 72 43 81
5916 45 8 21 20 26 85 70 49 123 111
5916 46 8 88 45 51 115 8 114 28 31
5916 47 8 26 120 66 47 9 36 59 123
1459 0 8 80 23 73 41 125 62 28 87
1459 1 8 56 29 88 38 59 77 7 76
1459 2 8 76 32 9 68 73 67 51 25
1459 3 8 76 62 93 59 77 40 90 105
1459 4 8 77 27 116 48 104 22 0 105
1459 5 8 126 48 30 78 71 22 122 70
1459 6 8 30 79 106 52 76 75 42 86
1459 7 8 34 16 39 51 110 26 60 65
1459 8 8 15 46 27 36 3 103 59 2
1459 9 8 52 119 22 1 114 62 99 127
1459 10 8 80 35 112 113 2 109 74 39
1459 11 8 8 16 127 98 82 37 101 9
1459 12 8 80 3 116 97 12 38 75 32
1459 13 8 123 41 95 73 109 74 10 101
1459 14 8 101 18 88 8 73 47 34 62
1459 15 8 18 20 22 13 38 95 122 90
1459 16 8 77 29 45 70 108 26 66 110
1459 17 8 0 65 56 85 17 64 106 63
1459 18 8 79 30 106 27 52 42 75 12
1459 19 8 60 39 34 16 51 115 65 54
1459 20 8 15 46 36 101 27 103 12 48
1459 21 8 81 65 119 16 52 114 117 99
1459 22 8 113 65 112 101 35 74 80 109
1459 23 8 8 127 16 101 46 64 37 86
1459 24 8 80 116 38 3 97 75 12 26
1459 25 8 123 109 95 41 73 24 74 98
1459 26 8 18 101 47 88 93 81 76 8
1459 27 8 20 18 122 22 8 13 111 31
1459 28 8 77 44 17 45 65 29 6 110
1459 29 8 0 65 18 56 85 63 17 68
1459 30 8 79 27 30 106 12 52 118 75
1459 31 8 34 60 51 39 16 115 48 45
1459 32 8 15 46 103 27 36 116 101 20
1459 33 8 114 81 52 49 1 117 119 35
1459 34 8 112 35 109 95 113 2 25 13
1459 35 8 16 8 37 42 127 64 46 97
1459 36 8 97 38 0 80 3 52 116 75
1459 37 8 95 41 123 109 57 24 73 2
1459 38 8 47 18 111 60 88 52 101 34
1459 39 8 18 20 107 90 22 77 55 8
1459 40 8 29 77 6 44 110 108 65 23
1459 41 8 65 115 85 63 0 64 56 18
1459 42 8 49 8 126 75 90 20 127 55
1459 43 8 47 121 3 125 74 78 27 75
1459 44 8 13 110 80 121 23 11 43 113
1459 45 8 47 21 5 83 76 87 86 49
1459 46 8 1 96 45 37 10 123 103 84
1459 47 8 11 127 31 82 90 12 14 15
382 0 8 65 53 1 100 73 98 69 31
382 1 8 18 119 94 127 15 5 82 70
382 2 8 80 84 38 88 93 57 40 39
382 3 8 6 2 124 31 75 89 41 93
382 4 8 124 106 115 111 76 48 85 104
382 5 8 61 8 66 125 22 9 37 126
382 6 8 83 105 8 78 12 52 56 30
382 7 8 112 49 75 16 101 51 45 31
382 8 8 84 65 121 46 9 116 3 105
382 9 8 9 110 119 64 16 125 114 96
382 10 8 56 61 105 112 98 53 113 3
382 11 8 61 125 24 49 127 37 7 8
382 12 8 99 15 96 80 3 75 116 97
382 13 8 15 19 28 6 73 23 118 58
382 14 8 48 20 90 17 100 88 86 76
382 15 8 85 101 70 10 18 22 8 16
382 16 8 124 17 65 39 81 8 73 103
382 17 8 21 42 56 69 19 34 48 78
382 18 8 105 83 78 106 8 12 71 44
382 19 8 49 112 75 101 16 39 59 41
382 20 8 84 121 65 46 116 101 9 3
382 21 8 125 9 110 64 119 114 81 19
382 22 8 56 105 61 53 78 112 25 65
382 23 8 125 61 49 24 23 127 6 46
382 24 8 99 96 56 15 3 75 97 50
382 25 8 58 19 15 28 23 6 73 118
382 26 8 100 17 20 48 90 86 88 70
382 27 8 101 85 10 70 18 22 127 103
382 28 8 81 124 65 17 39 8 73 95
382 29 8 21 42 19 56 69 48 18 17
382 30 8 105 106 78 83 52 12 27 8
382 31 8 112 49 101 75 80 65 16 51
382 32 8 65 121 84 71 46 12 116 109
382 33 8 125 9 110 119 122 64 16 114
382 34 8 78 105 56 61 112 53 65 72
382 35 8 125 24 61 49 23 127 37 46
382 36 8 99 96 15 97 56 3 75 116
382 37 8 15 58 28 19 23 6 118 25
382 38 8 100 17 48 90 20 107 86 127
382 39 8 10 85 101 70 22 103 67 18
382 40 8 81 124 95 17 45 73 3 8
382 41 8 42 21 56 48 69 19 17 18
382 42 8 64 31 127 32 6 114 7 56
382 43 8 77 71 31 88 117 78 43 3
382 44 8 53 0 73 90 43 121 107 31
382 45 8 94 101 49 85 21 27 78 2
382 46 8 38 34 88 11 84 97 103 28
382 47 8 73 105 20 125 101 2 9 59
7039 0 8 21 63 50 75 2 60 97 103
7039 1 8 58 6 23 125 15 119 95 3
7039 2 8 93 54 8 65 84 32 47 100
7039 3 8 4 93 64 124 38 107 2 16
7039 4 8 124 56 25 48 67 58 104 22
7039 5 8 82 68 22 34 13 47 122 71
7039 6 8 83 52 12 42 8 38 56 30
7039 7 8 95 75 51 110 16 45 60 50
7039 8 8 36 46 109 116 3 105 15 84
7039 9 8 65 9 99 62 64 52 16 119
7039 10 8 113 112 74 39 19 102 36 3
7039 11 8 67 9 37 127 69 65 125 63
7039 12 8 80 97 79 116 3 75 7 104
7039 13 8 23 98 21 73 16 118 64 77
7039 14 8 79 101 90 88 48 76 17 86
7039 15 8 103 18 70 22 13 85 10 8
7039 16 8 7 124 65 17 73 15 91 78
7039 17 8 69 48 56 34 52 120 68 21
7039 18 8 83 106 79 12 27 30 52 8
7039 19 8 75 16 51 95 39 50 34 60
7039 20 8 36 46 109 116 101 3 124 105
7039 21 8 65 114 64 119 45 62 99 14
7039 22 8 74 65 25 113 53 112 123 3
7039 23 8 127 89 46 82 67 63 4 37
7039 24 8 80 104 56 79 97 3 75 116
7039 25 8 16 23 118 98 21 73 6 43
7039 26 8 90 79 101 88 70 10 48 76
7039 27 8 10 103 22 18 85 67 87 13
7039 28 8 124 17 7 73 15 3 66 65
7039 29 8 56 69 48 97 19 17 127 52
7039 30 8 106 105 12 76 30 27 79 95
7039 31 8 49 65 95 80 16 34 39 60
7039 32 8 36 71 46 109 84 121 12 116
7039 33 8 65 119 9 110 117 45 114 64
7039 34 8 113 61 112 53 65 105 74 101
7039 35 8 61 67 89 127 37 24 49 46
7039 36 8 97 80 99 15 3 116 56 75
7039 37 8 98 23 21 28 16 73 6 77
7039 38 8 101 90 79 88 48 107 70 34
7039 39 8 87 103 18 13 22 67 10 95
7039 40 8 7 17 45 73 124 95 65 3
7039 41 8 69 48 56 17 18 19 28 85
7039 42 8 37 64 127 32 31 74 7 46
7039 43 8 30 77 117 88 78 43 3 56
7039 44 8 73 0 53 43 121 113 94 107
7039 45 8 49 94 21 85 78 127 34 46
7039 46 8 122 38 84 88 29 97 28 103
7039 47 8 79 73 9 32 111 108 117 95
11 0 8 44 26 59 65 93 118 73 104
11 1 8 50 23 58 94 46 127 124 37
11 2 8 84 93 88 54 47 127 32 65
11 3 8 39 82 2 93 124 109 51 38
11 4 8 56 124 106 25 4 48 67 58
11 5 8 82 22 68 13 107 122 70 36
11 6 8 106 83 30 12 2 76 42 112
11 7 8 16 39 75 42 95 54 51 65
11 8 8 109 71 36 46 59 107 112 76
11 9 8 119 65 45 81 34 114 88 117
11 10 8 23 113 123 72 83 67 39 112
11 11 8 67 127 89 46 32 69 123 101
11 12 8 3 80 104 13 97 101 75 79
11 13 8 16 23 21 69 25 98 64 118
11 14 8 127 20 70 52 118 90 91 79
11 15 8 22 124 103 67 112 4 108 118
11 16 8 95 55 66 124 2 3 15 121
11 17 8 56 48 69 97 28 52 42 76
11 18 8 95 106 76 111 2 120 43 107
11 19 8 80 65 122 42 107 37 54 16
11 20 8 109 71 12 52 112 29 36 99
11 21 8 18 101 119 65 19 114 75 108
11 22 8 72 51 123 46 11 37 65 83
11 23 8 67 127 32 123 10 89 46 44
11 24 8 48 3 13 80 75 104 92 37
11 25 8 16 69 25 23 98 121 89 13
11 26 8 70 90 127 20 79 89 118 93
11 27 8 22 124 67 103 108 118 10 111
11 28 8 95 124 2 3 66 55 17 15
11 29 8 56 48 28 69 42 52 76 19
11 30 8 106 95 76 105 43 111 27 2
11 31 8 80 65 49 122 95 16 42 54
11 32 8 109 71 12 36 112 84 29 121
11 33 8 65 19 119 108 18 9 101 110
11 34 8 51 113 105 46 65 61 66 72
11 35 8 67 127 61 49 123 89 24 46
11 36 8 3 99 48 80 15 13 97 56
11 37 8 15 23 28 6 58 69 16 25
11 38 8 20 48 90 127 70 17 88 107
11 39 8 85 22 103 101 10 124 67 108
11 40 8 124 95 17 8 3 73 66 55
11 41 8 48 69 56 19 42 17 72 21
11 42 8 64 39 127 32 31 7 74 46
11 43 8 77 117 88 78 43 3 30 19
11 44 8 0 53 73 43 121 45 107 95
11 45 8 49 94 85 78 21 46 112 27
11 46 8 38 84 88 105 39 28 29 82
11 47 8 73 9 95 32 117 111 35 109
421 0 8 2 93 21 120 19 31 63 97
421 1 8 58 23 6 83 95 113 46 77
421 2 8 122 117 47 9 32 93 51 116
421 3 8 2 64 38 112 16 39 93 37
421 4 8 56 25 48 124 22 47 67 117
421 5 8 108 82 2 22 13 34 68 107
421 6 8 42 30 106 8 52 79 112 76
421 7 8 95 34 96 16 39 51 60 75
421 8 8 109 36 103 59 46 71 107 76
421 9 8 65 119 45 88 81 52 1 101
421 10 8 123 113 88 112 97 39 72 23
421 11 8 67 127 58 89 69 98 10 37
421 12 8 80 97 114 3 104 75 116 51
421 13 8 23 21 77 98 121 16 64 73
421 14 8 79 90 52 118 127 88 28 70
421 15 8 103 22 4 112 67 18 124 53
421 16 8 95 55 20 15 17 66 3 73
421 17 8 56 48 69 97 45 28 76 14
421 18 8 106 76 2 42 95 30 27 13
421 19 8 80 60 95 65 96 42 54 122
421 20 8 109 71 36 12 112 29 103 46
421 21 8 65 119 45 101 88 81 18 87
421 22 8 113 123 72 97 88 101 112 75
421 23 8 89 127 67 58 111 123 10 44
421 24 8 114 3 104 80 13 73 97 120
421 25 8 98 121 23 77 21 82 69 64
421 26 8 79 127 90 70 52 118 28 88
421 27 8 22 4 103 124 112 67 108 18
421 28 8 55 95 20 3 17 66 2 73
421 29 8 56 45 48 69 97 76 28 85
421 30 8 106 27 76 95 2 42 13 8
421 31 8 95 80 60 65 42 54 115 39
421 32 8 109 36 71 12 112 103 59 29
421 33 8 65 119 101 45 108 19 18 88
421 34 8 88 123 113 72 97 46 11 101
421 35 8 111 127 67 10 123 58 44 89
421 36 8 114 48 13 51 3 104 97 74
421 37 8 77 98 121 82 69 23 21 79
421 38 8 79 127 7 28 88 70 118 25
421 39 8 124 103 22 67 108 112 4 53
421 40 8 55 95 45 3 2 17 36 20
421 41 8 48 56 69 45 76 97 119 28
421 42 8 37 127 64 101 42 31 32 46
421 43 8 117 77 118 30 4 78 2 3
421 44 8 73 43 113 109 107 121 53 71
421 45 8 49 78 94 21 85 32 127 2
421 46 8 67 103 126 89 28 84 88 38
421 47 8 34 117 92 32 9 37 79 73
358 0 8 104 103 49 50 6 78 19 101
358 1 8 9 58 23 123 77 3 105 95
358 2 8 51 122 47 9 93 14 100 94
358 3 8 64 38 112 39 105 59 18 93
358 4 8 56 23 117 48 25 4 124 47
358 5 8 108 107 82 22 34 13 70 75
358 6 8 79 42 52 106 127 30 38 12
358 7 8 2 34 95 16 110 51 39 64
358 8 8 46 109 36 113 61 103 59 105
358 9 8 52 65 47 119 45 1 64 21
358 10 8 88 35 113 112 123 74 36 97
358 11 8 9 111 127 67 37 65 69 87
358 12 8 80 114 97 51 116 104 71 75
358 13 8 77 2 16 98 21 23 73 75
358 14 8 80 79 90 88 118 73 7 115
358 15 8 60 13 111 18 22 4 67 95
358 16 8 15 11 95 7 55 45 17 66
358 17 8 52 56 15 39 45 17 28 34
358 18 8 79 106 76 95 30 2 42 27
358 19 8 80 65 122 2 16 60 87 95
358 20 8 36 71 109 46 12 113 112 124
358 21 8 65 119 45 101 64 52 81 108
358 22 8 113 123 88 35 65 74 112 101
358 23 8 127 89 67 65 111 8 87 10
358 24 8 114 80 3 104 97 75 116 13
358 25 8 98 16 21 77 23 2 75 69
358 26 8 80 70 79 90 127 118 88 101
358 27 8 22 111 13 60 124 10 108 67
358 28 8 95 15 7 11 17 2 3 66
358 29 8 52 56 15 39 45 28 76 46
358 30 8 79 106 95 76 13 2 43 27
358 31 8 80 65 2 122 95 64 16 54
358 32 8 109 71 36 12 46 29 112 37
358 33 8 65 119 108 101 18 52 19 45
358 34 8 35 88 65 113 46 101 97 53
358 35 8 111 127 67 89 46 123 8 37
358 36 8 51 80 114 3 48 26 97 116
358 37 8 77 2 98 21 82 75 69 16
358 38 8 80 79 127 70 88 7 25 107
358 39 8 13 60 22 124 108 67 78 18
358 40 8 95 11 15 7 55 3 45 17
358 41 8 52 17 56 15 46 39 28 127
358 42 8 37 127 125 7 74 46 2 42
358 43 8 19 56 12 117 43 78 3 21
358 44 8 45 0 88 43 99 37 61 121
358 45 8 46 49 112 17 85 78 21 63
358 46 8 88 105 29 84 39 38 30 89
358 47 8 108 52 35 95 111 59 9 6
9334 0 8 62 124 87 30 111 22 19 89
9334 1 8 78 123 105 99 107 76 85 36
9334 2 8 119 37 6 62 102 32 94 69
9334 3 8 11 105 7 79 120 112 36 126
9334 4 8 4 39 109 91 40 105 103 56
9334 5 8 80 70 108 44 15 49 48 14
9334 6 8 60 2 95 76 106 73 118 29
9334 7 8 80 87 65 54 42 55 37 35
9334 8 8 24 71 12 51 125 52 112 2
9334 9 8 18 19 119 108 94 101 120 52
9334 10 8 46 88 51 15 37 11 20 124
9334 11 8 123 87 71 111 127 44 118 97
9334 12 8 3 80 48 114 101 13 120 100
9334 13 8 24 121 69 89 75 77 16 84
9334 14 8 127 62 46 70 91 28 22 68
9334 15 8 124 115 22 108 112 118 20 67
9334 16 8 95 29 20 123 2 77 66 71
9334 17 8 97 84 14 56 119 76 74 0
9334 18 8 95 43 73 60 76 2 106 111
9334 19 8 80 65 37 87 122 55 54 42
9334 20 8 52 12 71 125 29 112 24 51
9334 21 8 19 18 108 101 119 120 94 27
9334 22 8 51 11 46 72 15 24 37 3
9334 23 8 123 71 87 31 44 127 46 97
9334 24 8 101 13 48 103 3 80 114 55
9334 25 8 89 69 24 49 95 121 114 84
9334 26 8 22 46 62 70 127 91 43 110
9334 27 8 22 124 115 112 108 118 67 90
9334 28 8 123 95 20 2 29 17 3 66
9334 29 8 84 56 14 76 119 28 74 97
9334 30 8 13 95 73 60 43 79 76 2
9334 31 8 80 87 37 65 54 64 55 50
9334 32 8 24 12 51 71 29 112 52 27
9334 33 8 18 19 108 101 94 120 119 65
9334 34 8 37 51 120 88 46 65 11 3
9334 35 8 71 87 123 111 127 10 46 44
9334 36 8 48 120 13 3 101 80 53 52
9334 37 8 49 24 121 89 77 55 75 69
9334 38 8 22 62 70 127 28 25 118 91
9334 39 8 98 115 22 108 124 51 67 112
9334 40 8 123 95 20 36 3 2 17 66
9334 41 8 84 28 14 56 97 127 122 61
9334 42 8 28 8 127 65 46 101 120 94
9334 43 8 2 117 65 72 4 80 79 30
9334 44 8 113 71 43 54 13 84 114 23
9334 45 8 127 34 49 76 21 78 85 94
9334 46 8 67 88 74 45 103 89 28 84
9334 47 8 54 34 117 79 55 114 27 59
2176 0 8 34 63 120 80 106 7 61 21
2176 1 8 89 53 9 66 105 85 107 103
2176 2 8 8 122 90 54 100 69 32 94
2176 3 8 94 11 7 79 0 29 1 120
2176 4 8 4 87 39 40 105 111 109 63
2176 5 8 105 54 70 42 108 49 22 111
2176 6 8 95 2 60 106 76 43 41 6
2176 7 8 80 65 16 103 54 42 68 72
2176 8 8 12 28 24 71 27 112 108 51
2176 9 8 101 108 105 18 104 119 48 21
2176 10 8 115 46 110 84 123 20 121 45
2176 11 8 10 50 87 71 13 123 31 46
2176 12 8 120 3 37 18 106 118 69 54
2176 13 8 66 113 55 102 126 14 95 20
2176 14 8 84 73 118 96 97 89 71 5
2176 15 8 115 22 108 112 34 13 100 79
2176 16 8 95 119 51 111 17 2 48 35
2176 17 8 126 56 35 61 76 3 29 68
2176 18 8 43 95 121 104 76 92 67 120
2176 19 8 80 72 65 47 56 115 64 127
2176 20 8 28 48 12 29 85 24 10 27
2176 21 8 21 105 108 51 81 63 92 32
2176 22 8 121 3 115 84 75 37 22 70
2176 23 8 31 13 87 71 50 58 77 10
2176 24 8 37 120 18 54 69 47 106 62
2176 25 8 66 95 113 31 35 14 73 89
2176 26 8 84 70 89 2 96 91 27 59
2176 27 8 115 100 118 34 79 24 107 12
2176 28 8 119 51 95 17 123 27 111 12
2176 29 8 126 56 61 28 3 14 35 30
2176 30 8 43 13 95 79 111 9 76 120
2176 31 8 72 64 122 41 35 56 39 47
2176 32 8 28 11 29 51 85 10 27 15
2176 33 8 21 105 63 107 43 51 108 124
2176 34 8 121 22 3 115 110 54 92 84
2176 35 8 50 94 13 87 17 31 102 71
2176 36 8 37 47 36 11 111 118 91 62
2176 37 8 14 85 66 113 31 73 102 97
2176 38 8 70 84 101 96 2 59 105 22
2176 39 8 100 37 115 34 98 118 24 8
2176 40 8 119 51 101 123 111 79 12 115
2176 41 8 126 61 2 28 35 13 123 11
2176 42 8 38 120 98 102 55 109 94 46
2176 43 8 65 79 3 17 30 94 6 117
2176 44 8 68 72 84 44 43 95 121 30
2176 45 8 20 85 21 103 34 72 97 49
2176 46 8 88 21 51 67 103 102 28 107
2176 47 8 103 26 94 36 54 55 22 6
11067 0 8 30 87 19 41 80 124 28 23
11067 1 8 89 85 113 16 59 38 36 103
11067 2 8 115 68 32 76 37 100 52 102
11067 3 8 0 79 21 45 92 70 122 66
11067 4 8 4 109 27 40 101 102 54 10
11067 5 8 48 71 54 122 49 70 69 87
11067 6 8 95 60 106 2 76 6 73 118
11067 7 8 65 80 16 2 35 54 55 42
11067 8 8 12 27 15 71 125 29 108 20
11067 9 8 41 108 18 119 104 105 51 101
11067 10 8 22 115 51 110 46 70 72 11
11067 11 8 123 8 46 31 118 127 71 104
11067 12 8 3 101 38 7 13 54 108 80
11067 13 8 41 74 36 95 14 69 35 123
11067 14 8 18 46 70 127 89 101 73 29
11067 15 8 20 107 124 22 108 111 118 79
11067 16 8 29 6 95 77 108 2 110 17
11067 17 8 61 0 56 63 65 64 120 52
11067 18 8 43 95 98 106 76 2 27 6
11067 19 8 80 65 115 122 2 127 47 64
11067 20 8 27 29 12 15 48 10 71 112
11067 21 8 41 19 108 101 18 51 53 32
11067 22 8 22 3 51 109 70 65 11 115
11067 23 8 31 123 127 71 46 8 42 94
11067 24 8 101 3 37 80 62 44 75 18
11067 25 8 74 41 14 95 89 86 36 116
11067 26 8 18 46 70 89 29 91 110 47
11067 27 8 107 20 111 79 118 22 124 12
11067 28 8 6 29 77 44 108 95 110 17
11067 29 8 56 63 61 0 64 65 13 115
11067 30 8 43 98 13 95 79 106 12 8
11067 31 8 50 64 65 80 2 16 122 60
11067 32 8 29 27 15 12 71 10 46 20
11067 33 8 41 108 19 18 65 51 119 105
11067 34 8 22 51 109 88 65 70 46 112
11067 35 8 123 42 71 127 46 111 94 37
11067 36 8 38 7 0 3 101 80 97 26
11067 37 8 41 109 74 123 36 95 57 77
11067 38 8 47 46 18 88 60 70 101 52
11067 39 8 20 107 22 90 18 76 67 37
11067 40 8 6 29 77 44 108 110 3 95
11067 41 8 63 65 84 36 56 115 64 85
11067 42 8 25 49 127 20 126 75 90 46
11067 43 8 30 125 47 117 121 8 56 65
11067 44 8 110 84 11 80 13 121 1 73
11067 45 8 83 47 86 49 21 85 76 87
11067 46 8 45 10 96 123 103 84 122 88
11067 47 8 11 127 31 82 90 94 14 15
315 0 8 68 107 31 69 0 93 81 53
315 1 8 85 75 83 89 103 113 59 46
315 2 8 123 68 117 69 32 115 37 100
315 3 8 10 79 0 21 122 106 113 5
315 4 8 4 111 91 40 109 102 10 39
315 5 8 111 71 70 54 49 108 24 22
315 6 8 106 95 41 2 76 125 60 88
315 7 8 72 65 80 16 41 122 64 103
315 8 8 28 51 27 12 71 29 99 15
315 9 8 105 43 101 92 48 108 119 51
315 10 8 23 115 22 121 14 123 88 110
315 11 8 10 102 13 123 127 58 31 4
315 12 8 120 69 18 3 47 75 11 91
315 13 8 121 55 85 73 14 117 35 74
315 14 8 73 84 28 89 70 101 94 118
315 15 8 115 34 13 112 4 22 24 111
315 16 8 20 121 17 42 95 48 26 1
315 17 8 61 97 56 14 13 45 68 30
315 18 8 43 95 106 76 79 12 27 120
315 19 8 72 80 65 56 122 47 54 45
315 20 8 28 10 15 48 12 51 27 29
315 21 8 43 105 92 108 63 51 48 119
315 22 8 22 3 14 123 121 115 48 75
315 23 8 31 13 102 10 71 127 87 58
315 24 8 120 69 18 60 114 47 62 54
315 25 8 55 121 14 49 73 85 31 95
315 26 8 84 70 22 101 28 88 89 118
315 27 8 115 34 4 118 112 100 22 13
315 28 8 17 121 20 95 2 26 3 71
315 29 8 56 14 61 97 45 30 120 76
315 30 8 43 13 95 76 106 98 79 27
315 31 8 72 80 65 122 60 39 47 95
315 32 8 15 28 12 71 29 101 51 46
315 33 8 43 105 108 65 119 51 101 114
315 34 8 22 14 123 13 88 3 65 112
315 35 8 102 13 10 58 111 127 64 123
315 36 8 69 120 60 36 98 48 13 123
315 37 8 55 79 49 121 107 85 73 126
315 38 8 84 101 28 88 118 70 22 25
315 39 8 115 34 4 98 22 100 124 67
315 40 8 95 121 20 36 3 17 2 66
315 41 8 61 14 97 45 56 127 28 11
315 42 8 41 127 101 65 120 46 55 32
315 43 8 78 4 117 79 65 3 2 118
315 44 8 71 113 43 121 68 54 109 95
315 45 8 49 21 85 78 127 94 34 20
315 46 8 67 88 28 89 103 77 31 84
315 47 8 34 117 55 32 9 99 79 92
429 0 8 84 103 2 80 61 101 14 13
429 1 8 3 75 16 83 60 58 116 103
429 2 8 100 122 32 8 68 90 94 54
429 3 8 10 79 21 0 26 93 122 64
429 4 8 111 105 4 48 10 47 102 109
429 5 8 107 105 22 71 108 70 13 82
429 6 8 106 30 52 42 43 86 2 125
429 7 8 16 51 2 60 72 95 110 41
429 8 8 15 28 46 36 105 27 59 124
429 9 8 105 47 119 16 101 43 48 65
429 10 8 112 23 103 113 88 115 110 123
429 11 8 8 102 94 127 109 10 13 37
429 12 8 26 3 120 36 69 11 97 75
429 13 8 66 113 55 73 95 64 77 126
429 14 8 73 105 101 84 88 96 7 76
429 15 8 115 22 100 34 4 107 18 108
429 16 8 119 17 51 95 3 91 65 26
429 17 8 56 2 35 66 61 126 30 127
429 18 8 106 12 30 43 2 95 13 76
429 19 8 60 16 50 80 39 54 65 72
429 20 8 15 12 28 112 48 71 124 46
429 21 8 41 119 43 108 101 120 65 81
429 22 8 22 103 115 11 40 88 13 16
429 23 8 8 102 94 127 87 109 44 13
429 24 8 26 36 120 13 60 11 78 75
429 25 8 66 113 95 73 126 55 69 12
429 26 8 105 96 84 88 101 70 27 89
429 27 8 115 107 100 34 22 4 18 67
429 28 8 119 51 17 95 3 123 2 66
429 29 8 35 2 56 66 61 13 28 30
429 30 8 13 106 95 76 27 12 43 30
429 31 8 80 65 60 16 39 95 54 122
429 32 8 15 12 71 28 101 2 46 24
429 33 8 43 41 119 108 101 117 65 114
429 34 8 103 22 40 13 115 110 65 88
429 35 8 8 109 116 94 102 50 64 127
429 36 8 26 36 69 60 120 74 13 98
429 37 8 66 113 49 102 107 79 95 55
429 38 8 105 96 84 101 118 88 70 25
429 39 8 98 115 100 67 34 4 18 22
429 40 8 119 51 3 66 95 123 36 43
429 41 8 2 35 66 56 127 61 36 28
429 42 8 102 127 98 120 41 77 18 126
429 43 8 117 79 30 65 3 78 29 47
429 44 8 68 48 43 121 95 20 30 32
429 45 8 49 78 21 85 111 20 58 32
429 46 8 88 28 89 114 31 8 103 51
429 47 8 36 120 26 9 59 71 47 66
23606 0 8 23 125 112 83 19 28 70 86
23606 1 8 16 59 7 29 77 60 88 103
23606 2 8 100 76 32 37 23 102 94 115
23606 3 8 92 70 79 21 84 29 90 16
23606 4 8 10 27 109 4 48 54 102 77
23606 5 8 10 70 71 87 69 22 56 108
23606 6 8 106 2 76 95 118 60 27 29
23606 7 8 80 65 16 42 54 55 47 2
23606 8 8 15 12 20 71 108 2 107 112
23606 9 8 41 119 108 81 104 16 120 18
23606 10 8 109 22 11 103 72 121 112 110
23606 11 8 8 123 42 127 94 116 64 111
23606 12 8 26 101 3 0 108 62 11 13
23606 13 8 41 57 14 69 123 73 99 12
23606 14 8 73 18 46 127 27 47 70 89
23606 15 8 107 111 20 22 124 118 108 67
23606 16 8 95 110 77 108 2 44 29 78
23606 17 8 0 63 56 64 52 30 46 120
23606 18 8 43 106 95 76 2 27 65 3
23606 19 8 80 65 115 122 54 32 47 37
23606 20 8 15 12 71 48 29 112 20 27
23606 21 8 41 101 119 108 19 18 81 120
23606 22 8 22 109 3 11 121 72 93 103
23606 23 8 31 64 123 42 94 8 44 127
23606 24 8 101 26 62 13 3 48 0 11
23606 25 8 41 14 57 69 123 31 95 109
23606 26 8 47 18 46 27 60 70 94 97
23606 27 8 107 20 111 22 118 124 108 106
23606 28 8 44 108 77 110 95 29 17 2
23606 29 8 63 56 0 64 13 65 46 52
23606 30 8 43 13 95 118 106 12 76 9
23606 31 8 50 80 65 64 16 60 39 35
23606 32 8 15 12 27 20 71 29 48 46
23606 33 8 41 108 119 18 65 114 19 101
23606 34 8 22 109 112 97 25 121 65 113
23606 35 8 42 8 64 127 123 94 37 46
23606 36 8 0 3 38 26 97 101 7 25
23606 37 8 41 57 16 123 109 95 77 73
23606 38 8 47 60 18 52 46 71 88 70
23606 39 8 20 107 22 18 67 90 8 76
23606 40 8 77 29 44 110 108 55 3 95
23606 41 8 63 65 36 56 64 84 85 48
23606 42 8 49 126 90 127 75 20 64 32
23606 43 8 30 47 121 125 94 117 78 74
23606 44 8 110 13 73 80 121 11 84 32
23606 45 8 47 83 21 49 85 76 87 86
23606 46 8 122 45 10 84 103 123 96 97
23606 47 8 127 11 31 82 90 14 15 121
11 0 8 44 65 26 59 114 70 73 101
11 1 8 50 94 124 18 26 2 34 37
11 2 8 84 88 49 93 32 54 100 53
11 3 8 89 2 6 79 122 5 21 31
11 4 8 106 4 25 76 48 40 124 47
11 5 8 125 108 22 70 61 49 66 42
11 6 8 105 83 106 2 8 42 60 41
11 7 8 50 80 49 65 16 54 103 112
11 8 8 121 84 12 71 15 112 2 107
11 9 8 110 119 108 9 18 101 104 52
11 10 8 61 105 112 37 113 20 46 88
11 11 8 127 61 123 49 46 89 8 31
11 12 8 3 80 7 99 97 12 13 15
11 13 8 16 6 77 28 73 95 21 64
11 14 8 20 48 90 127 73 70 52 88
11 15 8 124 22 85 103 108 111 10 118
11 16 8 95 108 17 55 124 2 8 66
11 17 8 72 56 48 69 42 19 46 52
11 18 8 95 106 105 43 8 76 94 27
11 19 8 50 80 65 49 16 122 35 54
11 20 8 12 84 121 71 112 40 27 29
11 21 8 119 9 110 19 18 108 120 101
11 22 8 105 61 65 37 53 11 46 97
11 23 8 61 24 49 127 123 46 89 31
11 24 8 99 3 15 80 7 13 56 48
11 25 8 16 15 28 6 73 64 69 49
11 26 8 20 48 90 79 70 93 88 32
11 27 8 103 10 124 22 85 111 108 60
11 28 8 95 17 55 124 2 8 3 15
11 29 8 56 69 48 19 119 76 42 29
11 30 8 105 43 95 106 13 76 79 8
11 31 8 50 80 49 65 60 16 54 64
11 32 8 121 84 12 71 109 29 112 46
11 33 8 110 9 19 18 119 108 101 120
11 34 8 105 61 97 46 112 113 65 101
11 35 8 24 49 61 127 123 37 46 23
11 36 8 99 7 12 3 97 15 80 48
11 37 8 16 15 28 6 21 77 73 111
11 38 8 20 48 52 107 127 70 88 93
11 39 8 22 103 124 85 108 67 18 95
11 40 8 95 55 124 45 8 3 17 36
11 41 8 48 69 72 56 19 42 15 127
11 42 8 39 64 127 32 31 46 7 74
11 43 8 77 30 117 88 78 118 43 3
11 44 8 53 73 0 43 121 109 45 107
11 45 8 49 94 21 78 85 46 17 34
11 46 8 84 103 123 38 67 28 82 97
11 47 8 73 32 117 111 9 109 95 34
358 0 8 103 104 49 50 78 19 6 32
358 1 8 9 6 58 53 50 42 95 124
358 2 8 51 84 122 88 100 93 2 14
358 3 8 2 29 39 38 64 18 117 100
358 4 8 25 23 76 4 48 124 109 67
358 5 8 107 82 22 47 108 125 13 34
358 6 8 79 42 52 106 83 125 9 10
358 7 8 50 2 16 34 60 51 64 75
358 8 8 109 46 113 118 59 105 36 15
358 9 8 47 119 95 21 45 99 92 65
358 10 8 23 112 102 113 66 35 25 3
358 11 8 127 9 67 46 65 23 52 89
358 12 8 3 80 12 97 7 37 11 75
358 13 8 16 21 119 73 49 97 84 59
358 14 8 80 79 73 70 90 88 105 52
358 15 8 60 22 111 124 18 67 108 13
358 16 8 95 7 17 55 15 113 11 100
358 17 8 56 39 52 15 46 72 34 127
358 18 8 43 79 106 121 111 83 71 27
358 19 8 50 16 41 115 122 39 65 87
358 20 8 5 124 46 48 83 78 105 118
358 21 8 64 81 21 119 14 99 94 95
358 22 8 54 66 22 3 112 97 75 25
358 23 8 31 127 46 87 89 37 107 4
358 24 8 124 3 75 80 7 101 97 92
358 25 8 16 73 95 20 21 44 2 49
358 26 8 80 79 88 90 70 110 76 93
358 27 8 60 111 22 18 10 118 8 24
358 28 8 7 17 95 11 15 55 60 88
358 29 8 52 39 46 56 15 13 49 125
358 30 8 79 43 106 95 76 52 13 27
358 31 8 50 65 80 2 60 115 39 16
358 32 8 36 71 109 46 5 113 124 40
358 33 8 119 65 108 64 45 26 101 52
358 34 8 35 112 113 97 54 66 25 3
358 35 8 127 37 46 8 123 67 89 64
358 36 8 80 12 97 26 53 3 124 116
358 37 8 2 21 16 75 98 76 73 44
358 38 8 80 79 88 52 107 70 34 110
358 39 8 60 13 18 22 95 8 67 35
358 40 8 11 15 7 45 95 55 3 17
358 41 8 52 15 46 39 17 56 106 18
358 42 8 125 127 74 37 2 7 46 22
358 43 8 56 19 12 117 43 78 102 3
358 44 8 88 99 45 43 37 0 113 44
358 45 8 58 46 49 17 112 21 92 85
358 46 8 84 29 105 39 30 88 38 103
358 47 8 52 108 95 111 35 6 59 71
633 0 8 111 126 62 97 29 80 19 22
633 1 8 86 76 58 78 107 3 23 77
633 2 8 7 32 14 119 51 9 47 52
633 3 8 105 25 38 7 2 79 29 112
633 4 8 25 0 39 22 48 124 91 74
633 5 8 82 80 22 70 49 47 107 126
633 6 8 79 52 42 106 30 2 41 76
633 7 8 87 50 80 16 65 60 51 64
633 8 8 51 24 12 15 39 85 36 71
633 9 8 94 101 45 119 47 114 108 26
633 10 8 23 83 35 112 22 113 14 3
633 11 8 87 127 67 123 46 10 8 89
633 12 8 3 80 66 12 53 97 124 104
633 13 8 16 24 44 21 73 75 64 49
633 14 8 62 73 28 101 27 70 118 80
633 15 8 124 112 22 108 4 118 88 115
633 16 8 95 17 123 2 7 20 121 40
633 17 8 14 56 97 53 119 123 76 74
633 18 8 43 111 95 79 65 121 120 106
633 19 8 50 87 80 65 16 122 68 54
633 20 8 12 51 29 48 24 112 71 40
633 21 8 19 108 94 119 114 101 18 26
633 22 8 22 3 75 14 11 51 72 83
633 23 8 87 31 123 127 10 46 89 65
633 24 8 3 80 101 66 62 18 60 45
633 25 8 32 24 16 14 44 121 73 126
633 26 8 62 70 27 110 93 28 91 127
633 27 8 124 112 108 118 10 22 67 88
633 28 8 2 95 123 17 71 121 118 20
633 29 8 119 14 74 76 56 97 109 80
633 30 8 43 95 111 79 13 73 8 12
633 31 8 87 37 80 50 65 52 122 54
633 32 8 12 51 24 29 112 71 114 26
633 33 8 19 108 18 94 101 51 120 119
633 34 8 11 46 51 35 14 22 120 72
633 35 8 123 87 67 10 71 127 90 44
633 36 8 48 3 66 60 53 13 80 124
633 37 8 24 32 75 44 69 60 121 73
633 38 8 62 127 43 70 93 28 27 126
633 39 8 124 108 98 22 105 36 67 10
633 40 8 123 2 95 71 40 20 121 66
633 41 8 119 74 14 76 97 56 53 84
633 42 8 65 91 127 101 28 42 120 55
633 43 8 4 118 2 117 66 3 78 0
633 44 8 57 71 109 32 16 54 43 33
633 45 8 94 78 49 21 115 85 95 20
633 46 8 67 71 126 45 89 77 84 88
633 47 8 34 92 117 37 32 27 9 54
220 0 8 72 119 85 100 11 114 16 40
220 1 8 106 54 7 72 75 17 21 22
220 2 8 87 45 37 93 52 32 16 112
220 3 8 103 82 79 81 41 97 99 94
220 4 8 63 118 48 31 109 67 103 53
220 5 8 22 77 49 52 59 69 62 7
220 6 8 41 95 6 2 76 106 12 99
220 7 8 80 8 65 37 75 54 16 47
220 8 8 12 85 40 99 114 48 2 77
220 9 8 108 101 19 18 47 81 21 119
220 10 8 11 46 75 3 66 16 48 112
220 11 8 123 90 10 67 127 31 46 72
220 12 8 3 66 54 101 64 47 18 92
220 13 8 32 66 73 43 117 69 81 34
220 14 8 73 127 68 63 89 119 70 84
220 15 8 124 36 108 118 88 112 22 67
220 16 8 95 2 118 112 35 66 17 48
220 17 8 74 119 44 76 38 56 80 123
220 18 8 43 95 58 76 65 122 11 73
220 19 8 8 47 80 41 37 52 108 65
220 20 8 48 12 85 109 40 77 108 114
220 21 8 19 81 108 92 63 124 51 14
220 22 8 16 3 75 11 22 63 46 72
220 23 8 31 123 52 10 36 87 66 110
220 24 8 54 62 101 3 108 11 106 83
220 25 8 81 32 78 43 34 60 117 126
220 26 8 27 83 42 125 70 78 110 89
220 27 8 118 124 52 88 36 111 27 51
220 28 8 95 118 2 82 53 10 71 17
220 29 8 74 119 44 38 99 76 109 33
220 30 8 43 11 95 73 65 104 122 58
220 31 8 8 52 56 47 37 32 61 35
220 32 8 48 85 77 124 11 18 123 102
220 33 8 14 19 51 63 92 108 81 115
220 34 8 16 42 51 3 92 11 54 75
220 35 8 123 75 100 27 77 10 17 52
220 36 8 54 122 66 101 64 11 18 83
220 37 8 32 60 73 114 71 81 34 105
220 38 8 70 27 83 68 110 43 126 127
220 39 8 118 124 88 63 108 105 111 52
220 40 8 71 95 2 118 101 34 63 112
220 41 8 74 119 76 55 7 38 109 77
220 42 8 91 104 120 99 108 42 50 127
220 43 8 118 0 58 66 10 28 3 15
220 44 8 57 41 16 46 109 111 35 30
220 45 8 115 71 95 90 50 85 97 121
220 46 8 71 27 89 76 16 37 126 88
220 47 8 3 87 92 8 76 37 102 20
17 0 8 88 121 109 58 7 72 76 127
17 1 8 65 17 89 1 54 7 33 62
17 2 8 37 21 110 45 102 112 94 27
17 3 8 103 91 49 81 126 45 88 37
17 4 8 103 101 57 30 72 67 112 109
17 5 8 44 29 77 124 15 69 72 101
17 6 8 73 95 60 6 76 29 11 119
17 7 8 80 37 65 42 47 54 115 107
17 8 8 125 52 12 71 77 40 30 112
17 9 8 18 19 81 108 90 100 119 120
17 10 8 46 11 24 15 27 75 72 51
17 11 8 123 100 27 22 35 44 31 72
17 12 8 101 55 48 83 62 94 54 13
17 13 8 88 67 114 89 69 38 60 8
17 14 8 126 68 127 46 27 119 70 43
17 15 8 124 28 118 65 108 67 111 105
17 16 8 95 0 2 112 66 118 53 26
17 17 8 44 74 38 57 119 46 28 11
17 18 8 43 73 95 60 76 120 111 17
17 19 8 80 47 37 107 2 65 55 58
17 20 8 52 71 125 83 12 77 48 112
17 21 8 19 18 108 90 100 81 51 124
17 22 8 72 11 24 46 15 51 3 127
17 23 8 123 35 27 100 31 118 45 78
17 24 8 83 101 55 94 48 62 117 13
17 25 8 67 88 114 60 89 38 69 8
17 26 8 126 68 70 46 43 12 127 27
17 27 8 118 65 28 124 108 105 111 29
17 28 8 95 0 118 2 53 112 26 71
17 29 8 38 44 74 119 57 11 46 76
17 30 8 11 73 43 17 95 122 65 60
17 31 8 52 37 80 55 65 2 47 122
17 32 8 30 77 12 114 83 52 125 71
17 33 8 19 18 100 108 90 51 0 47
17 34 8 11 24 51 46 27 15 72 4
17 35 8 100 123 27 35 45 22 56 30
17 36 8 83 94 48 55 101 117 89 54
17 37 8 88 114 38 67 60 63 69 4
17 38 8 43 127 126 68 46 106 70 110
17 39 8 65 124 108 105 28 118 22 37
17 40 8 95 118 2 71 0 101 78 66
17 41 8 38 74 119 76 57 11 44 36
17 42 8 104 91 42 120 69 77 43 20
17 43 8 122 118 15 58 28 0 47 56
17 44 8 67 99 109 84 111 16 58 3
17 45 8 95 0 99 49 21 90 78 121
17 46 8 32 90 89 94 37 81 126 71
17 47 8 14 92 4 107 37 72 44 127
284 0 8 52 8 102 107 108 53 89 66
284 1 8 86 89 100 102 124 108 31 70
284 2 8 87 37 93 110 20 32 21 18
284 3 8 45 102 88 79 91 48 49 86
284 4 8 118 90 92 31 66 67 72 103
284 5 8 124 29 69 101 15 22 44 59
284 6 8 73 60 95 76 106 2 6 11
284 7 8 80 65 37 115 42 8 54 35
284 8 8 71 12 58 52 107 102 40 108
284 9 8 101 18 90 108 19 81 119 120
284 10 8 46 11 72 24 57 75 87 99
284 11 8 123 27 10 45 95 32 19 44
284 12 8 66 48 83 3 13 101 62 75
284 13 8 60 88 114 69 38 73 32 47
284 14 8 63 126 127 119 27 43 70 110
284 15 8 124 118 108 52 28 36 67 112
284 16 8 95 2 118 112 66 4 40 53
284 17 8 44 74 119 38 53 76 49 57
284 18 8 43 35 76 95 73 11 106 120
284 19 8 8 80 37 47 115 65 50 54
284 20 8 71 102 12 52 48 112 77 107
284 21 8 19 90 18 101 108 81 100 124
284 22 8 72 57 11 46 24 75 51 3
284 23 8 27 123 32 35 95 103 45 44
284 24 8 83 48 66 117 3 13 89 80
284 25 8 88 114 60 38 69 4 89 13
284 26 8 126 27 70 12 127 63 43 119
284 27 8 118 124 52 108 28 36 105 88
284 28 8 95 118 2 71 112 17 53 106
284 29 8 38 119 109 74 44 76 55 80
284 30 8 43 35 11 95 73 76 104 60
284 31 8 8 37 52 80 65 47 87 108
284 32 8 102 12 18 26 71 112 114 77
284 33 8 19 18 108 90 51 101 0 53
284 34 8 51 57 11 24 46 72 54 84
284 35 8 32 123 27 10 44 103 95 100
284 36 8 83 48 66 13 60 123 34 3
284 37 8 114 88 60 32 38 69 13 73
284 38 8 43 126 127 63 70 119 110 23
284 39 8 124 105 108 52 36 28 118 88
284 40 8 71 2 118 95 66 53 112 63
284 41 8 76 119 74 38 109 55 53 39
284 42 8 91 104 42 120 92 99 127 94
284 43 8 118 15 0 28 17 10 66 3
284 44 8 109 57 111 41 16 47 30 61
284 45 8 95 0 94 90 78 115 49 20
284 46 8 89 71 126 88 3 37 77 102
284 47 8 8 92 109 37 76 14 73 58
264 0 8 106 27 49 19 58 110 48 78
264 1 8 36 59 102 99 89 17 126 24
264 2 8 37 21 2 110 102 45 57 94
264 3 8 18 17 49 94 45 88 63 91
264 4 8 72 109 66 13 103 24 90 67
264 5 8 44 29 124 72 101 69 15 43
264 6 8 73 95 76 60 2 29 11 6
264 7 8 80 65 37 42 47 35 55 54
264 8 8 98 71 12 107 112 108 40 52
264 9 8 18 120 19 81 90 119 108 75
264 10 8 24 46 11 127 72 75 15 103
264 11 8 123 27 35 118 44 65 62 120
264 12 8 83 55 48 13 101 62 59 89
264 13 8 114 88 60 69 89 38 22 12
264 14 8 127 46 70 126 59 43 33 110
264 15 8 118 65 124 80 108 19 112 105
264 16 8 95 118 2 112 66 53 4 70
264 17 8 39 74 38 119 76 28 37 80
264 18 8 76 95 120 11 73 6 2 111
264 19 8 2 80 37 47 55 65 108 42
264 20 8 98 12 71 112 52 29 48 40
264 21 8 19 18 108 81 90 75 119 101
264 22 8 24 72 11 51 46 3 75 127
264 23 8 27 35 123 118 32 44 31 36
264 24 8 83 55 59 13 48 101 62 92
264 25 8 88 114 69 60 89 38 61 119
264 26 8 33 59 110 12 126 70 46 83
264 27 8 118 80 65 124 108 67 75 79
264 28 8 95 53 118 2 71 66 100 113
264 29 8 39 38 74 76 119 28 80 109
264 30 8 11 95 73 122 111 120 65 76
264 31 8 2 37 52 47 80 55 32 65
264 32 8 98 12 48 71 114 26 52 112
264 33 8 19 18 90 108 51 31 53 95
264 34 8 24 11 55 46 127 15 51 92
264 35 8 123 27 35 100 32 103 118 65
264 36 8 83 55 89 48 62 78 33 75
264 37 8 114 88 60 63 38 34 71 73
264 38 8 33 43 126 127 70 59 110 91
264 39 8 80 65 118 105 108 124 28 88
264 40 8 71 53 118 2 95 34 65 26
264 41 8 39 74 38 76 119 109 55 68
264 42 8 104 91 42 120 92 99 50 43
264 43 8 15 122 118 82 28 17 0 55
264 44 8 67 57 109 61 16 47 66 95
264 45 8 95 90 0 49 29 21 85 121
264 46 8 89 88 37 126 79 4 5 44
264 47 8 92 37 8 14 93 25 107 98
29456 0 8 22 123 94 47 72 6 19 11
29456 1 8 102 65 36 112 70 126 25 24
29456 2 8 37 21 110 98 99 6 102 31
29456 3 8 126 88 45 49 91 63 28 50
29456 4 8 72 24 49 109 101 103 13 98
29456 5 8 29 124 44 15 101 14 43 69
29456 6 8 73 60 95 76 29 11 6 122
29456 7 8 80 37 65 42 54 55 47 107
29456 8 8 12 71 125 52 112 107 48 40
29456 9 8 18 19 31 90 51 81 108 41
29456 10 8 24 46 11 51 15 72 2 93
29456 11 8 123 27 35 52 31 119 44 118
29456 12 8 94 83 48 55 13 101 89 62
29456 13 8 114 88 60 38 69 89 78 25
29456 14 8 126 127 59 46 43 70 12 35
29456 15 8 118 65 124 19 28 108 105 107
29456 16 8 95 53 112 66 46 2 118 4
29456 17 8 74 38 119 76 34 37 63 28
29456 18 8 43 73 11 60 95 120 65 76
29456 19 8 80 47 37 65 55 107 108 56
29456 20 8 83 12 71 29 52 112 125 98
29456 21 8 108 18 19 51 90 81 31 124
29456 22 8 11 24 51 72 46 75 22 32
29456 23 8 31 27 123 35 52 100 124 32
29456 24 8 83 48 62 101 94 13 55 92
29456 25 8 88 89 114 60 69 38 12 78
29456 26 8 59 46 12 110 70 126 43 127
29456 27 8 118 65 107 124 80 28 19 108
29456 28 8 53 95 118 2 34 71 28 54
29456 29 8 38 74 34 76 119 11 109 29
29456 30 8 11 43 95 73 60 65 122 76
29456 31 8 37 55 52 47 80 65 32 45
29456 32 8 83 48 12 71 112 114 98 52
29456 33 8 51 19 18 90 31 108 81 63
29456 34 8 24 11 51 46 92 15 22 42
29456 35 8 52 123 27 35 103 100 101 32
29456 36 8 83 94 55 48 89 18 19 62
29456 37 8 88 114 60 63 69 38 71 34
29456 38 8 43 127 126 70 83 91 23 46
29456 39 8 118 65 124 108 105 28 80 111
29456 40 8 71 95 118 2 53 78 34 26
29456 41 8 74 38 119 76 109 34 11 39
29456 42 8 104 91 120 42 43 100 92 69
29456 43 8 15 122 118 28 17 82 0 32
29456 44 8 67 109 16 47 41 57 1 84
29456 45 8 95 0 90 121 29 78 49 85
29456 46 8 89 126 88 71 5 104 37 32
29456 47 8 98 25 92 14 37 44 8 93
3470 0 8 19 58 49 37 72 46 78 113
3470 1 8 102 36 31 25 59 38 66 108
3470 2 8 37 21 75 110 2 102 20 6
3470 3 8 49 18 88 45 63 126 102 87
3470 4 8 72 24 66 92 13 88 101 49
3470 5 8 44 124 29 43 15 72 101 69
3470 6 8 73 95 60 76 6 11 29 65
3470 7 8 37 80 65 42 55 35 47 54
3470 8 8 98 12 71 112 107 48 52 108
3470 9 8 90 19 18 81 41 31 120 108
3470 10 8 24 11 46 15 51 55 72 93
3470 11 8 123 27 35 103 1 119 44 65
3470 12 8 83 48 55 13 89 94 123 35
3470 13 8 114 88 60 38 69 89 1 22
3470 14 8 126 127 43 12 33 46 70 63
3470 15 8 118 124 65 80 108 105 51 67
3470 16 8 95 112 118 2 66 27 26 53
3470 17 8 74 38 119 39 76 49 28 68
3470 18 8 95 60 73 11 76 6 43 119
3470 19 8 80 2 37 47 65 55 52 107
3470 20 8 12 98 71 112 52 102 48 107
3470 21 8 19 90 18 108 31 81 120 119
3470 22 8 11 46 24 51 72 3 93 55
3470 23 8 123 35 27 103 44 32 31 100
3470 24 8 83 55 89 13 48 123 94 44
3470 25 8 88 114 60 38 89 69 78 61
3470 26 8 33 12 126 46 26 43 70 105
3470 27 8 80 118 65 51 124 108 107 0
3470 28 8 27 95 53 2 118 28 26 71
3470 29 8 38 39 74 119 76 49 61 30
3470 30 8 11 95 73 76 43 60 125 27
3470 31 8 52 80 37 2 47 55 108 65
3470 32 8 98 12 48 102 71 45 112 52
3470 33 8 19 90 18 95 108 31 79 0
3470 34 8 51 24 46 11 55 42 3 31
3470 35 8 123 27 35 1 103 100 32 31
3470 36 8 83 123 33 89 34 18 48 78
3470 37 8 114 88 60 89 38 34 73 110
3470 38 8 33 19 59 83 126 43 109 91
3470 39 8 118 80 65 105 108 51 63 124
3470 40 8 71 34 118 53 95 2 78 54
3470 41 8 39 38 74 76 119 68 61 30
3470 42 8 104 91 43 42 99 120 38 10
3470 43 8 10 15 122 118 82 7 111 92
3470 44 8 67 57 30 109 16 66 15 1
3470 45 8 90 95 0 29 121 16 8 85
3470 46 8 89 37 126 79 43 76 0 113
3470 47 8 8 119 92 107 37 14 12 93
29456 0 8 123 94 89 92 6 11 19 87
29456 1 8 102 65 47 112 36 31 33 70
29456 2 8 37 21 110 6 27 98 102 99
29456 3 8 126 45 49 91 88 50 28 63
29456 4 8 119 72 101 24 49 109 112 13
29456 5 8 29 124 44 15 101 14 43 69
29456 6 8 95 60 73 88 76 6 65 29
29456 7 8 80 37 65 54 42 47 35 55
29456 8 8 12 71 125 52 18 107 48 112
29456 9 8 19 18 31 90 41 81 108 120
29456 10 8 24 46 51 15 11 31 72 3
29456 11 8 123 27 35 1 103 119 44 118
29456 12 8 94 83 48 35 89 13 55 108
29456 13 8 114 38 60 88 69 89 67 74
29456 14 8 126 12 127 46 59 43 70 83
29456 15 8 118 19 107 124 65 108 67 28
29456 16 8 54 95 44 66 53 2 118 112
29456 17 8 74 38 119 49 76 63 28 34
29456 18 8 95 43 76 88 73 60 11 27
29456 19 8 80 37 65 47 42 55 122 58
29456 20 8 12 71 52 125 112 83 48 19
29456 21 8 19 90 18 108 51 101 120 119
29456 22 8 46 51 11 72 24 32 22 3
29456 23 8 123 27 35 103 31 44 95 100
29456 24 8 83 94 108 89 3 55 20 48
29456 25 8 88 114 38 60 89 67 69 8
29456 26 8 12 126 70 46 59 110 81 33
29456 27 8 118 107 65 19 124 80 2 108
29456 28 8 54 95 118 53 27 28 26 17
29456 29 8 11 38 108 49 63 74 0 56
29456 30 8 43 95 88 120 11 76 60 73
29456 31 8 52 80 37 123 7 65 55 47
29456 32 8 12 83 18 71 114 27 52 112
29456 33 8 19 18 108 51 16 79 53 41
29456 34 8 51 46 24 11 72 42 22 48
29456 35 8 123 35 27 100 32 44 45 46
29456 36 8 94 3 48 117 13 83 34 55
29456 37 8 88 114 69 38 73 63 110 95
29456 38 8 46 18 126 81 107 127 70 59
29456 39 8 22 65 107 124 108 80 67 19
29456 40 8 54 95 118 34 3 65 17 108
29456 41 8 63 38 11 65 39 56 0 18
29456 42 8 20 104 69 126 127 42 32 50
29456 43 8 47 15 122 94 28 27 3 65
29456 44 8 67 110 84 11 1 94 16 95
29456 45 8 21 49 34 86 95 90 89 83
29456 46 8 1 123 37 103 38 88 90 71
29456 47 8 14 44 11 82 127 12 107 31
13 0 8 65 43 73 98 45 44 1 108
13 1 8 18 94 38 26 127 80 50 117
13 2 8 88 84 38 93 18 57 32 20
13 3 8 6 31 124 21 91 2 36 89
13 4 8 106 115 85 76 124 48 67 109
13 5 8 61 66 125 22 69 8 49 64
13 6 8 83 105 8 2 106 95 60 12
13 7 8 49 112 80 65 37 16 43 96
13 8 8 12 121 84 71 112 40 59 2
13 9 8 16 9 110 18 119 108 104 19
13 10 8 105 61 72 56 11 75 46 112
13 11 8 49 24 123 61 27 125 32 127
13 12 8 3 99 15 48 80 75 13 101
13 13 8 15 73 28 6 69 23 114 34
13 14 8 48 20 127 32 73 90 126 70
13 15 8 118 85 124 22 101 108 67 10
13 16 8 95 124 39 17 8 2 66 108
13 17 8 42 105 56 74 19 72 119 69
13 18 8 83 105 106 95 27 60 2 76
13 19 8 80 49 112 65 115 37 42 54
13 20 8 12 84 71 121 112 52 48 107
13 21 8 19 9 125 110 18 119 108 16
13 22 8 105 61 72 56 51 11 46 93
13 23 8 123 24 49 61 23 127 32 44
13 24 8 3 99 15 48 13 80 96 56
13 25 8 15 6 28 58 69 23 114 73
13 26 8 20 48 90 17 70 32 127 12
13 27 8 101 85 124 10 22 108 118 103
13 28 8 124 95 17 81 8 39 2 3
13 29 8 42 21 105 19 56 48 69 118
13 30 8 105 83 43 95 106 76 8 13
13 31 8 112 49 80 65 122 54 64 60
13 32 8 65 121 84 71 12 112 29 46
13 33 8 125 19 9 110 18 108 16 119
13 34 8 105 56 61 46 51 78 112 53
13 35 8 49 24 23 61 125 123 127 32
13 36 8 99 15 3 96 48 56 97 80
13 37 8 15 28 58 23 6 69 25 111
13 38 8 17 48 20 90 107 70 127 86
13 39 8 85 101 22 10 70 103 124 67
13 40 8 124 95 17 81 8 3 45 65
13 41 8 48 69 42 21 56 19 17 18
13 42 8 64 31 127 32 7 114 74 46
13 43 8 77 88 117 78 31 43 3 102
13 44 8 53 0 73 90 43 121 107 61
13 45 8 94 49 101 85 21 78 27 2
13 46 8 88 38 11 84 34 31 28 103
13 47 8 105 73 57 20 9 109 59 86
5005 0 8 21 63 2 50 103 75 97 13
5005 1 8 6 58 41 23 8 26 42 3
5005 2 8 54 88 84 93 8 32 100 53
5005 3 8 64 93 2 38 4 80 124 29
5005 4 8 25 56 48 4 76 124 67 22
5005 5 8 82 47 22 71 34 68 49 30
5005 6 8 52 83 42 106 8 2 43 30
5005 7 8 50 95 16 49 64 60 51 48
5005 8 8 36 109 46 84 15 59 105 103
5005 9 8 16 65 98 119 9 110 62 99
5005 10 8 113 112 73 102 61 6 90 88
5005 11 8 9 127 26 37 61 69 46 67
5005 12 8 3 80 97 79 107 75 7 15
5005 13 8 23 73 98 21 118 6 16 64
5005 14 8 101 79 73 10 48 76 90 88
5005 15 8 103 22 85 60 87 8 10 124
5005 16 8 95 17 124 15 7 55 65 8
5005 17 8 56 69 48 15 19 49 52 34
5005 18 8 83 79 106 43 95 76 105 8
5005 19 8 80 50 65 16 95 49 75 60
5005 20 8 36 46 12 66 71 109 84 121
5005 21 8 65 9 98 119 16 110 64 18
5005 22 8 73 105 112 61 90 53 25 65
5005 23 8 26 127 61 49 46 24 37 32
5005 24 8 80 3 107 99 97 75 56 15
5005 25 8 6 16 73 80 118 28 23 21
5005 26 8 79 70 90 101 48 127 10 88
5005 27 8 124 103 22 108 10 85 87 111
5005 28 8 124 17 95 55 8 15 2 3
5005 29 8 56 48 69 19 49 76 52 97
5005 30 8 43 105 13 95 106 76 8 111
5005 31 8 49 80 65 50 95 64 122 60
5005 32 8 36 109 84 71 121 12 46 29
5005 33 8 65 9 110 19 108 18 119 101
5005 34 8 61 113 105 46 112 65 53 66
5005 35 8 61 123 49 24 127 46 67 37
5005 36 8 80 99 3 15 97 12 7 48
5005 37 8 98 16 21 23 28 6 73 69
5005 38 8 101 79 70 48 127 107 88 93
5005 39 8 87 103 124 22 67 108 10 18
5005 40 8 95 55 3 124 17 8 45 7
5005 41 8 48 69 56 19 17 49 28 52
5005 42 8 64 37 31 127 7 74 32 46
5005 43 8 30 77 88 117 78 43 19 3
5005 44 8 0 73 53 43 45 121 95 113
5005 45 8 49 85 94 78 21 46 112 34
5005 46 8 122 88 38 82 84 105 39 28
5005 47 8 73 95 9 32 117 59 52 35
11 0 8 44 26 65 59 93 111 73 118
11 1 8 50 23 58 94 124 42 26 34
11 2 8 84 88 93 54 32 100 47 18
11 3 8 2 82 39 93 29 64 38 124
11 4 8 56 25 106 124 4 48 67 109
11 5 8 82 22 47 71 107 96 49 2
11 6 8 106 42 43 6 30 95 2 52
11 7 8 80 95 65 50 16 115 54 91
11 8 8 109 36 71 59 12 113 78 108
11 9 8 119 65 47 34 14 81 101 12
11 10 8 23 113 75 107 37 16 25 112
11 11 8 67 127 123 31 46 32 6 69
11 12 8 3 80 114 92 37 75 112 101
11 13 8 16 21 23 98 25 118 73 69
11 14 8 127 20 70 79 52 118 101 89
11 15 8 124 22 103 108 112 4 118 67
11 16 8 95 55 66 2 28 15 124 109
11 17 8 56 48 69 97 28 72 52 90
11 18 8 43 95 76 106 120 111 27 2
11 19 8 80 65 122 42 37 107 50 47
11 20 8 109 71 12 112 52 29 107 99
11 21 8 18 19 119 101 65 108 88 26
11 22 8 72 3 51 46 11 123 65 66
11 23 8 32 67 123 127 31 46 44 10
11 24 8 3 80 48 13 101 92 20 62
11 25 8 16 69 25 23 13 59 98 121
11 26 8 70 127 20 110 12 79 89 90
11 27 8 118 124 22 108 103 67 112 111
11 28 8 95 55 124 17 2 66 109 3
11 29 8 56 48 52 69 42 28 76 19
11 30 8 43 95 106 76 13 111 125 107
11 31 8 80 65 52 122 54 50 49 64
11 32 8 109 71 12 36 29 112 108 99
11 33 8 19 18 108 65 119 101 51 26
11 34 8 46 51 66 65 113 48 61 72
11 35 8 123 32 46 127 67 61 44 49
11 36 8 80 3 48 99 13 114 15 7
11 37 8 16 15 28 6 23 98 69 21
11 38 8 20 48 70 127 107 88 90 79
11 39 8 85 124 22 103 108 10 101 67
11 40 8 95 124 8 17 3 55 2 15
11 41 8 48 56 19 69 72 17 42 15
11 42 8 64 39 7 127 31 74 32 46
11 43 8 77 88 117 30 78 43 19 3
11 44 8 0 53 73 43 45 61 121 109
11 45 8 49 85 46 78 94 112 21 63
11 46 8 88 38 105 82 39 84 28 89
11 47 8 73 95 9 32 35 52 59 117
84192 0 8 67 126 3 77 19 12 62 29
84192 1 8 78 6 23 58 8 88 123 105
84192 2 8 119 32 69 37 102 62 47 94
84192 3 8 120 64 7 29 112 79 11 16
84192 4 8 56 4 39 91 109 50 48 67
84192 5 8 108 70 52 47 22 49 96 71
84192 6 8 95 79 2 76 60 106 6 13
84192 7 8 80 87 65 54 72 16 103 86
84192 8 8 24 51 12 71 36 6 78 27
84192 9 8 18 101 108 65 119 19 26 104
84192 10 8 46 88 107 37 113 120 112 84
84192 11 8 71 87 123 69 127 10 111 46
84192 12 8 3 114 80 75 24 48 52 11
84192 13 8 49 121 24 98 16 64 73 69
84192 14 8 62 127 28 118 70 88 52 73
84192 15 8 124 115 22 108 72 112 118 87
84192 16 8 95 20 123 17 29 2 66 121
84192 17 8 97 14 56 84 28 120 76 52
84192 18 8 43 95 76 79 13 120 111 106
84192 19 8 80 87 65 122 54 37 124 46
84192 20 8 12 51 24 71 29 112 27 48
84192 21 8 19 18 101 108 65 26 119 51
84192 22 8 37 65 46 51 11 3 113 120
84192 23 8 87 71 123 127 31 46 10 44
84192 24 8 101 80 3 114 24 106 48 13
84192 25 8 49 24 121 64 69 98 89 95
84192 26 8 62 70 127 28 88 93 89 118
84192 27 8 112 115 124 108 22 118 72 87
84192 28 8 20 123 95 17 2 71 121 109
84192 29 8 84 14 97 56 28 76 119 120
84192 30 8 13 43 95 76 60 79 120 106
84192 31 8 80 65 64 87 122 52 35 37
84192 32 8 51 24 12 29 71 36 112 52
84192 33 8 19 108 18 26 101 51 65 104
84192 34 8 37 51 88 46 120 65 113 3
84192 35 8 71 87 123 10 127 111 46 20
84192 36 8 48 120 3 52 98 80 24 13
84192 37 8 49 24 121 55 69 89 98 82
84192 38 8 62 70 127 25 28 118 88 91
84192 39 8 98 115 124 22 108 112 67 24
84192 40 8 95 123 36 20 3 2 121 17
84192 41 8 84 28 14 56 97 127 76 119
84192 42 8 28 127 65 120 46 101 77 55
84192 43 8 2 65 117 79 78 4 118 3
84192 44 8 61 113 71 13 43 84 33 68
84192 45 8 85 127 49 20 78 34 21 94
84192 46 8 88 67 74 45 89 103 28 77
84192 47 8 54 59 34 117 55 24 79 27
2176 0 8 34 63 61 80 106 21 7 120
2176 1 8 89 85 9 75 105 20 65 53
2176 2 8 90 8 100 122 32 54 69 68
2176 3 8 94 79 7 11 0 46 122 5
2176 4 8 4 87 39 120 67 95 100 40
2176 5 8 54 52 105 70 49 24 36 20
2176 6 8 43 95 60 106 76 120 13 58
2176 7 8 80 65 89 2 41 54 72 47
2176 8 8 108 124 24 28 18 113 48 76
2176 9 8 21 105 92 47 104 107 99 108
2176 10 8 115 66 110 8 9 92 48 45
2176 11 8 22 15 50 87 31 102 13 10
2176 12 8 11 54 111 91 37 3 62 120
2176 13 8 66 20 113 13 126 31 34 55
2176 14 8 84 2 83 27 73 61 19 96
2176 15 8 115 118 34 112 13 22 14 79
2176 16 8 95 119 51 10 42 1 113 107
2176 17 8 126 124 56 3 61 35 73 13
2176 18 8 43 120 95 125 121 12 104 65
2176 19 8 72 52 47 41 56 1 108 64
2176 20 8 48 28 85 113 78 11 10 18
2176 21 8 21 63 105 69 92 107 51 95
2176 22 8 115 22 84 3 121 75 0 48
2176 23 8 31 62 77 70 75 87 13 36
2176 24 8 54 37 18 62 91 106 111 11
2176 25 8 14 85 74 97 31 66 126 113
2176 26 8 84 2 27 83 96 59 89 94
2176 27 8 115 12 24 118 79 100 111 34
2176 28 8 119 51 109 98 10 74 49 27
2176 29 8 126 61 3 123 124 30 51 78
2176 30 8 43 95 125 120 13 111 9 6
2176 31 8 56 72 35 41 122 64 52 119
2176 32 8 28 18 11 48 51 10 85 113
2176 33 8 107 51 63 21 105 69 92 124
2176 34 8 22 115 54 3 92 121 84 110
2176 35 8 62 15 117 17 13 70 31 94
2176 36 8 111 11 78 118 37 47 91 44
2176 37 8 85 14 97 74 13 66 126 31
2176 38 8 84 70 101 2 19 91 59 89
2176 39 8 37 100 118 34 24 115 63 112
2176 40 8 119 101 51 98 70 123 115 95
2176 41 8 126 61 28 3 10 13 123 11
2176 42 8 38 120 98 30 102 109 78 94
2176 43 8 65 3 17 72 79 94 92 96
2176 44 8 84 68 35 72 12 1 82 15
2176 45 8 20 85 21 97 121 34 72 103
2176 46 8 21 88 51 94 67 103 110 113
2176 47 8 103 26 94 54 67 6 36 110
11067 0 8 30 87 19 41 80 124 28 23
11067 1 8 89 85 16 59 113 36 101 38
11067 2 8 32 115 100 76 68 37 102 69
11067 3 8 0 79 50 70 92 21 29 45
11067 4 8 4 109 27 121 67 102 120 40
11067 5 8 71 54 49 48 70 122 10 22
11067 6 8 95 60 106 76 6 2 43 41
11067 7 8 2 80 65 16 35 41 47 54
11067 8 8 12 15 27 18 108 71 13 29
11067 9 8 104 108 92 105 101 41 18 16
11067 10 8 115 110 45 103 75 22 109 102
11067 11 8 46 123 8 22 31 15 127 4
11067 12 8 3 26 101 11 7 54 62 75
11067 13 8 74 41 36 95 73 34 20 13
11067 14 8 101 83 94 73 127 46 2 70
11067 15 8 20 107 124 22 118 108 111 63
11067 16 8 29 95 6 77 17 122 108 110
11067 17 8 61 52 56 63 70 90 0 73
11067 18 8 43 120 95 65 88 27 76 26
11067 19 8 52 47 2 80 1 41 123 45
11067 20 8 48 85 27 10 18 5 69 108
11067 21 8 105 63 51 108 92 81 32 26
11067 22 8 3 70 115 22 75 109 51 54
11067 23 8 31 71 4 11 77 123 121 17
11067 24 8 37 101 44 62 54 26 91 75
11067 25 8 74 95 41 36 116 73 86 14
11067 26 8 2 83 110 70 27 46 94 24
11067 27 8 107 118 63 111 24 79 12 13
11067 28 8 29 6 17 110 77 119 95 108
11067 29 8 61 63 52 13 46 123 115 64
11067 30 8 43 13 95 98 120 9 125 88
11067 31 8 64 2 52 123 35 50 88 72
11067 32 8 27 18 29 10 69 48 108 5
11067 33 8 108 51 105 6 41 26 63 92
11067 34 8 51 3 22 109 54 70 110 48
11067 35 8 71 46 94 37 123 31 8 64
11067 36 8 7 101 11 44 26 75 3 80
11067 37 8 74 36 95 41 73 16 2 49
11067 38 8 101 70 46 107 47 2 88 76
11067 39 8 22 37 24 8 20 118 107 111
11067 40 8 6 29 95 123 108 110 77 115
11067 41 8 84 36 63 115 11 65 61 46
11067 42 8 77 25 120 46 49 20 127 8
11067 43 8 94 30 47 117 125 17 8 3
11067 44 8 84 1 110 33 99 11 113 80
11067 45 8 86 83 47 85 21 49 76 97
11067 46 8 45 88 10 103 96 81 37 123
11067 47 8 54 11 14 127 31 12 67 45
553 0 8 93 69 53 120 0 19 61 81
553 1 8 53 41 83 124 85 103 77 105
553 2 8 32 116 117 37 69 100 102 72
553 3 8 26 0 1 79 5 11 7 20
553 4 8 4 91 109 39 103 67 54 121
553 5 8 111 70 49 15 108 71 22 69
553 6 8 95 60 106 2 76 41 6 73
553 7 8 80 72 65 35 54 37 42 41
553 8 8 12 99 27 71 28 51 124 108
553 9 8 101 18 108 19 48 119 105 26
553 10 8 46 14 75 65 9 88 11 72
553 11 8 123 10 46 58 71 31 13 17
553 12 8 66 120 69 3 18 48 13 11
553 13 8 121 55 24 69 49 20 14 117
553 14 8 127 70 28 43 118 27 2 89
553 15 8 112 124 118 115 108 105 22 4
553 16 8 95 20 121 2 112 4 32 100
553 17 8 97 74 119 14 7 76 90 61
553 18 8 43 95 120 65 76 60 58 73
553 19 8 72 80 65 37 47 52 124 122
553 20 8 99 27 12 48 28 71 51 29
553 21 8 19 108 18 101 105 81 63 21
553 22 8 22 14 3 11 46 24 51 72
553 23 8 31 10 58 123 13 71 46 77
553 24 8 69 66 120 48 3 80 44 123
553 25 8 121 114 24 68 69 49 30 14
553 26 8 43 70 127 89 27 110 126 119
553 27 8 112 118 124 115 108 105 36 24
553 28 8 95 121 2 20 112 118 71 17
553 29 8 119 74 14 76 97 61 28 5
553 30 8 43 95 13 73 60 120 76 98
553 31 8 72 52 37 80 122 65 64 36
553 32 8 99 27 28 12 29 125 51 112
553 33 8 19 18 108 105 101 43 51 26
553 34 8 22 51 14 46 11 24 54 3
553 35 8 58 10 13 71 123 31 46 77
553 36 8 69 66 48 60 120 89 13 62
553 37 8 121 25 85 69 14 107 68 24
553 38 8 70 43 127 84 101 28 19 126
553 39 8 105 108 115 124 118 112 34 100
553 40 8 95 121 2 71 20 17 66 101
553 41 8 45 119 74 76 14 97 28 61
553 42 8 65 21 91 120 42 127 119 101
553 43 8 118 4 65 79 17 3 117 10
553 44 8 109 71 113 57 16 47 43 1
553 45 8 85 49 127 21 20 78 95 115
553 46 8 89 67 88 126 37 77 99 49
553 47 8 55 92 34 8 37 117 14 79
293 0 8 49 72 19 78 50 37 58 47
293 1 8 36 59 60 103 22 77 17 47
293 2 8 21 37 2 110 102 94 31 6
293 3 8 103 49 18 87 126 0 27 21
293 4 8 72 109 13 103 24 49 101 88
293 5 8 44 29 72 124 15 43 69 101
293 6 8 60 95 73 76 2 11 15 29
293 7 8 80 65 37 2 47 35 41 74
293 8 8 98 12 71 112 108 48 52 124
293 9 8 18 41 108 19 120 81 90 92
293 10 8 46 15 24 11 127 22 103 3
293 11 8 123 35 27 46 118 31 44 65
293 12 8 94 55 89 48 83 13 101 11
293 13 8 114 88 38 69 86 60 14 84
293 14 8 127 126 46 43 12 97 33 83
293 15 8 107 65 124 118 108 80 63 105
293 16 8 95 27 112 70 2 118 54 53
293 17 8 74 39 38 119 63 123 76 11
293 18 8 73 11 76 95 60 65 29 2
293 19 8 80 37 2 47 52 65 55 58
293 20 8 98 12 71 112 52 125 48 40
293 21 8 19 108 90 18 41 81 31 63
293 22 8 24 11 46 127 22 3 75 15
293 23 8 31 35 123 27 118 44 62 46
293 24 8 83 55 101 20 48 59 94 62
293 25 8 114 88 89 69 38 74 84 12
293 26 8 33 46 126 83 43 110 12 70
293 27 8 118 80 65 107 124 51 108 27
293 28 8 27 95 100 118 28 2 70 53
293 29 8 39 38 74 76 119 63 13 54
293 30 8 73 11 95 76 27 6 120 111
293 31 8 2 37 52 80 55 47 65 108
293 32 8 98 12 48 40 112 18 52 78
293 33 8 19 18 81 108 41 31 90 107
293 34 8 22 24 55 11 46 51 3 42
293 35 8 123 35 100 27 31 62 43 52
293 36 8 78 62 101 83 55 89 122 11
293 37 8 88 14 114 25 85 89 2 86
293 38 8 33 83 59 91 110 76 94 105
293 39 8 118 80 65 27 24 105 88 63
293 40 8 71 34 98 118 95 79 2 27
293 41 8 39 38 74 76 68 123 119 10
293 42 8 77 104 42 91 43 38 120 81
293 43 8 10 30 15 122 118 55 3 70
293 44 8 67 57 66 84 15 63 99 9
293 45 8 90 95 0 85 16 21 81 8
293 46 8 89 37 126 88 79 76 113 81
293 47 8 14 92 107 8 37 119 12 30
29456 0 8 123 89 94 92 6 19 22 11
29456 1 8 65 102 47 36 33 112 17 1
29456 2 8 37 21 110 6 102 98 27 99
29456 3 8 126 45 50 49 91 0 21 81
29456 4 8 72 49 101 24 119 112 109 55
29456 5 8 29 124 44 15 101 14 43 69
29456 6 8 95 73 60 6 76 29 15 11
29456 7 8 37 80 65 47 54 35 55 42
29456 8 8 12 52 71 125 112 18 48 83
29456 9 8 18 31 41 108 19 90 81 120
29456 10 8 22 15 46 24 11 31 51 27
29456 11 8 123 35 27 31 72 46 118 44
29456 12 8 94 55 101 48 83 89 35 13
29456 13 8 38 114 88 86 60 69 14 73
29456 14 8 12 126 127 46 43 83 97 59
29456 15 8 118 107 65 124 19 108 27 28
29456 16 8 95 54 44 2 112 118 34 27
29456 17 8 63 74 38 11 123 119 34 76
29456 18 8 43 95 73 11 60 76 65 120
29456 19 8 37 80 65 47 52 56 55 107
29456 20 8 12 125 71 48 52 83 112 40
29456 21 8 19 18 41 108 90 31 81 63
29456 22 8 22 24 11 46 3 51 127 15
29456 23 8 123 35 31 27 46 118 44 52
29456 24 8 94 101 55 48 83 89 3 62
29456 25 8 114 88 38 89 14 60 69 86
29456 26 8 46 126 83 12 70 61 110 68
29456 27 8 107 118 65 111 124 19 27 80
29456 28 8 54 95 108 27 118 29 28 44
29456 29 8 63 11 46 0 13 38 74 56
29456 30 8 43 95 120 73 11 60 111 76
29456 31 8 50 80 52 37 55 65 64 122
29456 32 8 27 18 12 83 48 30 52 108
29456 33 8 41 108 19 18 14 38 51 81
29456 34 8 22 51 46 24 15 3 65 11
29456 35 8 123 100 35 46 27 52 94 71
29456 36 8 94 3 7 20 101 48 55 38
29456 37 8 16 88 95 14 109 63 123 114
29456 38 8 46 70 68 107 52 18 126 71
29456 39 8 22 107 20 18 65 80 67 60
29456 40 8 95 29 77 108 44 3 60 55
29456 41 8 63 36 11 46 65 56 15 52
29456 42 8 77 127 49 126 125 46 7 104
29456 43 8 30 12 49 19 122 117 15 47
29456 44 8 99 88 84 43 45 11 33 32
29456 45 8 49 17 21 85 83 112 46 58
29456 46 8 81 29 30 88 10 105 39 45
29456 47 8 127 111 31 95 52 35 59 15
6696 0 8 120 97 126 29 2 19 111 9
6696 1 8 107 53 86 78 76 58 123 26
6696 2 8 32 7 14 116 119 115 94 50
6696 3 8 26 7 89 13 79 25 16 91
6696 4 8 25 39 4 0 109 91 48 67
6696 5 8 82 125 70 102 80 22 49 97
6696 6 8 2 106 8 52 95 99 76 79
6696 7 8 50 80 87 65 16 54 123 64
6696 8 8 12 24 51 15 27 85 71 58
6696 9 8 101 94 119 108 18 92 104 16
6696 10 8 23 113 112 46 107 75 14 53
6696 11 8 123 87 127 46 71 8 69 86
6696 12 8 3 80 53 124 30 12 97 75
6696 13 8 16 24 73 64 44 21 75 69
6696 14 8 73 62 28 63 127 27 70 101
6696 15 8 124 22 108 118 112 10 127 63
6696 16 8 95 17 123 2 121 60 91 20
6696 17 8 14 56 72 97 123 74 53 13
6696 18 8 43 120 8 95 106 12 83 76
6696 19 8 50 87 80 65 52 16 41 47
6696 20 8 12 48 51 24 85 40 26 27
6696 21 8 19 108 119 18 94 101 81 120
6696 22 8 3 65 11 51 54 75 46 14
6696 23 8 123 87 46 127 32 31 36 71
6696 24 8 3 80 66 101 20 13 56 124
6696 25 8 16 24 121 32 73 31 69 64
6696 26 8 62 27 70 110 28 93 80 79
6696 27 8 124 112 108 118 10 22 115 67
6696 28 8 123 95 17 2 121 20 118 3
6696 29 8 14 119 76 56 74 97 80 123
6696 30 8 13 43 95 120 106 76 111 27
6696 31 8 50 87 80 65 52 37 35 60
6696 32 8 12 24 51 85 29 40 71 124
6696 33 8 19 94 18 108 51 101 14 119
6696 34 8 51 11 46 14 102 74 120 48
6696 35 8 123 87 10 127 71 46 67 32
6696 36 8 3 80 124 53 48 12 66 13
6696 37 8 24 44 75 32 16 69 121 73
6696 38 8 62 127 27 70 107 28 93 110
6696 39 8 124 98 108 22 67 105 18 115
6696 40 8 123 95 2 20 3 121 66 17
6696 41 8 14 119 56 74 76 97 20 84
6696 42 8 65 127 91 101 28 42 120 46
6696 43 8 118 2 4 117 78 3 79 81
6696 44 8 113 57 71 109 43 32 54 13
6696 45 8 94 21 49 78 85 127 71 19
6696 46 8 74 77 67 45 126 89 88 103
6696 47 8 34 117 92 32 27 79 54 37
752 0 8 61 103 13 62 19 37 111 0
752 1 8 9 58 76 86 22 62 116 46
752 2 8 7 51 14 32 100 9 119 94
752 3 8 26 7 105 25 38 91 79 41
752 4 8 0 39 22 48 109 124 25 4
752 5 8 107 82 22 80 102 70 49 126
752 6 8 79 52 106 127 42 12 30 2
752 7 8 2 50 87 80 16 60 65 34
752 8 8 51 118 24 5 15 46 39 85
752 9 8 47 101 119 94 45 21 52 8
752 10 8 23 35 107 59 75 112 66 113
752 11 8 87 127 9 123 67 10 14 46
752 12 8 3 124 80 12 66 60 11 111
752 13 8 75 24 44 73 2 21 16 49
752 14 8 73 27 62 80 28 101 118 63
752 15 8 124 4 22 125 115 108 112 13
752 16 8 95 123 11 17 121 40 7 2
752 17 8 14 56 97 39 74 53 123 34
752 18 8 43 120 79 111 95 65 107 106
752 19 8 50 80 87 65 2 56 41 47
752 20 8 118 51 48 12 71 85 5 29
752 21 8 19 8 21 108 92 81 119 34
752 22 8 3 22 59 14 54 16 11 75
752 23 8 87 123 31 10 127 110 52 46
752 24 8 3 80 66 124 101 18 91 75
752 25 8 24 14 16 73 121 32 78 2
752 26 8 27 62 70 127 110 80 28 89
752 27 8 118 124 108 112 22 115 88 67
752 28 8 95 17 2 123 121 118 40 112
752 29 8 119 74 14 76 56 80 49 39
752 30 8 43 95 79 13 111 107 120 76
752 31 8 80 37 52 50 87 65 35 2
752 32 8 12 51 24 71 118 40 29 124
752 33 8 19 18 108 51 94 101 81 8
752 34 8 35 11 54 22 46 51 3 14
752 35 8 123 87 10 67 71 78 46 127
752 36 8 3 48 66 124 13 80 60 53
752 37 8 24 32 2 75 44 69 60 73
752 38 8 62 127 70 43 63 107 93 110
752 39 8 124 108 98 105 22 36 67 118
752 40 8 123 95 2 11 112 71 40 3
752 41 8 119 74 76 14 56 97 53 84
752 42 8 91 65 127 120 42 101 37 75
752 43 8 118 4 3 66 79 38 2 117
752 44 8 57 109 71 32 113 43 111 16
752 45 8 94 21 78 49 85 19 71 115
752 46 8 67 77 126 89 88 28 84 27
752 47 8 34 92 117 37 32 27 9 8
220 0 8 85 119 100 72 16 11 114 47
220 1 8 106 77 72 21 22 7 43 69
220 2 8 45 87 37 93 32 16 108 65
220 3 8 103 79 91 41 81 97 98 94
220 4 8 63 109 31 118 48 53 67 2
220 5 8 52 22 77 49 62 59 113 7
220 6 8 95 41 126 6 120 58 77 12
220 7 8 80 8 47 35 65 37 54 75
220 8 8 12 48 85 108 40 105 74 11
220 9 8 108 47 21 101 63 38 14 81
220 10 8 75 22 59 11 54 66 46 3
220 11 8 90 123 46 10 31 72 11 127
220 12 8 3 66 101 54 47 80 92 37
220 13 8 32 66 69 73 117 43 104 105
220 14 8 127 63 73 70 110 27 89 68
220 15 8 124 118 108 67 22 36 127 88
220 16 8 95 2 66 118 10 32 26 35
220 17 8 74 56 119 76 50 28 48 37
220 18 8 106 76 27 95 43 2 6 125
220 19 8 80 47 65 42 115 37 8 96
220 20 8 71 109 12 107 112 108 52 48
220 21 8 119 108 81 19 18 101 88 124
220 22 8 72 51 3 75 83 66 22 102
220 23 8 67 32 46 127 31 87 53 100
220 24 8 3 80 62 92 75 19 45 22
220 25 8 99 89 69 32 16 25 13 1
220 26 8 110 70 27 127 52 24 12 84
220 27 8 67 118 103 22 124 112 108 79
220 28 8 66 95 26 42 55 113 3 2
220 29 8 56 76 72 28 74 48 109 49
220 30 8 106 27 76 43 2 60 107 79
220 31 8 107 47 80 1 54 108 42 39
220 32 8 71 9 109 108 112 12 5 51
220 33 8 119 108 65 53 81 104 124 8
220 34 8 72 7 66 51 75 54 37 102
220 35 8 4 101 44 78 121 114 127 66
220 36 8 92 13 51 62 80 54 108 34
220 37 8 20 119 69 117 13 93 59 91
220 38 8 91 70 83 27 110 59 125 68
220 39 8 118 63 88 24 14 124 105 45
220 40 8 95 106 112 71 2 101 63 34
220 41 8 74 119 7 76 13 44 5 37
220 42 8 91 99 120 104 108 43 96 58
220 43 8 10 58 66 0 55 118 115 3
220 44 8 57 111 46 35 9 5 15 66
220 45 8 71 18 90 107 50 85 97 93
220 46 8 27 76 46 16 37 102 113 103
220 47 8 3 87 76 104 102 8 58 55
17 0 8 88 121 109 58 117 7 76 127
17 1 8 65 1 77 89 102 24 62 36
17 2 8 37 21 110 45 102 27 94 112
17 3 8 103 91 49 126 45 81 88 100
17 4 8 55 101 103 72 57 30 112 24
17 5 8 29 44 124 77 15 69 72 101
17 6 8 73 95 6 60 29 65 120 11
17 7 8 80 37 47 65 115 74 42 54
17 8 8 125 52 12 71 40 83 108 48
17 9 8 18 81 19 108 90 100 58 14
17 10 8 24 46 11 15 36 27 75 67
17 11 8 123 22 100 27 31 15 117 35
17 12 8 101 55 54 59 83 48 94 62
17 13 8 114 88 67 38 69 60 89 43
17 14 8 126 27 127 68 43 119 46 12
17 15 8 118 28 124 65 108 67 105 111
17 16 8 95 0 112 2 66 118 53 26
17 17 8 44 74 57 38 119 46 28 11
17 18 8 43 73 120 95 76 11 17 65
17 19 8 47 80 37 107 108 52 58 65
17 20 8 71 52 77 12 125 48 83 30
17 21 8 19 18 108 90 100 81 51 124
17 22 8 72 24 11 15 46 36 3 127
17 23 8 123 35 27 100 31 118 45 44
17 24 8 83 55 101 48 62 89 94 13
17 25 8 67 88 114 60 38 69 89 8
17 26 8 12 126 68 70 43 27 46 127
17 27 8 118 65 28 124 108 105 80 29
17 28 8 0 118 95 2 26 53 112 66
17 29 8 38 74 44 119 57 76 11 80
17 30 8 43 11 73 17 65 95 60 122
17 31 8 52 37 47 80 35 55 2 32
17 32 8 18 83 77 30 12 48 114 125
17 33 8 19 18 100 90 108 92 51 81
17 34 8 36 24 11 51 46 27 15 75
17 35 8 100 123 27 35 56 45 103 70
17 36 8 83 48 89 55 54 62 117 64
17 37 8 114 88 67 60 38 69 63 89
17 38 8 43 68 127 126 70 110 63 83
17 39 8 118 105 65 108 28 124 36 24
17 40 8 0 95 71 118 2 101 66 26
17 41 8 38 74 76 119 57 44 109 11
17 42 8 104 91 42 120 92 99 77 43
17 43 8 15 122 118 0 58 28 17 3
17 44 8 67 109 16 47 111 64 99 57
17 45 8 99 95 0 29 90 78 8 49
17 46 8 32 89 126 94 37 104 88 3
17 47 8 4 8 92 107 37 72 93 44
65 0 8 52 19 49 48 78 46 89 127
65 1 8 59 89 102 36 31 25 122 85
65 2 8 37 21 110 2 102 31 94 6
65 3 8 45 49 18 63 88 60 126 87
65 4 8 72 13 109 101 24 119 66 88
65 5 8 124 44 29 15 43 72 101 69
65 6 8 95 73 60 76 6 1 29 11
65 7 8 65 37 80 47 42 2 35 115
65 8 8 98 12 108 71 52 112 107 125
65 9 8 90 18 31 81 19 120 108 92
65 10 8 24 46 11 15 127 55 31 75
65 11 8 123 95 27 35 103 59 44 31
65 12 8 83 55 89 48 94 13 59 35
65 13 8 38 114 60 88 69 89 4 84
65 14 8 126 127 12 33 43 46 83 97
65 15 8 118 65 124 80 108 28 105 51
65 16 8 95 112 118 27 66 2 106 62
65 17 8 74 38 39 119 11 76 28 46
65 18 8 73 27 76 60 11 41 111 95
65 19 8 80 47 37 2 107 65 108 46
65 20 8 98 12 52 71 125 112 48 30
65 21 8 19 90 108 31 18 27 81 101
65 22 8 15 24 11 127 46 51 75 3
65 23 8 95 35 123 27 31 103 118 44
65 24 8 83 55 62 94 48 101 89 13
65 25 8 88 114 60 89 38 69 12 52
65 26 8 33 126 12 46 43 110 26 5
65 27 8 118 80 65 51 28 124 79 111
65 28 8 27 95 118 112 53 28 113 2
65 29 8 38 74 39 119 76 11 54 46
65 30 8 11 73 27 60 95 13 76 122
65 31 8 37 52 2 80 47 55 107 46
65 32 8 98 12 40 18 112 52 71 114
65 33 8 19 18 90 31 51 108 63 0
65 34 8 55 24 11 51 15 46 31 127
65 35 8 123 95 27 35 103 100 117 78
65 36 8 83 55 117 122 47 62 20 48
65 37 8 88 114 60 63 89 38 69 91
65 38 8 33 83 126 43 110 105 53 70
65 39 8 118 80 65 51 105 28 108 88
65 40 8 71 34 118 2 95 98 26 65
65 41 8 39 38 74 76 119 11 68 10
65 42 8 104 91 42 99 77 43 61 96
65 43 8 10 15 122 118 55 53 7 108
65 44 8 67 57 66 1 109 16 26 103
65 45 8 90 95 0 29 8 19 89 85
65 46 8 89 126 37 88 79 113 90 0
65 47 8 107 92 8 37 93 119 14 30
29456 0 8 123 94 89 92 6 19 11 76
29456 1 8 102 65 47 36 112 31 33 89
29456 2 8 37 21 110 6 102 98 27 31
29456 3 8 126 45 49 50 0 88 104 28
29456 4 8 119 72 101 24 112 55 49 88
29456 5 8 29 124 44 15 101 113 43 14
29456 6 8 95 73 6 60 29 76 65 1
29456 7 8 65 37 80 47 74 35 42 41
29456 8 8 12 125 52 71 18 107 108 83
29456 9 8 18 31 19 81 90 108 21 120
29456 10 8 24 15 46 11 51 121 31 22
29456 11 8 123 27 35 95 31 72 44 22
29456 12 8 94 83 89 55 48 101 13 75
29456 13 8 38 114 60 88 86 69 89 14
29456 14 8 12 126 127 83 46 68 43 70
29456 15 8 118 65 28 124 19 107 108 111
29456 16 8 95 44 54 112 62 66 118 2
29456 17 8 38 74 11 119 63 46 76 34
29456 18 8 43 73 60 76 11 120 119 27
29456 19 8 80 37 47 107 52 65 74 108
29456 20 8 12 71 52 83 125 112 98 29
29456 21 8 19 90 18 108 31 100 63 51
29456 22 8 51 11 24 15 72 3 46 121
29456 23 8 123 35 27 31 100 95 32 118
29456 24 8 83 101 62 94 117 48 37 3
29456 25 8 88 89 114 38 60 69 14 36
29456 26 8 12 46 126 68 110 5 43 59
29456 27 8 118 65 107 111 28 124 80 27
29456 28 8 95 54 118 53 26 27 28 65
29456 29 8 11 38 74 76 46 119 34 80
29456 30 8 73 11 120 43 60 27 13 125
29456 31 8 52 37 47 80 55 32 65 108
29456 32 8 18 12 48 83 112 114 125 98
29456 33 8 19 18 63 108 51 90 81 31
29456 34 8 51 42 11 24 46 22 121 99
29456 35 8 123 27 35 100 52 44 95 45
29456 36 8 83 94 122 62 117 11 101 48
29456 37 8 88 114 69 86 60 4 38 89
29456 38 8 83 27 126 43 70 23 91 127
29456 39 8 118 65 108 124 17 105 28 24
29456 40 8 71 118 95 2 65 78 34 14
29456 41 8 38 11 119 76 74 68 109 10
29456 42 8 104 42 69 91 43 77 120 80
29456 43 8 28 122 15 118 82 100 17 94
29456 44 8 67 84 99 7 109 1 26 9
29456 45 8 0 90 95 121 58 21 31 97
29456 46 8 90 37 89 126 81 103 113 88
29456 47 8 14 92 25 37 93 44 8 6
284 0 8 8 102 107 108 53 9 14 46
284 1 8 86 102 100 108 124 47 69 31
284 2 8 87 110 20 55 18 93 37 61
284 3 8 102 48 45 91 88 79 0 18
284 4 8 118 66 90 31 92 67 72 103
284 5 8 124 69 29 101 15 59 52 22
284 6 8 95 60 6 73 2 11 122 41
284 7 8 80 65 37 8 35 47 54 115
284 8 8 12 58 71 107 40 102 48 18
284 9 8 18 19 101 90 108 81 104 119
284 10 8 11 46 75 24 22 72 36 57
284 11 8 123 27 32 10 46 31 14 44
284 12 8 66 83 48 3 89 75 13 41
284 13 8 60 38 114 88 69 73 34 117
284 14 8 63 126 127 27 119 43 97 110
284 15 8 118 124 52 108 28 67 88 25
284 16 8 95 112 2 66 118 4 106 35
284 17 8 38 74 119 123 80 76 49 109
284 18 8 43 35 27 76 60 11 120 58
284 19 8 8 80 37 47 65 107 50 54
284 20 8 102 12 71 48 112 114 52 85
284 21 8 19 90 18 101 108 81 119 63
284 22 8 57 11 72 51 24 3 75 46
284 23 8 32 123 27 31 103 44 10 46
284 24 8 83 3 13 62 48 66 89 117
284 25 8 88 60 114 69 89 38 34 78
284 26 8 27 126 110 12 70 61 87 127
284 27 8 52 118 124 108 88 28 27 11
284 28 8 53 95 118 2 65 42 17 71
284 29 8 74 38 76 119 109 34 80 49
284 30 8 43 120 11 13 35 95 122 27
284 31 8 8 52 37 108 47 80 87 65
284 32 8 102 12 18 48 112 45 11 85
284 33 8 19 51 107 63 14 108 90 81
284 34 8 51 54 42 84 24 11 57 92
284 35 8 32 123 27 75 31 103 10 101
284 36 8 20 122 83 18 11 89 34 66
284 37 8 114 88 86 69 60 80 34 13
284 38 8 27 116 2 107 70 23 43 59
284 39 8 118 88 52 108 124 105 17 13
284 40 8 71 34 63 95 2 78 26 118
284 41 8 74 76 119 109 38 10 68 34
284 42 8 43 104 91 120 78 96 99 119
284 43 8 118 17 28 3 10 32 90 15
284 44 8 109 113 57 15 30 56 63 108
284 45 8 90 31 114 29 16 89 115 127
284 46 8 46 89 103 77 126 90 113 76
284 47 8 8 92 109 76 37 58 69 89
264 0 8 106 27 49 19 58 48 110 50
264 1 8 36 59 102 17 47 126 112 24
264 2 8 37 21 110 2 102 45 57 31
264 3 8 18 94 49 17 45 88 91 100
264 4 8 72 66 109 24 13 103 55 90
264 5 8 44 124 43 29 72 101 15 69
264 6 8 73 95 60 76 29 6 11 1
264 7 8 80 37 65 47 42 74 35 2
264 8 8 98 12 71 107 108 112 48 40
264 9 8 18 81 19 90 120 58 21 14
264 10 8 24 11 46 127 15 31 72 103
264 11 8 123 1 35 27 118 103 62 117
264 12 8 83 89 55 48 101 13 92 62
264 13 8 114 88 69 38 60 89 13 1
264 14 8 127 126 46 27 12 70 43 33
264 15 8 118 124 65 80 19 108 105 107
264 16 8 95 118 112 66 70 53 2 11
264 17 8 74 39 38 119 76 28 49 80
264 18 8 76 73 2 111 11 60 120 27
264 19 8 2 80 37 47 122 46 55 65
264 20 8 98 12 71 52 29 112 125 107
264 21 8 19 18 108 90 75 81 101 41
264 22 8 72 11 24 127 15 51 3 75
264 23 8 35 123 27 32 103 1 31 118
264 24 8 83 55 89 13 92 101 48 62
264 25 8 88 89 114 38 60 69 63 50
264 26 8 12 33 126 70 46 110 5 59
264 27 8 118 80 65 124 107 19 108 88
264 28 8 95 118 53 100 54 66 2 42
264 29 8 39 38 74 76 119 80 28 11
264 30 8 111 11 73 27 122 95 13 107
264 31 8 2 52 37 47 55 32 61 80
264 32 8 98 12 71 48 114 112 5 53
264 33 8 19 18 90 108 81 0 51 31
264 34 8 24 11 72 31 127 55 51 46
264 35 8 123 35 27 1 100 103 32 118
264 36 8 78 83 62 55 101 89 48 13
264 37 8 88 114 13 63 34 71 69 38
264 38 8 33 83 27 126 19 110 70 99
264 39 8 118 80 88 65 125 108 105 17
264 40 8 71 34 53 118 26 98 78 2
264 41 8 39 38 74 76 68 10 119 120
264 42 8 104 43 50 91 42 30 99 38
264 43 8 15 122 118 55 3 28 69 68
264 44 8 67 57 66 16 15 84 95 109
264 45 8 90 95 0 29 16 8 89 81
264 46 8 89 37 126 76 113 79 46 4
264 47 8 8 92 14 93 12 37 107 72
29456 0 8 22 123 94 19 47 6 11 72
29456 1 8 102 65 126 25 36 24 112 64
29456 2 8 37 21 110 6 98 102 27 99
29456 3 8 126 45 49 50 88 91 81 63
29456 4 8 72 24 101 119 55 49 112 109
29456 5 8 29 124 44 15 43 101 14 69
29456 6 8 73 95 60 6 29 76 15 11
29456 7 8 37 65 80 47 54 42 46 41
29456 8 8 12 52 125 71 18 48 112 107
29456 9 8 18 31 19 90 81 108 41 58
29456 10 8 24 46 15 11 31 51 72 27
29456 11 8 123 35 27 1 31 62 72 52
29456 12 8 94 83 89 55 101 35 48 13
29456 13 8 38 114 60 88 69 110 89 13
29456 14 8 12 126 46 127 59 70 43 83
29456 15 8 118 19 107 65 124 28 27 108
29456 16 8 95 54 44 53 112 66 34 70
29456 17 8 74 38 63 119 49 11 76 28
29456 18 8 43 60 120 73 76 95 88 11
29456 19 8 80 37 47 55 107 65 122 46
29456 20 8 71 12 83 29 52 125 112 98
29456 21 8 19 18 108 90 41 31 51 81
29456 22 8 51 72 11 24 15 46 32 3
29456 23 8 35 27 123 32 31 100 103 46
29456 24 8 94 83 3 48 55 101 13 62
29456 25 8 89 88 38 114 69 60 110 67
29456 26 8 12 126 70 46 59 110 127 81
29456 27 8 107 118 19 65 124 122 28 108
29456 28 8 54 95 53 118 34 66 26 2
29456 29 8 11 108 38 76 74 0 63 56
29456 30 8 60 73 43 27 95 11 76 111
29456 31 8 55 37 80 65 107 122 47 52
29456 32 8 12 71 112 83 18 127 52 125
29456 33 8 19 108 51 18 119 79 31 120
29456 34 8 51 72 11 24 42 46 2 15
29456 35 8 123 35 100 27 44 1 118 22
29456 36 8 94 3 13 48 101 55 83 62
29456 37 8 69 88 114 110 63 38 89 91
29456 38 8 46 18 81 126 70 127 107 4
29456 39 8 22 65 122 67 107 118 108 61
29456 40 8 54 34 65 95 66 118 3 53
29456 41 8 38 63 65 11 76 56 0 18
29456 42 8 20 104 42 69 127 126 43 120
29456 43 8 47 122 15 94 28 82 118 3
29456 44 8 84 67 110 11 95 1 16 47
29456 45 8 21 86 89 85 90 107 77 45
29456 46 8 1 123 37 103 90 71 38 20
29456 47 8 14 44 11 82 127 12 31 107
13 0 8 65 43 73 45 98 1 44 8
13 1 8 18 94 38 26 80 127 50 117
13 2 8 88 84 38 93 18 57 32 20
13 3 8 6 31 21 91 124 87 0 34
13 4 8 106 115 124 76 85 67 40 48
13 5 8 61 66 22 125 49 64 69 8
13 6 8 83 105 8 2 3 106 60 107
13 7 8 49 112 80 65 37 54 42 96
13 8 8 12 121 84 71 40 107 65 2
13 9 8 16 9 18 110 108 119 104 125
13 10 8 61 105 72 56 75 11 46 22
13 11 8 123 24 27 32 49 61 46 1
13 12 8 3 99 80 15 48 75 13 35
13 13 8 73 15 114 34 69 28 38 88
13 14 8 126 20 127 48 32 70 73 12
13 15 8 118 124 85 108 22 101 67 28
13 16 8 95 124 39 8 66 54 17 2
13 17 8 42 105 74 19 56 72 48 49
13 18 8 83 105 106 27 76 95 2 43
13 19 8 49 80 112 65 37 47 96 115
13 20 8 84 121 71 12 112 107 52 83
13 21 8 125 9 110 19 108 119 18 16
13 22 8 72 51 56 105 61 11 3 46
13 23 8 32 24 49 61 123 23 46 127
13 24 8 99 3 15 13 48 80 96 56
13 25 8 15 58 28 69 6 23 89 1
13 26 8 20 48 17 32 90 70 110 100
13 27 8 85 101 22 10 124 67 108 118
13 28 8 124 95 81 66 39 17 8 3
13 29 8 56 42 21 19 48 118 69 105
13 30 8 105 106 83 27 76 95 24 2
13 31 8 112 49 80 60 65 54 39 75
13 32 8 65 121 84 71 12 112 46 107
13 33 8 125 119 110 9 16 108 88 117
13 34 8 56 105 61 78 72 51 112 53
13 35 8 23 24 61 125 49 127 123 37
13 36 8 99 3 96 15 97 80 56 13
13 37 8 15 28 58 23 6 69 73 111
13 38 8 48 17 20 90 107 86 52 93
13 39 8 85 101 70 103 22 10 67 95
13 40 8 45 124 65 17 81 8 73 3
13 41 8 48 56 42 69 21 19 18 17
13 42 8 64 31 127 32 114 46 74 7
13 43 8 77 88 78 117 31 43 3 21
13 44 8 0 53 90 73 107 121 43 95
13 45 8 94 101 21 49 85 2 27 78
13 46 8 38 84 11 34 88 97 103 28
13 47 8 73 105 20 57 9 109 86 59
2055 0 8 21 63 2 50 75 125 103 19
2055 1 8 58 6 23 42 26 72 3 95
2055 2 8 84 93 32 88 54 8 122 100
2055 3 8 64 2 38 4 91 124 34 109
2055 4 8 124 56 25 76 48 67 109 120
2055 5 8 82 22 47 61 34 125 49 13
2055 6 8 83 52 105 106 42 38 126 12
2055 7 8 60 50 49 16 51 48 41 45
2055 8 8 36 109 84 105 59 46 103 76
2055 9 8 16 8 9 119 65 110 99 81
2055 10 8 112 61 113 102 6 75 105 66
2055 11 8 9 127 61 46 52 14 49 67
2055 12 8 3 80 15 97 75 24 12 99
2055 13 8 73 23 98 6 21 28 16 34
2055 14 8 79 73 48 27 76 49 90 125
2055 15 8 103 22 85 18 118 8 67 24
2055 16 8 124 65 17 95 55 7 78 42
2055 17 8 56 48 69 49 68 72 99 21
2055 18 8 83 106 105 30 8 79 27 52
2055 19 8 60 16 49 50 112 39 65 80
2055 20 8 84 36 121 46 109 101 48 12
2055 21 8 8 9 110 119 65 125 14 16
2055 22 8 105 61 56 112 53 25 73 3
2055 23 8 61 49 24 127 46 32 37 23
2055 24 8 99 15 3 80 97 56 75 20
2055 25 8 6 28 23 15 73 16 98 21
2055 26 8 79 90 48 88 93 70 11 52
2055 27 8 85 103 10 22 18 67 87 124
2055 28 8 124 55 17 65 3 66 95 73
2055 29 8 56 69 49 48 97 19 68 18
2055 30 8 105 106 83 27 76 30 95 8
2055 31 8 60 49 50 65 80 39 16 51
2055 32 8 36 109 121 84 71 12 46 103
2055 33 8 9 65 119 110 45 101 108 88
2055 34 8 113 61 105 53 112 101 72 74
2055 35 8 67 61 127 49 24 37 8 89
2055 36 8 99 97 80 15 3 12 9 116
2055 37 8 98 21 23 16 28 6 69 73
2055 38 8 79 48 52 93 88 70 90 127
2055 39 8 103 87 67 22 18 85 95 124
2055 40 8 3 124 55 95 17 36 45 65
2055 41 8 48 69 56 49 19 28 72 127
2055 42 8 64 127 31 37 32 46 42 120
2055 43 8 77 117 30 88 118 3 78 81
2055 44 8 43 73 53 109 0 107 33 121
2055 45 8 21 94 49 78 85 127 32 87
2055 46 8 122 38 84 126 67 28 44 88
2055 47 8 92 117 73 9 32 34 79 37
11 0 8 44 26 65 59 47 93 66 118
11 1 8 50 23 58 94 124 37 95 127
11 2 8 84 88 93 54 32 127 18 87
11 3 8 2 39 82 124 29 38 64 71
11 4 8 56 124 25 106 67 48 109 65
11 5 8 22 82 47 8 13 107 23 20
11 6 8 106 112 3 6 12 83 52 42
11 7 8 60 50 16 75 41 54 126 45
11 8 8 109 36 59 118 108 76 113 85
11 9 8 47 119 65 8 14 26 16 81
11 10 8 23 59 75 122 112 113 66 37
11 11 8 67 14 127 123 52 31 70 32
11 12 8 3 20 80 92 37 75 54 91
11 13 8 23 16 73 119 21 98 34 1
11 14 8 27 127 73 20 49 79 70 118
11 15 8 124 22 103 118 67 4 112 108
11 16 8 95 55 66 28 7 35 34 109
11 17 8 56 48 72 69 49 28 50 76
11 18 8 120 76 27 106 111 2 43 107
11 19 8 80 60 107 65 122 47 50 96
11 20 8 109 71 12 29 36 107 112 76
11 21 8 26 108 119 101 8 65 18 88
11 22 8 72 51 3 32 22 11 75 73
11 23 8 32 67 127 46 123 62 87 12
11 24 8 3 80 62 101 47 20 75 92
11 25 8 16 89 69 23 13 121 1 59
11 26 8 70 27 110 79 90 127 12 20
11 27 8 103 118 124 22 67 108 13 112
11 28 8 55 95 66 3 2 124 17 65
11 29 8 48 56 76 28 69 42 97 119
11 30 8 111 27 76 106 13 2 60 95
11 31 8 60 80 65 50 107 54 49 37
11 32 8 109 71 12 36 112 84 29 107
11 33 8 108 119 101 65 18 19 45 120
11 34 8 72 123 51 11 113 46 61 101
11 35 8 67 123 32 44 10 127 61 49
11 36 8 13 3 48 99 114 80 12 15
11 37 8 16 69 28 15 23 98 21 6
11 38 8 20 127 70 48 79 27 93 52
11 39 8 85 67 124 103 22 108 101 10
11 40 8 95 124 3 66 55 2 8 36
11 41 8 48 69 56 72 19 76 42 28
11 42 8 64 39 127 32 42 31 46 91
11 43 8 77 117 88 118 3 79 78 30
11 44 8 53 43 109 0 73 57 33 107
11 45 8 21 49 94 78 85 127 32 101
11 46 8 126 38 67 84 28 88 89 77
11 47 8 92 117 73 9 32 34 37 109
264 0 8 106 27 49 58 19 110 50 48
264 1 8 99 36 6 59 50 9 102 23
264 2 8 37 45 21 2 110 94 57 122
264 3 8 94 103 18 112 29 49 2 91
264 4 8 50 72 109 82 67 54 48 120
264 5 8 72 29 101 44 22 69 49 15
264 6 8 73 76 95 2 6 11 29 1
264 7 8 65 80 37 2 42 47 115 35
264 8 8 98 12 71 2 107 108 112 114
264 9 8 18 81 120 119 21 108 26 47
264 10 8 127 11 46 72 15 24 75 87
264 11 8 123 35 118 62 27 70 22 44
264 12 8 114 55 3 48 13 75 101 92
264 13 8 88 69 89 114 119 12 111 60
264 14 8 127 46 21 70 33 43 110 83
264 15 8 65 124 118 80 72 79 22 54
264 16 8 95 55 66 112 118 2 60 65
264 17 8 39 46 74 38 76 49 28 119
264 18 8 2 76 73 111 27 120 11 94
264 19 8 2 37 80 47 122 65 55 46
264 20 8 98 71 12 29 112 52 40 107
264 21 8 108 81 18 19 101 75 119 26
264 22 8 72 127 15 11 51 3 24 75
264 23 8 35 123 118 32 27 100 44 36
264 24 8 55 101 83 92 47 13 75 48
264 25 8 89 88 69 114 1 50 13 2
264 26 8 70 33 110 46 12 127 21 115
264 27 8 118 80 65 124 79 72 108 67
264 28 8 95 55 60 66 2 118 100 65
264 29 8 39 46 74 76 38 28 119 68
264 30 8 73 2 60 11 111 27 76 13
264 31 8 2 37 80 55 65 47 107 60
264 32 8 98 71 12 112 29 18 52 114
264 33 8 108 19 18 47 0 81 120 101
264 34 8 11 55 127 24 46 72 15 51
264 35 8 123 35 27 22 118 100 44 32
264 36 8 48 114 55 83 13 52 26 57
264 37 8 69 88 114 63 111 60 2 82
264 38 8 33 127 70 43 126 46 110 21
264 39 8 80 65 124 108 118 72 79 67
264 40 8 71 60 95 2 118 66 34 113
264 41 8 39 46 38 76 74 119 36 28
264 42 8 104 77 42 91 98 120 46 50
264 43 8 15 122 12 118 3 7 17 55
264 44 8 99 67 57 84 43 66 33 109
264 45 8 49 95 21 0 85 20 90 78
264 46 8 89 88 81 126 37 44 113 104
264 47 8 14 92 37 107 48 8 26 9
52263 0 8 67 30 22 68 64 82 19 87
52263 1 8 11 48 99 90 85 59 101 22
52263 2 8 37 121 119 6 102 49 32 94
52263 3 8 36 126 1 79 11 88 13 106
52263 4 8 103 50 109 24 32 101 72 57
52263 5 8 124 29 22 44 101 15 48 52
52263 6 8 73 95 76 60 55 2 13 6
52263 7 8 80 65 37 54 47 42 41 46
52263 8 8 12 71 52 4 125 112 24 40
52263 9 8 18 108 19 120 31 101 90 119
52263 10 8 46 15 88 24 3 11 127 2
52263 11 8 123 68 31 27 44 35 118 30
52263 12 8 114 48 52 13 94 83 101 18
52263 13 8 102 73 69 114 12 38 4 124
52263 14 8 127 46 68 29 43 70 126 110
52263 15 8 72 79 124 87 118 28 108 65
52263 16 8 95 111 60 66 2 101 29 40
52263 17 8 74 46 76 119 11 38 28 52
52263 18 8 73 60 43 76 95 11 13 65
52263 19 8 37 80 55 47 107 65 122 46
52263 20 8 71 12 52 125 29 112 83 4
52263 21 8 108 19 18 90 101 31 81 119
52263 22 8 11 24 3 46 72 15 88 127
52263 23 8 123 35 27 30 31 100 44 68
52263 24 8 83 55 94 48 52 13 101 114
52263 25 8 114 89 88 69 78 95 60 12
52263 26 8 46 68 70 43 127 110 64 29
52263 27 8 118 87 124 65 72 79 28 108
52263 28 8 111 95 60 108 55 66 2 65
52263 29 8 46 11 74 76 119 52 38 28
52263 30 8 13 60 73 43 76 2 55 95
52263 31 8 55 37 50 80 2 65 107 87
52263 32 8 12 71 18 112 2 29 4 52
52263 33 8 19 108 101 18 31 106 120 47
52263 34 8 46 11 24 127 3 15 23 88
52263 35 8 123 68 35 22 44 42 118 100
52263 36 8 52 94 48 55 12 13 25 0
52263 37 8 69 16 63 49 18 102 78 114
52263 38 8 127 46 70 21 22 52 25 64
52263 39 8 124 108 60 22 67 53 79 20
52263 40 8 95 60 66 111 108 55 3 2
52263 41 8 46 36 52 76 28 11 15 56
52263 42 8 46 125 42 49 8 120 28 73
52263 43 8 12 117 72 122 49 15 16 19
52263 44 8 33 99 88 43 84 13 11 17
52263 45 8 49 17 58 21 121 78 85 76
52263 46 8 81 29 88 30 84 45 89 28
52263 47 8 14 127 111 52 31 26 15 11
16819 0 8 126 21 12 120 19 116 29 62
16819 1 8 107 53 86 76 31 22 85 36
16819 2 8 87 37 69 116 119 14 32 115
16819 3 8 1 26 79 7 13 91 36 60
16819 4 8 103 118 74 91 0 39 109 48
16819 5 8 22 80 124 82 101 69 49 29
16819 6 8 95 106 2 76 60 73 13 86
16819 7 8 87 80 65 37 54 50 45 115
16819 8 8 12 71 64 27 24 51 2 112
16819 9 8 101 19 18 94 108 119 104 120
16819 10 8 46 14 72 11 75 24 112 3
16819 11 8 123 10 127 86 27 33 87 118
16819 12 8 66 52 53 48 13 3 83 80
16819 13 8 24 44 69 73 75 77 60 121
16819 14 8 63 127 43 62 73 10 70 28
16819 15 8 124 118 108 22 112 87 88 28
16819 16 8 95 60 4 2 17 65 112 40
16819 17 8 53 74 119 76 97 56 14 38
16819 18 8 43 13 76 2 60 95 27 73
16819 19 8 80 37 50 87 65 60 47 115
16819 20 8 12 71 64 27 102 48 112 114
16819 21 8 19 101 18 108 94 119 90 81
16819 22 8 3 14 11 72 46 24 2 75
16819 23 8 123 127 10 30 33 27 20 44
16819 24 8 66 52 83 9 48 53 13 37
16819 25 8 24 114 78 44 121 69 14 73
16819 26 8 62 110 87 70 126 127 43 21
16819 27 8 87 124 118 112 108 88 22 115
16819 28 8 95 65 123 17 4 2 66 20
16819 29 8 74 119 53 76 14 97 38 28
16819 30 8 13 43 60 27 95 73 76 111
16819 31 8 87 37 80 60 65 8 52 95
16819 32 8 18 12 64 71 24 112 102 52
16819 33 8 19 101 108 94 18 120 0 90
16819 34 8 14 11 51 3 46 72 2 24
16819 35 8 10 123 44 71 87 86 118 27
16819 36 8 60 66 48 13 52 53 83 123
16819 37 8 24 69 44 32 75 114 60 121
16819 38 8 127 62 43 70 21 110 126 10
16819 39 8 108 124 105 115 112 118 67 87
16819 40 8 4 95 2 123 66 20 121 71
16819 41 8 74 28 119 14 76 53 97 84
16819 42 8 65 120 46 28 21 101 42 91
16819 43 8 2 4 117 118 3 79 17 0
16819 44 8 33 57 113 71 43 111 109 46
16819 45 8 20 94 21 49 121 78 127 85
16819 46 8 77 67 88 89 44 84 74 28
16819 47 8 27 34 117 54 32 55 92 79
10917 0 8 63 34 87 7 61 19 80 21
10917 1 8 99 65 53 59 75 89 85 22
10917 2 8 37 8 69 54 32 65 94 102
10917 3 8 1 106 76 81 91 79 29 37
10917 4 8 103 87 109 0 4 22 49 102
10917 5 8 54 77 124 44 15 22 69 29
10917 6 8 73 95 76 60 2 13 1 123
10917 7 8 80 65 42 37 54 107 68 91
10917 8 8 12 125 71 52 2 74 112 40
10917 9 8 19 18 101 108 81 100 90 119
10917 10 8 46 24 15 2 11 75 72 27
10917 11 8 123 100 45 44 50 27 31 10
10917 12 8 48 60 13 83 117 101 92 118
10917 13 8 102 38 69 114 89 60 67 43
10917 14 8 68 127 126 110 43 119 46 84
10917 15 8 118 112 28 124 87 108 105 67
10917 16 8 95 66 2 40 101 112 4 20
10917 17 8 74 119 11 44 57 49 28 38
10917 18 8 60 76 73 95 43 111 27 120
10917 19 8 80 37 107 47 65 42 74 54
10917 20 8 52 71 12 125 83 112 107 48
10917 21 8 19 18 90 108 101 100 27 88
10917 22 8 15 72 24 2 11 51 46 3
10917 23 8 100 35 123 27 45 118 25 44
10917 24 8 83 117 48 55 101 94 13 62
10917 25 8 89 114 38 69 88 60 102 67
10917 26 8 68 126 46 43 127 110 70 82
10917 27 8 87 112 118 28 124 115 108 105
10917 28 8 95 4 2 20 101 40 66 71
10917 29 8 11 74 119 14 76 28 61 97
10917 30 8 13 73 60 76 27 95 111 2
10917 31 8 80 37 95 107 65 52 54 35
10917 32 8 12 52 125 71 112 40 27 28
10917 33 8 19 18 101 120 108 81 90 100
10917 34 8 46 24 15 11 51 3 2 99
10917 35 8 10 123 45 44 35 27 103 100
10917 36 8 48 60 13 118 120 123 117 83
10917 37 8 102 69 4 121 89 55 114 107
10917 38 8 68 127 43 118 25 10 28 126
10917 39 8 108 87 124 115 105 118 67 112
10917 40 8 101 95 2 4 66 20 3 22
10917 41 8 11 28 74 119 76 97 14 61
10917 42 8 120 65 101 46 42 37 91 100
10917 43 8 4 117 118 17 58 79 75 65
10917 44 8 1 33 43 109 47 71 17 113
10917 45 8 49 94 20 85 127 121 78 21
10917 46 8 67 89 126 94 88 28 77 84
10917 47 8 34 117 92 27 32 94 79 55
293 0 8 49 72 78 19 50 37 58 0
293 1 8 36 89 59 113 22 102 85 98
293 2 8 37 21 110 2 94 102 31 6
293 3 8 45 103 49 18 104 0 88 81
293 4 8 72 103 109 101 13 88 24 30
293 5 8 44 43 29 124 72 15 101 69
293 6 8 73 76 60 95 2 1 29 13
293 7 8 65 80 37 2 47 115 42 74
293 8 8 98 12 71 107 112 52 125 40
293 9 8 18 41 81 19 120 90 104 58
293 10 8 24 46 11 15 127 3 31 75
293 11 8 123 1 35 118 27 95 44 100
293 12 8 48 55 94 83 13 89 101 59
293 13 8 69 88 114 38 89 60 4 84
293 14 8 46 126 127 33 12 43 110 35
293 15 8 118 65 80 124 19 107 28 51
293 16 8 95 27 53 66 70 112 11 2
293 17 8 39 74 38 119 76 11 28 49
293 18 8 73 76 60 27 11 2 106 111
293 19 8 80 37 2 107 47 55 65 42
293 20 8 98 71 12 52 112 125 107 40
293 21 8 19 18 90 108 41 27 81 101
293 22 8 24 127 11 51 72 15 46 75
293 23 8 1 35 27 123 103 31 118 65
293 24 8 83 55 35 94 20 62 101 48
293 25 8 114 88 69 60 89 38 63 61
293 26 8 33 59 46 110 12 126 43 127
293 27 8 118 80 65 107 124 28 108 112
293 28 8 27 95 66 53 65 2 28 17
293 29 8 39 74 38 76 119 80 11 28
293 30 8 13 73 107 11 27 120 60 111
293 31 8 2 37 55 107 52 47 32 80
293 32 8 98 112 12 18 11 40 53 71
293 33 8 18 19 90 107 31 41 120 108
293 34 8 55 24 11 46 3 51 31 15
293 35 8 1 35 27 123 100 65 117 103
293 36 8 83 55 78 101 94 122 26 48
293 37 8 88 63 114 69 89 71 2 12
293 38 8 33 46 110 43 127 87 83 99
293 39 8 80 108 65 118 37 105 27 51
293 40 8 71 95 2 34 101 65 115 66
293 41 8 39 11 38 74 76 80 68 126
293 42 8 104 30 42 120 38 46 91 86
293 43 8 15 10 122 94 47 58 117 17
293 44 8 1 67 43 84 11 57 33 95
293 45 8 49 20 21 85 121 78 66 115
293 46 8 89 88 51 28 44 123 43 126
293 47 8 14 107 26 48 9 11 92 119
52263 0 8 30 67 68 89 82 92 19 87
52263 1 8 11 53 78 47 22 59 102 99
52263 2 8 37 49 121 6 119 94 62 102
52263 3 8 45 126 36 1 104 88 49 29
52263 4 8 119 103 83 101 24 109 72 49
52263 5 8 124 29 44 15 48 22 101 43
52263 6 8 73 95 60 76 65 6 29 15
52263 7 8 80 65 37 54 47 46 42 41
52263 8 8 12 18 71 52 125 112 40 48
52263 9 8 18 19 41 104 81 90 31 108
52263 10 8 24 15 46 22 3 31 99 51
52263 11 8 123 31 1 35 27 95 118 44
52263 12 8 48 94 83 101 13 108 35 89
52263 13 8 38 114 69 60 84 4 88 14
52263 14 8 12 126 46 127 59 70 68 43
52263 15 8 19 107 118 28 124 108 65 105
52263 16 8 54 95 44 66 53 108 2 111
52263 17 8 74 63 11 0 119 38 49 76
52263 18 8 43 76 120 73 60 27 111 95
52263 19 8 80 37 107 74 47 65 42 55
52263 20 8 71 12 52 27 125 11 112 29
52263 21 8 19 41 108 90 18 119 34 101
52263 22 8 51 72 24 11 3 46 15 22
52263 23 8 123 100 31 27 35 95 118 32
52263 24 8 94 101 37 83 3 13 48 62
52263 25 8 114 69 89 88 38 95 14 84
52263 26 8 12 46 18 110 81 126 70 127
52263 27 8 107 118 19 22 65 124 20 28
52263 28 8 54 44 108 77 95 66 65 17
52263 29 8 11 63 65 0 56 39 80 76
52263 30 8 88 76 13 106 27 2 95 60
52263 31 8 80 60 52 42 65 54 37 107
52263 32 8 18 27 71 12 112 52 127 11
52263 33 8 41 119 63 108 88 79 120 19
52263 34 8 51 2 72 112 75 3 46 82
52263 35 8 100 123 44 22 37 92 42 35
52263 36 8 38 3 94 0 13 52 97 101
52263 37 8 109 123 95 69 36 73 57 77
52263 38 8 18 46 52 111 81 22 107 14
52263 39 8 22 107 67 20 18 8 53 90
52263 40 8 65 77 108 29 54 44 3 66
52263 41 8 11 65 63 0 18 85 56 122
52263 42 8 20 69 126 49 46 8 2 75
52263 43 8 94 47 121 8 16 2 72 58
52263 44 8 110 11 33 1 113 84 80 103
52263 45 8 21 86 47 5 92 83 87 94
52263 46 8 1 123 37 45 97 84 90 103
52263 47 8 11 82 127 31 12 14 44 6
13 0 8 65 43 98 73 45 44 1 100
13 1 8 18 94 38 26 127 50 42 43
13 2 8 84 88 38 93 57 18 32 16
13 3 8 6 31 124 89 2 79 21 41
13 4 8 106 76 115 85 124 48 67 40
13 5 8 22 61 125 66 49 8 64 97
13 6 8 105 83 8 52 106 2 3 56
13 7 8 49 112 80 45 103 16 54 65
13 8 8 12 84 121 71 103 59 2 40
13 9 8 110 104 9 119 18 108 81 16
13 10 8 105 61 56 2 112 72 75 25
13 11 8 24 61 49 123 32 127 44 125
13 12 8 99 3 15 13 48 97 80 75
13 13 8 15 73 6 28 69 23 34 20
13 14 8 20 48 127 52 110 70 73 90
13 15 8 118 85 22 101 124 67 108 18
13 16 8 95 124 8 66 39 17 65 2
13 17 8 56 42 19 105 69 21 48 74
13 18 8 105 106 83 27 2 76 60 95
13 19 8 49 112 80 60 96 37 42 65
13 20 8 84 121 71 12 112 107 65 40
13 21 8 9 110 125 119 108 19 88 18
13 22 8 72 105 56 61 51 11 3 93
13 23 8 24 61 49 32 127 123 23 46
13 24 8 99 15 3 13 80 96 56 48
13 25 8 15 58 28 6 69 23 73 1
13 26 8 20 17 48 90 70 110 52 100
13 27 8 101 85 22 67 10 118 124 103
13 28 8 124 66 95 81 8 65 3 17
13 29 8 56 19 42 21 48 69 105 118
13 30 8 105 106 83 27 76 95 2 60
13 31 8 112 49 60 80 65 107 54 42
13 32 8 65 121 71 84 103 12 59 46
13 33 8 125 110 9 119 88 117 108 16
13 34 8 105 61 56 78 112 72 39 53
13 35 8 24 61 125 49 23 127 37 44
13 36 8 99 97 15 96 3 56 9 75
13 37 8 15 58 28 23 6 73 77 69
13 38 8 20 17 48 90 86 107 52 34
13 39 8 101 85 70 103 10 18 95 67
13 40 8 124 45 65 81 17 73 8 3
13 41 8 42 48 69 21 56 19 18 17
13 42 8 32 31 64 127 114 74 46 7
13 43 8 77 88 78 117 43 31 3 97
13 44 8 0 53 90 73 107 121 43 17
13 45 8 101 21 94 49 27 2 85 78
13 46 8 84 38 11 34 97 103 88 28
13 47 8 73 105 20 57 9 109 86 59
88190 0 8 75 33 82 21 37 64 19 74
88190 1 8 58 6 26 23 53 22 9 72
88190 2 8 93 127 8 32 54 9 47 100
88190 3 8 124 38 2 4 64 75 117 79
88190 4 8 56 22 48 25 124 109 67 47
88190 5 8 22 82 78 47 13 49 74 34
88190 6 8 38 52 110 42 79 106 30 8
88190 7 8 110 60 51 45 56 48 41 31
88190 8 8 36 118 46 105 8 113 116 53
88190 9 8 1 65 107 99 16 127 96 64
88190 10 8 112 113 3 67 26 72 9 122
88190 11 8 107 52 9 65 127 23 125 8
88190 12 8 75 97 3 20 111 52 116 24
88190 13 8 73 84 98 23 52 81 12 102
88190 14 8 76 22 34 82 88 26 81 79
88190 15 8 8 95 18 0 87 51 110 16
88190 16 8 65 17 58 27 45 7 82 48
88190 17 8 99 69 49 18 48 1 52 105
88190 18 8 52 83 120 79 42 110 30 38
88190 19 8 51 110 60 45 41 75 56 31
88190 20 8 118 36 46 105 3 116 103 8
88190 21 8 65 107 64 99 1 127 49 81
88190 22 8 112 113 3 53 26 72 35 66
88190 23 8 107 8 52 46 37 4 43 65
88190 24 8 75 97 80 116 111 42 104 20
88190 25 8 73 98 52 84 21 23 16 81
88190 26 8 90 8 76 88 22 34 79 11
88190 27 8 18 95 8 10 87 103 56 16
88190 28 8 65 45 17 27 83 124 73 78
88190 29 8 49 69 18 17 48 54 39 99
88190 30 8 52 106 30 42 120 79 110 83
88190 31 8 60 51 110 56 45 48 34 49
88190 32 8 36 46 118 116 103 105 84 8
88190 33 8 65 107 127 1 117 49 64 96
88190 34 8 112 113 53 26 3 39 64 25
88190 35 8 107 8 37 98 127 89 43 61
88190 36 8 52 97 75 116 42 80 24 63
88190 37 8 73 23 52 98 81 84 76 77
88190 38 8 34 26 107 22 88 76 90 52
88190 39 8 95 8 87 18 103 51 25 56
88190 40 8 65 45 17 73 27 35 40 78
88190 41 8 49 18 26 85 48 69 58 118
88190 42 8 58 32 2 66 64 8 70 31
88190 43 8 99 69 77 47 94 2 75 124
88190 44 8 42 94 113 73 62 11 53 67
88190 45 8 51 48 94 87 86 88 21 92
88190 46 8 122 1 84 103 33 37 38 97
88190 47 8 44 82 114 23 14 6 127 17
11 0 8 44 26 65 70 59 101 111 73
11 1 8 50 23 26 58 30 94 124 127
11 2 8 93 84 88 127 54 18 47 61
11 3 8 2 82 38 124 39 64 99 100
11 4 8 56 48 124 106 25 67 118 52
11 5 8 22 82 47 13 42 49 61 107
11 6 8 52 42 38 83 110 106 30 105
11 7 8 60 51 110 45 75 49 123 95
11 8 8 109 36 46 103 59 105 113 118
11 9 8 119 65 16 9 127 1 117 99
11 10 8 112 113 39 23 72 122 56 16
11 11 8 67 107 127 52 31 23 61 24
11 12 8 3 97 75 9 15 116 80 52
11 13 8 21 23 98 73 16 77 76 28
11 14 8 20 52 79 48 88 127 76 80
11 15 8 22 18 67 85 124 103 95 60
11 16 8 124 95 66 65 55 8 7 17
11 17 8 56 69 72 48 42 52 28 19
11 18 8 106 120 27 76 83 42 2 105
11 19 8 60 80 42 107 49 96 115 122
11 20 8 71 103 109 84 59 36 121 107
11 21 8 119 9 65 88 110 117 81 101
11 22 8 72 66 61 51 105 25 3 112
11 23 8 127 32 67 107 46 61 65 49
11 24 8 3 80 75 104 13 9 92 99
11 25 8 16 98 21 23 6 69 28 1
11 26 8 90 20 52 79 70 48 110 88
11 27 8 67 22 103 85 10 18 124 79
11 28 8 124 66 65 95 55 17 8 3
11 29 8 56 69 48 42 19 28 52 46
11 30 8 106 76 27 105 30 2 42 95
11 31 8 60 49 107 80 65 42 50 39
11 32 8 71 109 84 36 121 103 46 59
11 33 8 117 119 65 9 88 110 108 45
11 34 8 61 113 72 105 112 39 123 66
11 35 8 61 127 49 67 37 24 8 89
11 36 8 99 97 74 15 9 3 116 63
11 37 8 15 28 23 58 6 76 98 77
11 38 8 20 48 90 17 52 107 88 8
11 39 8 85 101 103 18 95 67 10 22
11 40 8 124 8 45 73 65 17 66 3
11 41 8 69 48 19 42 56 72 18 17
11 42 8 32 39 127 31 64 74 123 7
11 43 8 77 88 117 78 43 3 21 102
11 44 8 0 53 73 43 121 107 45 95
11 45 8 21 94 49 27 85 78 2 127
11 46 8 84 38 97 82 28 31 103 81
11 47 8 73 32 117 9 111 90 109 95
1128 0 8 2 13 80 21 120 50 97 61
1128 1 8 58 23 6 30 3 95 42 26
1128 2 8 122 93 127 47 9 94 15 32
1128 3 8 2 112 38 64 124 39 37 29
1128 4 8 56 48 22 67 23 47 109 118
1128 5 8 13 22 107 47 126 105 82 49
1128 6 8 52 42 30 38 110 106 86 79
1128 7 8 51 110 60 26 45 75 34 39
1128 8 8 109 36 46 103 105 59 116 22
1128 9 8 10 1 65 52 47 99 119 127
1128 10 8 112 74 113 39 3 123 121 102
1128 11 8 107 127 9 67 98 37 87 65
1128 12 8 52 97 75 116 3 111 63 104
1128 13 8 98 77 73 42 66 21 23 16
1128 14 8 79 88 8 76 34 96 84 90
1128 15 8 90 95 18 8 22 56 70 87
1128 16 8 65 55 45 17 119 73 95 91
1128 17 8 69 85 56 18 17 15 48 20
1128 18 8 106 79 42 30 52 83 76 27
1128 19 8 60 51 65 75 80 16 122 39
1128 20 8 36 109 46 71 103 59 116 105
1128 21 8 65 10 117 119 64 45 81 114
1128 22 8 74 113 112 53 25 123 3 101
1128 23 8 127 8 89 107 37 67 46 87
1128 24 8 80 97 116 75 3 104 9 111
1128 25 8 98 21 42 77 66 73 23 64
1128 26 8 79 8 88 90 52 76 96 70
1128 27 8 90 18 22 95 67 8 10 61
1128 28 8 45 55 65 66 17 119 3 95
1128 29 8 85 69 56 17 18 127 15 2
1128 30 8 106 30 42 76 52 27 95 2
1128 31 8 60 34 51 65 80 39 42 95
1128 32 8 36 109 71 46 103 59 14 116
1128 33 8 10 117 65 119 88 45 49 22
1128 34 8 113 74 112 86 108 39 123 101
1128 35 8 8 37 127 98 89 107 67 82
1128 36 8 97 116 52 9 118 80 74 43
1128 37 8 77 98 42 66 23 82 73 76
1128 38 8 8 79 96 34 88 107 52 90
1128 39 8 90 18 37 95 67 56 8 61
1128 40 8 55 45 119 65 66 17 51 3
1128 41 8 85 46 69 126 56 106 127 18
1128 42 8 32 59 101 127 125 22 73 31
1128 43 8 27 49 12 77 81 87 3 117
1128 44 8 99 88 30 121 43 48 45 20
1128 45 8 21 17 49 58 80 85 94 112
1128 46 8 84 81 30 88 28 31 29 103
1128 47 8 111 9 120 95 66 35 79 6
1558 0 8 104 2 126 7 111 21 80 63
1558 1 8 58 76 23 88 26 107 42 126
1558 2 8 47 14 9 32 117 94 93 115
1558 3 8 38 112 79 10 105 2 5 64
1558 4 8 23 22 56 48 77 105 67 109
1558 5 8 13 22 102 126 107 80 34 47
1558 6 8 42 30 106 52 110 86 76 38
1558 7 8 60 87 51 110 39 26 45 65
1558 8 8 103 36 109 46 59 71 105 14
1558 9 8 10 94 119 117 44 22 1 101
1558 10 8 112 113 74 39 23 108 123 107
1558 11 8 87 127 98 107 9 37 82 47
1558 12 8 97 37 3 52 9 104 116 120
1558 13 8 75 42 77 98 73 121 64 76
1558 14 8 79 8 88 52 80 34 28 76
1558 15 8 90 18 95 22 4 67 56 8
1558 16 8 55 45 17 65 20 3 95 66
1558 17 8 56 85 69 14 97 48 15 20
1558 18 8 106 30 42 76 52 27 79 95
1558 19 8 60 87 51 65 39 26 80 16
1558 20 8 36 46 71 103 109 59 64 28
1558 21 8 10 65 94 119 117 64 22 81
1558 22 8 74 112 113 123 3 107 39 86
1558 23 8 8 87 127 37 107 89 82 98
1558 24 8 116 97 80 3 9 104 37 75
1558 25 8 77 42 98 75 21 73 121 95
1558 26 8 8 79 88 52 101 24 70 80
1558 27 8 90 18 95 22 67 103 61 4
1558 28 8 55 45 17 66 65 3 20 73
1558 29 8 85 56 69 97 18 17 28 127
1558 30 8 106 30 76 42 27 2 86 95
1558 31 8 60 87 65 54 51 42 80 39
1558 32 8 71 103 36 109 59 46 127 39
1558 33 8 10 117 94 119 65 88 101 45
1558 34 8 123 113 112 74 108 86 107 101
1558 35 8 8 127 37 87 98 89 82 10
1558 36 8 97 116 120 43 74 9 52 124
1558 37 8 77 98 42 75 121 55 24 73
1558 38 8 79 8 88 107 28 52 34 0
1558 39 8 90 18 95 103 67 4 22 61
1558 40 8 55 45 7 73 66 20 17 3
1558 41 8 85 69 48 97 56 20 127 14
1558 42 8 32 101 127 59 31 37 28 65
1558 43 8 78 27 2 117 3 4 81 21
1558 44 8 113 30 43 121 107 71 54 95
1558 45 8 21 127 49 94 85 121 2 20
1558 46 8 67 84 88 97 103 28 44 104
1558 47 8 34 117 32 79 9 6 99 55
429 0 8 84 103 2 80 61 111 104 0
429 1 8 3 76 9 58 52 123 75 23
429 2 8 100 47 122 32 14 8 94 7
429 3 8 112 38 79 105 10 39 7 41
429 4 8 105 56 48 22 77 67 109 47
429 5 8 13 107 126 105 22 102 82 70
429 6 8 30 42 52 106 110 75 86 38
429 7 8 60 51 110 39 16 45 41 43
429 8 8 15 103 59 46 36 109 105 71
429 9 8 119 10 16 22 117 88 34 1
429 10 8 112 113 23 39 108 115 7 75
429 11 8 8 127 109 107 37 98 31 87
429 12 8 26 3 97 9 75 43 11 37
429 13 8 77 73 66 75 42 98 95 59
429 14 8 105 52 79 88 73 110 80 94
429 15 8 90 22 18 95 67 60 124 11
429 16 8 119 60 55 95 66 45 65 17
429 17 8 56 46 52 85 15 2 68 50
429 18 8 106 30 2 83 42 27 29 76
429 19 8 60 50 80 115 16 39 65 122
429 20 8 15 71 59 103 36 12 40 46
429 21 8 119 117 65 81 88 10 18 16
429 22 8 72 112 25 74 113 39 53 13
429 23 8 127 8 29 46 109 123 44 101
429 24 8 3 26 80 12 74 13 124 75
429 25 8 66 95 77 98 16 75 42 73
429 26 8 105 52 80 94 79 70 8 88
429 27 8 90 60 22 67 18 111 95 118
429 28 8 119 60 66 55 45 17 3 95
429 29 8 52 56 46 85 15 2 69 66
429 30 8 106 27 30 42 76 95 2 123
429 31 8 60 65 39 80 42 54 50 51
429 32 8 71 15 103 59 36 64 109 39
429 33 8 10 117 119 88 108 94 65 101
429 34 8 113 108 112 103 74 86 39 107
429 35 8 8 127 109 98 37 86 89 20
429 36 8 26 12 97 116 124 53 43 9
429 37 8 77 95 66 42 21 98 75 113
429 38 8 80 105 79 96 8 88 52 34
429 39 8 90 18 60 95 67 56 22 61
429 40 8 119 60 45 15 55 66 51 7
429 41 8 85 15 52 46 2 66 106 56
429 42 8 125 73 98 37 22 127 102 59
429 43 8 27 49 19 12 3 117 43 78
429 44 8 45 88 30 43 99 48 121 37
429 45 8 58 17 112 46 49 21 85 78
429 46 8 84 29 105 30 88 39 28 80
429 47 8 52 35 111 95 108 9 6 59
3291 0 8 126 62 2 29 3 21 111 28
3291 1 8 107 76 58 3 78 16 123 22
3291 2 8 7 100 9 47 32 14 24 119
3291 3 8 26 90 7 112 105 38 25 59
3291 4 8 105 47 0 22 39 48 77 74
3291 5 8 78 126 13 80 70 22 56 102
3291 6 8 30 106 52 42 75 123 110 86
3291 7 8 51 87 60 39 16 110 65 50
3291 8 8 59 15 46 24 103 51 36 105
3291 9 8 10 119 22 94 1 65 117 16
3291 10 8 112 74 113 108 39 122 107 23
3291 11 8 8 127 87 37 98 86 79 77
3291 12 8 3 124 53 97 12 80 116 75
3291 13 8 24 77 75 95 42 73 64 98
3291 14 8 62 52 8 88 34 73 28 27
3291 15 8 90 18 95 22 98 8 67 75
3291 16 8 45 123 17 65 20 60 83 78
3291 17 8 85 56 14 99 12 50 68 106
3291 18 8 30 106 42 75 79 52 27 8
3291 19 8 60 50 87 51 39 16 115 96
3291 20 8 36 15 46 59 103 64 124 118
3291 21 8 94 10 119 65 117 22 64 81
3291 22 8 74 113 112 122 108 39 86 53
3291 23 8 8 86 127 37 82 87 16 98
3291 24 8 53 124 116 97 12 80 3 20
3291 25 8 77 24 95 42 75 73 98 52
3291 26 8 8 62 88 52 24 54 27 28
3291 27 8 90 18 95 98 8 22 56 55
3291 28 8 123 45 17 20 83 65 33 42
3291 29 8 85 12 84 14 56 18 27 104
3291 30 8 30 106 75 42 52 79 36 86
3291 31 8 60 51 87 39 45 110 115 34
3291 32 8 124 103 46 24 118 15 36 59
3291 33 8 10 94 1 22 119 127 117 49
3291 34 8 112 120 74 113 25 108 42 107
3291 35 8 8 37 87 16 86 98 77 127
3291 36 8 97 124 12 43 53 116 70 123
3291 37 8 77 24 95 75 42 73 44 37
3291 38 8 62 34 88 52 8 99 107 28
3291 39 8 98 18 90 8 95 55 91 51
3291 40 8 123 45 83 17 65 20 78 73
3291 41 8 85 84 112 14 106 58 18 12
3291 42 8 65 28 32 36 31 8 101 2
3291 43 8 2 27 78 112 4 69 3 75
3291 44 8 113 30 13 54 107 121 71 23
3291 45 8 127 21 76 85 94 86 20 58
3291 46 8 74 103 84 17 97 67 88 45
3291 47 8 54 79 6 32 34 114 27 117
752 0 8 62 61 13 103 111 80 29 37
752 1 8 58 9 76 45 123 23 107 16
752 2 8 47 9 51 24 100 14 32 15
752 3 8 26 7 105 38 112 90 25 59
752 4 8 47 105 48 39 77 0 22 109
752 5 8 107 13 126 22 80 78 102 48
752 6 8 79 30 106 42 52 75 110 10
752 7 8 87 51 2 60 16 39 110 50
752 8 8 46 59 15 103 118 36 27 105
752 9 8 10 94 22 1 119 52 65 117
752 10 8 35 112 74 113 39 122 72 23
752 11 8 127 87 8 9 37 107 98 16
752 12 8 3 97 124 43 104 101 12 75
752 13 8 75 95 24 77 2 42 73 64
752 14 8 73 18 62 52 88 24 29 8
752 15 8 90 18 22 95 107 20 67 8
752 16 8 77 123 29 45 11 65 66 70
752 17 8 56 85 65 0 63 39 68 89
752 18 8 79 106 30 76 27 42 2 121
752 19 8 60 65 87 122 80 16 51 50
752 20 8 118 71 59 36 103 124 46 15
752 21 8 10 119 94 65 117 64 115 81
752 22 8 74 72 113 112 35 101 121 0
752 23 8 127 8 82 89 87 31 101 16
752 24 8 80 3 12 124 104 101 97 59
752 25 8 95 24 42 77 75 123 16 98
752 26 8 18 62 8 52 70 88 24 29
752 27 8 90 20 18 22 67 107 95 61
752 28 8 77 29 123 66 45 17 3 44
752 29 8 65 85 0 56 39 63 84 127
752 30 8 79 106 30 42 27 123 76 2
752 31 8 60 87 39 65 51 42 96 16
752 32 8 118 59 71 103 39 14 36 46
752 33 8 10 117 119 94 88 114 115 64
752 34 8 35 86 113 112 74 95 53 108
752 35 8 8 16 127 37 82 17 89 98
752 36 8 97 38 26 116 124 43 53 12
752 37 8 95 2 77 42 24 109 123 75
752 38 8 18 62 111 88 52 0 34 25
752 39 8 18 90 20 98 107 67 22 95
752 40 8 123 77 29 108 44 11 65 3
752 41 8 85 65 0 63 106 58 56 18
752 42 8 32 75 126 2 20 127 28 59
752 43 8 47 121 78 56 27 3 49 117
752 44 8 30 110 80 13 121 43 11 113
752 45 8 47 87 21 83 5 49 85 20
752 46 8 17 96 10 45 84 97 37 28
752 47 8 127 90 11 31 54 27 82 15
911 0 8 61 93 21 2 69 62 70 66
911 1 8 76 58 83 45 77 88 53 7
911 2 8 15 117 47 9 116 51 32 69
911 3 8 90 10 26 105 112 38 7 91
911 4 8 105 91 111 47 77 0 22 48
911 5 8 111 126 117 13 22 80 70 78
911 6 8 30 106 52 42 79 75 2 123
911 7 8 60 72 51 39 65 16 50 110
911 8 8 28 59 103 51 15 39 71 46
911 9 8 48 119 10 43 88 101 47 22
911 10 8 23 112 123 74 113 108 35 39
911 11 8 47 58 127 13 10 8 123 37
911 12 8 120 124 68 3 69 104 12 43
911 13 8 121 55 77 42 24 73 79 64
911 14 8 28 52 84 118 127 70 58 27
911 15 8 4 67 22 112 18 90 115 124
911 16 8 20 121 66 95 3 43 33 2
911 17 8 97 56 14 61 85 28 45 76
911 18 8 106 2 27 111 76 42 30 95
911 19 8 60 72 80 50 107 42 122 65
911 20 8 28 71 39 36 103 59 12 51
911 21 8 10 119 101 45 88 43 48 65
911 22 8 72 74 123 101 113 107 14 102
911 23 8 13 127 47 58 10 44 87 67
911 24 8 120 12 3 68 124 13 104 80
911 25 8 121 77 55 69 24 42 79 98
911 26 8 84 28 52 27 118 127 70 62
911 27 8 22 4 115 112 124 67 90 108
911 28 8 121 20 66 95 3 36 2 123
911 29 8 56 97 28 14 76 61 45 85
911 30 8 2 13 76 106 27 60 111 123
911 31 8 107 60 80 72 95 65 42 54
911 32 8 28 71 12 39 112 103 59 29
911 33 8 10 101 119 88 43 48 120 104
911 34 8 123 72 86 74 101 14 113 93
911 35 8 13 10 58 47 127 44 67 87
911 36 8 120 13 124 69 68 43 48 104
911 37 8 42 121 69 77 55 107 79 24
911 38 8 84 28 118 127 70 25 62 27
911 39 8 67 4 115 108 53 124 18 112
911 40 8 121 20 66 36 3 2 95 43
911 41 8 61 97 28 14 127 56 76 20
911 42 8 65 101 32 46 120 127 42 94
911 43 8 117 79 118 4 3 65 78 21
911 44 8 43 71 30 109 68 113 47 121
911 45 8 21 49 94 127 78 85 34 28
911 46 8 67 126 88 28 89 44 17 31
911 47 8 34 117 92 32 9 37 55 79
264 0 8 27 106 49 50 110 48 92 61
264 1 8 99 75 30 91 60 126 46 39
264 2 8 45 122 47 2 94 102 32 92
264 3 8 94 103 10 18 49 79 59 122
264 4 8 72 105 111 54 47 109 26 118
264 5 8 72 29 69 44 22 51 101 43
264 6 8 2 76 73 95 1 29 106 60
264 7 8 65 2 80 37 42 72 47 115
264 8 8 98 2 71 12 107 112 18 40
264 9 8 119 10 18 41 120 81 88 124
264 10 8 127 11 46 15 72 103 54 86
264 11 8 123 118 35 44 101 116 40 42
264 12 8 55 48 13 92 101 43 62 0
264 13 8 69 88 99 89 119 12 111 114
264 14 8 127 46 21 52 70 43 59 110
264 15 8 54 124 65 22 118 80 90 67
264 16 8 95 66 34 44 108 4 2 36
264 17 8 39 74 28 49 63 38 76 119
264 18 8 2 106 60 73 111 27 76 120
264 19 8 2 80 37 107 122 55 47 46
264 20 8 71 98 12 52 107 112 40 29
264 21 8 108 101 18 88 119 81 41 27
264 22 8 72 15 11 127 51 46 32 3
264 23 8 123 35 118 44 114 100 32 65
264 24 8 101 48 13 92 47 55 3 59
264 25 8 89 69 88 1 119 59 114 12
264 26 8 70 33 46 110 127 12 59 5
264 27 8 80 65 118 124 54 108 67 107
264 28 8 95 66 2 34 3 108 53 11
264 29 8 39 28 76 56 0 63 74 38
264 30 8 2 111 73 13 60 27 76 106
264 31 8 2 107 80 55 37 65 60 54
264 32 8 98 71 12 112 18 52 29 2
264 33 8 10 41 18 120 108 119 47 19
264 34 8 127 55 11 15 72 23 35 93
264 35 8 116 22 35 44 123 100 118 9
264 36 8 13 55 26 94 48 38 92 22
264 37 8 77 69 63 18 88 2 109 91
264 38 8 33 46 18 70 127 25 59 91
264 39 8 80 107 90 65 67 54 108 22
264 40 8 34 66 77 108 95 29 3 44
264 41 8 39 65 63 0 76 38 28 85
264 42 8 42 32 126 104 120 46 49 98
264 43 8 47 15 122 117 27 118 56 3
264 44 8 30 110 43 11 84 109 33 57
264 45 8 21 87 49 47 83 85 0 95
264 46 8 37 44 126 10 88 84 123 45
264 47 8 127 31 92 14 11 44 82 15
1939 0 8 53 1 65 100 98 102 99 73
1939 1 8 18 70 94 127 119 15 82 5
1939 2 8 84 80 38 93 88 57 47 40
1939 3 8 6 36 2 89 31 124 75 41
1939 4 8 124 106 115 76 111 48 109 47
1939 5 8 61 125 66 13 22 8 9 37
1939 6 8 105 83 8 78 30 52 42 56
1939 7 8 112 49 101 51 16 75 60 45
1939 8 8 59 84 103 65 121 46 12 105
1939 9 8 110 10 119 9 125 47 114 99
1939 10 8 56 112 61 105 113 53 86 39
1939 11 8 125 61 127 24 49 123 23 37
1939 12 8 99 96 15 97 75 3 80 104
1939 13 8 15 19 77 6 73 28 42 2
1939 14 8 20 48 17 90 100 52 73 88
1939 15 8 101 85 22 10 70 18 8 90
1939 16 8 124 65 39 17 8 81 95 45
1939 17 8 42 56 69 21 19 48 127 55
1939 18 8 105 106 78 83 8 30 27 12
1939 19 8 49 60 112 75 101 65 16 51
1939 20 8 84 121 46 103 65 59 116 71
1939 21 8 9 110 125 119 10 117 64 65
1939 22 8 53 61 105 56 112 113 25 78
1939 23 8 61 49 127 24 125 46 37 107
1939 24 8 99 15 96 56 104 97 80 75
1939 25 8 58 15 19 28 6 73 77 32
1939 26 8 17 20 100 90 48 52 88 110
1939 27 8 101 10 85 70 103 22 18 127
1939 28 8 124 81 65 17 45 39 8 73
1939 29 8 42 69 21 48 19 56 18 17
1939 30 8 105 106 78 30 83 27 42 76
1939 31 8 112 49 101 60 75 65 51 80
1939 32 8 65 121 84 71 103 46 59 116
1939 33 8 125 9 110 117 119 88 45 122
1939 34 8 105 61 56 78 112 53 39 72
1939 35 8 125 61 24 49 23 37 127 107
1939 36 8 99 97 96 15 56 116 63 74
1939 37 8 58 15 19 25 28 23 6 73
1939 38 8 100 17 48 20 90 107 86 52
1939 39 8 101 103 85 70 10 18 95 67
1939 40 8 65 124 17 45 81 73 8 3
1939 41 8 48 42 69 56 21 19 18 17
1939 42 8 64 31 32 127 6 46 74 114
1939 43 8 77 88 117 71 3 78 31 43
1939 44 8 53 73 90 0 43 121 107 17
1939 45 8 21 101 94 49 85 27 2 78
1939 46 8 38 84 34 11 97 88 28 31
1939 47 8 73 125 20 2 101 105 9 86
11395 0 8 21 63 2 75 87 60 34 17
11395 1 8 58 23 6 125 127 119 42 99
11395 2 8 93 54 8 47 84 9 32 127
11395 3 8 38 4 64 2 124 82 107 23
11395 4 8 56 25 22 124 67 48 47 109
11395 5 8 24 82 22 68 13 34 47 126
11395 6 8 52 42 30 8 38 12 110 83
11395 7 8 51 60 110 95 75 45 48 34
11395 8 8 36 109 46 116 118 105 103 59
11395 9 8 45 65 1 99 96 127 9 119
11395 10 8 112 113 39 53 123 83 102 75
11395 11 8 67 107 127 37 65 89 23 8
11395 12 8 97 75 116 63 104 80 118 73
11395 13 8 73 98 21 23 16 84 77 25
11395 14 8 79 88 76 24 8 90 34 86
11395 15 8 103 18 95 70 8 23 10 16
11395 16 8 65 45 17 124 7 73 55 91
11395 17 8 69 48 56 75 21 17 85 120
11395 18 8 30 52 42 79 106 83 8 27
11395 19 8 60 51 95 75 34 45 16 39
11395 20 8 36 109 46 118 103 116 105 59
11395 21 8 65 45 117 114 119 64 99 9
11395 22 8 112 113 123 53 3 39 0 66
11395 23 8 67 89 127 107 37 8 65 46
11395 24 8 97 104 75 116 60 9 56 80
11395 25 8 25 16 21 73 98 84 23 6
11395 26 8 79 90 88 48 52 24 76 70
11395 27 8 103 10 18 22 85 67 87 95
11395 28 8 124 65 45 17 55 73 66 7
11395 29 8 48 69 56 49 97 18 127 17
11395 30 8 106 27 105 30 42 76 52 8
11395 31 8 60 49 95 65 96 51 39 80
11395 32 8 36 71 109 84 46 121 103 59
11395 33 8 65 45 117 9 119 110 88 114
11395 34 8 112 61 113 105 123 53 39 66
11395 35 8 37 61 89 67 127 49 24 8
11395 36 8 97 74 99 15 116 63 118 3
11395 37 8 25 98 23 21 28 76 73 84
11395 38 8 79 90 88 48 107 34 52 82
11395 39 8 103 87 18 95 67 10 8 22
11395 40 8 65 7 45 17 73 124 111 55
11395 41 8 49 48 69 56 18 17 85 53
11395 42 8 64 37 127 31 32 114 2 66
11395 43 8 30 77 94 3 16 88 78 56
11395 44 8 5 73 53 107 94 113 84 121
11395 45 8 21 94 85 2 49 19 92 28
11395 46 8 122 38 97 37 84 107 90 88
11395 47 8 79 44 6 82 114 14 48 99
11 0 8 44 26 65 59 101 111 93 73
11 1 8 23 50 58 127 94 62 46 124
11 2 8 84 88 93 54 127 87 47 18
11 3 8 39 2 82 38 124 114 56 64
11 4 8 56 25 48 67 23 124 47 106
11 5 8 82 22 24 47 107 68 97 13
11 6 8 30 42 106 52 2 123 76 83
11 7 8 60 95 51 65 16 80 54 75
11 8 8 109 59 71 103 36 12 107 40
11 9 8 45 119 65 88 101 47 81 92
11 10 8 23 123 83 113 112 39 72 63
11 11 8 67 127 123 65 31 89 44 101
11 12 8 3 97 104 75 13 48 80 63
11 13 8 21 23 16 98 25 69 73 65
11 14 8 127 52 79 20 70 21 118 90
11 15 8 124 22 103 4 67 112 118 108
11 16 8 95 55 66 124 2 7 33 36
11 17 8 48 69 56 28 97 50 76 52
11 18 8 106 76 2 27 120 111 60 42
11 19 8 107 80 60 96 122 42 65 95
11 20 8 109 71 12 52 112 125 107 103
11 21 8 119 18 88 101 45 108 65 19
11 22 8 72 123 51 3 37 83 11 32
11 23 8 32 67 123 127 89 12 44 100
11 24 8 47 3 101 13 48 60 92 22
11 25 8 89 25 16 69 121 23 1 99
11 26 8 70 79 20 110 127 52 90 80
11 27 8 103 124 22 67 118 112 111 108
11 28 8 95 55 66 124 73 3 2 65
11 29 8 56 48 69 28 76 42 29 19
11 30 8 106 27 76 111 2 60 13 43
11 31 8 60 107 80 95 65 96 49 50
11 32 8 109 71 12 84 36 52 112 103
11 33 8 119 65 108 45 101 117 18 88
11 34 8 123 72 61 113 66 105 46 51
11 35 8 67 127 44 89 61 123 49 32
11 36 8 99 74 13 48 15 3 97 114
11 37 8 15 28 23 25 69 6 98 16
11 38 8 20 48 90 127 70 52 25 17
11 39 8 67 103 85 22 101 124 108 23
11 40 8 124 95 66 3 8 36 73 17
11 41 8 48 69 19 56 42 72 28 76
11 42 8 127 64 39 31 46 32 42 120
11 43 8 117 77 88 3 118 78 79 30
11 44 8 43 53 73 0 109 121 57 107
11 45 8 49 21 94 85 78 32 127 2
11 46 8 38 84 126 28 67 31 88 97
11 47 8 73 117 92 9 32 34 111 109
421 0 8 2 93 21 120 31 63 97 61
421 1 8 23 58 6 83 62 46 95 77
421 2 8 122 117 9 32 47 93 116 51
421 3 8 2 38 64 112 39 29 37 105
421 4 8 56 25 48 22 117 50 109 67
421 5 8 108 82 2 22 34 47 13 107
421 6 8 42 106 30 76 52 2 123 79
421 7 8 95 34 51 96 60 65 16 39
421 8 8 109 59 36 103 71 12 46 11
421 9 8 65 45 119 88 101 117 47 12
421 10 8 123 88 112 23 39 113 97 83
421 11 8 127 67 58 89 98 10 37 123
421 12 8 97 104 114 71 75 3 51 63
421 13 8 21 98 121 77 23 73 25 16
421 14 8 79 52 127 118 90 28 70 88
421 15 8 103 4 22 124 112 67 18 95
421 16 8 95 55 20 17 15 66 3 45
421 17 8 56 48 69 45 97 28 76 85
421 18 8 106 42 76 2 27 30 95 79
421 19 8 60 95 80 96 107 65 42 122
421 20 8 71 109 36 12 59 103 39 52
421 21 8 65 45 119 88 101 18 108 81
421 22 8 123 72 88 97 113 101 112 75
421 23 8 127 111 67 89 123 58 10 44
421 24 8 114 104 3 60 13 48 120 74
421 25 8 121 98 21 77 23 25 69 64
421 26 8 79 127 52 118 70 28 110 90
421 27 8 103 22 4 124 112 67 118 53
421 28 8 55 20 95 66 3 73 17 2
421 29 8 56 48 45 69 97 28 76 85
421 30 8 27 13 60 106 76 2 42 111
421 31 8 95 80 107 60 65 96 42 54
421 32 8 109 71 36 12 29 112 52 103
421 33 8 65 101 119 108 45 88 18 120
421 34 8 88 123 72 46 113 11 101 93
421 35 8 111 67 10 127 44 89 123 58
421 36 8 114 51 13 48 74 104 120 97
421 37 8 77 98 121 69 82 21 25 55
421 38 8 79 127 7 25 28 70 118 52
421 39 8 67 103 112 124 108 22 53 4
421 40 8 55 95 66 36 3 2 20 45
421 41 8 48 56 28 69 45 76 97 119
421 42 8 37 64 127 101 42 46 120 91
421 43 8 118 117 77 30 4 3 79 78
421 44 8 109 73 113 43 57 71 53 33
421 45 8 49 21 94 78 85 127 121 32
421 46 8 67 89 126 88 77 28 84 38
421 47 8 92 34 117 37 32 9 8 79
264 0 8 27 106 49 101 48 110 0 50
264 1 8 99 9 36 23 59 75 105 126
264 2 8 45 37 2 21 110 122 102 94
264 3 8 112 103 94 49 18 79 114 42
264 4 8 50 72 109 54 13 48 82 23
264 5 8 108 72 29 44 69 101 22 51
264 6 8 73 76 2 95 60 1 29 127
264 7 8 2 65 80 37 42 115 47 55
264 8 8 98 71 2 12 107 112 40 74
264 9 8 18 47 119 120 108 81 88 21
264 10 8 127 88 11 46 72 15 103 75
264 11 8 111 123 118 35 22 44 27 31
264 12 8 51 48 114 55 13 101 26 92
264 13 8 69 88 119 114 12 73 89 111
264 14 8 127 46 21 70 52 33 89 43
264 15 8 124 65 112 111 118 80 108 22
264 16 8 55 95 60 66 4 2 112 40
264 17 8 39 46 74 76 28 38 119 49
264 18 8 2 73 76 111 11 60 27 95
264 19 8 2 37 80 107 55 47 65 122
264 20 8 98 71 12 112 52 107 29 18
264 21 8 18 101 108 19 119 81 88 120
264 22 8 72 88 11 127 15 46 3 93
264 23 8 111 123 35 118 44 22 27 32
264 24 8 114 13 48 55 101 26 51 83
264 25 8 69 88 114 82 2 77 119 89
264 26 8 70 33 127 46 110 43 21 80
264 27 8 80 65 118 124 111 67 108 112
264 28 8 55 60 95 66 2 3 11 122
264 29 8 39 46 28 38 76 74 56 119
264 30 8 2 73 60 27 111 11 43 76
264 31 8 2 37 80 55 65 107 42 87
264 32 8 98 71 12 29 18 112 52 2
264 33 8 108 18 47 101 19 120 51 119
264 34 8 88 11 72 55 127 46 93 24
264 35 8 111 22 35 44 123 118 27 78
264 36 8 48 51 26 114 13 55 74 101
264 37 8 77 69 88 114 63 18 119 2
264 38 8 33 127 70 43 46 25 91 7
264 39 8 80 65 108 67 124 118 22 105
264 40 8 71 2 60 95 66 118 3 55
264 41 8 39 46 76 38 74 28 36 119
264 42 8 42 104 91 46 98 50 120 125
264 43 8 12 15 122 118 27 3 82 117
264 44 8 99 57 84 43 16 109 67 66
264 45 8 95 90 49 0 21 85 20 17
264 46 8 89 88 81 126 37 44 104 28
264 47 8 14 92 37 8 93 107 9 61
29456 0 8 22 123 72 94 47 6 11 4
29456 1 8 65 102 25 126 36 24 89 59
29456 2 8 37 21 110 6 102 98 27 99
29456 3 8 126 49 88 45 63 81 36 50
29456 4 8 72 101 50 49 24 109 103 13
29456 5 8 29 44 124 101 15 14 43 69
29456 6 8 60 73 76 95 29 6 2 1
29456 7 8 80 65 37 55 54 47 42 46
29456 8 8 71 12 52 125 112 107 40 74
29456 9 8 18 31 19 108 120 81 90 119
29456 10 8 46 11 24 15 51 127 72 75
29456 11 8 123 27 35 111 22 31 44 118
29456 12 8 48 114 55 101 83 94 13 51
29456 13 8 114 88 69 60 38 89 74 73
29456 14 8 127 46 126 70 21 43 59 110
29456 15 8 111 118 124 65 108 28 105 72
29456 16 8 95 66 112 2 60 44 55 122
29456 17 8 46 74 38 76 119 28 52 34
29456 18 8 43 60 73 11 95 65 76 2
29456 19 8 80 37 55 47 107 65 122 42
29456 20 8 71 12 125 52 112 83 29 18
29456 21 8 108 19 18 31 90 101 119 81
29456 22 8 72 11 88 24 46 15 127 51
29456 23 8 123 111 35 27 22 44 100 118
29456 24 8 48 83 101 114 55 13 94 26
29456 25 8 88 89 69 114 60 38 12 82
29456 26 8 70 46 110 127 43 126 68 80
29456 27 8 118 111 65 124 80 28 108 67
29456 28 8 60 95 55 66 108 118 2 122
29456 29 8 46 38 74 52 76 34 119 28
29456 30 8 60 43 11 73 2 27 76 95
29456 31 8 37 55 80 50 107 65 2 87
29456 32 8 71 12 29 112 18 98 52 83
29456 33 8 19 108 18 101 31 47 119 120
29456 34 8 88 72 11 46 127 24 23 15
29456 35 8 22 111 123 35 44 9 27 100
29456 36 8 48 101 26 13 55 94 51 83
29456 37 8 69 88 114 18 77 63 111 60
29456 38 8 127 21 70 46 43 52 25 110
29456 39 8 124 65 108 67 53 60 22 118
29456 40 8 60 95 66 2 108 118 3 55
29456 41 8 46 38 76 36 74 52 119 28
29456 42 8 46 125 42 104 120 91 49 73
29456 43 8 12 15 122 117 118 49 19 3
29456 44 8 99 88 33 43 84 16 109 11
29456 45 8 17 49 21 121 58 85 0 95
29456 46 8 81 29 30 88 84 126 89 104
29456 47 8 14 111 127 92 52 82 37 31
374 0 8 104 120 16 107 111 53 89 22
374 1 8 107 34 86 76 126 42 66 123
374 2 8 14 116 87 32 47 100 10 7
374 3 8 76 13 79 36 91 89 48 51
374 4 8 23 118 74 117 0 105 48 103
374 5 8 108 80 107 22 69 34 106 2
374 6 8 2 106 76 13 86 60 42 95
374 7 8 87 80 60 65 50 37 54 42
374 8 8 64 71 12 112 103 40 11 107
374 9 8 101 94 18 108 119 120 19 88
374 10 8 88 46 14 11 72 127 75 23
374 11 8 111 123 86 10 127 27 118 44
374 12 8 48 53 74 51 26 20 13 37
374 13 8 75 77 44 69 73 16 88 114
374 14 8 80 73 21 127 79 52 110 70
374 15 8 60 124 112 22 111 108 4 118
374 16 8 40 60 95 7 66 2 17 4
374 17 8 53 52 74 56 76 119 28 97
374 18 8 2 76 27 60 43 95 106 13
374 19 8 87 80 50 37 107 60 65 47
374 20 8 64 71 12 15 11 29 52 112
374 21 8 94 101 108 18 19 88 119 81
374 22 8 72 88 14 11 3 46 75 127
374 23 8 111 123 127 10 65 44 118 101
374 24 8 53 20 114 48 26 13 37 74
374 25 8 75 69 77 95 1 121 14 44
374 26 8 80 70 110 127 52 21 79 118
374 27 8 60 112 124 118 22 111 67 108
374 28 8 40 95 60 7 66 2 4 3
374 29 8 53 52 74 28 56 119 76 14
374 30 8 13 43 111 60 27 76 2 73
374 31 8 87 60 80 107 65 50 95 37
374 32 8 64 71 29 52 18 12 15 112
374 33 8 94 101 108 18 119 19 88 51
374 34 8 72 88 14 2 51 11 46 101
374 35 8 111 123 86 10 44 118 127 101
374 36 8 53 48 74 51 13 60 26 9
374 37 8 69 75 44 77 107 21 12 91
374 38 8 127 80 79 25 70 21 118 52
374 39 8 124 108 60 67 53 22 105 61
374 40 8 40 95 66 60 7 2 3 4
374 41 8 53 28 52 56 74 119 76 15
374 42 8 59 125 73 37 46 120 42 94
374 43 8 117 79 81 3 49 118 8 0
374 44 8 37 33 43 57 54 68 45 80
374 45 8 49 20 78 121 21 94 85 112
374 46 8 77 82 88 124 44 84 89 67
374 47 8 27 90 34 32 95 35 59 19
1496 0 8 17 63 34 97 2 19 21 0
1496 1 8 99 76 59 86 107 36 101 66
1496 2 8 37 70 32 102 54 121 8 94
1496 3 8 1 76 79 77 97 106 105 91
1496 4 8 103 87 29 109 105 74 13 49
1496 5 8 48 44 69 15 108 14 34 80
1496 6 8 60 76 95 106 2 73 55 29
1496 7 8 80 65 107 42 37 54 103 46
1496 8 8 71 4 52 12 125 27 112 107
1496 9 8 18 108 119 88 41 25 120 101
1496 10 8 72 15 33 46 2 67 51 11
1496 11 8 19 114 123 100 111 104 118 97
1496 12 8 101 48 38 103 13 57 51 55
1496 13 8 102 89 69 95 1 38 119 108
1496 14 8 82 46 64 70 18 127 68 29
1496 15 8 33 118 112 28 107 67 20 54
1496 16 8 95 40 29 77 66 111 109 51
1496 17 8 0 28 74 49 65 63 76 44
1496 18 8 55 60 111 27 73 76 2 43
1496 19 8 80 55 107 96 46 37 113 87
1496 20 8 4 71 29 52 125 12 27 83
1496 21 8 108 18 41 101 51 88 19 119
1496 22 8 72 51 15 2 67 3 11 82
1496 23 8 114 100 123 118 19 97 111 44
1496 24 8 101 103 48 13 55 38 25 51
1496 25 8 89 95 69 102 108 123 12 1
1496 26 8 46 82 18 70 64 110 52 127
1496 27 8 87 33 118 31 20 112 107 124
1496 28 8 77 29 40 95 44 66 111 53
1496 29 8 65 0 63 28 11 56 74 61
1496 30 8 55 111 13 103 60 27 76 2
1496 31 8 55 96 50 80 87 107 60 65
1496 32 8 27 4 71 12 52 29 64 94
1496 33 8 108 94 18 41 0 19 119 33
1496 34 8 72 2 88 15 51 33 67 127
1496 35 8 114 123 111 100 19 97 118 35
1496 36 8 101 38 3 48 25 53 13 103
1496 37 8 102 77 95 123 109 69 89 16
1496 38 8 82 18 46 52 64 70 127 111
1496 39 8 107 33 87 22 20 67 27 53
1496 40 8 29 77 44 95 66 3 108 111
1496 41 8 65 28 63 85 36 56 11 0
1496 42 8 20 8 46 126 42 37 120 75
1496 43 8 30 16 117 47 8 94 77 3
1496 44 8 110 33 84 43 80 94 73 34
1496 45 8 21 47 83 49 34 85 87 94
1496 46 8 123 122 10 45 71 51 84 88
1496 47 8 11 31 127 82 90 14 114 15
11 0 8 44 65 26 59 73 118 93 104
11 1 8 50 94 124 26 113 18 34 46
11 2 8 84 88 54 49 32 93 53 18
11 3 8 121 76 2 79 6 93 97 89
11 4 8 76 106 25 29 117 48 85 23
11 5 8 108 125 22 42 61 82 69 66
11 6 8 105 2 106 42 83 123 76 60
11 7 8 50 49 96 107 103 42 80 60
11 8 8 84 71 121 12 103 59 112 52
11 9 8 110 9 88 119 18 108 117 120
11 10 8 88 61 72 39 105 33 112 113
11 11 8 123 111 61 19 49 127 89 98
11 12 8 51 3 99 7 74 48 97 12
11 13 8 77 16 6 69 73 21 28 64
11 14 8 20 48 52 79 127 73 21 70
11 15 8 85 103 22 60 53 67 118 18
11 16 8 108 95 124 55 8 17 66 40
11 17 8 72 48 69 56 19 28 30 49
11 18 8 106 105 27 2 60 42 76 123
11 19 8 50 96 49 60 80 107 46 42
11 20 8 84 71 12 121 59 103 112 27
11 21 8 9 110 119 88 108 101 18 81
11 22 8 72 88 61 105 11 97 2 93
11 23 8 123 127 61 49 24 89 44 111
11 24 8 99 3 15 13 7 48 12 74
11 25 8 16 6 77 69 15 28 89 73
11 26 8 20 48 79 52 70 110 127 90
11 27 8 103 85 118 22 60 67 124 10
11 28 8 55 8 66 124 95 17 65 108
11 29 8 69 19 56 48 28 118 76 85
11 30 8 105 106 27 8 42 13 2 76
11 31 8 50 49 60 96 65 80 46 42
11 32 8 71 84 121 103 109 59 12 112
11 33 8 110 9 88 119 108 117 101 125
11 34 8 61 105 72 39 112 53 113 101
11 35 8 24 49 61 127 37 23 89 123
11 36 8 99 12 15 97 7 3 13 63
11 37 8 16 15 6 21 28 77 69 80
11 38 8 20 52 48 127 107 70 25 10
11 39 8 103 67 85 22 53 18 101 124
11 40 8 124 55 8 66 3 45 36 95
11 41 8 72 48 69 19 56 28 42 53
11 42 8 39 64 32 31 127 46 42 120
11 43 8 117 77 30 88 3 78 8 17
11 44 8 53 73 43 0 107 33 17 84
11 45 8 94 21 49 85 78 127 32 17
11 46 8 123 84 38 97 88 28 82 67
11 47 8 73 109 32 90 9 111 117 79
1221 0 8 63 103 21 13 2 97 120 54
1221 1 8 58 8 53 41 23 6 26 42
1221 2 8 84 88 54 32 8 100 93 47
1221 3 8 2 64 38 29 80 93 91 39
1221 4 8 25 76 48 124 67 109 79 22
1221 5 8 82 22 125 108 47 34 69 107
1221 6 8 42 123 106 2 30 76 27 6
1221 7 8 50 96 95 60 49 65 34 43
1221 8 8 109 59 103 71 84 12 36 39
1221 9 8 119 88 101 45 110 9 117 26
1221 10 8 23 72 83 102 39 97 88 75
1221 11 8 19 123 127 67 9 89 98 111
1221 12 8 12 3 7 104 97 80 48 74
1221 13 8 16 21 77 69 98 73 64 6
1221 14 8 79 27 52 127 10 118 73 101
1221 15 8 103 112 22 118 67 53 124 60
1221 16 8 55 95 66 28 124 17 15 20
1221 17 8 48 69 56 97 28 76 10 49
1221 18 8 111 27 106 43 2 76 42 123
1221 19 8 50 96 80 107 60 95 122 65
1221 20 8 109 71 12 39 103 40 36 59
1221 21 8 101 119 108 26 88 18 45 81
1221 22 8 72 97 51 101 102 73 3 83
1221 23 8 127 123 32 10 67 47 19 89
1221 24 8 12 3 80 48 7 101 104 124
1221 25 8 16 21 69 121 6 64 95 44
1221 26 8 79 70 27 52 118 127 110 91
1221 27 8 112 103 124 118 22 67 111 60
1221 28 8 55 95 66 2 3 20 17 124
1221 29 8 48 28 69 97 56 76 19 49
1221 30 8 111 13 43 27 60 2 106 76
1221 31 8 50 80 107 95 65 122 46 96
1221 32 8 109 71 12 84 112 39 52 29
1221 33 8 101 108 88 51 18 119 45 26
1221 34 8 72 123 101 51 107 61 102 11
1221 35 8 67 123 10 19 61 127 49 44
1221 36 8 12 48 13 3 99 80 7 30
1221 37 8 16 69 21 6 98 28 121 77
1221 38 8 79 127 70 52 25 10 48 118
1221 39 8 67 103 53 124 22 108 112 85
1221 40 8 55 66 95 3 2 124 20 36
1221 41 8 28 48 69 56 19 76 97 119
1221 42 8 64 46 37 32 127 120 42 101
1221 43 8 77 117 30 118 3 17 88 79
1221 44 8 109 53 73 43 0 113 47 84
1221 45 8 21 94 49 78 127 85 45 89
1221 46 8 67 84 126 38 89 28 88 81
1221 47 8 92 117 34 73 32 79 37 9
264 0 8 106 27 49 48 110 19 50 111
264 1 8 99 59 36 9 23 113 126 8
264 2 8 37 21 45 110 2 102 94 31
264 3 8 94 103 112 18 49 29 114 98
264 4 8 50 72 54 119 82 109 13 103
264 5 8 44 29 72 101 69 124 15 43
264 6 8 73 2 76 60 95 11 1 127
264 7 8 2 37 80 65 47 46 42 107
264 8 8 71 98 12 18 112 2 107 52
264 9 8 18 81 108 120 21 119 124 88
264 10 8 127 11 72 103 46 84 24 15
264 11 8 123 35 22 118 19 31 27 42
264 12 8 101 48 55 114 92 13 108 59
264 13 8 69 88 114 119 34 12 89 85
264 14 8 46 127 21 70 91 59 33 52
264 15 8 65 124 111 118 72 112 80 67
264 16 8 95 66 55 44 108 112 11 34
264 17 8 46 39 74 38 28 76 119 49
264 18 8 2 27 73 111 76 60 120 43
264 19 8 2 37 80 47 107 46 55 122
264 20 8 71 98 12 112 52 18 107 108
264 21 8 108 18 81 101 88 119 51 21
264 22 8 72 51 11 15 127 3 46 102
264 23 8 123 32 35 118 27 44 1 114
264 24 8 101 3 48 55 13 92 47 94
264 25 8 89 88 69 119 1 114 97 50
264 26 8 70 46 33 12 110 91 21 127
264 27 8 118 80 65 124 111 107 112 67
264 28 8 55 95 108 60 53 66 27 11
264 29 8 39 46 28 74 76 38 52 49
264 30 8 111 43 13 27 73 60 2 127
264 31 8 2 55 37 80 107 65 50 87
264 32 8 18 98 71 12 112 52 5 29
264 33 8 51 108 18 120 19 101 119 88
264 34 8 72 51 11 36 55 102 127 24
264 35 8 35 123 22 1 44 19 118 27
264 36 8 101 26 48 12 13 55 94 83
264 37 8 69 16 88 63 114 2 12 77
264 38 8 33 46 52 21 70 127 25 80
264 39 8 80 60 65 67 53 124 22 108
264 40 8 60 55 66 95 108 3 44 2
264 41 8 39 46 52 28 36 15 56 38
264 42 8 46 125 42 120 49 73 104 59
264 43 8 15 12 117 49 8 122 19 3
264 44 8 99 88 43 84 33 45 11 113
264 45 8 58 17 21 49 121 85 112 78
264 46 8 88 84 81 30 29 44 89 105
264 47 8 111 127 52 14 95 59 35 108
1969 0 8 104 2 97 11 126 22 120 63
1969 1 8 48 107 123 86 126 99 53 24
1969 2 8 9 14 32 24 116 8 51 102
1969 3 8 13 105 36 38 1 79 112 91
1969 4 8 23 0 22 74 25 105 48 54
1969 5 8 34 80 82 22 107 126 102 69
1969 6 8 2 42 106 123 27 76 6 127
1969 7 8 87 50 34 96 65 60 42 103
1969 8 8 39 64 103 59 71 113 12 36
1969 9 8 94 45 101 88 119 81 44 92
1969 10 8 23 72 107 97 101 39 108 75
1969 11 8 123 86 127 9 19 10 98 87
1969 12 8 12 53 118 3 20 104 11 80
1969 13 8 44 75 16 73 69 21 64 2
1969 14 8 80 52 79 21 73 127 118 63
1969 15 8 60 22 118 53 124 67 111 112
1969 16 8 7 66 95 60 15 91 11 34
1969 17 8 52 56 53 15 122 28 68 34
1969 18 8 42 27 106 111 2 123 76 119
1969 19 8 87 50 60 96 115 80 47 65
1969 20 8 64 71 39 59 103 40 124 5
1969 21 8 94 101 119 88 108 81 34 45
1969 22 8 72 51 101 107 3 75 37 32
1969 23 8 127 86 101 31 123 89 4 36
1969 24 8 53 12 101 3 118 104 20 11
1969 25 8 44 95 75 16 89 64 21 69
1969 26 8 80 79 52 70 110 62 21 91
1969 27 8 60 118 111 22 67 124 53 10
1969 28 8 7 66 60 95 11 17 26 15
1969 29 8 52 28 53 56 85 68 15 49
1969 30 8 13 42 111 43 27 106 79 8
1969 31 8 87 50 96 60 47 95 53 107
1969 32 8 64 71 103 70 18 39 5 48
1969 33 8 94 51 108 88 101 119 81 45
1969 34 8 72 107 51 101 97 35 39 96
1969 35 8 86 127 37 123 101 19 44 40
1969 36 8 53 12 118 30 48 97 13 110
1969 37 8 44 75 21 69 2 16 77 95
1969 38 8 80 79 52 21 25 70 127 107
1969 39 8 67 60 53 22 124 108 18 7
1969 40 8 7 66 60 95 15 3 36 11
1969 41 8 28 52 46 15 56 85 127 53
1969 42 8 46 125 37 68 73 120 59 42
1969 43 8 12 117 19 49 3 8 2 56
1969 44 8 88 45 113 43 33 84 37 30
1969 45 8 17 58 21 112 49 46 121 85
1969 46 8 88 29 84 30 105 39 28 104
1969 47 8 52 35 111 108 6 95 59 71
387 0 8 16 97 126 18 118 111 53 19
387 1 8 123 107 116 34 113 42 126 76
387 2 8 14 32 87 7 102 9 116 69
387 3 8 1 76 79 36 105 50 30 123
387 4 8 23 118 0 103 74 105 38 89
387 5 8 80 34 22 107 69 49 122 86
387 6 8 2 127 60 42 76 106 6 1
387 7 8 87 107 80 50 65 60 37 2
387 8 8 64 71 39 12 11 112 124 74
387 9 8 101 94 44 51 88 45 81 18
387 10 8 23 72 107 14 121 84 75 122
387 11 8 123 10 65 19 70 31 4 86
387 12 8 66 53 92 48 111 12 3 11
387 13 8 44 75 107 1 69 13 99 30
387 14 8 80 21 91 59 127 118 70 52
387 15 8 112 60 118 111 124 4 50 88
387 16 8 40 7 95 53 66 4 26 11
387 17 8 52 53 74 28 68 76 124 10
387 18 8 111 43 27 121 120 65 127 60
387 19 8 87 107 96 47 46 80 115 30
387 20 8 71 70 64 11 48 52 125 124
387 21 8 51 108 94 81 101 88 21 18
387 22 8 72 22 51 3 14 75 97 32
387 23 8 31 123 65 70 10 120 19 101
387 24 8 101 111 12 92 3 53 20 11
387 25 8 13 95 75 1 44 89 69 119
387 26 8 80 70 91 21 110 79 127 59
387 27 8 118 60 111 112 22 124 67 88
387 28 8 40 95 7 66 53 60 26 11
387 29 8 28 53 52 74 119 124 76 68
387 30 8 13 111 43 27 60 127 120 76
387 31 8 87 107 96 47 46 53 60 80
387 32 8 18 64 71 70 52 127 124 110
387 33 8 51 94 108 101 88 18 81 25
387 34 8 72 51 107 2 14 54 97 35
387 35 8 19 123 86 101 71 118 10 17
387 36 8 53 111 48 12 13 60 115 118
387 37 8 44 75 69 107 13 2 21 95
387 38 8 80 21 70 79 127 25 118 52
387 39 8 124 67 60 53 108 118 22 91
387 40 8 40 66 95 7 60 4 3 2
387 41 8 53 28 52 56 85 15 90 74
387 42 8 46 73 37 59 68 120 125 42
387 43 8 3 117 79 17 0 49 8 81
387 44 8 37 33 43 68 54 30 84 95
387 45 8 21 85 49 20 78 121 94 119
387 46 8 82 88 44 124 84 28 89 67
387 47 8 90 27 34 9 32 19 35 95
1496 0 8 17 63 34 97 2 19 21 62
1496 1 8 99 123 76 59 7 113 101 53
1496 2 8 37 70 102 32 121 54 68 52
1496 3 8 1 76 79 105 77 41 106 121
1496 4 8 103 119 29 87 49 109 105 9
1496 5 8 44 48 14 69 15 24 101 90
1496 6 8 60 2 76 95 106 73 55 6
1496 7 8 80 107 65 42 37 46 54 55
1496 8 8 18 71 52 4 12 125 27 107
1496 9 8 18 51 88 108 119 41 120 81
1496 10 8 72 15 51 33 67 46 2 3
1496 11 8 19 114 123 118 100 35 1 70
1496 12 8 101 3 38 48 62 57 13 80
1496 13 8 89 102 95 69 105 12 108 73
1496 14 8 82 18 46 127 70 91 52 22
1496 15 8 33 118 27 20 19 107 124 54
1496 16 8 95 77 111 29 53 40 44 115
1496 17 8 0 49 65 63 74 28 44 76
1496 18 8 111 55 43 60 98 120 27 95
1496 19 8 96 80 46 107 58 55 113 47
1496 20 8 71 4 52 125 27 18 29 12
1496 21 8 108 18 51 88 41 101 34 119
1496 22 8 72 51 15 22 3 2 67 32
1496 23 8 114 100 123 19 118 97 31 70
1496 24 8 3 101 48 103 80 13 108 75
1496 25 8 89 95 69 119 102 12 41 1
1496 26 8 18 46 70 82 91 12 22 5
1496 27 8 33 118 107 87 31 20 27 22
1496 28 8 53 77 29 111 54 95 44 17
1496 29 8 0 65 63 28 56 11 68 52
1496 30 8 111 55 103 43 13 76 27 95
1496 31 8 55 80 107 46 65 96 122 30
1496 32 8 18 27 71 52 4 12 125 40
1496 33 8 108 51 41 94 18 119 88 40
1496 34 8 72 51 2 67 15 33 97 36
1496 35 8 114 100 123 97 22 19 92 44
1496 36 8 101 38 3 13 48 25 103 53
1496 37 8 109 123 95 102 89 18 69 12
1496 38 8 82 18 46 70 52 111 64 22
1496 39 8 107 20 22 33 67 87 27 18
1496 40 8 29 77 44 66 108 3 53 111
1496 41 8 65 63 0 85 56 28 11 84
1496 42 8 20 126 75 46 8 42 127 120
1496 43 8 47 16 121 117 8 3 56 2
1496 44 8 110 80 33 84 13 43 11 113
1496 45 8 47 83 21 87 49 5 85 78
1496 46 8 1 123 10 45 84 88 96 71
1496 47 8 127 11 31 90 82 15 12 114
13 0 8 65 43 73 98 44 45 72 1
13 1 8 18 94 38 127 26 113 70 50
13 2 8 84 88 38 93 32 57 18 108
13 3 8 6 2 31 89 124 41 76 79
13 4 8 106 76 115 124 48 85 29 40
13 5 8 61 125 66 22 64 8 126 69
13 6 8 83 105 106 8 42 2 27 107
13 7 8 49 96 112 34 103 42 115 54
13 8 8 84 121 59 12 103 71 105 112
13 9 8 9 110 88 119 81 117 125 51
13 10 8 61 105 72 112 75 56 69 25
13 11 8 49 24 123 61 19 127 125 89
13 12 8 3 15 99 12 75 97 80 13
13 13 8 6 15 28 73 23 69 118 104
13 14 8 48 20 52 90 104 17 70 127
13 15 8 85 101 22 53 118 67 103 18
13 16 8 124 8 39 17 65 66 95 26
13 17 8 19 69 105 56 42 48 68 21
13 18 8 105 83 106 27 2 123 76 42
13 19 8 49 96 112 60 115 65 16 42
13 20 8 84 121 59 71 103 12 40 112
13 21 8 9 110 125 119 81 88 117 108
13 22 8 72 61 105 56 51 112 25 97
13 23 8 61 24 127 49 123 23 46 44
13 24 8 99 15 3 56 80 96 13 48
13 25 8 6 15 58 28 23 69 73 95
13 26 8 20 17 48 90 52 70 110 32
13 27 8 101 85 10 22 118 67 103 70
13 28 8 124 65 17 8 39 66 26 81
13 29 8 19 69 42 105 56 21 48 118
13 30 8 105 83 106 27 42 30 6 76
13 31 8 112 49 60 65 96 122 51 39
13 32 8 121 65 84 71 103 46 59 127
13 33 8 125 117 9 110 119 88 64 108
13 34 8 56 112 105 61 39 53 72 78
13 35 8 24 23 61 49 37 125 127 107
13 36 8 99 97 15 96 3 9 74 116
13 37 8 15 23 58 28 6 25 73 77
13 38 8 20 48 17 86 107 90 52 34
13 39 8 85 101 103 70 18 10 67 22
13 40 8 45 124 65 8 73 17 81 66
13 41 8 48 69 42 19 56 18 21 127
13 42 8 31 32 64 127 114 39 46 68
13 43 8 77 88 117 78 3 31 43 21
13 44 8 53 73 90 107 0 43 121 17
13 45 8 21 94 101 49 27 85 2 78
13 46 8 38 88 84 97 11 103 34 28
13 47 8 105 73 57 20 9 109 86 59
9211 0 8 2 21 80 41 93 50 75 63
9211 1 8 6 23 58 83 3 74 26 116
9211 2 8 122 84 117 93 32 8 88 54
9211 3 8 64 2 38 26 4 124 16 79
9211 4 8 56 76 25 124 48 79 91 22
9211 5 8 47 82 22 126 125 102 2 111
9211 6 8 42 106 30 83 52 123 105 2
9211 7 8 95 60 49 34 96 51 103 43
9211 8 8 84 109 59 36 103 71 27 46
9211 9 8 9 45 119 88 110 117 65 43
9211 10 8 123 83 61 113 72 39 108 112
9211 11 8 67 58 127 26 19 61 98 123
9211 12 8 60 104 15 97 12 63 52 9
9211 13 8 25 6 21 98 23 28 121 73
9211 14 8 79 48 52 28 127 90 70 118
9211 15 8 103 85 22 67 4 124 53 112
9211 16 8 124 95 55 17 66 73 65 20
9211 17 8 48 69 45 56 97 28 105 59
9211 18 8 106 76 42 27 2 13 8 83
9211 19 8 60 95 96 80 107 49 65 122
9211 20 8 109 71 36 84 12 103 39 99
9211 21 8 45 119 9 117 88 110 101 108
9211 22 8 123 72 73 39 61 51 101 113
9211 23 8 127 58 67 61 89 49 123 10
9211 24 8 60 104 15 97 99 9 74 52
9211 25 8 25 6 21 79 121 28 98 69
9211 26 8 79 48 52 70 28 90 127 118
9211 27 8 103 22 67 124 10 85 118 53
9211 28 8 124 66 73 95 55 17 3 65
9211 29 8 48 69 56 28 45 97 29 76
9211 30 8 13 27 105 106 76 8 42 95
9211 31 8 95 107 80 49 60 96 65 42
9211 32 8 109 71 84 36 121 127 12 103
9211 33 8 9 117 119 45 110 88 108 101
9211 34 8 123 61 105 72 13 39 53 66
9211 35 8 67 127 61 49 111 37 24 44
9211 36 8 99 74 97 15 48 13 9 114
9211 37 8 25 98 6 28 21 69 23 79
9211 38 8 79 48 127 52 25 90 70 107
9211 39 8 67 103 22 85 124 108 53 61
9211 40 8 95 66 124 73 55 17 36 2
9211 41 8 69 48 28 56 19 45 97 76
9211 42 8 64 46 37 127 31 32 120 101
9211 43 8 77 117 88 3 79 78 118 17
9211 44 8 43 73 53 0 57 68 33 111
9211 45 8 94 49 21 78 85 127 32 103
9211 46 8 67 38 88 84 89 28 77 31
9211 47 8 117 32 9 34 73 59 27 79
421 0 8 2 93 21 31 63 19 97 104
421 1 8 23 58 83 116 75 95 60 72
421 2 8 122 117 9 32 47 93 51 94
421 3 8 64 112 38 2 39 37 29 79
421 4 8 56 25 48 22 117 83 109 23
421 5 8 108 82 2 47 22 34 107 58
421 6 8 42 106 123 2 30 76 52 27
421 7 8 95 96 34 65 60 51 42 43
421 8 8 109 36 71 59 103 18 39 12
421 9 8 45 88 65 119 101 51 81 47
421 10 8 123 88 23 72 83 39 113 97
421 11 8 67 111 127 19 58 98 10 65
421 12 8 104 114 97 60 51 54 63 74
421 13 8 98 121 21 77 25 23 69 16
421 14 8 79 127 52 118 70 91 28 10
421 15 8 103 112 22 4 124 67 118 53
421 16 8 95 55 20 66 15 17 73 124
421 17 8 48 69 56 45 28 97 76 124
421 18 8 106 111 76 42 27 95 2 13
421 19 8 95 80 107 96 60 122 65 43
421 20 8 109 71 36 18 12 52 39 103
421 21 8 119 45 88 101 108 65 18 117
421 22 8 123 72 88 97 13 39 101 83
421 23 8 111 127 67 58 10 19 123 44
421 24 8 114 104 51 60 48 9 120 13
421 25 8 121 98 21 23 25 77 69 64
421 26 8 79 52 127 70 118 28 90 110
421 27 8 103 22 67 112 53 124 4 118
421 28 8 55 20 95 66 73 3 2 36
421 29 8 48 28 69 56 45 97 85 76
421 30 8 13 76 42 27 60 106 2 111
421 31 8 95 96 107 80 43 65 42 30
421 32 8 109 71 36 18 12 112 103 39
421 33 8 65 45 101 119 88 108 18 117
421 34 8 88 123 72 119 13 101 46 93
421 35 8 67 111 19 10 127 44 58 122
421 36 8 51 48 114 13 30 74 97 120
421 37 8 77 98 121 69 21 82 23 55
421 38 8 79 7 127 25 28 118 70 52
421 39 8 67 103 53 112 22 124 108 4
421 40 8 55 95 66 20 45 36 3 2
421 41 8 28 48 69 45 56 97 76 85
421 42 8 37 101 46 64 120 127 42 31
421 43 8 118 117 77 4 79 30 3 78
421 44 8 113 109 73 43 71 57 33 68
421 45 8 49 94 127 121 78 21 85 66
421 46 8 67 89 126 88 84 28 38 44
421 47 8 34 117 92 32 9 37 79 73
264 0 8 27 106 49 101 110 48 19 50
264 1 8 99 9 36 59 23 75 95 126
264 2 8 37 45 21 2 110 102 122 31
264 3 8 103 112 94 49 18 79 98 54
264 4 8 50 72 109 54 13 82 101 23
264 5 8 44 108 29 72 69 101 22 51
264 6 8 73 2 76 60 95 127 1 119
264 7 8 2 37 80 65 107 55 42 115
264 8 8 71 98 2 12 112 107 52 18
264 9 8 18 47 108 120 81 21 119 88
264 10 8 127 88 11 46 103 72 15 75
264 11 8 111 22 118 35 123 31 19 42
264 12 8 51 55 48 101 114 26 13 92
264 13 8 88 69 119 114 12 99 1 89
264 14 8 46 127 59 21 33 70 115 89
264 15 8 111 65 124 118 112 80 67 22
264 16 8 95 55 66 4 108 60 11 2
264 17 8 39 46 74 28 38 76 119 49
264 18 8 73 2 111 76 43 60 27 11
264 19 8 2 37 80 107 55 47 32 65
264 20 8 71 98 12 18 112 20 52 125
264 21 8 18 101 108 119 21 81 88 120
264 22 8 72 88 11 93 46 127 75 32
264 23 8 111 118 35 123 22 44 27 36
264 24 8 48 114 101 51 13 55 26 47
264 25 8 69 88 119 77 114 1 2 89
264 26 8 33 59 70 127 46 110 80 43
264 27 8 111 80 118 65 112 67 79 53
264 28 8 55 60 95 66 108 27 2 4
264 29 8 39 46 28 76 38 74 52 49
264 30 8 60 2 73 43 111 27 76 13
264 31 8 2 107 80 55 37 96 65 43
264 32 8 18 98 71 12 29 2 112 52
264 33 8 108 18 101 31 88 119 120 81
264 34 8 88 72 11 55 127 36 46 119
264 35 8 22 111 35 19 44 27 118 123
264 36 8 26 51 48 13 55 114 101 74
264 37 8 77 88 69 114 119 2 12 18
264 38 8 33 127 7 46 70 25 21 80
264 39 8 80 65 53 60 67 22 124 108
264 40 8 55 60 95 66 108 51 3 2
264 41 8 39 46 28 36 52 126 15 56
264 42 8 98 125 46 120 104 42 73 59
264 43 8 12 15 117 79 49 3 118 122
264 44 8 99 43 88 33 68 84 45 48
264 45 8 17 49 21 85 20 78 58 121
264 46 8 30 88 44 81 84 29 89 126
264 47 8 111 120 127 14 9 92 36 15
1033 0 8 104 13 16 22 97 111 47 63
1033 1 8 20 107 34 76 58 123 126 53
1033 2 8 14 116 32 9 51 100 54 47
1033 3 8 105 1 36 13 76 64 48 38
1033 4 8 117 23 22 105 118 74 102 56
1033 5 8 108 80 34 97 107 22 82 13
1033 6 8 2 42 106 86 76 79 123 127
1033 7 8 87 95 60 107 103 2 65 96
1033 8 8 64 39 71 103 36 59 112 27
1033 9 8 94 101 88 45 119 108 120 127
1033 10 8 88 97 39 23 14 72 101 35
1033 11 8 86 111 19 65 98 127 10 122
1033 12 8 53 51 63 114 26 118 43 97
1033 13 8 75 77 98 44 21 24 107 69
1033 14 8 80 79 52 118 21 127 73 10
1033 15 8 60 4 111 53 112 67 22 124
1033 16 8 40 7 66 95 60 33 26 91
1033 17 8 53 52 28 49 76 97 56 68
1033 18 8 42 2 111 106 123 76 27 3
1033 19 8 87 95 96 107 43 47 80 42
1033 20 8 71 64 39 59 103 36 29 18
1033 21 8 94 45 119 101 88 108 81 65
1033 22 8 72 97 88 101 39 54 119 14
1033 23 8 111 65 19 127 86 10 29 44
1033 24 8 114 53 43 118 51 123 52 63
1033 25 8 75 77 69 64 98 95 21 107
1033 26 8 80 52 79 70 118 21 127 110
1033 27 8 60 53 67 111 118 22 4 124
1033 28 8 40 7 66 95 60 3 33 36
1033 29 8 28 52 53 85 13 76 49 56
1033 30 8 13 111 27 42 76 60 2 106
1033 31 8 87 95 96 107 43 46 80 42
1033 32 8 64 71 29 18 103 112 52 39
1033 33 8 94 108 88 101 119 45 51 18
1033 34 8 72 88 97 119 35 14 13 96
1033 35 8 19 111 86 122 10 44 65 127
1033 36 8 53 51 30 13 114 48 43 118
1033 37 8 77 75 44 107 69 2 21 24
1033 38 8 79 80 25 21 127 118 52 70
1033 39 8 124 67 53 60 108 22 112 61
1033 40 8 40 7 95 66 2 60 3 4
1033 41 8 53 28 52 85 56 90 15 76
1033 42 8 37 46 125 59 73 120 68 42
1033 43 8 117 3 79 81 0 49 8 56
1033 44 8 37 33 43 68 54 45 95 80
1033 45 8 21 20 49 78 121 66 85 112
1033 46 8 82 88 124 84 44 28 77 89
1033 47 8 90 27 34 32 9 14 59 95
10322 0 8 62 17 34 63 19 28 68 87
10322 1 8 99 76 59 7 123 113 46 22
10322 2 8 37 70 102 32 121 68 94 6
10322 3 8 76 1 79 77 97 41 112 36
10322 4 8 103 87 101 109 13 49 9 105
10322 5 8 108 44 43 48 15 14 69 58
10322 6 8 2 73 60 76 95 106 29 55
10322 7 8 80 107 65 42 46 43 37 103
10322 8 8 71 52 4 12 125 107 112 2
10322 9 8 18 108 88 25 41 119 120 83
10322 10 8 15 72 33 88 119 46 2 67
10322 11 8 19 114 111 1 118 123 65 122
10322 12 8 101 38 48 103 13 51 43 22
10322 13 8 102 69 89 95 1 119 105 12
10322 14 8 46 18 127 82 52 70 59 21
10322 15 8 33 27 54 20 124 107 118 111
10322 16 8 95 29 77 66 44 108 40 54
10322 17 8 0 63 74 28 65 49 76 11
10322 18 8 111 60 43 55 76 73 27 2
10322 19 8 80 107 46 37 55 43 96 65
10322 20 8 71 4 52 27 12 125 81 29
10322 21 8 18 88 108 41 101 119 19 83
10322 22 8 72 15 33 88 119 127 32 2
10322 23 8 19 114 100 97 111 123 118 44
10322 24 8 48 103 101 13 51 38 55 43
10322 25 8 89 69 119 95 102 1 123 41
10322 26 8 46 18 82 52 64 59 70 127
10322 27 8 33 54 87 27 53 20 67 107
10322 28 8 77 44 108 66 29 95 40 33
10322 29 8 63 65 0 28 11 49 56 46
10322 30 8 55 60 76 2 103 27 42 111
10322 31 8 96 107 50 43 80 46 55 58
10322 32 8 71 4 27 52 18 70 125 94
10322 33 8 108 41 18 119 40 88 94 101
10322 34 8 15 72 88 33 67 127 2 97
10322 35 8 114 19 1 111 100 97 123 118
10322 36 8 101 3 38 103 51 12 13 48
10322 37 8 102 95 123 109 63 16 69 89
10322 38 8 82 46 22 18 52 64 25 71
10322 39 8 33 22 107 67 20 27 87 51
10322 40 8 66 29 77 44 108 95 3 55
10322 41 8 65 36 63 28 11 56 85 48
10322 42 8 8 20 46 64 126 42 75 120
10322 43 8 30 16 117 94 72 47 2 80
10322 44 8 33 84 110 73 43 113 11 23
10322 45 8 21 49 47 85 83 94 86 78
10322 46 8 122 123 37 88 17 51 71 109
10322 47 8 82 14 11 114 79 12 22 48
11 0 8 44 65 26 59 73 38 101 118
11 1 8 50 94 26 124 46 34 33 37
11 2 8 88 84 54 93 49 32 53 92
11 3 8 2 76 89 97 6 123 41 121
11 4 8 25 106 76 117 29 48 23 120
11 5 8 108 125 97 22 82 122 42 61
11 6 8 42 105 123 2 106 83 27 13
11 7 8 50 49 96 34 103 43 107 42
11 8 8 84 103 59 71 121 109 12 2
11 9 8 110 88 9 119 117 127 45 51
11 10 8 39 97 88 61 13 113 119 72
11 11 8 19 122 61 111 127 98 49 65
11 12 8 63 7 97 30 104 12 99 74
11 13 8 16 21 6 98 69 64 77 95
11 14 8 20 52 48 79 127 73 80 111
11 15 8 60 103 85 22 53 67 124 118
11 16 8 55 108 8 95 124 15 66 33
11 17 8 48 69 72 56 85 15 28 97
11 18 8 42 106 2 123 105 27 76 60
11 19 8 50 43 49 96 107 95 103 80
11 20 8 84 39 71 59 103 27 12 121
11 21 8 9 88 119 110 101 108 45 18
11 22 8 72 61 97 105 119 39 88 13
11 23 8 19 49 61 127 122 24 123 111
11 24 8 7 99 15 12 63 13 48 104
11 25 8 16 21 6 28 69 64 15 98
11 26 8 79 52 20 48 127 118 70 80
11 27 8 103 60 67 22 53 124 85 108
11 28 8 95 55 66 15 124 8 3 2
11 29 8 48 56 69 19 28 97 85 52
11 30 8 105 60 13 27 106 42 76 8
11 31 8 50 43 80 49 107 95 46 96
11 32 8 84 71 121 109 39 12 59 112
11 33 8 110 9 101 119 88 45 108 18
11 34 8 61 105 97 72 39 53 119 46
11 35 8 49 24 61 127 19 67 44 122
11 36 8 99 12 7 3 15 48 63 13
11 37 8 16 21 15 28 6 69 111 64
11 38 8 20 48 127 52 25 10 70 107
11 39 8 103 85 22 67 124 108 53 101
11 40 8 55 95 124 8 66 2 3 17
11 41 8 69 48 72 19 56 28 97 76
11 42 8 39 64 46 127 31 42 120 101
11 43 8 117 77 30 118 88 79 3 78
11 44 8 53 73 43 0 109 33 68 17
11 45 8 49 94 78 21 85 127 66 32
11 46 8 38 67 88 123 126 82 84 89
11 47 8 73 117 92 32 9 109 34 37
1221 0 8 63 103 21 2 13 120 97 54
1221 1 8 58 8 41 53 23 6 26 42
1221 2 8 88 84 54 32 100 8 92 93
1221 3 8 2 64 38 29 80 93 39 112
1221 4 8 25 76 48 83 79 22 23 124
1221 5 8 82 22 97 34 108 47 107 125
1221 6 8 42 123 2 106 30 52 27 6
1221 7 8 50 95 96 34 43 60 103 91
1221 8 8 109 59 103 71 39 18 78 40
1221 9 8 88 45 119 101 44 51 108 46
1221 10 8 23 97 72 83 102 39 101 19
1221 11 8 19 67 9 127 98 65 111 10
1221 12 8 12 7 63 104 58 97 80 3
1221 13 8 21 16 69 121 98 64 65 75
1221 14 8 79 127 27 52 118 10 28 70
1221 15 8 112 103 124 4 22 60 118 67
1221 16 8 55 95 66 20 2 15 124 28
1221 17 8 69 48 56 97 28 76 74 119
1221 18 8 111 43 106 27 76 2 13 95
1221 19 8 80 107 50 43 95 96 54 46
1221 20 8 109 71 39 12 52 125 112 59
1221 21 8 101 45 119 88 18 108 26 19
1221 22 8 72 123 97 83 101 107 73 119
1221 23 8 127 19 67 123 10 47 111 44
1221 24 8 12 48 3 7 74 13 101 68
1221 25 8 16 21 121 69 107 6 64 75
1221 26 8 79 52 127 118 27 70 21 28
1221 27 8 103 112 22 124 67 53 60 108
1221 28 8 55 95 66 2 36 124 3 20
1221 29 8 48 56 28 69 76 97 119 19
1221 30 8 13 111 60 43 2 76 27 42
1221 31 8 80 107 50 95 43 46 58 37
1221 32 8 109 71 12 39 112 84 52 125
1221 33 8 101 18 45 108 119 88 120 26
1221 34 8 72 11 123 97 46 39 61 93
1221 35 8 67 123 19 127 44 10 61 49
1221 36 8 12 48 13 3 99 114 30 7
1221 37 8 16 6 69 21 28 98 121 111
1221 38 8 79 127 52 48 10 25 70 118
1221 39 8 103 124 108 22 67 53 85 112
1221 40 8 55 95 124 66 2 8 20 3
1221 41 8 69 48 28 56 76 19 97 119
1221 42 8 64 37 46 127 91 42 101 120
1221 43 8 77 117 118 30 88 3 79 4
1221 44 8 53 43 109 73 0 33 68 57
1221 45 8 49 94 21 78 85 127 121 32
1221 46 8 67 126 38 89 88 82 28 84
1221 47 8 92 34 117 9 73 32 37 8
264 0 8 106 27 49 48 19 110 50 111
264 1 8 99 59 9 36 23 113 126 37
264 2 8 37 21 110 45 2 102 31 94
264 3 8 103 94 18 112 49 29 114 98
264 4 8 50 72 119 82 23 54 103 110
264 5 8 44 29 72 101 69 14 22 15
264 6 8 73 2 60 76 127 95 119 11
264 7 8 2 37 80 107 65 46 47 32
264 8 8 71 98 18 12 112 52 2 107
264 9 8 18 108 124 81 120 51 21 47
264 10 8 11 36 103 127 46 75 72 84
264 11 8 123 22 31 35 27 118 65 19
264 12 8 101 26 48 114 108 92 59 55
264 13 8 88 69 119 114 99 16 60 34
264 14 8 127 21 27 46 59 91 43 52
264 15 8 124 65 111 118 72 80 112 105
264 16 8 95 55 66 112 118 2 11 91
264 17 8 39 74 46 38 119 76 28 13
264 18 8 43 111 120 73 76 27 11 2
264 19 8 2 107 80 47 37 52 61 122
264 20 8 18 98 12 71 85 52 48 11
264 21 8 26 108 18 63 101 21 19 81
264 22 8 72 11 84 32 75 46 24 93
264 23 8 123 65 62 100 35 120 27 44
264 24 8 101 48 92 12 47 26 114 20
264 25 8 119 69 88 13 114 12 50 1
264 26 8 127 33 70 43 59 91 110 46
264 27 8 65 118 111 80 124 112 72 67
264 28 8 95 55 66 60 2 118 11 27
264 29 8 39 46 74 76 38 28 119 52
264 30 8 111 43 60 73 27 11 13 2
264 31 8 2 37 107 80 58 55 47 46
264 32 8 18 98 12 71 112 52 125 2
264 33 8 108 18 19 101 31 90 51 120
264 34 8 11 24 36 55 72 46 88 127
264 35 8 123 22 35 27 44 100 118 19
264 36 8 26 13 55 48 83 114 101 12
264 37 8 69 88 114 16 63 111 2 119
264 38 8 33 127 43 70 21 46 105 126
264 39 8 80 65 108 105 124 67 53 22
264 40 8 60 2 71 95 66 118 55 3
264 41 8 39 46 38 76 74 36 119 49
264 42 8 104 42 91 98 46 120 77 50
264 43 8 15 122 118 12 117 3 82 79
264 44 8 99 67 43 57 33 16 84 109
264 45 8 95 49 90 0 20 85 21 78
264 46 8 89 88 126 44 37 104 81 84
264 47 8 14 92 37 107 127 9 8 26
52263 0 8 67 22 30 64 68 82 19 28
52263 1 8 11 48 59 99 85 101 90 22
52263 2 8 37 121 119 102 6 49 32 94
52263 3 8 126 36 1 79 11 49 88 13
52263 4 8 50 103 109 24 101 49 72 57
52263 5 8 44 29 124 14 101 22 15 48
52263 6 8 60 73 2 76 55 95 118 15
52263 7 8 80 107 37 65 54 46 55 47
52263 8 8 71 12 52 125 112 4 40 74
52263 9 8 18 108 19 120 31 101 81 90
52263 10 8 15 46 11 24 88 127 3 36
52263 11 8 123 22 68 27 35 44 31 118
52263 12 8 48 101 94 13 26 114 55 83
52263 13 8 69 114 88 38 99 102 60 12
52263 14 8 46 127 21 52 126 68 59 43
52263 15 8 118 124 28 72 65 20 105 108
52263 16 8 95 111 44 66 60 112 108 55
52263 17 8 46 74 76 119 38 52 28 11
52263 18 8 43 60 73 111 76 95 27 11
52263 19 8 80 107 55 37 47 122 65 54
52263 20 8 12 71 125 52 112 27 83 20
52263 21 8 108 18 101 19 41 119 90 88
52263 22 8 72 11 24 46 127 15 93 88
52263 23 8 123 35 27 22 68 44 42 114
52263 24 8 48 55 94 13 12 101 83 3
52263 25 8 78 89 69 18 114 88 63 95
52263 26 8 46 52 43 127 70 110 21 68
52263 27 8 118 124 87 65 111 60 20 107
52263 28 8 95 111 108 60 55 66 44 2
52263 29 8 46 52 74 28 34 38 76 11
52263 30 8 13 60 43 103 76 27 95 118
52263 31 8 50 80 55 107 37 87 43 2
52263 32 8 71 12 18 52 125 112 40 27
52263 33 8 18 108 101 31 88 19 47 119
52263 34 8 97 46 127 23 107 72 11 15
52263 35 8 22 123 42 1 19 9 35 68
52263 36 8 12 94 48 0 25 26 13 55
52263 37 8 16 18 69 76 57 63 78 102
52263 38 8 46 52 21 22 127 25 60 80
52263 39 8 60 22 20 53 124 67 108 87
52263 40 8 108 95 60 111 66 55 44 3
52263 41 8 36 46 52 15 56 11 28 122
52263 42 8 49 125 46 8 42 73 90 28
52263 43 8 12 49 117 8 72 125 19 16
52263 44 8 99 33 88 43 84 45 13 11
52263 45 8 58 17 49 21 112 85 46 78
52263 46 8 29 30 84 81 88 105 45 39
52263 47 8 111 127 52 95 31 35 14 15
1035 0 8 104 97 2 120 111 63 101 83
1035 1 8 107 123 20 86 53 34 42 76
1035 2 8 14 116 9 32 10 51 100 54
1035 3 8 89 38 25 105 13 79 1 39
1035 4 8 23 0 74 22 25 48 105 40
1035 5 8 34 80 107 22 82 126 125 122
1035 6 8 42 2 123 106 86 111 27 13
1035 7 8 87 50 60 103 80 2 34 45
1035 8 8 64 39 71 103 59 12 11 40
1035 9 8 101 94 119 88 120 45 106 108
1035 10 8 23 97 107 6 75 72 101 121
1035 11 8 123 9 86 127 65 19 111 98
1035 12 8 53 12 26 78 11 48 58 74
1035 13 8 75 44 16 69 63 34 21 84
1035 14 8 80 21 73 52 79 127 63 78
1035 15 8 60 118 22 124 67 126 111 108
1035 16 8 7 95 60 66 15 91 46 55
1035 17 8 52 15 34 76 74 28 53 56
1035 18 8 111 43 123 42 2 106 27 76
1035 19 8 50 87 107 80 96 47 115 43
1035 20 8 64 71 39 83 12 11 59 103
1035 21 8 94 101 88 63 108 119 81 18
1035 22 8 97 72 13 119 92 39 101 121
1035 23 8 19 123 86 127 4 120 29 101
1035 24 8 53 12 78 30 11 74 48 101
1035 25 8 75 44 16 21 69 34 64 95
1035 26 8 80 21 79 52 110 127 70 118
1035 27 8 60 111 118 124 22 53 67 108
1035 28 8 7 95 66 60 15 26 40 2
1035 29 8 52 53 28 15 56 85 46 13
1035 30 8 13 42 123 60 111 76 27 106
1035 31 8 87 50 107 43 46 80 96 60
1035 32 8 64 71 18 39 52 103 70 125
1035 33 8 94 101 108 88 18 45 119 51
1035 34 8 97 107 72 39 96 108 101 119
1035 35 8 86 19 123 127 122 8 37 29
1035 36 8 53 12 30 63 80 118 48 13
1035 37 8 75 44 21 16 69 76 2 77
1035 38 8 80 79 52 21 25 127 70 107
1035 39 8 60 53 22 67 124 108 7 71
1035 40 8 7 95 66 60 15 3 45 36
1035 41 8 52 15 46 56 28 85 127 115
1035 42 8 46 125 37 73 7 68 59 127
1035 43 8 49 12 19 117 3 8 100 21
1035 44 8 45 88 33 43 37 113 84 17
1035 45 8 58 17 112 21 49 46 121 78
1035 46 8 29 84 88 30 105 39 28 104
1035 47 8 52 35 111 95 6 108 71 9
1083 0 8 63 97 111 73 2 17 51 118
1083 1 8 107 86 123 32 53 116 76 42
1083 2 8 8 14 54 32 100 69 94 114
1083 3 8 1 105 38 25 79 54 41 91
1083 4 8 0 74 25 22 23 105 65 90
1083 5 8 122 34 80 82 22 126 107 123
1083 6 8 123 42 2 86 106 43 94 119
1083 7 8 87 95 50 103 96 91 60 107
1083 8 8 64 39 71 59 40 11 103 74
1083 9 8 94 101 88 119 104 81 127 21
1083 10 8 23 107 97 101 121 39 108 6
1083 11 8 86 123 122 19 9 65 127 98
1083 12 8 118 12 53 30 58 11 78 3
1083 13 8 44 102 75 16 21 95 69 107
1083 14 8 52 80 21 79 10 127 73 111
1083 15 8 60 22 118 67 124 53 87 127
1083 16 8 7 95 60 66 91 17 62 113
1083 17 8 53 52 15 28 56 13 93 85
1083 18 8 123 42 27 13 2 106 60 119
1083 19 8 95 87 107 80 50 47 96 115
1083 20 8 64 39 71 27 48 59 83 11
1083 21 8 94 101 104 88 119 108 81 21
1083 22 8 97 107 101 72 39 75 121 108
1083 23 8 123 86 127 4 19 101 29 98
1083 24 8 118 12 53 3 108 78 74 63
1083 25 8 102 95 75 44 21 16 69 73
1083 26 8 52 80 79 21 110 111 70 127
1083 27 8 60 118 87 22 67 111 53 124
1083 28 8 7 66 95 60 36 4 46 17
1083 29 8 52 53 85 28 46 13 56 15
1083 30 8 13 42 123 27 106 60 76 4
1083 31 8 87 95 50 43 60 46 47 107
1083 32 8 64 39 71 18 103 70 59 124
1083 33 8 94 88 108 101 119 33 81 51
1083 34 8 97 107 39 101 35 96 13 72
1083 35 8 86 8 19 123 127 37 101 65
1083 36 8 118 53 12 30 80 11 97 63
1083 37 8 102 44 75 21 95 16 2 73
1083 38 8 52 80 79 21 25 110 111 101
1083 39 8 60 87 53 67 22 7 124 18
1083 40 8 7 60 66 15 95 45 3 79
1083 41 8 52 46 15 28 56 85 53 127
1083 42 8 46 37 125 68 73 7 120 59
1083 43 8 12 117 49 19 75 3 8 100
1083 44 8 88 45 33 43 84 113 37 122
1083 45 8 58 21 17 112 49 46 119 121
1083 46 8 29 84 30 88 105 39 104 28
1083 47 8 52 6 108 111 35 95 71 22
387 0 8 16 97 126 111 29 53 93 104
387 1 8 116 107 113 34 123 86 126 22
387 2 8 14 87 32 7 72 102 116 108
387 3 8 76 1 79 105 97 29 30 0
387 4 8 23 118 0 74 103 110 83 90
387 5 8 80 122 34 22 107 49 69 24
387 6 8 2 60 43 13 41 127 119 106
387 7 8 87 80 50 107 60 65 54 37
387 8 8 64 71 12 39 124 74 118 40
387 9 8 101 94 21 18 119 88 81 108
387 10 8 23 107 121 14 72 75 6 97
387 11 8 123 86 31 10 65 15 22 117
387 12 8 11 53 12 66 118 71 111 108
387 13 8 44 75 69 107 34 99 30 14
387 14 8 80 21 52 73 127 63 118 59
387 15 8 60 118 124 4 22 112 108 67
387 16 8 40 7 95 4 66 112 100 60
387 17 8 53 124 74 52 28 76 50 97
387 18 8 43 111 120 6 27 60 95 2
387 19 8 107 80 87 50 47 115 46 61
387 20 8 71 64 83 125 11 52 48 2
387 21 8 108 21 94 101 18 51 63 88
387 22 8 14 72 97 32 63 75 3 51
387 23 8 123 86 120 10 15 19 4 127
387 24 8 12 53 66 3 11 78 48 118
387 25 8 44 75 95 14 69 13 121 107
387 26 8 21 80 70 52 59 110 127 91
387 27 8 118 60 112 88 124 111 22 67
387 28 8 40 7 95 66 2 4 36 26
387 29 8 53 28 74 52 124 119 13 97
387 30 8 13 43 111 60 27 76 119 95
387 31 8 87 46 107 80 58 43 47 95
387 32 8 18 64 71 124 52 125 40 70
387 33 8 108 94 18 51 101 88 19 21
387 34 8 72 97 14 107 2 51 121 32
387 35 8 123 19 86 10 101 118 114 15
387 36 8 60 53 111 66 48 118 12 3
387 37 8 44 75 107 69 32 14 13 102
387 38 8 79 21 80 127 70 118 52 10
387 39 8 124 53 22 67 7 108 60 118
387 40 8 40 95 7 66 4 60 2 17
387 41 8 53 28 52 74 90 56 119 80
387 42 8 37 46 59 73 125 120 68 94
387 43 8 3 79 117 0 81 75 78 17
387 44 8 37 33 68 43 111 54 57 47
387 45 8 20 21 49 78 85 66 34 121
387 46 8 88 82 77 124 44 84 28 89
387 47 8 27 19 90 34 14 71 99 9
10322 0 8 62 17 34 19 63 87 68 28
10322 1 8 99 123 113 76 59 22 36 7
10322 2 8 37 70 102 121 32 94 68 22
10322 3 8 76 1 79 97 77 29 41 123
10322 4 8 103 119 109 101 29 87 49 13
10322 5 8 48 44 15 43 69 14 16 58
10322 6 8 60 2 95 76 73 106 123 29
10322 7 8 80 107 65 42 46 37 55 54
10322 8 8 71 52 18 12 4 125 27 112
10322 9 8 108 18 51 88 25 119 41 19
10322 10 8 72 15 33 2 119 67 3 46
10322 11 8 19 123 114 1 118 100 44 65
10322 12 8 101 108 48 38 13 12 3 123
10322 13 8 102 95 119 69 1 89 12 108
10322 14 8 18 46 82 52 127 21 81 59
10322 15 8 33 27 107 122 118 124 20 31
10322 16 8 95 54 53 29 77 66 44 40
10322 17 8 0 74 63 65 28 49 11 44
10322 18 8 60 55 43 73 27 2 111 123
10322 19 8 107 80 43 46 96 55 37 74
10322 20 8 71 27 4 125 12 18 52 81
10322 21 8 108 18 41 88 101 51 119 19
10322 22 8 72 2 15 67 119 33 11 51
10322 23 8 123 19 114 100 44 118 35 1
10322 24 8 108 101 38 48 3 103 13 12
10322 25 8 95 119 89 123 1 69 102 109
10322 26 8 18 46 82 97 52 59 70 22
10322 27 8 107 33 27 87 118 20 122 53
10322 28 8 77 54 29 53 44 108 66 109
10322 29 8 0 63 65 11 54 28 49 61
10322 30 8 55 88 103 13 42 106 123 60
10322 31 8 96 43 46 55 80 50 107 58
10322 32 8 18 27 71 4 59 103 2 52
10322 33 8 41 108 51 119 88 94 79 18
10322 34 8 72 97 67 33 15 39 2 51
10322 35 8 114 1 19 123 100 97 92 22
10322 36 8 3 38 101 94 103 55 13 48
10322 37 8 109 123 95 102 63 1 69 12
10322 38 8 82 46 18 52 22 64 111 25
10322 39 8 107 33 22 20 67 27 87 53
10322 40 8 29 77 66 44 108 54 95 3
10322 41 8 65 63 0 56 28 11 85 122
10322 42 8 20 8 126 46 75 127 42 49
10322 43 8 16 47 117 3 8 80 121 94
10322 44 8 110 33 84 43 11 80 23 113
10322 45 8 21 47 83 49 87 85 5 86
10322 46 8 1 123 71 10 84 20 45 109
10322 47 8 11 127 31 82 12 114 15 14
13 0 8 65 43 73 98 44 45 72 1
13 1 8 18 94 38 26 127 43 95 50
13 2 8 84 88 38 93 57 18 20 108
13 3 8 6 31 2 124 89 41 97 117
13 4 8 106 76 115 124 85 48 40 44
13 5 8 61 22 66 125 8 64 24 49
13 6 8 83 105 8 42 106 52 123 12
13 7 8 49 112 103 96 34 54 42 115
13 8 8 84 59 121 103 71 12 40 107
13 9 8 9 110 88 119 104 51 125 81
13 10 8 105 61 97 39 72 112 56 75
13 11 8 24 19 61 49 127 1 111 123
13 12 8 15 99 74 97 3 63 96 30
13 13 8 6 28 15 23 69 73 34 95
13 14 8 20 48 52 104 111 73 127 21
13 15 8 85 101 53 118 22 67 69 103
13 16 8 124 8 39 17 66 108 33 26
13 17 8 105 69 19 56 42 48 21 68
13 18 8 83 105 42 123 106 27 2 8
13 19 8 49 43 112 96 60 107 115 16
13 20 8 84 121 59 103 71 27 12 124
13 21 8 9 110 125 119 88 117 104 81
13 22 8 105 61 56 13 39 72 119 112
13 23 8 24 61 49 19 127 23 123 122
13 24 8 99 15 108 97 3 74 96 123
13 25 8 6 15 28 58 23 69 73 64
13 26 8 20 48 17 52 90 110 104 79
13 27 8 85 101 67 103 22 53 10 18
13 28 8 124 8 39 17 66 65 73 26
13 29 8 19 69 42 56 105 21 48 118
13 30 8 83 105 106 42 27 30 8 76
13 31 8 112 49 96 43 60 16 39 65
13 32 8 65 84 59 121 71 103 46 124
13 33 8 125 9 110 119 117 88 104 108
13 34 8 105 56 61 39 72 112 53 78
13 35 8 61 24 23 49 125 127 37 19
13 36 8 99 15 97 3 96 63 116 74
13 37 8 15 23 58 6 28 25 118 69
13 38 8 20 17 48 86 90 52 107 34
13 39 8 85 101 103 70 67 22 10 18
13 40 8 124 45 17 8 73 81 65 66
13 41 8 48 69 42 19 56 21 18 127
13 42 8 31 64 114 127 32 46 39 68
13 43 8 77 88 117 78 3 31 43 21
13 44 8 53 73 90 0 43 107 121 17
13 45 8 101 21 94 49 27 85 2 78
13 46 8 38 11 84 88 34 97 31 28
13 47 8 105 73 57 20 9 109 86 59
2055 0 8 21 63 2 50 75 103 125 19
2055 1 8 58 6 23 26 95 42 3 72
2055 2 8 84 88 93 54 8 32 122 100
2055 3 8 64 2 38 4 91 124 109 34
2055 4 8 124 56 25 76 48 67 109 22
2055 5 8 82 22 47 61 125 34 8 13
2055 6 8 83 52 42 105 106 126 12 38
2055 7 8 60 49 50 51 16 45 39 75
2055 8 8 36 59 109 84 103 105 121 85
2055 9 8 9 65 110 8 119 88 99 16
2055 10 8 113 112 61 39 102 105 23 6
2055 11 8 9 61 127 67 49 24 19 52
2055 12 8 15 97 3 12 104 75 52 99
2055 13 8 98 23 73 6 21 28 16 20
2055 14 8 79 48 73 52 27 90 86 49
2055 15 8 103 85 22 18 125 118 53 8
2055 16 8 124 17 65 55 45 73 66 7
2055 17 8 48 69 56 99 19 73 13 68
2055 18 8 83 105 106 42 30 27 8 52
2055 19 8 49 60 96 50 112 16 39 51
2055 20 8 84 121 36 59 103 46 101 71
2055 21 8 9 110 125 119 65 117 8 14
2055 22 8 105 61 112 56 113 72 53 66
2055 23 8 61 127 24 49 23 46 37 125
2055 24 8 99 15 3 97 12 56 75 96
2055 25 8 6 23 28 15 98 16 73 21
2055 26 8 79 48 90 52 88 70 110 93
2055 27 8 103 85 22 10 18 67 118 53
2055 28 8 124 55 73 17 66 3 65 45
2055 29 8 56 69 48 97 19 17 85 49
2055 30 8 105 83 106 42 27 30 2 8
2055 31 8 49 60 96 50 34 39 51 16
2055 32 8 36 121 84 59 103 109 71 46
2055 33 8 110 9 65 88 119 45 117 81
2055 34 8 105 61 72 113 112 53 123 39
2055 35 8 61 24 49 127 67 37 122 98
2055 36 8 99 15 97 3 12 116 63 80
2055 37 8 23 98 16 21 6 28 69 73
2055 38 8 79 48 52 88 90 107 34 93
2055 39 8 103 67 18 85 87 95 22 23
2055 40 8 124 73 17 45 66 3 36 65
2055 41 8 48 69 56 19 49 72 17 28
2055 42 8 64 31 127 37 32 46 7 74
2055 43 8 77 117 3 88 30 81 78 43
2055 44 8 53 43 73 0 107 121 109 47
2055 45 8 21 94 49 78 87 85 32 27
2055 46 8 122 38 84 31 97 28 44 82
2055 47 8 73 117 9 32 34 92 111 79
11 0 8 44 26 65 59 47 93 66 118
11 1 8 50 23 58 94 124 37 127 95
11 2 8 84 88 93 54 127 32 18 87
11 3 8 2 39 82 124 38 29 64 117
11 4 8 56 124 106 25 48 109 67 93
11 5 8 22 82 47 8 107 13 110 31
11 6 8 106 83 42 27 3 12 52 112
11 7 8 60 50 16 75 54 51 41 45
11 8 8 109 36 59 71 85 118 76 78
11 9 8 47 119 65 14 8 45 39 88
11 10 8 23 113 122 112 75 59 66 37
11 11 8 67 127 52 65 81 19 70 14
11 12 8 3 12 20 97 92 91 54 29
11 13 8 23 98 16 21 73 119 69 78
11 14 8 27 20 79 52 73 127 70 118
11 15 8 103 22 53 67 112 124 4 118
11 16 8 55 124 95 66 7 109 48 65
11 17 8 56 48 69 72 28 76 34 13
11 18 8 106 83 111 27 76 2 120 95
11 19 8 80 96 60 107 47 43 122 42
11 20 8 71 109 36 12 124 112 59 48
11 21 8 119 65 88 18 81 101 108 26
11 22 8 72 51 66 3 75 113 122 8
11 23 8 67 32 127 46 123 36 6 101
11 24 8 3 80 47 75 48 12 13 104
11 25 8 23 16 98 69 99 6 119 1
11 26 8 20 70 90 79 110 27 52 93
11 27 8 118 103 22 112 124 67 85 13
11 28 8 55 124 95 17 66 26 65 73
11 29 8 56 48 69 28 76 68 52 42
11 30 8 111 27 106 105 2 13 76 83
11 31 8 60 49 80 96 65 47 95 122
11 32 8 109 36 71 84 12 121 112 108
11 33 8 119 65 9 110 81 108 88 101
11 34 8 72 105 61 123 66 51 113 112
11 35 8 61 127 49 67 24 44 123 101
11 36 8 99 3 15 13 97 114 12 9
11 37 8 23 28 15 16 69 6 98 21
11 38 8 20 48 90 52 127 88 70 79
11 39 8 85 67 103 22 101 53 124 18
11 40 8 124 66 8 73 3 95 36 17
11 41 8 48 69 19 72 56 42 28 17
11 42 8 39 64 31 127 32 46 7 42
11 43 8 77 117 88 3 78 43 21 118
11 44 8 53 0 43 73 107 109 121 57
11 45 8 94 21 49 78 111 85 32 27
11 46 8 38 84 31 82 114 67 28 77
11 47 8 117 73 32 9 92 34 111 95
2474 0 8 21 93 2 63 120 13 19 17
2474 1 8 23 58 6 83 116 77 26 95
2474 2 8 117 122 32 47 8 9 116 93
2474 3 8 64 112 2 38 29 26 91 39
2474 4 8 56 25 22 124 48 91 109 50
2474 5 8 82 108 22 2 47 34 107 69
2474 6 8 42 106 30 2 52 123 27 43
2474 7 8 95 60 51 96 34 16 39 42
2474 8 8 109 36 59 103 71 99 15 46
2474 9 8 65 45 119 88 8 81 101 14
2474 10 8 123 88 113 72 23 39 112 75
2474 11 8 67 58 98 127 9 111 10 19
2474 12 8 3 12 97 114 104 63 80 74
2474 13 8 98 21 25 121 23 16 69 77
2474 14 8 79 52 28 127 118 70 27 101
2474 15 8 103 4 22 53 112 124 67 118
2474 16 8 55 95 20 124 66 73 17 4
2474 17 8 45 56 69 48 97 13 28 85
2474 18 8 42 106 27 76 2 30 111 13
2474 19 8 95 60 96 80 107 65 42 43
2474 20 8 36 109 71 103 39 15 12 59
2474 21 8 65 45 101 119 88 81 18 108
2474 22 8 123 72 88 113 101 39 112 75
2474 23 8 111 127 58 123 67 8 101 10
2474 24 8 114 3 74 104 60 48 63 13
2474 25 8 98 25 21 23 121 69 73 77
2474 26 8 79 52 28 127 118 70 90 110
2474 27 8 103 4 22 67 112 53 124 118
2474 28 8 55 95 20 66 124 3 73 26
2474 29 8 56 48 45 69 97 28 85 76
2474 30 8 42 106 27 60 2 13 76 8
2474 31 8 95 60 96 80 107 65 43 103
2474 32 8 109 36 71 103 12 39 15 59
2474 33 8 101 65 88 45 119 108 18 81
2474 34 8 123 88 72 13 113 46 39 101
2474 35 8 111 67 127 10 123 122 58 44
2474 36 8 74 114 104 48 13 3 30 97
2474 37 8 25 98 69 21 23 121 76 79
2474 38 8 79 127 52 25 7 28 118 70
2474 39 8 103 67 22 124 108 53 4 112
2474 40 8 55 95 66 2 3 36 20 124
2474 41 8 48 69 56 45 76 28 97 119
2474 42 8 64 127 37 101 42 46 91 31
2474 43 8 118 117 77 3 79 4 30 21
2474 44 8 43 73 57 109 53 113 33 71
2474 45 8 21 49 94 78 127 85 71 32
2474 46 8 67 77 89 126 28 88 84 44
2474 47 8 34 92 117 32 9 73 37 27
220 0 8 72 119 85 100 16 11 114 1
220 1 8 106 72 21 75 95 43 69 22
220 2 8 45 37 65 93 18 108 32 87
220 3 8 112 103 79 82 108 9 81 117
220 4 8 63 50 31 23 109 118 48 120
220 5 8 22 108 77 69 59 4 2 44
220 6 8 76 2 119 6 43 41 106 95
220 7 8 8 80 107 37 47 2 54 65
220 8 8 71 12 109 48 74 40 114 112
220 9 8 108 47 101 81 119 38 88 18
220 10 8 88 75 72 11 6 16 46 103
220 11 8 111 123 127 10 90 75 19 65
220 12 8 114 74 111 11 48 54 71 3
220 13 8 66 69 76 73 117 61 25 98
220 14 8 52 127 68 73 118 110 70 21
220 15 8 72 103 118 22 124 67 4 112
220 16 8 55 95 66 60 48 26 35 4
220 17 8 44 74 56 28 76 48 13 39
220 18 8 76 27 106 2 60 111 107 43
220 19 8 80 107 8 60 47 37 54 115
220 20 8 71 15 109 12 52 48 112 77
220 21 8 101 119 108 81 65 18 88 19
220 22 8 16 88 72 103 11 93 75 46
220 23 8 111 127 123 44 87 10 59 101
220 24 8 114 74 48 60 13 52 36 3
220 25 8 69 98 66 82 76 73 77 59
220 26 8 127 52 110 118 68 43 70 7
220 27 8 118 67 22 53 124 72 103 108
220 28 8 55 95 66 100 2 60 26 3
220 29 8 56 76 48 74 119 46 28 93
220 30 8 60 2 43 13 27 73 42 106
220 31 8 80 95 60 8 37 107 2 47
220 32 8 15 12 71 109 112 52 77 36
220 33 8 101 108 119 65 18 120 32 19
220 34 8 16 11 88 13 46 103 72 24
220 35 8 111 10 123 44 22 90 127 62
220 36 8 114 48 74 13 54 64 60 83
220 37 8 69 114 32 88 81 25 60 47
220 38 8 127 68 43 110 70 63 105 7
220 39 8 118 36 124 108 72 52 67 105
220 40 8 95 101 71 2 66 34 118 112
220 41 8 74 119 76 55 38 28 7 44
220 42 8 120 91 104 42 99 50 108 96
220 43 8 3 118 58 10 17 7 82 106
220 44 8 57 111 35 109 108 101 66 113
220 45 8 90 121 71 97 21 93 18 107
220 46 8 27 76 46 37 89 113 109 79
220 47 8 3 87 76 104 8 102 92 53
17 0 8 88 121 109 58 117 76 7 72
17 1 8 65 89 1 36 25 17 97 27
17 2 8 37 21 110 102 45 112 94 20
17 3 8 103 49 91 81 126 45 88 79
17 4 8 50 101 30 72 103 57 112 55
17 5 8 44 29 77 124 69 101 15 72
17 6 8 73 60 119 76 95 6 29 2
17 7 8 80 37 107 47 65 54 46 42
17 8 8 125 71 52 12 30 81 40 74
17 9 8 18 108 81 19 90 100 119 120
17 10 8 46 11 15 72 24 103 127 27
17 11 8 123 100 111 27 22 44 72 19
17 12 8 114 48 74 101 55 54 51 13
17 13 8 67 69 88 114 60 38 89 8
17 14 8 127 68 126 46 70 52 119 43
17 15 8 118 28 124 72 67 112 65 105
17 16 8 95 66 0 112 55 101 2 42
17 17 8 44 74 46 57 38 119 28 76
17 18 8 60 73 27 76 111 11 65 17
17 19 8 80 107 37 47 55 122 58 65
17 20 8 83 71 52 125 12 77 112 30
17 21 8 18 108 19 90 100 101 88 7
17 22 8 72 15 11 24 88 46 127 27
17 23 8 100 111 123 35 27 44 19 22
17 24 8 114 48 55 13 83 101 94 74
17 25 8 67 69 88 89 114 38 60 63
17 26 8 68 46 127 126 70 43 110 52
17 27 8 65 28 118 72 124 53 67 108
17 28 8 0 95 55 66 60 100 101 2
17 29 8 46 44 38 74 11 119 76 28
17 30 8 60 11 73 27 13 2 76 17
17 31 8 80 55 37 107 65 2 50 47
17 32 8 83 12 52 77 71 112 125 48
17 33 8 108 47 18 19 90 101 100 7
17 34 8 11 46 24 88 15 127 27 72
17 35 8 100 35 123 27 111 22 9 44
17 36 8 83 48 55 74 13 114 94 117
17 37 8 67 88 114 69 18 63 60 38
17 38 8 127 43 68 46 70 126 25 73
17 39 8 118 108 28 124 65 105 67 37
17 40 8 95 0 60 2 66 118 101 71
17 41 8 38 46 74 76 119 11 57 36
17 42 8 42 104 91 120 46 92 77 125
17 43 8 58 15 118 12 122 0 117 3
17 44 8 99 67 109 43 16 111 84 47
17 45 8 99 95 0 90 49 21 121 17
17 46 8 32 81 89 94 126 29 104 88
17 47 8 92 4 14 107 8 37 72 111
65 0 8 52 19 49 48 78 46 89 127
65 1 8 59 89 36 31 102 122 85 25
65 2 8 37 21 2 110 102 31 6 94
65 3 8 45 49 18 63 88 126 60 103
65 4 8 72 101 13 24 109 50 66 49
65 5 8 44 124 29 43 72 15 69 101
65 6 8 60 73 95 76 119 1 29 2
65 7 8 37 80 65 107 47 55 46 2
65 8 8 98 71 12 112 107 40 52 125
65 9 8 18 90 19 31 120 81 119 115
65 10 8 127 11 15 24 46 84 93 31
65 11 8 123 95 27 35 1 118 44 42
65 12 8 83 55 48 94 13 101 114 89
65 13 8 88 114 69 60 38 84 89 1
65 14 8 127 126 33 46 43 70 12 110
65 15 8 118 80 65 124 108 79 51 28
65 16 8 95 27 118 66 112 26 106 11
65 17 8 38 74 46 39 119 76 11 80
65 18 8 60 27 73 11 111 2 76 41
65 19 8 2 47 80 37 55 107 46 42
65 20 8 98 12 71 52 112 125 107 40
65 21 8 90 19 18 108 31 101 119 81
65 22 8 127 24 11 15 46 72 55 75
65 23 8 123 35 27 1 44 95 118 31
65 24 8 83 55 94 48 114 13 101 62
65 25 8 69 114 88 63 60 38 89 12
65 26 8 33 46 127 43 126 12 110 70
65 27 8 118 80 65 124 79 67 28 108
65 28 8 27 100 95 66 55 2 118 60
65 29 8 38 46 11 74 39 76 28 119
65 30 8 11 60 27 73 2 13 119 111
65 31 8 37 2 55 80 107 50 52 47
65 32 8 98 12 112 71 40 114 107 52
65 33 8 31 18 19 90 47 108 120 58
65 34 8 11 24 55 127 88 46 15 93
65 35 8 123 27 35 9 44 22 100 111
65 36 8 83 55 13 101 122 48 94 78
65 37 8 88 63 114 69 2 71 89 36
65 38 8 33 83 110 46 87 99 43 127
65 39 8 118 80 65 108 105 37 102 72
65 40 8 71 2 95 118 34 66 26 11
65 41 8 39 38 76 74 46 119 11 68
65 42 8 77 104 42 91 43 69 99 96
65 43 8 10 15 122 118 55 94 7 12
65 44 8 99 67 57 66 16 109 1 9
65 45 8 90 95 0 21 85 8 121 19
65 46 8 89 81 126 37 79 88 76 113
65 47 8 14 92 107 37 8 30 93 12
29456 0 8 123 94 89 92 6 19 76 11
29456 1 8 65 102 47 36 33 112 31 89
29456 2 8 37 21 110 102 6 98 31 27
29456 3 8 126 45 49 88 50 28 0 63
29456 4 8 72 101 24 49 112 119 13 55
29456 5 8 29 124 44 101 15 14 43 113
29456 6 8 73 60 95 6 29 119 76 15
29456 7 8 80 65 37 47 46 107 42 41
29456 8 8 12 71 125 52 112 107 48 83
29456 9 8 18 19 31 90 81 108 120 41
29456 10 8 15 24 46 11 31 27 127 75
29456 11 8 123 27 35 95 72 44 118 22
29456 12 8 94 83 48 55 13 101 89 54
29456 13 8 60 114 38 88 69 89 67 14
29456 14 8 12 126 127 46 70 68 43 59
29456 15 8 118 111 65 124 107 28 108 79
29456 16 8 44 95 66 112 118 54 2 122
29456 17 8 46 38 74 119 11 76 124 52
29456 18 8 60 73 27 111 11 76 120 2
29456 19 8 80 37 107 55 47 74 65 2
29456 20 8 12 52 71 112 125 107 83 98
29456 21 8 19 18 90 31 108 41 101 119
29456 22 8 24 11 127 15 88 46 72 31
29456 23 8 123 27 35 44 100 55 111 81
29456 24 8 94 83 48 13 55 114 101 62
29456 25 8 88 69 114 63 38 89 60 14
29456 26 8 46 127 126 12 43 68 80 110
29456 27 8 65 124 107 118 28 22 108 111
29456 28 8 60 108 95 55 118 66 44 54
29456 29 8 46 38 11 74 52 56 119 76
29456 30 8 60 13 2 27 11 73 103 76
29456 31 8 50 80 55 37 107 65 2 54
29456 32 8 12 71 112 15 52 18 98 29
29456 33 8 47 101 18 31 108 19 119 120
29456 34 8 127 11 46 24 88 72 23 93
29456 35 8 123 111 35 22 44 9 27 100
29456 36 8 74 94 48 26 12 13 25 55
29456 37 8 69 18 16 88 63 76 114 57
29456 38 8 52 46 127 21 80 25 71 43
29456 39 8 22 67 60 108 65 53 124 80
29456 40 8 60 108 66 95 55 3 2 44
29456 41 8 46 36 38 52 56 11 15 76
29456 42 8 46 125 104 42 49 73 59 127
29456 43 8 12 117 15 49 122 19 118 3
29456 44 8 99 88 43 33 45 84 11 16
29456 45 8 21 17 58 49 121 78 112 85
29456 46 8 81 29 30 84 88 104 28 126
29456 47 8 14 111 127 52 31 108 92 82
374 0 8 104 120 16 107 111 53 89 9
374 1 8 107 34 86 31 42 47 53 66
374 2 8 14 116 87 32 92 69 10 72
374 3 8 76 79 13 36 91 34 104 51
374 4 8 23 118 0 74 2 95 103 90
374 5 8 80 22 107 108 69 49 34 86
374 6 8 2 60 106 95 99 13 119 76
374 7 8 87 80 50 65 60 37 107 54
374 8 8 12 64 71 15 58 74 112 52
374 9 8 101 94 18 108 19 119 120 16
374 10 8 88 46 14 11 127 75 72 23
374 11 8 123 111 27 86 127 122 44 10
374 12 8 48 74 53 13 9 114 37 3
374 13 8 44 76 69 88 114 73 75 16
374 14 8 80 127 52 126 79 21 110 73
374 15 8 60 124 22 118 108 28 67 88
374 16 8 40 60 95 7 66 112 4 2
374 17 8 52 53 74 119 76 38 13 56
374 18 8 60 27 2 73 76 106 95 120
374 19 8 50 87 80 37 107 60 65 124
374 20 8 15 12 71 64 52 112 83 107
374 21 8 101 94 19 18 108 88 119 120
374 22 8 88 127 11 72 14 46 24 13
374 23 8 111 123 127 27 44 35 9 86
374 24 8 53 48 74 13 30 26 55 114
374 25 8 69 16 75 76 44 114 95 88
374 26 8 80 127 52 79 110 43 21 70
374 27 8 60 22 124 108 67 4 118 53
374 28 8 40 95 60 7 66 2 3 36
374 29 8 53 52 56 28 74 119 76 97
374 30 8 13 60 27 2 111 76 42 43
374 31 8 87 50 60 80 107 95 65 37
374 32 8 64 71 39 18 12 52 15 112
374 33 8 94 101 108 88 18 119 45 19
374 34 8 14 2 72 39 107 13 46 101
374 35 8 86 111 123 44 127 10 19 122
374 36 8 53 74 60 13 48 12 30 9
374 37 8 44 75 69 21 107 16 76 64
374 38 8 80 79 127 21 25 52 118 70
374 39 8 60 124 22 67 108 53 61 105
374 40 8 40 95 66 7 60 3 2 4
374 41 8 53 28 52 56 15 85 117 127
374 42 8 59 73 125 46 37 42 120 127
374 43 8 117 81 49 79 3 8 0 21
374 44 8 37 33 43 54 45 68 57 80
374 45 8 49 78 21 20 94 112 121 46
374 46 8 82 124 44 88 84 77 28 89
374 47 8 90 27 34 95 35 32 59 9
1496 0 8 17 63 19 97 34 2 21 0
1496 1 8 99 59 76 86 36 101 66 47
1496 2 8 37 70 102 32 121 54 68 94
1496 3 8 76 1 79 77 0 54 41 97
1496 4 8 103 29 109 87 101 49 13 9
1496 5 8 44 48 15 69 43 14 124 90
1496 6 8 60 95 2 106 76 73 55 6
1496 7 8 80 65 107 42 37 54 46 55
1496 8 8 12 52 71 4 27 125 112 18
1496 9 8 108 18 88 119 19 41 120 25
1496 10 8 72 15 2 33 46 67 11 3
1496 11 8 123 19 114 111 104 118 100 44
1496 12 8 101 48 13 38 3 55 74 1
1496 13 8 102 69 95 38 89 119 108 114
1496 14 8 127 82 46 18 52 12 70 68
1496 15 8 33 27 19 118 107 124 22 28
1496 16 8 95 40 77 29 44 66 111 109
1496 17 8 49 74 0 65 63 28 11 76
1496 18 8 60 55 2 73 111 27 76 123
1496 19 8 80 107 55 37 96 46 58 87
1496 20 8 4 27 71 12 52 18 125 112
1496 21 8 108 101 41 18 88 119 19 94
1496 22 8 2 72 67 15 11 127 33 51
1496 23 8 123 114 19 100 44 118 111 35
1496 24 8 101 48 13 3 38 55 103 94
1496 25 8 95 89 69 102 18 63 123 109
1496 26 8 46 82 18 52 64 70 127 21
1496 27 8 87 33 118 107 27 20 22 67
1496 28 8 77 29 44 95 53 66 40 108
1496 29 8 65 0 63 28 11 49 56 122
1496 30 8 55 111 60 2 106 76 27 118
1496 31 8 50 55 60 80 96 87 107 65
1496 32 8 27 4 18 71 12 64 103 52
1496 33 8 108 94 88 41 47 119 18 33
1496 34 8 72 33 2 127 39 23 51 15
1496 35 8 114 123 22 111 9 19 100 97
1496 36 8 3 38 101 25 12 53 94 13
1496 37 8 95 102 109 123 69 63 18 16
1496 38 8 82 18 46 52 64 22 25 111
1496 39 8 107 33 22 87 67 20 27 53
1496 40 8 29 77 44 66 3 108 111 95
1496 41 8 65 63 28 11 36 56 85 0
1496 42 8 20 8 46 126 42 75 28 64
1496 43 8 16 30 117 47 94 8 80 121
1496 44 8 110 33 84 11 80 43 73 113
1496 45 8 47 83 21 34 49 76 5 20
1496 46 8 123 122 10 71 45 109 51 84
1496 47 8 11 127 82 31 14 15 90 114
11 0 8 44 65 26 59 73 93 118 48
11 1 8 50 94 124 26 18 113 34 46
11 2 8 84 88 49 32 54 18 93 53
11 3 8 2 6 76 89 121 97 122 108
11 4 8 25 76 106 29 48 124 23 67
11 5 8 125 108 22 61 82 66 42 24
11 6 8 105 83 106 42 2 27 13 107
11 7 8 50 49 96 42 54 91 60 112
11 8 8 84 121 12 59 71 103 15 78
11 9 8 110 9 88 119 81 101 108 18
11 10 8 61 72 88 105 113 75 39 112
11 11 8 61 123 111 49 127 19 122 98
11 12 8 3 12 99 74 48 97 7 15
11 13 8 16 6 28 21 69 73 76 25
11 14 8 20 48 52 27 127 79 73 94
11 15 8 103 85 22 118 60 53 124 67
11 16 8 55 95 108 124 8 66 17 15
11 17 8 69 72 48 56 19 28 68 49
11 18 8 105 83 2 106 42 111 123 27
11 19 8 50 49 80 96 60 43 107 65
11 20 8 84 121 12 71 15 103 59 112
11 21 8 9 110 101 88 18 119 19 108
11 22 8 72 61 105 88 11 101 39 75
11 23 8 61 123 49 24 127 44 101 111
11 24 8 99 12 15 48 3 74 13 104
11 25 8 16 6 28 15 69 21 64 73
11 26 8 20 48 79 52 127 110 11 70
11 27 8 103 85 118 22 67 60 53 124
11 28 8 55 124 8 95 66 15 3 36
11 29 8 69 48 19 56 28 97 76 42
11 30 8 105 42 106 2 60 27 13 123
11 31 8 50 49 60 80 96 95 65 54
11 32 8 84 121 71 109 39 103 59 12
11 33 8 110 9 88 101 119 45 125 108
11 34 8 61 72 105 39 101 123 113 107
11 35 8 24 61 49 123 127 122 98 67
11 36 8 99 12 15 3 13 48 63 97
11 37 8 16 6 15 28 21 69 76 111
11 38 8 20 48 52 127 25 10 107 118
11 39 8 85 103 67 53 22 108 124 101
11 40 8 55 124 8 36 3 66 95 20
11 41 8 69 72 48 19 56 76 28 97
11 42 8 39 64 127 46 31 42 101 32
11 43 8 117 77 30 118 88 3 79 21
11 44 8 43 53 73 109 0 107 17 33
11 45 8 21 94 49 78 85 127 32 45
11 46 8 67 126 123 28 84 38 82 31
11 47 8 92 73 117 9 32 34 37 109
264 0 8 106 27 49 19 58 50 110 48
264 1 8 99 6 36 113 59 50 9 8
264 2 8 45 37 2 21 110 122 102 94
264 3 8 94 103 18 2 112 49 29 79
264 4 8 50 72 109 82 54 23 24 26
264 5 8 44 29 72 101 69 43 124 22
264 6 8 73 2 60 76 95 11 6 119
264 7 8 2 37 65 80 46 47 42 115
264 8 8 98 12 71 112 107 2 40 74
264 9 8 18 26 120 108 81 119 21 47
264 10 8 127 11 46 103 15 72 24 75
264 11 8 123 35 118 27 62 1 44 42
264 12 8 114 48 55 13 101 92 62 52
264 13 8 69 88 119 114 16 12 111 89
264 14 8 46 127 21 33 70 52 110 105
264 15 8 72 65 124 118 80 54 67 108
264 16 8 95 55 66 112 42 108 2 100
264 17 8 39 46 74 38 76 28 119 49
264 18 8 111 2 73 27 76 11 95 106
264 19 8 2 37 80 46 55 107 32 47
264 20 8 98 12 71 112 40 52 107 48
264 21 8 18 108 101 81 19 88 119 26
264 22 8 72 127 15 11 24 46 75 103
264 23 8 35 123 118 27 44 22 46 32
264 24 8 55 48 13 101 3 26 12 94
264 25 8 69 88 114 63 89 119 16 2
264 26 8 33 46 70 110 127 21 12 43
264 27 8 118 80 65 124 67 72 22 108
264 28 8 55 95 108 60 66 2 100 11
264 29 8 46 39 28 38 76 74 119 122
264 30 8 111 2 13 73 60 27 43 11
264 31 8 2 55 37 80 50 65 47 46
264 32 8 98 12 71 18 112 5 15 52
264 33 8 18 47 108 101 120 81 88 19
264 34 8 72 11 55 127 24 15 46 93
264 35 8 123 22 35 44 27 118 19 100
264 36 8 12 26 48 13 55 101 83 114
264 37 8 16 69 88 114 63 111 18 2
264 38 8 33 127 52 46 21 43 25 70
264 39 8 80 65 108 53 124 60 67 22
264 40 8 60 55 95 66 2 108 71 3
264 41 8 39 46 38 76 36 74 119 28
264 42 8 104 42 125 46 91 50 120 98
264 43 8 15 12 122 118 3 117 82 94
264 44 8 99 57 88 16 43 109 84 33
264 45 8 95 90 17 21 0 49 58 85
264 46 8 89 81 126 88 44 29 84 30
264 47 8 92 14 111 37 127 15 9 8
29456 0 8 22 123 94 72 47 6 19 11
29456 1 8 65 102 25 126 36 24 89 64
29456 2 8 37 21 110 6 102 27 98 31
29456 3 8 126 49 50 88 45 36 91 63
29456 4 8 72 101 50 24 49 55 112 103
29456 5 8 44 29 124 14 101 15 43 72
29456 6 8 73 60 95 76 6 29 15 119
29456 7 8 80 37 65 46 55 107 54 47
29456 8 8 12 52 71 125 112 18 107 40
29456 9 8 18 31 19 108 90 120 81 21
29456 10 8 11 46 24 15 127 31 72 27
29456 11 8 123 35 27 44 1 22 118 31
29456 12 8 48 94 101 55 83 13 114 19
29456 13 8 114 88 69 38 60 89 73 74
29456 14 8 46 127 126 43 21 70 12 59
29456 15 8 118 111 65 124 28 72 108 105
29456 16 8 95 44 112 66 60 34 122 48
29456 17 8 46 74 38 76 119 13 34 124
29456 18 8 60 73 43 11 111 65 95 2
29456 19 8 80 55 37 47 107 65 2 46
29456 20 8 12 18 71 83 112 125 52 20
29456 21 8 18 108 19 31 101 90 81 41
29456 22 8 11 72 24 127 46 15 51 93
29456 23 8 123 35 27 22 44 100 55 46
29456 24 8 94 48 83 13 55 12 101 3
29456 25 8 88 69 114 63 89 18 41 59
29456 26 8 46 127 21 52 70 43 80 110
29456 27 8 118 65 124 80 111 67 60 72
29456 28 8 60 108 55 95 66 44 2 26
29456 29 8 46 52 122 38 34 28 76 74
29456 30 8 13 60 2 27 11 43 73 103
29456 31 8 50 2 55 37 80 65 54 96
29456 32 8 18 71 12 98 112 40 83 52
29456 33 8 47 31 101 18 108 88 120 119
29456 34 8 11 127 72 23 24 46 103 107
29456 35 8 123 22 9 1 44 35 42 27
29456 36 8 12 94 13 26 48 55 52 25
29456 37 8 16 69 88 63 18 76 114 57
29456 38 8 52 21 46 80 127 25 70 60
29456 39 8 60 53 80 67 65 22 108 124
29456 40 8 60 108 66 55 95 3 44 15
29456 41 8 46 36 52 15 38 26 28 76
29456 42 8 46 125 42 49 104 68 120 73
29456 43 8 12 15 117 122 49 19 3 8
29456 44 8 99 88 43 45 33 84 11 16
29456 45 8 21 17 58 49 112 121 78 46
29456 46 8 81 30 29 84 88 28 105 39
29456 47 8 111 127 52 95 35 14 15 9
374 0 8 104 120 16 107 111 53 89 22
374 1 8 107 86 34 126 42 53 69 124
374 2 8 14 116 87 32 100 92 72 68
374 3 8 76 13 79 36 91 29 98 30
374 4 8 23 0 118 74 25 40 83 29
374 5 8 80 107 22 34 69 49 62 7
374 6 8 2 106 13 42 107 119 6 27
374 7 8 87 50 60 80 65 37 91 54
374 8 8 64 12 71 18 74 112 40 11
374 9 8 101 94 108 119 88 18 120 81
374 10 8 23 107 14 72 75 127 11 6
374 11 8 123 86 10 122 1 127 44 27
374 12 8 12 48 53 52 37 80 13 3
374 13 8 16 44 75 69 73 63 77 1
374 14 8 73 80 21 52 10 127 63 79
374 15 8 60 118 124 22 53 38 4 67
374 16 8 40 7 60 95 66 4 48 65
374 17 8 124 52 53 76 74 56 80 68
374 18 8 43 13 27 2 111 123 120 60
374 19 8 87 50 80 60 96 37 107 47
374 20 8 64 18 15 12 71 5 83 114
374 21 8 94 79 101 26 108 81 18 14
374 22 8 72 14 11 103 127 63 2 75
374 23 8 123 1 10 127 86 62 120 44
374 24 8 12 53 52 26 48 3 13 66
374 25 8 75 95 16 44 69 2 43 17
374 26 8 80 21 52 79 110 70 127 118
374 27 8 60 118 22 124 67 4 53 108
374 28 8 40 7 95 60 66 65 53 4
374 29 8 53 52 28 56 74 124 119 76
374 30 8 13 27 43 60 111 42 106 76
374 31 8 87 60 50 107 80 65 96 47
374 32 8 18 64 71 103 15 12 127 39
374 33 8 94 101 108 88 119 81 18 26
374 34 8 72 14 107 2 51 96 101 39
374 35 8 123 86 10 44 19 101 118 127
374 36 8 53 12 60 48 52 13 30 74
374 37 8 44 75 107 69 21 16 76 95
374 38 8 80 79 21 52 25 118 127 70
374 39 8 60 53 124 67 108 22 61 118
374 40 8 40 95 66 7 60 3 2 15
374 41 8 53 28 52 15 56 85 76 127
374 42 8 125 73 46 37 59 68 120 42
374 43 8 3 117 79 81 49 8 0 21
374 44 8 37 33 43 68 45 54 80 95
374 45 8 21 20 49 78 121 85 112 94
374 46 8 82 44 124 88 84 28 77 31
374 47 8 90 27 34 9 95 35 32 52
1496 0 8 17 63 19 97 34 2 21 0
1496 1 8 99 59 86 76 36 66 101 126
1496 2 8 37 70 102 121 32 54 52 94
1496 3 8 76 1 79 29 54 0 91 41
1496 4 8 103 29 119 109 87 49 101 13
1496 5 8 44 69 15 48 14 43 101 24
1496 6 8 60 2 95 106 76 73 55 6
1496 7 8 80 107 65 42 37 54 46 55
1496 8 8 18 52 71 12 4 125 27 112
1496 9 8 108 18 119 88 51 120 41 19
1496 10 8 72 15 67 33 3 2 46 11
1496 11 8 19 114 123 104 100 1 4 35
1496 12 8 101 48 3 13 38 80 57 1
1496 13 8 102 69 95 89 38 119 73 1
1496 14 8 82 18 46 127 70 29 12 91
1496 15 8 33 118 19 107 27 28 122 20
1496 16 8 95 53 40 122 111 29 77 66
1496 17 8 49 74 0 63 65 28 76 44
1496 18 8 111 60 55 43 27 2 73 120
1496 19 8 80 96 107 55 37 74 113 46
1496 20 8 18 71 12 27 52 29 4 125
1496 21 8 41 18 51 108 101 19 119 88
1496 22 8 72 51 2 67 36 15 3 11
1496 23 8 123 114 100 19 118 22 46 78
1496 24 8 101 3 48 13 80 1 55 94
1496 25 8 95 69 89 18 108 102 114 88
1496 26 8 18 82 46 70 52 110 12 127
1496 27 8 33 87 118 107 20 67 22 31
1496 28 8 77 29 53 44 40 95 66 111
1496 29 8 65 0 63 11 56 28 80 68
1496 30 8 55 111 27 106 2 13 60 76
1496 31 8 96 50 55 80 87 65 107 37
1496 32 8 18 27 71 4 52 64 103 12
1496 33 8 108 94 41 18 88 119 51 81
1496 34 8 72 2 51 15 127 46 11 33
1496 35 8 114 123 22 35 19 100 9 92
1496 36 8 3 38 94 12 101 52 48 13
1496 37 8 95 102 109 123 18 69 63 111
1496 38 8 82 18 52 46 64 22 70 25
1496 39 8 107 22 20 87 33 67 53 18
1496 40 8 77 29 44 108 3 66 54 111
1496 41 8 65 63 56 0 28 11 85 76
1496 42 8 20 46 42 126 8 127 120 28
1496 43 8 16 47 117 8 94 49 122 3
1496 44 8 110 84 33 43 80 11 95 94
1496 45 8 47 21 83 5 34 78 49 87
1496 46 8 123 1 122 10 45 81 84 88
1496 47 8 127 31 11 82 90 14 15 12
11 0 8 44 65 26 59 73 118 93 1
11 1 8 50 94 124 26 113 18 34 42
11 2 8 88 84 53 49 93 18 32 108
11 3 8 6 2 76 31 97 122 94 123
11 4 8 106 76 29 85 79 48 40 83
11 5 8 42 22 125 61 66 49 69 24
11 6 8 105 126 83 2 106 42 112 27
11 7 8 49 96 42 50 54 91 45 112
11 8 8 84 121 59 66 12 18 78 40
11 9 8 110 9 88 26 119 81 16 108
11 10 8 61 73 72 105 6 36 75 112
11 11 8 123 61 19 49 92 26 1 24
11 12 8 12 48 3 99 52 80 15 107
11 13 8 6 80 69 73 28 34 16 63
11 14 8 20 48 52 73 21 127 110 7
11 15 8 85 118 67 53 22 38 90 103
11 16 8 108 8 124 95 17 65 66 88
11 17 8 72 19 69 56 68 48 49 34
11 18 8 105 126 83 27 2 123 106 88
11 19 8 50 49 96 60 115 80 47 65
11 20 8 84 15 121 12 59 71 48 5
11 21 8 9 110 26 119 79 101 125 81
11 22 8 72 61 105 88 11 112 73 75
11 23 8 123 61 49 24 127 92 44 101
11 24 8 99 3 26 15 12 48 13 52
11 25 8 6 28 15 16 69 73 34 80
11 26 8 20 48 52 110 79 90 70 32
11 27 8 85 60 67 22 118 103 53 10
11 28 8 108 8 124 66 55 95 17 3
11 29 8 19 69 56 118 48 42 72 68
11 30 8 105 106 42 27 83 13 2 8
11 31 8 49 50 96 60 112 47 115 42
11 32 8 121 84 71 103 18 59 5 15
11 33 8 110 9 125 119 88 81 26 108
11 34 8 105 61 72 73 39 112 56 107
11 35 8 24 49 61 127 26 23 37 123
11 36 8 99 15 12 3 97 52 107 63
11 37 8 6 15 28 21 80 69 16 111
11 38 8 20 48 52 10 107 86 25 127
11 39 8 85 67 22 101 103 53 18 10
11 40 8 8 108 124 66 3 36 17 55
11 41 8 72 19 69 56 48 15 53 42
11 42 8 39 127 64 31 46 68 7 42
11 43 8 77 88 49 117 3 19 43 21
11 44 8 53 0 73 43 45 107 37 17
11 45 8 21 94 49 112 78 46 17 85
11 46 8 123 82 88 38 84 105 124 39
11 47 8 73 90 95 32 35 9 109 59
892 0 8 13 2 80 21 120 14 103 19
892 1 8 58 83 6 3 95 23 42 26
892 2 8 122 100 116 88 32 84 93 92
892 3 8 64 2 76 89 79 34 124 38
892 4 8 79 76 124 25 48 100 67 114
892 5 8 107 47 82 22 125 111 106 23
892 6 8 42 106 123 83 126 52 2 43
892 7 8 60 50 95 96 45 91 49 51
892 8 8 109 59 84 36 103 105 64 40
892 9 8 9 16 88 26 119 101 110 81
892 10 8 73 23 6 72 112 36 102 39
892 11 8 9 26 19 127 62 79 61 75
892 12 8 3 12 53 97 15 111 104 71
892 13 8 21 6 98 79 73 34 119 64
892 14 8 79 80 52 48 73 125 21 22
892 15 8 60 90 85 22 53 18 67 118
892 16 8 60 55 124 91 17 95 66 65
892 17 8 52 72 69 56 15 46 75 68
892 18 8 83 106 42 13 27 120 123 2
892 19 8 60 50 96 39 95 115 49 47
892 20 8 109 36 59 15 103 71 84 64
892 21 8 26 119 65 81 101 9 38 108
892 22 8 73 72 113 101 112 61 39 88
892 23 8 127 75 26 123 4 101 62 61
892 24 8 3 12 104 53 80 26 74 124
892 25 8 6 16 21 98 95 79 28 76
892 26 8 79 80 52 48 110 70 90 88
892 27 8 60 90 22 118 67 53 18 10
892 28 8 55 60 124 95 66 3 15 26
892 29 8 52 46 56 69 15 85 68 28
892 30 8 13 27 42 106 105 8 43 119
892 31 8 50 60 96 95 49 65 39 47
892 32 8 109 36 71 103 84 15 39 64
892 33 8 9 110 45 88 119 81 26 65
892 34 8 73 72 107 113 61 108 39 101
892 35 8 8 127 26 79 61 49 98 86
892 36 8 12 53 26 99 3 97 80 15
892 37 8 21 16 98 6 79 76 95 28
892 38 8 79 80 52 88 111 25 70 34
892 39 8 60 18 67 90 22 53 95 61
892 40 8 60 55 66 15 3 45 36 7
892 41 8 15 52 46 56 69 117 85 28
892 42 8 37 73 125 127 7 46 31 42
892 43 8 49 12 19 3 117 43 77 21
892 44 8 45 88 99 43 73 95 0 53
892 45 8 58 17 112 21 46 49 78 63
892 46 8 81 30 29 88 105 39 84 28
892 47 8 111 95 35 52 108 9 59 71
3363 0 8 12 126 116 62 2 29 111 19
3363 1 8 58 23 116 107 86 3 76 53
3363 2 8 87 24 14 32 9 119 54 100
3363 3 8 26 64 38 7 79 16 76 34
3363 4 8 25 0 118 22 76 124 91 79
3363 5 8 82 47 102 22 80 34 106 111
3363 6 8 42 106 123 52 2 30 27 83
3363 7 8 50 60 87 96 51 91 45 16
3363 8 8 59 103 36 109 85 84 5 39
3363 9 8 119 45 88 94 101 26 9 108
3363 10 8 23 72 107 73 102 113 75 108
3363 11 8 67 127 87 123 9 26 79 8
3363 12 8 3 12 124 97 53 80 104 37
3363 13 8 98 21 24 16 73 6 79 75
3363 14 8 62 79 73 27 10 52 28 125
3363 15 8 103 118 112 4 67 22 53 90
3363 16 8 55 95 6 20 17 66 28 123
3363 17 8 69 48 56 97 72 76 28 80
3363 18 8 111 27 83 13 106 2 120 76
3363 19 8 50 87 60 96 80 107 47 65
3363 20 8 71 12 109 36 48 40 39 51
3363 21 8 26 108 101 119 45 81 94 18
3363 22 8 72 73 102 51 101 75 3 107
3363 23 8 87 123 127 32 26 10 4 67
3363 24 8 3 80 12 104 48 101 124 28
3363 25 8 16 24 21 121 69 6 98 75
3363 26 8 79 62 70 52 27 110 118 127
3363 27 8 103 4 112 118 22 124 67 53
3363 28 8 55 95 123 66 6 20 17 3
3363 29 8 69 48 97 56 28 76 68 115
3363 30 8 13 111 27 42 2 60 76 119
3363 31 8 50 60 96 87 80 107 46 95
3363 32 8 71 109 18 39 84 12 36 103
3363 33 8 101 108 26 45 88 81 94 51
3363 34 8 72 107 101 51 102 11 61 73
3363 35 8 67 123 127 87 19 10 44 101
3363 36 8 12 13 3 48 30 80 53 104
3363 37 8 24 21 16 98 69 121 75 6
3363 38 8 62 79 52 10 127 70 25 28
3363 39 8 67 103 53 22 124 108 112 87
3363 40 8 55 66 3 95 123 20 2 36
3363 41 8 48 69 28 56 76 97 127 85
3363 42 8 64 42 127 46 75 101 120 31
3363 43 8 117 118 77 3 2 79 30 4
3363 44 8 43 109 73 113 13 53 71 47
3363 45 8 21 94 78 49 127 85 45 121
3363 46 8 67 126 89 28 88 44 84 38
3363 47 8 34 92 117 32 9 37 73 8
264 0 8 106 27 49 110 50 0 19 48
264 1 8 99 9 113 126 36 95 23 30
264 2 8 45 37 2 21 122 110 102 94
264 3 8 94 103 112 18 49 79 29 98
264 4 8 72 50 54 26 119 23 82 67
264 5 8 29 72 44 101 69 124 15 51
264 6 8 73 2 95 76 60 11 29 1
264 7 8 2 37 65 80 42 47 115 46
264 8 8 98 12 71 18 107 2 112 11
264 9 8 18 120 81 21 108 47 119 28
264 10 8 127 11 72 46 15 103 24 84
264 11 8 123 35 22 118 27 117 100 104
264 12 8 101 55 62 48 92 13 3 28
264 13 8 69 88 119 114 89 12 73 110
264 14 8 46 21 127 70 27 115 33 110
264 15 8 118 65 124 80 54 122 72 112
264 16 8 95 66 55 34 44 11 112 100
264 17 8 39 46 74 28 38 76 49 119
264 18 8 2 76 73 120 27 111 6 95
264 19 8 2 37 47 80 46 65 122 107
264 20 8 98 71 12 112 108 107 52 48
264 21 8 108 18 101 81 51 119 19 88
264 22 8 72 51 127 15 11 3 75 32
264 23 8 123 35 32 118 27 44 46 100
264 24 8 3 101 48 55 92 13 75 80
264 25 8 69 88 89 119 114 59 1 97
264 26 8 70 33 46 110 12 127 21 115
264 27 8 118 80 65 124 79 107 108 111
264 28 8 95 53 55 66 60 118 2 40
264 29 8 39 46 28 76 74 38 119 52
264 30 8 111 43 13 127 73 2 27 120
264 31 8 2 55 37 80 65 107 46 47
264 32 8 18 98 71 12 112 29 5 48
264 33 8 51 108 18 81 31 19 120 47
264 34 8 72 11 51 36 127 55 15 24
264 35 8 123 35 22 118 44 100 27 19
264 36 8 48 101 13 26 55 12 94 83
264 37 8 69 88 16 63 114 2 111 12
264 38 8 46 33 70 127 21 52 25 80
264 39 8 80 60 65 53 67 124 22 108
264 40 8 60 66 95 55 3 108 2 115
264 41 8 39 46 52 76 38 28 36 15
264 42 8 46 125 42 104 120 68 49 73
264 43 8 15 12 122 117 3 19 118 49
264 44 8 99 43 88 33 84 45 16 35
264 45 8 21 17 58 49 85 121 78 112
264 46 8 81 29 30 84 88 44 89 104
264 47 8 111 14 127 52 92 95 35 15
374 0 8 104 16 22 107 47 53 111 8
374 1 8 107 34 126 86 124 48 25 33
374 2 8 14 116 87 32 94 108 100 69
374 3 8 36 13 76 79 112 105 98 34
374 4 8 23 0 118 74 40 100 29 105
374 5 8 80 107 22 69 34 49 7 2
374 6 8 2 127 106 13 27 43 76 6
374 7 8 87 60 50 2 107 65 37 42
374 8 8 64 71 12 18 112 40 74 103
374 9 8 101 94 88 119 51 81 120 8
374 10 8 72 23 107 14 127 103 11 6
374 11 8 123 62 10 86 65 31 9 19
374 12 8 53 3 12 13 66 78 20 92
374 13 8 44 75 69 73 63 1 34 20
374 14 8 21 80 73 52 110 70 115 63
374 15 8 60 118 112 122 126 124 50 67
374 16 8 40 7 34 95 53 42 60 66
374 17 8 52 124 53 76 10 122 68 28
374 18 8 43 111 120 121 27 65 127 2
374 19 8 87 96 115 46 47 50 32 118
374 20 8 18 48 71 64 40 70 98 83
374 21 8 94 81 51 108 107 101 14 119
374 22 8 72 51 22 14 3 75 0 127
374 23 8 123 62 65 120 4 40 114 101
374 24 8 3 53 12 13 48 92 80 37
374 25 8 95 75 69 44 43 16 14 1
374 26 8 80 21 70 110 79 24 52 127
374 27 8 118 60 124 22 67 112 53 88
374 28 8 40 7 95 66 53 60 26 11
374 29 8 53 28 52 124 74 68 76 119
374 30 8 13 43 111 27 120 60 76 119
374 31 8 87 60 96 107 47 50 46 35
374 32 8 18 64 71 48 70 29 112 127
374 33 8 94 51 108 101 81 88 119 18
374 34 8 72 51 107 2 14 11 96 35
374 35 8 123 86 19 120 101 10 1 44
374 36 8 53 12 13 48 60 34 57 80
374 37 8 44 75 69 107 21 76 2 71
374 38 8 80 79 21 25 127 70 52 118
374 39 8 60 67 124 53 108 22 118 61
374 40 8 40 95 66 60 7 3 2 36
374 41 8 53 28 52 56 15 90 76 85
374 42 8 125 46 73 59 37 68 120 42
374 43 8 117 79 3 49 0 81 8 17
374 44 8 37 43 33 68 54 80 45 84
374 45 8 21 78 49 20 121 85 34 112
374 46 8 82 44 124 88 84 28 77 89
374 47 8 90 27 34 95 9 35 32 52
1496 0 8 17 63 19 97 34 2 21 0
1496 1 8 99 59 76 86 36 126 7 101
1496 2 8 37 70 102 121 32 54 52 68
1496 3 8 76 1 36 79 41 21 123 0
1496 4 8 103 29 119 9 49 101 109 87
1496 5 8 44 15 69 48 14 43 101 24
1496 6 8 2 60 73 76 95 106 55 29
1496 7 8 80 107 65 42 37 46 55 54
1496 8 8 52 18 71 4 12 125 27 107
1496 9 8 18 108 88 51 119 120 41 81
1496 10 8 72 15 33 51 2 67 46 127
1496 11 8 19 114 123 118 100 35 1 44
1496 12 8 3 101 48 38 57 55 62 13
1496 13 8 89 102 69 95 110 105 73 12
1496 14 8 18 46 82 127 70 21 81 110
1496 15 8 33 118 19 122 124 107 27 20
1496 16 8 95 111 77 40 29 44 53 122
1496 17 8 49 0 63 65 74 28 39 52
1496 18 8 111 55 60 120 43 2 73 27
1496 19 8 80 107 96 46 58 37 55 47
1496 20 8 71 18 52 4 125 27 12 29
1496 21 8 108 18 51 41 88 101 119 34
1496 22 8 72 51 15 3 67 2 22 32
1496 23 8 100 114 123 118 19 60 46 95
1496 24 8 3 101 48 80 13 92 103 108
1496 25 8 95 89 69 119 108 12 102 18
1496 26 8 18 70 46 82 12 91 22 110
1496 27 8 33 118 87 107 31 122 22 20
1496 28 8 53 77 54 29 44 95 111 40
1496 29 8 0 65 63 28 56 11 68 52
1496 30 8 55 111 13 2 76 73 103 27
1496 31 8 55 80 107 87 46 96 60 65
1496 32 8 18 27 4 71 52 12 125 112
1496 33 8 108 51 94 41 18 119 81 88
1496 34 8 72 51 2 15 46 67 36 33
1496 35 8 114 123 100 22 92 19 118 44
1496 36 8 3 38 101 13 94 53 52 48
1496 37 8 109 123 102 95 89 18 69 12
1496 38 8 82 18 46 52 64 110 81 70
1496 39 8 107 20 22 122 33 87 67 61
1496 40 8 77 29 44 66 108 3 53 65
1496 41 8 65 63 0 28 56 85 11 49
1496 42 8 20 126 8 46 75 42 120 2
1496 43 8 47 16 121 117 94 8 3 56
1496 44 8 110 33 80 84 43 11 13 34
1496 45 8 47 21 83 5 87 34 49 85
1496 46 8 1 123 37 10 45 71 20 84
1496 47 8 11 82 127 12 31 14 44 90
13 0 8 65 43 73 98 44 45 1 72
13 1 8 18 94 38 26 127 113 50 43
13 2 8 84 88 38 93 57 18 32 108
13 3 8 6 31 2 124 41 76 89 21
13 4 8 106 76 115 124 40 29 48 85
13 5 8 61 22 66 125 64 49 69 8
13 6 8 83 105 8 106 2 107 12 42
13 7 8 49 112 96 42 54 45 16 115
13 8 8 121 84 59 12 103 71 108 107
13 9 8 9 110 88 119 81 125 16 51
13 10 8 105 61 72 112 75 56 25 69
13 11 8 61 24 19 123 49 127 125 101
13 12 8 99 15 3 75 80 96 12 48
13 13 8 6 15 73 28 23 69 20 78
13 14 8 48 20 52 90 110 17 70 21
13 15 8 85 118 53 101 122 22 67 103
13 16 8 124 39 8 17 65 26 66 95
13 17 8 69 19 105 56 42 68 48 21
13 18 8 83 105 106 27 2 6 123 76
13 19 8 49 112 96 115 60 16 42 54
13 20 8 84 121 59 71 103 12 40 112
13 21 8 9 110 125 119 88 81 16 108
13 22 8 72 61 105 56 51 25 3 112
13 23 8 61 24 49 23 127 46 123 32
13 24 8 99 15 3 80 96 75 56 13
13 25 8 15 28 58 6 23 69 73 34
13 26 8 20 17 48 90 52 70 110 100
13 27 8 118 85 101 22 10 103 67 70
13 28 8 39 124 65 8 81 17 66 3
13 29 8 19 21 42 56 69 105 48 118
13 30 8 83 105 106 27 12 42 6 8
13 31 8 112 49 65 60 75 80 96 16
13 32 8 65 121 84 71 103 59 40 12
13 33 8 125 110 9 119 88 117 16 81
13 34 8 105 56 61 112 72 78 39 53
13 35 8 125 23 24 61 49 127 37 43
13 36 8 99 96 97 15 3 75 56 80
13 37 8 15 23 58 28 6 73 25 69
13 38 8 17 86 48 20 90 107 52 34
13 39 8 101 85 70 103 10 95 22 67
13 40 8 45 65 124 17 81 8 73 3
13 41 8 48 69 42 21 18 56 19 17
13 42 8 31 64 127 32 114 74 2 46
13 43 8 77 88 78 117 43 31 3 21
13 44 8 53 0 73 90 107 43 121 95
13 45 8 94 21 101 49 85 27 2 78
13 46 8 84 38 11 103 88 97 34 31
13 47 8 73 105 57 20 9 109 86 85
6771 0 8 50 21 2 75 126 97 104 103
6771 1 8 58 6 23 95 123 26 113 42
6771 2 8 7 32 93 47 14 10 127 51
6771 3 8 2 4 124 39 38 79 64 108
6771 4 8 56 23 4 109 48 25 124 114
6771 5 8 22 82 13 47 34 68 107 49
6771 6 8 106 83 12 79 42 76 52 71
6771 7 8 16 51 75 34 96 65 54 39
6771 8 8 109 36 59 46 12 71 103 105
6771 9 8 119 9 65 16 110 44 99 81
6771 10 8 113 112 105 61 72 37 74 25
6771 11 8 127 125 61 49 24 67 23 89
6771 12 8 3 97 15 80 75 77 99 24
6771 13 8 23 98 73 28 15 6 21 77
6771 14 8 48 90 88 80 52 79 107 70
6771 15 8 22 85 18 13 103 67 10 70
6771 16 8 124 17 65 7 66 95 55 39
6771 17 8 56 48 69 21 19 54 18 52
6771 18 8 105 106 83 27 76 12 30 6
6771 19 8 49 112 96 16 75 39 60 80
6771 20 8 84 121 59 65 71 46 101 40
6771 21 8 125 9 110 119 81 117 64 88
6771 22 8 61 56 105 72 51 25 112 66
6771 23 8 61 24 49 23 46 127 125 37
6771 24 8 99 80 15 3 56 96 75 97
6771 25 8 15 58 28 23 6 16 20 26
6771 26 8 90 48 17 100 20 88 52 80
6771 27 8 10 22 101 18 70 85 103 67
6771 28 8 65 81 124 17 66 7 39 26
6771 29 8 56 54 69 21 18 39 48 49
6771 30 8 106 79 83 105 12 52 27 30
6771 31 8 75 112 49 60 16 32 56 39
6771 32 8 36 109 65 121 84 46 17 71
6771 33 8 65 119 10 9 110 49 52 92
6771 34 8 112 66 113 61 72 78 105 3
6771 35 8 37 77 87 61 107 125 4 78
6771 36 8 24 97 75 80 116 52 3 15
6771 37 8 77 82 23 61 73 98 20 101
6771 38 8 88 62 91 101 34 107 76 79
6771 39 8 13 87 18 8 95 98 103 67
6771 40 8 123 65 17 45 73 55 83 7
6771 41 8 58 18 56 48 69 85 106 17
6771 42 8 2 28 127 64 31 37 123 32
6771 43 8 77 2 27 78 56 3 94 43
6771 44 8 113 107 11 19 103 121 62 54
6771 45 8 127 21 85 92 94 63 58 76
6771 46 8 74 103 84 88 38 29 97 51
6771 47 8 79 6 114 108 32 54 0 71
752 0 8 62 103 13 19 61 18 37 80
752 1 8 58 23 9 123 57 3 76 72
752 2 8 51 93 14 9 7 47 127 32
752 3 8 38 2 59 39 4 124 64 112
752 4 8 56 124 23 25 48 22 109 67
752 5 8 22 34 107 13 82 47 68 74
752 6 8 79 52 12 42 106 38 30 8
752 7 8 2 34 87 16 110 51 31 45
752 8 8 46 36 109 113 118 105 59 61
752 9 8 52 65 1 47 99 119 96 94
752 10 8 113 74 112 35 26 7 66 75
752 11 8 107 127 87 31 75 77 37 9
752 12 8 75 97 116 3 52 71 80 104
752 13 8 98 73 23 21 2 75 20 119
752 14 8 80 88 76 79 90 115 86 62
752 15 8 13 18 60 8 95 125 22 126
752 16 8 65 17 15 45 7 11 83 78
752 17 8 52 15 56 58 18 17 39 73
752 18 8 79 106 52 83 30 27 42 71
752 19 8 51 16 60 87 39 75 122 31
752 20 8 36 46 101 3 113 118 109 59
752 21 8 65 64 114 49 52 119 96 45
752 22 8 113 112 74 35 53 26 66 20
752 23 8 8 107 127 89 37 46 87 39
752 24 8 116 75 97 80 104 9 52 3
752 25 8 98 23 73 21 75 2 16 42
752 26 8 80 88 90 79 76 93 101 52
752 27 8 13 18 10 60 95 8 22 76
752 28 8 17 7 45 15 65 11 83 66
752 29 8 52 15 17 18 56 85 58 120
752 30 8 79 106 52 30 27 42 12 76
752 31 8 51 34 16 60 31 110 39 122
752 32 8 36 46 109 101 103 116 71 59
752 33 8 52 65 49 114 119 96 64 117
752 34 8 112 113 35 74 65 53 26 39
752 35 8 37 8 127 89 107 39 43 67
752 36 8 80 116 97 100 9 75 52 3
752 37 8 2 98 75 21 42 73 23 82
752 38 8 80 88 79 34 107 75 76 62
752 39 8 13 60 18 95 78 8 82 120
752 40 8 15 11 7 17 45 83 65 66
752 41 8 52 15 18 17 106 85 58 46
752 42 8 2 37 7 74 127 125 123 22
752 43 8 43 78 19 56 12 3 97 112
752 44 8 113 45 0 37 121 88 43 44
752 45 8 46 112 21 85 63 17 49 92
752 46 8 84 29 88 105 39 38 30 80
752 47 8 35 95 108 52 111 6 9 59
3270 0 8 62 126 19 3 29 87 7 124
3270 1 8 58 78 123 88 76 45 23 3
3270 2 8 119 32 51 125 47 94 87 14
3270 3 8 7 120 105 79 11 38 16 90
3270 4 8 4 39 56 109 48 91 104 118
3270 5 8 70 13 80 22 47 82 74 49
3270 6 8 79 106 76 52 71 2 30 95
3270 7 8 87 16 34 80 51 65 122 30
3270 8 8 46 51 24 36 71 105 101 3
3270 9 8 52 49 94 119 65 114 96 108
3270 10 8 112 113 74 35 26 65 120 101
3270 11 8 87 127 71 70 37 43 39 46
3270 12 8 116 3 77 100 97 104 75 80
3270 13 8 24 98 75 121 73 21 64 42
3270 14 8 62 88 28 76 91 101 93 96
3270 15 8 13 98 82 115 22 8 18 4
3270 16 8 123 17 20 95 83 65 45 26
3270 17 8 14 56 84 97 85 18 83 17
3270 18 8 79 106 76 27 52 71 30 34
3270 19 8 87 60 122 16 80 51 65 30
3270 20 8 46 36 24 51 101 3 71 111
3270 21 8 49 114 65 52 64 108 119 94
3270 22 8 113 112 26 65 74 35 53 101
3270 23 8 87 89 71 127 8 46 39 37
3270 24 8 80 104 116 100 75 97 9 77
3270 25 8 98 24 75 73 21 121 42 77
3270 26 8 88 62 28 93 76 101 11 8
3270 27 8 13 98 18 115 10 22 4 8
3270 28 8 123 17 20 83 45 65 66 121
3270 29 8 14 18 85 84 97 56 17 83
3270 30 8 79 27 106 52 12 30 8 34
3270 31 8 34 16 60 51 30 103 65 31
3270 32 8 24 46 51 36 101 111 71 116
3270 33 8 49 52 114 65 119 96 94 64
3270 34 8 113 112 120 65 74 53 101 35
3270 35 8 71 87 37 127 8 89 46 64
3270 36 8 100 116 80 97 9 120 52 30
3270 37 8 24 75 121 49 42 98 73 55
3270 38 8 62 88 28 107 34 22 101 118
3270 39 8 98 18 13 67 95 115 4 22
3270 40 8 123 20 17 83 45 36 66 65
3270 41 8 84 14 97 85 18 56 20 58
3270 42 8 28 127 65 101 2 75 8 32
3270 43 8 78 2 4 3 117 81 87 21
3270 44 8 121 13 113 54 71 43 107 32
3270 45 8 21 127 85 94 49 78 34 63
3270 46 8 67 74 103 45 88 84 17 28
3270 47 8 34 117 32 54 9 114 27 79
429 0 8 84 61 103 2 80 14 111 120
429 1 8 3 58 83 45 105 88 23 62
429 2 8 100 122 32 24 125 7 47 87
429 3 8 79 7 11 105 120 59 90 38
429 4 8 39 4 118 47 48 105 56 22
429 5 8 107 22 70 82 13 105 126 47
429 6 8 106 52 30 42 79 71 27 76
429 7 8 60 51 16 34 2 110 73 69
429 8 8 15 46 36 24 27 109 105 103
429 9 8 52 49 119 47 114 16 96 105
429 10 8 113 112 110 74 26 23 115 22
429 11 8 8 70 87 127 71 37 109 43
429 12 8 3 116 97 9 75 26 100 80
429 13 8 66 95 73 75 42 98 24 126
429 14 8 105 88 73 76 62 93 79 101
429 15 8 98 22 18 13 107 8 12 90
429 16 8 119 17 123 83 65 26 29 95
429 17 8 56 85 65 2 18 63 0 84
429 18 8 106 30 27 79 76 52 83 34
429 19 8 60 16 122 65 51 39 50 96
429 20 8 15 46 36 101 24 48 71 103
429 21 8 49 114 108 119 65 117 81 96
429 22 8 112 113 65 22 110 26 74 115
429 23 8 8 127 70 46 87 89 37 64
429 24 8 9 104 116 26 80 97 75 3
429 25 8 95 66 98 42 73 21 75 113
429 26 8 105 88 93 62 101 79 76 96
429 27 8 18 13 10 22 83 98 107 118
429 28 8 119 17 123 26 29 77 65 66
429 29 8 56 85 18 0 66 65 2 63
429 30 8 106 27 12 30 52 75 79 76
429 31 8 60 51 16 34 39 54 65 122
429 32 8 15 46 101 36 27 103 116 24
429 33 8 49 114 52 117 119 96 65 105
429 34 8 110 112 113 65 26 74 53 120
429 35 8 8 37 127 70 71 109 46 64
429 36 8 26 97 116 9 80 100 3 30
429 37 8 95 66 109 49 24 123 75 42
429 38 8 105 88 18 62 96 101 34 107
429 39 8 98 18 107 20 95 90 13 67
429 40 8 123 119 29 77 17 83 51 45
429 41 8 84 85 2 65 66 63 0 106
429 42 8 75 28 127 18 98 55 126 8
429 43 8 47 78 121 81 3 87 117 2
429 44 8 121 80 110 48 43 32 113 72
429 45 8 47 83 21 49 87 85 20 26
429 46 8 45 10 1 84 44 88 28 31
429 47 8 127 90 11 31 15 9 54 27
1495 0 8 80 69 97 93 19 43 21 61
1495 1 8 26 57 88 78 45 67 23 104
1495 2 8 100 68 32 119 51 125 116 24
1495 3 8 79 105 1 11 21 90 7 120
1495 4 8 4 39 48 109 104 105 47 22
1495 5 8 70 13 22 48 80 74 30 49
1495 6 8 106 52 76 79 71 30 7 34
1495 7 8 51 87 16 110 34 69 73 41
1495 8 8 46 27 15 24 105 36 111 3
1495 9 8 52 49 114 96 105 64 94 1
1495 10 8 112 113 26 22 65 74 35 110
1495 11 8 8 16 71 46 43 37 127 70
1495 12 8 80 116 100 108 75 3 97 104
1495 13 8 95 24 73 75 84 101 98 42
1495 14 8 88 101 62 76 18 81 73 34
1495 15 8 98 82 20 13 18 8 11 107
1495 16 8 17 77 29 83 26 65 123 45
1495 17 8 65 0 61 84 83 85 18 56
1495 18 8 79 52 106 27 71 12 43 30
1495 19 8 60 51 16 106 79 31 87 110
1495 20 8 46 27 3 15 36 101 24 111
1495 21 8 49 114 65 52 64 96 99 105
1495 22 8 113 112 26 65 53 35 30 74
1495 23 8 8 64 46 71 127 89 39 43
1495 24 8 80 116 104 75 97 100 9 12
1495 25 8 95 24 73 98 75 21 123 42
1495 26 8 88 62 101 18 93 76 11 90
1495 27 8 18 20 13 10 31 8 107 98
1495 28 8 77 17 29 65 123 83 45 44
1495 29 8 18 0 65 61 84 85 63 83
1495 30 8 12 79 52 27 106 30 8 34
1495 31 8 34 51 60 62 16 110 30 39
1495 32 8 46 27 101 116 15 36 57 111
1495 33 8 49 114 52 96 65 45 105 117
1495 34 8 112 113 65 53 120 26 74 110
1495 35 8 16 8 71 37 64 46 127 43
1495 36 8 97 116 38 9 52 80 30 100
1495 37 8 95 24 109 123 73 49 42 102
1495 38 8 62 18 88 101 22 34 93 107
1495 39 8 18 20 107 98 51 87 120 8
1495 40 8 29 77 123 65 108 44 17 83
1495 41 8 61 65 85 63 84 18 0 122
1495 42 8 75 28 127 8 126 20 55 2
1495 43 8 47 121 78 3 2 94 8 65
1495 44 8 80 110 121 32 13 94 113 43
1495 45 8 47 21 83 87 5 49 85 94
1495 46 8 1 45 10 96 37 84 97 74
1495 47 8 127 11 31 90 82 44 15 12
13 0 8 65 43 73 98 44 72 45 1
13 1 8 18 94 38 26 127 50 43 70
13 2 8 84 88 93 38 32 18 108 57
13 3 8 2 6 31 79 82 124 89 59
13 4 8 106 115 124 76 47 48 109 67
13 5 8 22 61 66 125 13 70 64 49
13 6 8 105 83 52 8 106 30 38 42
13 7 8 112 49 51 16 69 34 110 45
13 8 8 46 84 121 15 105 65 36 3
13 9 8 110 9 52 114 49 96 119 99
13 10 8 112 113 61 105 56 26 65 53
13 11 8 61 8 127 24 46 37 43 49
13 12 8 99 97 75 116 15 3 9 80
13 13 8 15 73 6 28 32 23 42 64
13 14 8 20 48 88 104 73 17 90 76
13 15 8 85 101 18 22 8 103 10 16
13 16 8 17 65 39 124 83 8 26 73
13 17 8 69 105 56 42 48 18 21 83
13 18 8 8 83 79 106 105 71 12 52
13 19 8 62 60 49 16 112 75 79 45
13 20 8 46 84 101 121 36 15 3 65
13 21 8 114 9 45 49 110 65 64 96
13 22 8 61 112 105 113 65 53 26 56
13 23 8 61 49 24 127 46 67 8 37
13 24 8 99 9 104 15 116 97 96 80
13 25 8 32 58 28 15 6 73 98 42
13 26 8 20 93 17 48 90 88 100 110
13 27 8 101 85 70 103 10 22 18 67
13 28 8 124 17 65 81 3 73 8 66
13 29 8 56 69 42 48 19 21 18 105
13 30 8 105 12 106 27 8 2 83 30
13 31 8 49 112 60 16 75 62 65 54
13 32 8 121 65 84 109 12 71 101 59
13 33 8 9 110 119 114 45 125 122 108
13 34 8 105 61 112 56 78 53 72 113
13 35 8 24 61 49 125 127 67 37 23
13 36 8 99 97 15 9 3 96 56 75
13 37 8 15 58 28 6 23 32 69 73
13 38 8 17 48 20 90 127 93 86 70
13 39 8 67 101 85 103 22 70 10 124
13 40 8 124 17 3 66 81 65 8 95
13 41 8 48 56 42 69 21 19 28 76
13 42 8 64 127 31 42 46 32 114 120
13 43 8 77 3 88 117 31 118 78 21
13 44 8 53 90 73 43 0 107 109 47
13 45 8 101 21 94 49 78 27 85 2
13 46 8 38 11 34 84 88 126 31 97
13 47 8 73 20 105 57 9 92 109 37
2055 0 8 63 21 2 50 75 103 125 19
2055 1 8 58 6 23 26 3 95 42 72
2055 2 8 93 84 54 32 88 8 122 100
2055 3 8 64 2 38 4 91 82 124 79
2055 4 8 124 56 25 76 67 48 109 47
2055 5 8 82 22 47 13 61 34 125 68
2055 6 8 52 83 42 106 30 38 105 79
2055 7 8 60 51 50 16 49 110 34 31
2055 8 8 36 109 46 84 15 105 103 18
2055 9 8 65 8 9 45 119 110 52 99
2055 10 8 112 113 26 61 102 39 23 3
2055 11 8 67 127 8 9 37 43 61 36
2055 12 8 97 75 3 116 80 9 52 104
2055 13 8 98 73 21 23 16 81 6 77
2055 14 8 73 79 88 93 76 90 48 86
2055 15 8 103 22 85 87 8 18 95 4
2055 16 8 65 17 124 55 7 45 26 83
2055 17 8 69 48 56 49 18 68 85 88
2055 18 8 83 106 30 52 27 12 79 8
2055 19 8 60 16 50 51 39 45 75 62
2055 20 8 36 109 46 15 101 57 3 48
2055 21 8 65 114 45 49 119 64 8 96
2055 22 8 112 113 75 26 16 65 53 3
2055 23 8 67 127 89 8 46 37 36 63
2055 24 8 97 104 80 116 9 75 52 3
2055 25 8 98 16 21 73 32 23 6 81
2055 26 8 93 79 90 110 48 118 88 70
2055 27 8 103 22 85 4 10 18 67 87
2055 28 8 124 55 17 65 26 3 66 73
2055 29 8 56 48 69 49 97 76 18 68
2055 30 8 106 105 27 12 2 8 83 30
2055 31 8 49 60 50 16 65 96 54 95
2055 32 8 109 36 84 121 12 71 103 59
2055 33 8 65 119 9 110 45 81 108 114
2055 34 8 72 61 113 105 112 123 53 11
2055 35 8 67 61 127 49 24 89 37 123
2055 36 8 99 97 15 3 12 9 80 13
2055 37 8 98 16 21 23 28 69 81 6
2055 38 8 79 48 93 90 52 88 127 70
2055 39 8 67 87 103 22 18 85 10 108
2055 40 8 3 124 55 17 66 65 95 45
2055 41 8 48 69 56 49 28 76 72 19
2055 42 8 64 127 37 42 31 46 32 120
2055 43 8 77 30 3 118 117 88 21 79
2055 44 8 53 73 43 109 0 107 47 121
2055 45 8 21 94 49 78 85 127 32 87
2055 46 8 122 38 126 44 28 67 31 97
2055 47 8 92 73 117 9 34 32 37 79
11 0 8 44 26 65 59 93 47 66 118
11 1 8 50 23 58 94 124 37 127 95
11 2 8 84 93 88 54 32 127 18 87
11 3 8 82 2 39 124 38 64 29 109
11 4 8 56 124 109 67 106 48 25 2
11 5 8 22 82 47 13 107 69 74 64
11 6 8 106 52 76 83 2 112 42 12
11 7 8 60 16 80 50 54 51 75 30
11 8 8 109 36 71 59 46 42 12 40
11 9 8 45 47 119 65 8 14 26 39
11 10 8 23 112 113 59 75 83 122 66
11 11 8 67 127 70 52 10 65 123 14
11 12 8 3 20 97 91 92 75 9 37
11 13 8 23 16 98 21 73 32 119 59
11 14 8 73 20 27 93 79 70 92 118
11 15 8 103 22 4 67 118 124 112 25
11 16 8 55 95 66 17 65 32 124 3
11 17 8 56 48 69 76 72 13 28 43
11 18 8 106 27 76 111 2 95 83 12
11 19 8 60 80 96 16 65 54 122 107
11 20 8 109 71 12 36 112 15 101 124
11 21 8 119 65 108 45 101 114 81 14
11 22 8 72 113 16 123 75 51 3 11
11 23 8 67 127 32 46 123 36 10 89
11 24 8 3 80 104 9 75 12 20 47
11 25 8 16 32 98 69 23 121 21 73
11 26 8 93 20 79 70 110 127 90 27
11 27 8 103 118 22 67 124 112 4 53
11 28 8 55 95 124 65 17 66 3 26
11 29 8 56 48 76 69 28 42 68 97
11 30 8 27 2 111 106 60 76 13 95
11 31 8 60 80 37 65 96 49 95 54
11 32 8 109 12 71 112 36 84 18 127
11 33 8 119 65 108 101 120 81 45 18
11 34 8 72 11 51 123 113 93 61 66
11 35 8 67 123 44 127 61 10 49 89
11 36 8 99 13 3 48 114 9 15 12
11 37 8 15 69 28 16 23 98 6 21
11 38 8 20 48 127 93 70 90 52 79
11 39 8 67 103 85 22 124 108 101 53
11 40 8 3 66 124 2 95 8 55 17
11 41 8 48 56 69 76 28 72 19 42
11 42 8 127 64 39 42 46 31 120 7
11 43 8 77 88 118 117 3 21 30 78
11 44 8 53 73 43 0 109 107 47 121
11 45 8 21 94 49 78 85 63 127 45
11 46 8 38 126 28 67 31 84 44 77
11 47 8 73 92 9 117 32 37 34 111
264 0 8 106 27 49 58 19 110 50 48
264 1 8 99 6 9 23 36 50 77 126
264 2 8 37 21 45 2 110 122 94 102
264 3 8 103 94 18 112 49 29 2 79
264 4 8 50 72 109 54 67 13 82 101
264 5 8 44 29 72 22 101 69 124 15
264 6 8 73 2 76 95 60 11 29 6
264 7 8 2 37 80 65 47 42 115 54
264 8 8 98 71 12 107 2 112 108 11
264 9 8 18 120 21 81 119 108 28 47
264 10 8 127 11 72 46 15 75 111 84
264 11 8 123 22 118 35 70 62 31 120
264 12 8 55 101 62 3 114 92 48 75
264 13 8 88 69 119 114 73 12 89 34
264 14 8 46 21 127 70 33 110 115 27
264 15 8 118 65 124 79 80 54 112 67
264 16 8 95 66 55 26 118 122 65 2
264 17 8 46 39 74 38 76 28 49 119
264 18 8 2 76 27 120 73 111 106 95
264 19 8 2 37 80 122 47 46 55 32
264 20 8 98 71 12 112 29 17 108 107
264 21 8 108 81 18 119 101 27 19 21
264 22 8 72 127 11 15 51 75 3 32
264 23 8 35 118 123 32 22 27 44 62
264 24 8 3 101 55 48 75 13 92 26
264 25 8 88 69 89 114 119 50 2 1
264 26 8 70 33 110 46 127 115 93 91
264 27 8 118 79 80 65 124 111 72 112
264 28 8 95 118 55 60 66 65 2 122
264 29 8 39 46 76 38 74 119 28 56
264 30 8 111 2 73 11 13 27 60 43
264 31 8 37 2 55 80 65 107 54 47
264 32 8 98 12 71 18 112 29 114 52
264 33 8 108 18 47 31 120 101 19 81
264 34 8 72 11 127 51 55 24 15 46
264 35 8 123 22 35 27 44 118 100 30
264 36 8 48 55 13 26 83 101 52 12
264 37 8 69 88 114 63 16 111 18 91
264 38 8 127 33 70 46 43 52 21 110
264 39 8 80 65 124 67 108 60 22 118
264 40 8 60 95 66 2 118 3 71 55
264 41 8 39 46 76 38 74 119 36 52
264 42 8 104 42 125 46 91 120 127 73
264 43 8 15 12 122 118 3 117 49 19
264 44 8 99 88 16 43 109 84 33 57
264 45 8 17 21 49 0 78 95 58 90
264 46 8 81 30 29 126 89 44 88 84
264 47 8 14 92 127 111 37 31 15 9
374 0 8 104 16 22 107 47 111 120 8
374 1 8 107 86 34 126 124 69 33 22
374 2 8 14 87 116 32 100 18 108 94
374 3 8 36 13 79 76 112 98 105 18
374 4 8 23 118 0 74 109 72 40 100
374 5 8 80 22 107 69 7 49 101 29
374 6 8 2 127 106 76 13 27 52 42
374 7 8 87 60 37 65 50 80 2 30
374 8 8 64 71 12 36 112 103 18 59
374 9 8 94 101 45 88 119 108 120 81
374 10 8 23 72 14 11 83 112 113 75
374 11 8 127 123 10 86 62 67 9 65
374 12 8 53 3 26 97 12 52 9 20
374 13 8 44 75 69 73 16 43 77 13
374 14 8 73 80 21 79 118 52 93 110
374 15 8 60 4 22 67 118 79 112 124
374 16 8 40 7 60 66 95 17 65 3
374 17 8 53 52 56 76 28 124 39 97
374 18 8 2 27 106 43 76 111 13 121
374 19 8 87 60 96 37 115 80 54 50
374 20 8 71 18 64 12 112 98 114 15
374 21 8 94 119 108 101 14 21 0 81
374 22 8 72 11 51 14 75 93 3 32
374 23 8 127 123 30 10 120 86 62 44
374 24 8 53 3 37 20 52 9 75 12
374 25 8 69 95 75 44 73 13 89 16
374 26 8 80 70 110 93 21 52 79 127
374 27 8 118 60 22 67 79 124 112 53
374 28 8 40 60 7 95 66 53 65 3
374 29 8 53 28 52 76 56 74 119 124
374 30 8 13 111 43 27 2 60 76 106
374 31 8 87 60 107 37 96 80 65 54
374 32 8 18 64 71 29 12 112 127 15
374 33 8 94 108 101 51 119 18 81 120
374 34 8 72 51 11 2 14 75 32 93
374 35 8 123 44 10 86 120 118 127 19
374 36 8 53 13 48 60 20 9 52 12
374 37 8 44 69 75 107 21 91 76 32
374 38 8 127 80 79 70 21 25 118 52
374 39 8 124 67 108 60 53 22 61 118
374 40 8 40 95 66 60 2 7 3 115
374 41 8 53 28 52 56 76 74 119 15
374 42 8 59 125 73 46 42 37 120 127
374 43 8 3 117 79 81 49 118 0 17
374 44 8 37 33 43 68 57 54 84 109
374 45 8 78 21 49 121 20 94 34 85
374 46 8 82 88 124 77 44 89 67 84
374 47 8 90 27 34 32 9 95 35 117
1496 0 8 17 63 19 34 97 2 21 0
1496 1 8 59 99 76 86 126 36 7 101
1496 2 8 37 70 102 32 121 54 52 68
1496 3 8 76 1 79 36 41 123 112 77
1496 4 8 103 29 109 13 101 49 87 9
1496 5 8 44 15 69 14 43 101 48 24
1496 6 8 2 60 73 76 95 106 55 29
1496 7 8 80 107 65 42 37 46 55 54
1496 8 8 52 71 12 4 125 18 112 107
1496 9 8 18 108 88 119 51 120 41 25
1496 10 8 72 15 33 67 2 46 51 11
1496 11 8 19 123 114 118 31 44 35 100
1496 12 8 48 101 3 38 55 13 57 1
1496 13 8 102 89 69 95 12 105 73 108
1496 14 8 46 82 18 127 70 29 91 12
1496 15 8 33 118 79 19 124 27 22 107
1496 16 8 95 111 122 77 40 53 29 44
1496 17 8 49 63 0 65 74 28 76 38
1496 18 8 111 55 60 2 73 76 27 43
1496 19 8 80 96 46 107 37 55 58 122
1496 20 8 71 12 52 4 27 125 18 29
1496 21 8 108 18 88 101 41 119 75 94
1496 22 8 72 51 67 15 2 11 3 32
1496 23 8 123 114 100 118 19 44 22 46
1496 24 8 3 101 48 13 103 1 75 80
1496 25 8 95 89 69 18 119 12 102 108
1496 26 8 70 18 46 82 91 22 12 127
1496 27 8 33 87 79 118 20 22 107 31
1496 28 8 77 53 29 44 111 95 109 66
1496 29 8 0 65 28 63 56 76 46 11
1496 30 8 55 111 2 13 76 103 27 73
1496 31 8 55 80 96 50 87 37 65 60
1496 32 8 18 27 71 4 12 52 112 2
1496 33 8 108 94 18 119 41 33 88 51
1496 34 8 72 51 2 15 23 11 67 33
1496 35 8 114 123 22 100 9 118 44 127
1496 36 8 3 38 101 13 52 48 25 94
1496 37 8 102 109 123 95 18 89 69 12
1496 38 8 82 18 46 70 52 64 22 93
1496 39 8 67 22 107 33 20 87 61 53
1496 40 8 66 3 77 108 29 44 111 95
1496 41 8 65 56 28 63 0 76 11 49
1496 42 8 20 42 77 46 126 127 8 120
1496 43 8 16 47 117 3 49 94 122 8
1496 44 8 110 33 43 84 99 94 80 11
1496 45 8 21 83 47 49 78 87 34 94
1496 46 8 1 123 81 10 45 88 71 51
1496 47 8 127 31 11 82 14 44 90 15
11 0 8 44 65 26 59 73 93 118 104
11 1 8 50 94 124 26 113 34 58 46
11 2 8 88 84 53 93 49 32 18 54
11 3 8 6 2 76 31 123 121 79 97
11 4 8 106 76 29 48 79 85 40 67
11 5 8 42 22 125 61 66 69 24 41
11 6 8 105 2 83 106 42 52 76 27
11 7 8 49 96 50 42 54 30 103 45
11 8 8 84 121 66 71 12 59 103 2
11 9 8 110 9 119 88 26 98 81 101
11 10 8 72 61 112 73 105 75 11 36
11 11 8 61 127 26 123 49 37 19 4
11 12 8 3 99 107 97 52 48 13 26
11 13 8 80 6 73 69 28 77 16 47
11 14 8 73 20 48 52 93 70 10 110
11 15 8 85 22 118 79 103 67 53 11
11 16 8 8 65 17 124 108 3 40 66
11 17 8 72 56 19 69 48 68 76 122
11 18 8 27 106 2 105 83 76 55 121
11 19 8 49 96 60 50 115 65 16 54
11 20 8 84 121 59 71 66 15 12 112
11 21 8 9 110 119 108 101 81 88 98
11 22 8 72 61 105 73 11 75 112 88
11 23 8 61 49 127 46 24 123 26 32
11 24 8 99 80 3 15 75 48 26 73
11 25 8 6 28 15 69 73 80 95 16
11 26 8 20 48 70 110 90 52 93 127
11 27 8 118 85 22 67 10 60 103 101
11 28 8 65 124 8 108 95 17 3 66
11 29 8 19 56 72 69 68 76 48 18
11 30 8 105 27 2 83 106 42 8 13
11 31 8 49 60 112 80 65 50 107 96
11 32 8 121 84 71 12 103 112 65 18
11 33 8 110 9 119 125 108 88 101 120
11 34 8 72 105 61 73 56 112 53 51
11 35 8 24 61 49 127 26 23 37 44
11 36 8 99 15 9 3 97 52 13 48
11 37 8 6 15 28 80 69 21 111 23
11 38 8 20 48 52 86 127 93 107 17
11 39 8 85 22 67 101 103 61 18 53
11 40 8 108 124 8 66 3 17 65 95
11 41 8 69 56 72 19 48 53 15 42
11 42 8 39 127 31 64 46 42 7 126
11 43 8 77 117 88 49 3 19 78 21
11 44 8 53 0 73 43 33 37 45 88
11 45 8 21 94 49 78 85 112 17 46
11 46 8 123 38 84 88 82 124 81 28
11 47 8 73 90 109 9 95 32 111 35
773 0 8 63 21 125 2 120 116 19 103
773 1 8 58 23 53 6 26 83 113 99
773 2 8 88 84 93 32 122 54 8 53
773 3 8 64 2 38 91 29 89 76 93
773 4 8 76 25 124 79 48 106 119 67
773 5 8 82 22 47 125 34 69 42 61
773 6 8 83 106 42 105 52 2 27 76
773 7 8 50 49 60 96 54 95 16 51
773 8 8 18 109 84 36 71 103 59 121
773 9 8 9 110 88 119 101 26 108 45
773 10 8 61 112 113 72 73 23 36 102
773 11 8 127 26 61 9 67 123 37 58
773 12 8 3 12 97 7 52 104 124 80
773 13 8 6 21 16 98 73 69 28 79
773 14 8 79 73 27 48 52 10 127 70
773 15 8 103 85 22 118 124 87 60 67
773 16 8 95 55 124 17 65 15 8 66
773 17 8 56 69 48 72 97 49 68 76
773 18 8 111 106 27 2 76 83 13 95
773 19 8 50 60 80 96 49 65 107 54
773 20 8 12 84 71 36 109 59 121 112
773 21 8 9 119 101 110 108 26 65 88
773 22 8 72 61 73 113 105 11 101 112
773 23 8 127 61 49 123 89 24 46 26
773 24 8 80 3 104 99 12 15 7 13
773 25 8 16 6 98 21 28 69 73 15
773 26 8 79 70 48 27 110 93 127 52
773 27 8 103 118 22 85 124 112 67 108
773 28 8 55 124 95 17 66 3 15 8
773 29 8 56 48 76 69 28 97 68 19
773 30 8 111 13 27 105 2 8 76 106
773 31 8 49 80 50 60 107 37 65 54
773 32 8 109 12 71 84 121 112 18 36
773 33 8 9 101 110 119 108 120 18 26
773 34 8 72 105 61 51 11 101 113 93
773 35 8 67 49 61 24 44 127 123 10
773 36 8 99 13 12 15 48 3 9 97
773 37 8 16 21 98 69 6 28 23 77
773 38 8 79 127 48 52 25 70 93 107
773 39 8 67 103 124 22 87 108 53 85
773 40 8 55 66 3 95 124 2 36 8
773 41 8 69 48 56 28 76 19 72 127
773 42 8 64 127 37 31 46 42 120 32
773 43 8 77 117 30 88 118 3 21 79
773 44 8 43 53 73 0 109 107 33 47
773 45 8 21 49 94 78 45 85 121 127
773 46 8 38 67 84 28 126 88 77 97
773 47 8 117 73 32 34 92 9 111 37
358 0 8 103 104 49 50 6 47 19 32
358 1 8 9 23 58 77 42 95 126 72
358 2 8 51 122 93 100 2 127 18 108
358 3 8 64 29 112 38 2 39 18 91
358 4 8 23 25 56 48 109 30 67 4
358 5 8 107 22 82 47 34 13 70 75
358 6 8 79 42 106 52 76 2 12 112
358 7 8 50 2 16 60 34 51 95 31
358 8 8 109 46 36 59 103 105 5 71
358 9 8 47 52 119 65 45 38 39 67
358 10 8 35 112 113 74 107 103 36 16
358 11 8 127 9 67 37 107 31 98 52
358 12 8 12 3 97 80 75 116 124 26
358 13 8 21 16 98 73 2 61 77 49
358 14 8 80 79 73 88 52 127 70 86
358 15 8 22 60 13 18 67 124 4 8
358 16 8 15 95 7 55 17 11 66 65
358 17 8 56 39 15 52 46 80 76 13
358 18 8 79 106 76 27 2 30 111 13
358 19 8 80 60 50 65 2 16 54 87
358 20 8 36 109 71 12 46 15 17 112
358 21 8 119 108 65 45 117 101 49 88
358 22 8 113 65 112 74 101 35 72 20
358 23 8 127 46 67 87 8 44 31 43
358 24 8 80 12 3 9 104 75 97 116
358 25 8 16 98 21 73 23 69 75 2
358 26 8 80 79 70 88 52 93 101 115
358 27 8 13 60 22 118 67 124 18 53
358 28 8 7 15 95 17 66 3 11 55
358 29 8 39 56 52 46 15 76 28 17
358 30 8 79 27 106 76 13 111 2 95
358 31 8 80 65 2 60 34 50 54 107
358 32 8 109 71 36 12 5 112 46 98
358 33 8 119 65 52 108 120 101 45 81
358 34 8 35 113 66 112 65 72 101 74
358 35 8 37 127 8 67 44 43 46 78
358 36 8 12 26 80 97 3 116 9 52
358 37 8 2 16 98 21 75 76 69 77
358 38 8 79 80 88 52 107 25 115 70
358 39 8 13 18 60 67 22 95 76 53
358 40 8 11 7 3 15 55 45 66 95
358 41 8 39 52 56 17 15 46 28 18
358 42 8 125 127 74 37 2 7 46 22
358 43 8 56 19 12 117 3 78 43 21
358 44 8 99 88 45 37 43 0 113 44
358 45 8 58 17 21 49 46 92 112 78
358 46 8 29 84 88 30 38 105 39 103
358 47 8 108 6 111 52 95 35 87 71
646 0 8 104 111 2 97 47 22 4 89
646 1 8 123 86 116 107 77 76 3 34
646 2 8 14 51 9 32 7 94 47 10
646 3 8 105 39 38 91 64 112 25 29
646 4 8 23 25 56 0 22 48 124 67
646 5 8 34 47 107 80 22 82 126 70
646 6 8 79 106 42 52 30 6 27 76
646 7 8 34 87 50 16 51 65 60 54
646 8 8 46 36 39 109 59 71 5 105
646 9 8 94 119 52 45 65 101 47 88
646 10 8 101 74 112 113 35 107 39 23
646 11 8 9 127 67 98 37 87 107 70
646 12 8 12 3 118 97 124 53 80 52
646 13 8 75 98 21 44 16 73 69 64
646 14 8 80 79 52 88 73 27 118 70
646 15 8 60 22 13 67 124 4 18 8
646 16 8 95 15 7 66 17 11 3 45
646 17 8 52 56 15 97 28 85 80 13
646 18 8 79 106 76 111 2 27 95 13
646 19 8 87 80 50 60 65 122 107 54
646 20 8 36 71 12 109 39 64 112 5
646 21 8 94 108 101 119 45 88 65 18
646 22 8 101 113 72 74 22 107 65 112
646 23 8 127 87 31 86 44 46 67 71
646 24 8 80 3 12 118 104 9 53 100
646 25 8 75 44 16 21 121 98 69 95
646 26 8 80 27 79 70 62 118 89 127
646 27 8 60 13 22 118 124 111 67 112
646 28 8 7 15 95 17 66 3 123 2
646 29 8 52 56 15 28 76 85 120 13
646 30 8 13 79 111 43 27 2 76 106
646 31 8 87 80 107 65 54 50 122 37
646 32 8 12 71 109 36 112 5 29 39
646 33 8 94 101 119 108 51 120 52 45
646 34 8 72 35 101 107 74 97 113 51
646 35 8 67 127 44 71 37 123 8 10
646 36 8 118 12 53 13 80 3 100 48
646 37 8 75 21 44 2 98 69 16 64
646 38 8 80 79 25 70 88 127 52 107
646 39 8 67 60 22 13 18 124 108 53
646 40 8 7 15 3 66 95 11 17 36
646 41 8 52 56 15 28 17 127 85 46
646 42 8 7 127 37 125 46 74 42 120
646 43 8 117 19 3 78 43 12 21 56
646 44 8 45 0 43 37 88 113 61 95
646 45 8 49 46 78 112 21 85 17 121
646 46 8 88 29 84 38 105 39 30 89
646 47 8 108 52 35 95 111 6 59 9
3270 0 8 62 126 3 29 111 19 87 124
3270 1 8 123 58 78 88 76 45 86 22
3270 2 8 32 119 125 51 102 23 94 14
3270 3 8 105 79 7 120 11 29 90 38
3270 4 8 39 4 91 109 118 74 22 48
3270 5 8 80 70 47 22 82 126 49 100
3270 6 8 79 106 76 2 95 27 42 30
3270 7 8 87 80 34 50 65 16 30 54
3270 8 8 71 51 46 24 18 39 12 36
3270 9 8 119 52 94 101 45 108 49 65
3270 10 8 101 113 23 107 35 112 74 97
3270 11 8 87 127 123 70 71 10 17 37
3270 12 8 77 12 3 104 9 97 80 100
3270 13 8 24 75 98 44 121 21 16 73
3270 14 8 62 28 73 27 88 91 127 93
3270 15 8 22 124 112 4 67 115 118 108
3270 16 8 95 123 20 66 17 2 3 48
3270 17 8 56 14 97 28 76 85 13 84
3270 18 8 79 2 111 106 76 27 95 120
3270 19 8 87 80 60 50 65 107 54 37
3270 20 8 51 12 24 71 18 36 112 27
3270 21 8 108 101 94 119 45 51 18 114
3270 22 8 11 101 113 22 74 107 72 3
3270 23 8 87 127 71 31 10 123 70 17
3270 24 8 77 3 12 80 101 9 104 13
3270 25 8 24 121 75 69 44 16 49 64
3270 26 8 62 27 28 70 93 118 91 127
3270 27 8 22 112 115 124 118 4 67 13
3270 28 8 123 17 95 20 66 3 2 121
3270 29 8 14 76 56 84 97 28 119 85
3270 30 8 13 79 2 27 111 43 76 73
3270 31 8 87 80 37 60 65 107 54 30
3270 32 8 24 51 12 71 18 112 36 29
3270 33 8 101 94 108 119 45 120 51 18
3270 34 8 11 120 107 113 72 101 74 51
3270 35 8 87 71 10 127 123 44 67 17
3270 36 8 77 13 48 120 3 9 18 12
3270 37 8 24 121 49 75 69 107 44 98
3270 38 8 62 127 28 70 118 93 25 88
3270 39 8 67 98 115 124 22 108 4 53
3270 40 8 123 20 3 66 2 95 121 115
3270 41 8 84 14 97 76 56 28 127 119
3270 42 8 28 65 101 127 42 120 46 75
3270 43 8 118 117 4 3 2 79 17 21
3270 44 8 43 109 71 113 13 47 33 84
3270 45 8 21 49 94 121 78 85 127 45
3270 46 8 67 126 88 74 89 28 45 44
3270 47 8 34 92 117 32 37 9 54 8
264 0 8 27 106 61 49 110 50 48 111
264 1 8 99 105 62 91 104 113 36 126
264 2 8 45 122 32 94 102 110 2 21
264 3 8 103 94 49 79 18 114 98 67
264 4 8 72 109 67 54 26 119 4 107
264 5 8 44 72 29 51 22 49 69 105
264 6 8 73 95 2 76 60 11 6 29
264 7 8 2 37 80 65 107 46 47 42
264 8 8 98 2 71 12 18 112 114 107
264 9 8 18 108 119 120 47 21 81 92
264 10 8 11 127 46 110 103 24 36 84
264 11 8 123 70 22 31 118 27 35 77
264 12 8 48 55 26 101 13 92 3 75
264 13 8 119 88 69 12 114 73 86 85
264 14 8 127 46 33 105 27 91 110 70
264 15 8 65 124 118 80 108 22 112 111
264 16 8 95 112 66 4 118 2 32 62
264 17 8 39 46 74 76 38 49 119 28
264 18 8 120 73 2 76 43 27 111 11
264 19 8 2 37 80 47 55 122 46 52
264 20 8 98 12 71 48 112 18 70 29
264 21 8 108 18 21 101 75 81 119 19
264 22 8 72 127 11 15 51 3 75 22
264 23 8 118 35 123 31 27 36 44 70
264 24 8 101 55 48 3 92 13 83 20
264 25 8 88 13 69 119 114 89 59 12
264 26 8 33 46 70 91 89 83 12 127
264 27 8 118 80 65 124 111 107 108 112
264 28 8 95 118 27 53 2 113 123 66
264 29 8 39 76 74 38 119 46 28 49
264 30 8 111 43 73 120 13 11 127 2
264 31 8 2 37 55 80 46 122 65 32
264 32 8 98 18 12 71 29 112 40 17
264 33 8 108 18 31 51 75 19 81 21
264 34 8 11 51 110 72 127 55 24 46
264 35 8 123 35 22 100 118 27 44 65
264 36 8 101 48 26 55 13 83 113 45
264 37 8 69 88 63 114 111 13 12 119
264 38 8 33 127 70 46 91 105 43 89
264 39 8 65 80 124 108 22 67 118 105
264 40 8 95 2 66 123 108 71 118 51
264 41 8 39 76 38 53 36 119 74 28
264 42 8 42 120 104 46 98 127 91 20
264 43 8 15 118 122 117 47 3 12 78
264 44 8 110 33 43 84 109 16 99 57
264 45 8 83 47 49 21 0 95 121 78
264 46 8 88 10 45 126 44 104 84 123
264 47 8 127 14 31 92 11 37 90 48
438 0 8 107 93 63 22 71 47 61 19
438 1 8 116 83 48 126 106 41 53 111
438 2 8 116 32 87 117 122 94 37 102
438 3 8 36 79 1 26 13 106 105 89
438 4 8 118 4 91 39 0 74 105 47
438 5 8 70 80 111 22 49 82 69 107
438 6 8 2 76 106 95 13 60 79 6
438 7 8 80 65 107 37 60 50 54 34
438 8 8 27 12 71 64 99 39 18 15
438 9 8 101 45 108 119 18 52 120 94
438 10 8 14 11 107 101 83 23 22 46
438 11 8 123 58 127 86 71 10 70 118
438 12 8 12 48 53 66 9 26 69 3
438 13 8 121 44 69 75 107 24 73 95
438 14 8 73 28 118 127 79 91 63 80
438 15 8 112 22 124 4 118 88 67 60
438 16 8 4 95 66 121 2 17 40 48
438 17 8 53 56 76 74 97 119 28 13
438 18 8 43 111 2 120 27 106 76 119
438 19 8 80 50 87 37 107 72 47 65
438 20 8 27 99 12 71 64 29 112 2
438 21 8 108 101 21 51 119 45 18 19
438 22 8 22 14 3 51 11 72 75 93
438 23 8 10 31 71 58 127 120 123 86
438 24 8 66 60 3 101 18 9 69 28
438 25 8 121 95 44 69 24 14 12 25
438 26 8 70 110 127 80 79 89 93 91
438 27 8 112 118 124 22 105 88 108 67
438 28 8 4 95 17 66 2 40 121 92
438 29 8 119 76 74 53 28 56 14 5
438 30 8 43 13 111 73 27 60 120 98
438 31 8 37 80 87 107 122 65 113 46
438 32 8 12 27 29 71 64 18 99 112
438 33 8 108 51 101 19 18 120 94 43
438 34 8 51 14 11 22 72 46 2 75
438 35 8 58 10 123 71 86 118 44 127
438 36 8 60 48 13 66 53 95 9 69
438 37 8 32 69 44 25 121 79 75 24
438 38 8 127 79 43 70 21 25 107 93
438 39 8 124 105 108 22 67 112 61 36
438 40 8 4 95 2 66 40 71 17 121
438 41 8 53 119 28 74 45 76 56 97
438 42 8 59 120 91 42 73 37 46 65
438 43 8 118 4 117 3 0 79 17 66
438 44 8 57 33 109 43 71 111 47 46
438 45 8 94 49 21 78 85 20 71 127
438 46 8 67 77 88 89 126 84 44 76
438 47 8 34 27 104 92 117 37 14 32
220 0 8 119 72 85 100 11 114 16 0
220 1 8 106 116 72 22 126 21 89 24
220 2 8 37 87 45 93 16 108 65 32
220 3 8 79 103 76 91 82 81 98 36
220 4 8 118 63 31 109 48 103 98 19
220 5 8 22 77 69 49 59 124 29 52
220 6 8 76 95 2 106 119 58 6 41
220 7 8 80 8 37 30 54 107 47 65
220 8 8 12 71 99 112 40 11 48 52
220 9 8 101 108 119 18 47 38 21 44
220 10 8 75 11 46 72 16 112 122 126
220 11 8 90 127 123 10 65 7 6 75
220 12 8 3 66 92 37 48 101 21 56
220 13 8 58 32 69 89 66 20 0 78
220 14 8 70 90 100 127 66 115 52 17
220 15 8 22 67 124 18 118 88 10 127
220 16 8 95 66 26 39 2 4 50 17
220 17 8 56 35 28 78 48 68 21 76
220 18 8 106 76 27 2 95 111 6 12
220 19 8 80 107 42 122 96 54 65 115
220 20 8 109 71 12 52 29 112 107 108
220 21 8 119 18 88 108 101 81 19 75
220 22 8 72 51 37 66 65 3 83 25
220 23 8 67 127 32 46 100 65 17 125
220 24 8 80 3 92 75 48 62 37 124
220 25 8 89 16 99 69 59 66 25 105
220 26 8 70 110 52 127 76 115 93 118
220 27 8 22 118 124 112 103 67 53 79
220 28 8 95 66 55 3 118 26 2 65
220 29 8 56 76 28 48 72 88 52 39
220 30 8 106 27 43 2 107 73 95 76
220 31 8 80 107 75 54 65 37 95 47
220 32 8 12 71 9 109 112 5 29 52
220 33 8 119 101 108 18 65 120 88 92
220 34 8 72 51 66 7 11 22 65 113
220 35 8 4 127 101 44 43 121 123 100
220 36 8 92 80 13 3 101 54 4 48
220 37 8 20 69 117 12 119 91 49 61
220 38 8 91 68 70 125 127 105 83 43
220 39 8 105 124 28 13 118 88 45 29
220 40 8 106 95 2 112 101 90 92 118
220 41 8 74 119 76 7 44 38 28 80
220 42 8 120 91 99 104 108 42 109 58
220 43 8 66 0 3 58 118 10 115 90
220 44 8 57 111 46 47 35 9 109 108
220 45 8 71 90 18 50 66 93 121 97
220 46 8 76 27 16 46 89 102 37 88
220 47 8 3 76 104 87 102 58 6 55
17 0 8 121 88 109 58 117 7 127 72
17 1 8 65 1 89 97 126 25 36 44
17 2 8 37 21 110 102 45 108 31 94
17 3 8 103 91 49 126 88 81 17 76
17 4 8 103 101 72 112 24 30 49 54
17 5 8 44 29 124 77 14 15 69 43
17 6 8 73 60 95 6 119 76 29 15
17 7 8 80 37 107 47 65 46 54 42
17 8 8 52 125 12 71 81 30 112 48
17 9 8 18 108 90 100 81 19 124 120
17 10 8 46 24 11 15 2 75 27 22
17 11 8 123 27 100 118 35 72 44 19
17 12 8 48 55 101 83 13 54 92 94
17 13 8 67 88 69 38 114 60 89 107
17 14 8 127 126 46 119 43 91 68 27
17 15 8 118 28 124 27 105 88 65 19
17 16 8 53 95 0 66 112 118 2 106
17 17 8 44 74 38 57 119 76 28 13
17 18 8 111 73 43 76 60 120 95 6
17 19 8 80 37 107 55 47 74 54 58
17 20 8 52 71 12 83 125 112 81 48
17 21 8 108 90 18 51 75 100 19 101
17 22 8 51 72 11 22 15 24 2 46
17 23 8 100 27 35 123 45 19 118 44
17 24 8 83 101 3 48 55 94 92 13
17 25 8 67 88 89 38 114 60 69 86
17 26 8 126 12 46 68 70 43 119 110
17 27 8 118 28 65 105 124 19 27 112
17 28 8 53 0 95 27 118 2 66 112
17 29 8 38 74 44 119 57 76 28 109
17 30 8 43 111 120 73 11 127 17 60
17 31 8 37 80 47 55 52 113 122 32
17 32 8 83 77 12 52 30 18 125 81
17 33 8 51 108 90 18 100 19 0 81
17 34 8 51 24 11 15 22 27 46 72
17 35 8 100 27 35 123 118 45 44 56
17 36 8 48 83 101 13 55 54 64 20
17 37 8 88 114 67 89 60 69 38 22
17 38 8 68 127 43 126 70 63 46 91
17 39 8 28 36 105 124 108 65 118 27
17 40 8 118 95 2 71 0 101 66 53
17 41 8 38 76 74 119 44 57 28 109
17 42 8 120 104 91 42 92 94 46 98
17 43 8 15 58 118 0 122 3 17 21
17 44 8 47 109 67 16 43 111 64 58
17 45 8 0 95 49 99 90 78 29 21
17 46 8 89 126 32 88 94 104 123 37
17 47 8 92 107 4 8 14 37 127 72
3039 0 8 87 52 41 83 19 63 73 21
3039 1 8 53 89 85 59 31 63 22 36
3039 2 8 37 69 65 8 115 54 32 102
3039 3 8 45 76 79 1 88 106 91 104
3039 4 8 103 4 109 32 87 79 24 91
3039 5 8 22 124 29 111 44 77 15 69
3039 6 8 60 76 73 95 2 106 6 13
3039 7 8 80 107 65 37 54 42 72 46
3039 8 8 12 71 125 52 27 2 112 48
3039 9 8 101 18 108 90 19 81 100 104
3039 10 8 46 2 24 11 75 14 15 73
3039 11 8 123 10 45 27 95 13 31 44
3039 12 8 60 48 83 37 108 89 69 120
3039 13 8 80 69 121 81 102 47 114 55
3039 14 8 126 63 127 73 43 68 87 110
3039 15 8 118 124 112 108 28 87 88 115
3039 16 8 95 2 4 20 48 66 53 17
3039 17 8 74 119 76 38 28 14 49 97
3039 18 8 43 111 76 73 60 120 13 2
3039 19 8 80 37 107 8 54 47 72 65
3039 20 8 27 12 71 52 112 2 48 53
3039 21 8 108 101 18 90 51 19 0 119
3039 22 8 11 24 51 2 22 3 16 46
3039 23 8 10 95 27 123 71 45 58 13
3039 24 8 83 69 60 117 48 13 9 92
3039 25 8 114 69 121 88 78 60 47 89
3039 26 8 87 43 68 126 46 127 110 70
3039 27 8 87 118 105 28 115 112 124 108
3039 28 8 95 2 17 20 4 66 121 65
3039 29 8 76 119 74 28 11 14 115 38
3039 30 8 13 73 43 111 60 76 27 2
3039 31 8 37 80 107 8 95 65 54 72
3039 32 8 12 18 112 27 71 52 125 2
3039 33 8 51 101 108 90 18 19 120 53
3039 34 8 51 11 24 46 2 3 14 93
3039 35 8 10 123 95 27 44 118 103 58
3039 36 8 60 48 13 83 117 69 52 120
3039 37 8 69 4 121 107 24 32 114 80
3039 38 8 127 43 68 25 87 118 70 62
3039 39 8 115 108 124 105 87 67 22 118
3039 40 8 2 95 66 20 101 121 71 3
3039 41 8 28 76 14 11 97 119 115 74
3039 42 8 46 120 65 42 101 21 91 28
3039 43 8 118 117 4 79 3 0 17 15
3039 44 8 47 109 43 71 33 54 1 113
3039 45 8 49 21 85 78 94 121 20 127
3039 46 8 67 88 89 84 28 126 44 74
3039 47 8 34 117 27 32 55 9 79 59
1045 0 8 34 106 41 30 50 63 61 19
1045 1 8 85 99 9 53 31 89 22 113
1045 2 8 122 90 8 45 94 32 102 100
1045 3 8 79 94 77 10 104 29 91 64
1045 4 8 87 103 22 111 109 4 10 105
1045 5 8 105 22 54 44 124 111 69 96
1045 6 8 2 60 76 106 13 95 73 86
1045 7 8 80 103 107 65 95 42 72 54
1045 8 8 2 71 14 12 112 27 52 39
1045 9 8 101 120 18 119 43 48 88 108
1045 10 8 46 101 23 24 93 16 75 11
1045 11 8 50 10 123 44 58 13 118 79
1045 12 8 118 60 120 48 13 69 37 36
1045 13 8 113 12 66 69 102 79 107 55
1045 14 8 127 84 96 43 118 92 110 105
1045 15 8 115 19 124 4 108 105 118 22
1045 16 8 51 95 66 111 2 35 48 6
1045 17 8 126 28 49 76 2 35 74 80
1045 18 8 111 120 13 2 27 76 107 60
1045 19 8 37 80 72 107 54 95 47 42
1045 20 8 2 71 12 112 27 28 52 113
1045 21 8 101 108 43 119 51 120 18 81
1045 22 8 11 51 22 93 40 14 75 2
1045 23 8 10 50 31 13 44 118 58 87
1045 24 8 118 69 60 37 13 120 92 111
1045 25 8 12 113 66 69 102 79 119 89
1045 26 8 84 96 43 127 118 25 70 87
1045 27 8 105 118 115 67 124 19 108 22
1045 28 8 51 2 95 66 17 111 3 123
1045 29 8 126 28 76 35 2 119 56 74
1045 30 8 13 73 111 60 27 43 76 2
1045 31 8 37 80 107 72 95 46 54 122
1045 32 8 2 112 12 71 52 28 4 40
1045 33 8 101 51 108 120 43 119 18 53
1045 34 8 51 40 11 93 72 2 22 14
1045 35 8 118 10 50 44 13 79 78 102
1045 36 8 118 13 60 48 36 69 115 52
1045 37 8 113 66 69 12 107 102 119 79
1045 38 8 84 96 127 25 118 70 105 87
1045 39 8 37 108 67 124 115 105 118 4
1045 40 8 51 12 66 2 95 3 119 111
1045 41 8 28 126 2 35 76 56 127 66
1045 42 8 120 98 102 46 42 94 93 41
1045 43 8 79 117 3 81 21 17 0 118
1045 44 8 68 43 48 33 61 121 95 84
1045 45 8 49 20 21 78 85 66 121 111
1045 46 8 88 89 21 44 31 28 114 8
1045 47 8 36 94 120 59 9 26 22 48
7546 0 8 17 30 87 19 23 125 112 62
7546 1 8 85 16 59 7 101 89 77 68
7546 2 8 37 102 76 32 6 71 70 41
7546 3 8 94 79 5 92 106 70 104 41
7546 4 8 103 27 10 49 109 24 13 4
7546 5 8 44 54 15 69 14 48 10 124
7546 6 8 60 76 2 73 95 106 29 118
7546 7 8 80 107 55 42 65 37 103 54
7546 8 8 71 2 12 52 112 20 10 107
7546 9 8 18 108 41 25 119 120 19 51
7546 10 8 46 22 93 11 24 72 121 109
7546 11 8 123 35 70 42 118 44 78 27
7546 12 8 101 48 13 103 0 60 38 109
7546 13 8 12 69 41 86 1 57 114 14
7546 14 8 46 127 18 43 87 91 59 70
7546 15 8 107 122 27 106 124 19 118 20
7546 16 8 109 110 54 95 106 66 70 77
7546 17 8 28 63 0 74 76 64 65 119
7546 18 8 43 111 76 2 73 60 106 27
7546 19 8 107 80 37 55 47 2 42 54
7546 20 8 2 71 12 52 112 27 10 17
7546 21 8 108 41 119 101 18 51 120 81
7546 22 8 22 11 51 72 93 109 2 24
7546 23 8 123 44 118 31 70 97 42 60
7546 24 8 101 13 103 3 48 109 38 20
7546 25 8 12 41 69 1 123 89 86 95
7546 26 8 46 18 87 91 70 110 127 115
7546 27 8 107 20 27 106 22 122 118 67
7546 28 8 109 110 77 44 17 106 29 54
7546 29 8 28 76 63 0 65 64 56 119
7546 30 8 111 43 73 13 2 60 27 76
7546 31 8 37 55 80 107 2 32 54 52
7546 32 8 2 12 112 27 20 10 52 71
7546 33 8 41 108 120 51 18 101 119 40
7546 34 8 11 51 109 93 40 22 72 46
7546 35 8 42 118 44 123 97 46 127 37
7546 36 8 101 13 48 3 0 38 52 109
7546 37 8 12 69 41 123 57 109 111 32
7546 38 8 46 18 127 25 60 70 43 102
7546 39 8 107 22 108 27 67 37 20 124
7546 40 8 110 77 66 95 2 29 44 3
7546 41 8 0 63 28 64 65 76 11 56
7546 42 8 91 42 126 46 120 49 90 59
7546 43 8 47 118 125 117 3 21 17 0
7546 44 8 110 47 109 33 43 73 23 107
7546 45 8 49 78 21 76 83 47 87 85
7546 46 8 1 126 123 89 10 88 45 84
7546 47 8 127 31 11 92 14 44 15 82
