151643 47 8 44 28 29 77 118 83 7 46
0 47 8 0 80 61 17 67 83 23 119
151644 47 8 3 77 105 101 110 2 83 28
151667 0 8 60 115 46 102 72 19 37 94
151667 1 8 70 127 119 5 121 125 108 84
151667 2 8 16 2 107 127 99 40 111 57
151667 3 8 66 107 18 87 72 37 82 88
151667 4 8 122 52 29 73 7 95 75 11
151667 5 8 64 33 12 18 84 25 16 49
151667 6 8 107 71 25 70 108 91 12 11
151667 7 8 56 7 9 59 28 24 8 79
151667 8 8 16 22 53 57 11 114 5 26
151667 9 8 2 69 55 82 122 85 78 87
151667 10 8 3 26 57 71 16 55 122 98
151667 11 8 25 56 30 103 52 28 59 63
151667 12 8 85 8 64 21 126 105 41 92
151667 13 8 0 122 68 81 26 61 47 58
151667 14 8 22 117 1 61 42 33 92 125
151667 15 8 52 51 41 49 0 75 125 25
151667 16 8 103 48 81 27 105 65 42 98
151667 17 8 18 118 58 123 83 109 75 88
151667 18 8 107 81 24 70 44 122 71 25
151667 19 8 56 28 59 9 119 7 62 88
151667 20 8 16 57 111 72 53 11 22 114
151667 21 8 69 55 85 50 2 82 87 122
151667 22 8 26 71 122 57 3 98 16 55
151667 23 8 56 3 63 25 5 52 14 28
151667 24 8 85 105 126 64 93 8 75 50
151667 25 8 0 26 122 68 103 8 61 19
151667 26 8 117 22 5 1 81 104 61 98
151667 27 8 49 120 52 41 51 2 5 75
151667 28 8 103 81 27 98 69 65 42 76
151667 29 8 58 78 83 88 18 94 81 55
151667 30 8 44 70 71 26 107 24 120 122
151667 31 8 56 28 59 7 119 31 75 9
151667 32 8 57 16 72 111 53 11 3 98
151667 33 8 69 85 55 122 50 87 2 77
151667 34 8 71 68 3 57 55 26 98 21
151667 35 8 52 3 14 56 63 7 5 28
151667 36 8 105 85 126 8 73 64 65 41
151667 37 8 0 26 14 122 8 103 104 68
151667 38 8 81 117 61 4 100 107 5 22
151667 39 8 2 41 49 5 59 52 127 80
151667 40 8 58 103 17 76 81 65 48 68
151667 41 8 108 78 33 26 18 21 88 118
151667 42 8 113 81 52 47 57 35 60 56
151667 43 8 84 31 96 86 48 37 72 71
151667 44 8 102 51 94 30 127 29 90 25
151667 45 8 82 107 1 29 38 44 18 54
151667 46 8 37 118 34 103 41 38 102 85
151667 47 8 44 77 46 28 122 74 105 83
198 0 8 60 16 84 1 115 114 53 45
198 1 8 119 82 127 121 5 70 125 15
198 2 8 80 38 82 116 47 40 48 95
198 3 8 120 115 16 107 82 34 53 72
198 4 8 115 123 81 126 52 104 85 63
198 5 8 25 51 66 1 9 37 33 12
198 6 8 8 71 34 25 78 80 24 56
198 7 8 9 59 101 3 31 18 112 71
198 8 8 116 65 26 57 16 3 111 46
198 9 8 19 114 96 49 2 85 10 55
198 10 8 26 29 56 53 3 112 98 7
198 11 8 7 28 125 3 14 37 113 5
198 12 8 8 56 49 85 78 96 65 105
198 13 8 19 0 14 26 78 58 122 103
198 14 8 117 100 90 17 104 75 81 107
198 15 8 70 10 120 49 16 101 66 2
198 16 8 39 103 81 17 73 99 65 105
198 17 8 83 21 55 42 78 58 18 123
198 18 8 78 24 107 71 122 34 44 25
198 19 8 28 59 101 9 119 88 62 79
198 20 8 16 57 53 116 72 26 45 111
198 21 8 49 69 96 2 64 19 85 122
198 22 8 16 26 68 98 58 57 0 78
198 23 8 3 7 5 6 125 59 14 28
198 24 8 8 65 78 21 126 85 96 50
198 25 8 0 19 78 103 58 26 14 81
198 26 8 100 86 117 17 107 98 104 32
198 27 8 49 120 41 127 70 101 12 93
198 28 8 103 39 105 76 81 17 48 99
198 29 8 21 55 58 78 42 1 18 83
198 30 8 78 24 81 44 26 70 71 63
198 31 8 101 28 75 62 59 9 112 56
198 32 8 57 16 65 111 9 72 53 3
198 33 8 69 122 55 87 85 125 49 2
198 34 8 29 78 68 26 98 16 56 58
198 35 8 3 113 7 14 5 125 28 43
198 36 8 78 65 56 96 105 75 8 21
198 37 8 19 0 78 26 14 58 104 103
198 38 8 117 100 17 107 81 86 90 85
198 39 8 70 49 101 59 10 123 5 12
198 40 8 81 103 17 105 99 65 73 39
198 41 8 78 55 21 42 48 18 41 69
198 42 8 6 56 64 81 113 32 60 31
198 43 8 71 37 78 77 92 31 86 88
198 44 8 31 90 73 53 51 121 127 25
198 45 8 1 44 107 22 101 94 29 27
198 46 8 34 38 103 11 102 4 84 98
198 47 8 101 125 73 2 20 105 77 126
32313 0 8 21 75 87 60 62 34 50 33
32313 1 8 119 6 58 127 23 125 88 5
32313 2 8 47 93 127 8 54 9 95 40
32313 3 8 16 4 38 107 82 124 115 47
32313 4 8 124 81 104 56 48 22 93 25
32313 5 8 68 82 13 25 12 34 22 24
32313 6 8 8 52 56 12 110 107 25 34
32313 7 8 110 51 31 9 3 28 59 75
32313 8 8 116 46 36 3 26 42 57 109
32313 9 8 65 96 19 49 64 114 87 122
32313 10 8 112 26 53 98 74 30 3 29
32313 11 8 7 89 37 107 63 125 43 82
32313 12 8 116 56 97 24 50 75 96 65
32313 13 8 0 23 26 82 14 122 102 58
32313 14 8 75 90 82 88 100 81 107 17
32313 15 8 10 16 70 8 120 49 95 18
32313 16 8 17 65 73 103 83 24 7 45
32313 17 8 18 83 58 69 123 21 27 78
32313 18 8 8 52 79 25 44 110 34 71
32313 19 8 110 9 51 59 28 31 75 3
32313 20 8 116 46 36 3 57 26 80 42
32313 21 8 96 65 49 64 114 1 122 111
32313 22 8 53 26 98 30 112 35 74 3
32313 23 8 7 89 107 43 63 125 37 96
32313 24 8 65 56 50 97 116 24 75 8
32313 25 8 0 26 73 58 2 103 23 32
32313 26 8 90 75 6 100 115 81 17 76
32313 27 8 120 10 70 8 87 49 101 16
32313 28 8 65 17 103 83 73 45 24 18
32313 29 8 18 78 69 58 1 83 22 27
32313 30 8 8 44 52 56 25 71 63 64
32313 31 8 110 31 51 9 59 75 39 45
32313 32 8 116 46 3 36 109 105 61 44
32313 33 8 52 65 1 96 69 64 49 111
32313 34 8 98 112 53 26 30 35 74 64
32313 35 8 7 107 37 96 43 89 8 63
32313 36 8 65 50 97 75 56 24 116 42
32313 37 8 101 73 104 82 0 10 23 81
32313 38 8 90 75 107 34 115 6 82 76
32313 39 8 10 8 87 70 120 103 95 49
32313 40 8 65 17 45 73 89 7 83 75
32313 41 8 18 26 49 48 58 17 69 112
32313 42 8 2 64 58 50 32 20 36 31
32313 43 8 96 77 30 112 82 2 52 94
32313 44 8 94 113 82 29 73 53 11 5
32313 45 8 107 94 86 29 53 1 85 22
32313 46 8 122 103 38 84 17 37 97 33
32313 47 8 79 44 114 12 82 6 54 108
11 0 8 44 26 65 59 114 45 38 83
11 1 8 50 127 23 58 119 94 80 18
11 2 8 84 47 93 88 127 40 54 123
11 3 8 2 82 16 47 124 38 39 4
11 4 8 104 81 124 106 56 25 85 48
11 5 8 82 13 68 22 12 25 107 61
11 6 8 8 30 34 56 35 83 105 12
11 7 8 3 51 9 59 16 60 110 31
11 8 8 116 109 46 26 36 3 42 127
11 9 8 114 117 65 96 19 10 9 64
11 10 8 53 56 112 98 30 26 39 105
11 11 8 89 7 67 82 125 21 24 37
11 12 8 116 56 96 104 15 65 97 49
11 13 8 32 58 23 42 28 19 0 15
11 14 8 90 20 17 8 75 100 48 88
11 15 8 70 10 101 16 56 18 49 103
11 16 8 73 17 39 115 124 103 83 50
11 17 8 42 21 69 48 83 116 102 78
11 18 8 8 56 34 30 12 25 44 105
11 19 8 3 9 59 75 28 60 51 31
11 20 8 116 65 46 35 57 101 127 109
11 21 8 114 10 96 111 122 117 9 49
11 22 8 98 53 78 56 30 58 26 112
11 23 8 7 125 67 89 82 96 21 37
11 24 8 56 65 96 116 8 97 9 49
11 25 8 58 32 112 42 26 19 103 23
11 26 8 17 90 100 20 8 86 107 48
11 27 8 101 70 10 56 49 16 103 23
11 28 8 73 39 81 17 103 124 84 105
11 29 8 1 21 42 83 48 73 116 69
11 30 8 56 8 34 30 105 83 78 74
11 31 8 75 3 98 59 60 112 9 49
11 32 8 116 9 84 65 121 127 109 46
11 33 8 117 104 9 110 122 92 111 114
11 34 8 98 78 105 61 112 56 86 30
11 35 8 7 4 96 61 37 0 125 21
11 36 8 65 56 116 50 9 97 8 99
11 37 8 104 20 58 15 23 28 0 42
11 38 8 90 20 17 75 48 107 86 115
11 39 8 101 10 70 120 85 103 49 8
11 40 8 73 65 45 17 124 8 103 105
11 41 8 42 48 18 69 19 72 17 21
11 42 8 36 32 64 31 39 2 74 123
11 43 8 77 112 88 43 78 52 45 56
11 44 8 53 73 121 0 98 107 6 38
11 45 8 94 22 1 27 85 127 84 107
11 46 8 103 38 84 97 98 75 60 52
11 47 8 73 32 117 111 85 95 109 86
773 0 8 21 125 63 2 120 116 32 61
773 1 8 23 30 58 38 6 4 116 99
773 2 8 47 93 8 122 127 54 84 88
773 3 8 16 64 2 38 82 112 124 47
773 4 8 25 56 124 104 48 22 81 93
773 5 8 82 13 68 22 34 107 25 126
773 6 8 8 30 52 56 42 110 34 79
773 7 8 110 51 60 9 31 3 59 98
773 8 8 116 109 36 46 26 103 3 15
773 9 8 65 64 117 96 87 127 1 114
773 10 8 53 112 26 30 74 113 39 3
773 11 8 89 67 107 37 7 82 58 96
773 12 8 97 116 56 50 42 104 118 98
773 13 8 23 16 98 21 77 64 121 43
773 14 8 79 90 75 8 88 34 115 107
773 15 8 103 10 70 8 95 18 16 56
773 16 8 73 65 17 45 55 83 7 124
773 17 8 69 18 48 106 27 17 34 83
773 18 8 8 52 79 71 25 34 75 38
773 19 8 110 60 31 51 59 9 3 39
773 20 8 116 36 109 46 3 15 57 103
773 21 8 65 96 64 111 114 1 80 49
773 22 8 53 98 30 112 123 26 35 74
773 23 8 89 107 7 96 67 37 0 43
773 24 8 50 56 116 65 97 104 42 9
773 25 8 23 82 73 16 32 0 101 98
773 26 8 90 79 8 75 6 115 88 34
773 27 8 10 103 120 70 95 18 16 56
773 28 8 73 65 45 17 55 83 124 18
773 29 8 18 69 48 17 97 1 102 83
773 30 8 52 8 25 56 34 64 71 86
773 31 8 110 31 51 60 9 39 59 49
773 32 8 109 116 36 3 46 15 44 84
773 33 8 65 52 96 111 64 104 1 9
773 34 8 98 112 123 53 64 26 74 18
773 35 8 67 89 7 37 96 61 107 8
773 36 8 50 97 56 116 65 75 99 42
773 37 8 98 10 23 82 101 77 21 28
773 38 8 90 79 7 107 34 48 75 115
773 39 8 120 103 10 87 95 85 23 8
773 40 8 73 45 65 17 124 55 83 114
773 41 8 69 48 18 112 17 1 19 72
773 42 8 36 64 31 37 32 2 74 23
773 43 8 77 78 112 30 43 88 81 52
773 44 8 107 73 53 121 98 0 29 38
773 45 8 22 94 107 127 27 53 85 84
773 46 8 103 97 84 38 67 98 75 68
773 47 8 117 32 73 34 111 86 79 85
358 0 8 104 103 49 50 6 78 47 32
358 1 8 9 23 58 77 123 95 116 126
358 2 8 51 122 47 93 127 100 40 2
358 3 8 16 38 2 112 39 64 124 29
358 4 8 104 48 81 56 23 124 25 50
358 5 8 107 13 22 82 12 74 97 75
358 6 8 8 79 52 80 25 42 56 30
358 7 8 110 2 51 9 28 31 39 50
358 8 8 116 109 46 61 36 3 42 26
358 9 8 52 65 96 1 64 19 118 49
358 10 8 112 53 35 98 74 26 103 30
358 11 8 107 89 37 7 43 6 104 96
358 12 8 116 97 56 50 104 75 105 96
358 13 8 2 16 101 0 23 77 122 42
358 14 8 80 75 90 102 115 79 88 6
358 15 8 10 8 60 120 13 70 18 16
358 16 8 11 7 17 83 24 65 55 45
358 17 8 39 83 52 18 123 78 17 15
358 18 8 79 25 8 71 52 64 44 56
358 19 8 110 9 31 28 51 59 2 39
358 20 8 116 46 3 57 61 9 109 72
358 21 8 96 114 64 65 49 84 111 85
358 22 8 35 53 98 26 30 112 58 66
358 23 8 7 6 125 96 43 107 60 37
358 24 8 50 56 65 8 116 75 97 85
358 25 8 2 0 58 122 20 112 103 73
358 26 8 90 80 115 17 100 86 75 102
358 27 8 10 120 70 101 32 16 49 13
358 28 8 11 17 83 39 7 24 103 65
358 29 8 39 18 22 78 83 1 52 34
358 30 8 44 52 8 79 63 25 56 64
358 31 8 31 110 2 9 51 59 41 39
358 32 8 116 3 46 109 61 36 9 2
358 33 8 96 65 52 69 49 1 111 85
358 34 8 35 98 112 26 30 103 53 126
358 35 8 7 96 37 107 43 8 89 21
358 36 8 50 97 75 65 56 26 116 24
358 37 8 2 101 82 104 10 16 23 0
358 38 8 7 80 75 115 90 79 107 34
358 39 8 13 120 60 10 8 95 82 121
358 40 8 11 45 7 15 83 17 65 55
358 41 8 39 18 17 46 52 106 15 103
358 42 8 2 74 125 37 36 123 22 24
358 43 8 56 12 19 112 43 78 52 97
358 44 8 88 45 99 37 7 44 98 121
358 45 8 58 46 17 107 112 92 22 53
358 46 8 84 29 30 39 105 38 103 88
358 47 8 111 95 35 108 52 6 59 87
1184 0 8 111 62 2 126 12 97 22 29
1184 1 8 86 123 76 88 58 3 37 107
1184 2 8 47 51 14 9 24 119 7 50
1184 3 8 105 38 25 59 16 35 7 112
1184 4 8 48 104 56 22 25 124 23 67
1184 5 8 34 22 102 80 13 126 82 107
1184 6 8 79 8 52 25 71 42 56 107
1184 7 8 87 110 34 51 31 50 9 3
1184 8 8 116 46 3 36 51 26 103 15
1184 9 8 94 52 65 87 49 64 96 1
1184 10 8 74 53 112 35 98 26 122 30
1184 11 8 89 7 87 37 14 67 107 82
1184 12 8 116 50 97 56 104 53 54 85
1184 13 8 75 44 24 16 2 12 77 11
1184 14 8 75 62 79 80 88 90 115 28
1184 15 8 10 60 13 8 18 70 120 95
1184 16 8 15 17 73 7 45 83 11 123
1184 17 8 52 14 18 123 83 15 17 97
1184 18 8 79 8 71 52 25 12 63 44
1184 19 8 87 110 31 59 34 51 79 9
1184 20 8 116 3 46 15 36 111 51 57
1184 21 8 94 65 64 96 114 87 84 52
1184 22 8 74 35 53 98 30 112 122 26
1184 23 8 89 7 87 96 4 77 14 8
1184 24 8 50 116 85 97 56 104 65 75
1184 25 8 24 75 16 82 73 44 2 21
1184 26 8 62 28 75 8 90 79 6 80
1184 27 8 120 10 60 18 13 98 8 14
1184 28 8 15 17 83 73 123 45 18 7
1184 29 8 18 14 83 97 85 17 22 52
1184 30 8 79 52 71 25 8 44 64 56
1184 31 8 87 110 31 34 51 9 39 41
1184 32 8 116 3 46 36 51 80 15 33
1184 33 8 94 52 96 64 65 118 49 1
1184 34 8 74 35 98 112 53 30 62 120
1184 35 8 87 89 37 65 7 96 77 8
1184 36 8 50 100 97 116 53 124 56 28
1184 37 8 75 24 44 21 2 101 42 10
1184 38 8 75 62 6 34 107 88 28 8
1184 39 8 120 98 18 10 13 56 8 95
1184 40 8 123 83 45 15 17 18 11 73
1184 41 8 17 106 18 14 85 83 58 22
1184 42 8 2 75 36 65 123 74 101 23
1184 43 8 2 112 52 78 4 96 23 27
1184 44 8 113 54 82 65 121 6 104 94
1184 45 8 107 86 127 92 85 53 19 22
1184 46 8 74 103 84 97 29 17 67 62
1184 47 8 54 79 108 6 27 114 118 45
311 0 8 11 84 93 61 92 118 81 31
311 1 8 123 86 19 76 83 116 107 77
311 2 8 47 51 14 117 9 10 127 50
311 3 8 105 39 59 35 91 38 25 46
311 4 8 104 23 48 56 124 25 22 30
311 5 8 34 80 107 22 74 82 126 102
311 6 8 79 8 25 52 71 64 30 42
311 7 8 34 110 31 51 9 39 50 3
311 8 8 46 3 116 109 80 36 51 57
311 9 8 49 52 96 65 64 94 87 21
311 10 8 74 53 112 35 98 30 23 56
311 11 8 67 47 89 37 14 7 82 9
311 12 8 68 50 104 116 120 124 97 100
311 13 8 121 75 42 44 16 21 31 12
311 14 8 80 88 28 27 75 79 90 115
311 15 8 4 60 18 10 120 14 13 70
311 16 8 15 7 73 83 17 24 11 87
311 17 8 52 83 97 15 22 122 123 34
311 18 8 25 79 8 71 64 34 52 75
311 19 8 31 110 3 39 9 79 51 87
311 20 8 46 3 116 109 101 15 2 36
311 21 8 10 96 49 114 111 64 87 45
311 22 8 74 53 30 98 35 112 58 103
311 23 8 82 7 67 89 96 37 70 21
311 24 8 50 104 116 56 120 124 65 97
311 25 8 42 16 121 75 82 21 2 99
311 26 8 80 8 11 28 90 75 88 58
311 27 8 10 60 4 120 56 14 18 16
311 28 8 15 83 7 73 18 45 11 17
311 29 8 52 15 83 97 22 18 116 102
311 30 8 79 25 34 56 8 64 110 30
311 31 8 31 110 51 39 9 3 34 60
311 32 8 116 109 46 3 36 80 28 103
311 33 8 104 52 96 49 94 10 64 117
311 34 8 74 98 35 112 30 53 45 86
311 35 8 67 21 89 71 37 82 7 58
311 36 8 50 104 100 124 116 97 9 53
311 37 8 75 21 42 2 44 10 98 121
311 38 8 80 58 75 79 6 88 11 107
311 39 8 60 120 18 10 13 56 59 35
311 40 8 15 11 7 83 45 17 18 75
311 41 8 52 15 106 17 18 85 83 45
311 42 8 2 37 74 7 36 65 123 125
311 43 8 43 19 112 78 12 56 52 127
311 44 8 45 113 88 0 121 37 98 65
311 45 8 46 112 22 17 85 107 53 10
311 46 8 105 84 29 39 38 30 80 88
311 47 8 95 52 35 108 111 6 59 71
10339 0 8 62 116 29 126 77 3 12 21
10339 1 8 45 78 123 88 58 76 91 95
10339 2 8 15 119 47 125 51 73 9 32
10339 3 8 120 105 7 90 16 11 59 79
10339 4 8 104 47 91 39 48 105 22 109
10339 5 8 80 13 78 70 74 117 126 56
10339 6 8 79 25 8 30 52 64 34 71
10339 7 8 87 51 3 31 110 39 34 9
10339 8 8 51 116 3 24 46 80 111 42
10339 9 8 49 96 52 10 94 114 87 65
10339 10 8 74 53 112 30 35 98 23 120
10339 11 8 87 71 82 37 47 43 89 105
10339 12 8 100 104 50 116 120 68 124 53
10339 13 8 24 121 18 75 42 101 77 44
10339 14 8 62 28 11 88 6 75 96 66
10339 15 8 18 98 4 120 115 56 38 8
10339 16 8 83 20 123 73 115 24 18 17
10339 17 8 97 14 83 84 122 124 103 22
10339 18 8 25 79 75 64 71 48 30 34
10339 19 8 110 31 39 51 9 87 3 79
10339 20 8 46 51 3 24 116 80 111 101
10339 21 8 49 10 96 114 52 22 118 64
10339 22 8 74 30 35 23 53 112 98 95
10339 23 8 71 87 82 16 37 96 43 89
10339 24 8 50 120 116 100 104 97 39 124
10339 25 8 24 121 42 18 75 82 77 49
10339 26 8 11 62 28 8 6 75 88 96
10339 27 8 4 56 98 115 18 120 31 16
10339 28 8 20 123 83 73 115 43 121 18
10339 29 8 84 97 14 83 85 103 18 102
10339 30 8 34 56 79 75 30 13 110 25
10339 31 8 39 51 3 110 60 31 9 98
10339 32 8 51 116 24 46 3 103 101 39
10339 33 8 10 104 96 49 48 117 52 118
10339 34 8 74 120 98 30 86 112 45 37
10339 35 8 71 87 82 47 21 89 37 16
10339 36 8 120 100 68 104 50 116 39 9
10339 37 8 24 42 121 49 55 75 10 99
10339 38 8 62 28 11 8 96 58 88 107
10339 39 8 56 98 4 61 18 23 6 115
10339 40 8 123 20 121 115 18 73 36 43
10339 41 8 84 14 97 20 83 102 85 103
10339 42 8 32 65 101 75 28 36 5 2
10339 43 8 4 78 2 45 127 6 85 112
10339 44 8 13 121 71 54 92 81 72 49
10339 45 8 127 94 85 7 1 21 34 84
10339 46 8 17 67 83 74 102 75 44 84
10339 47 8 117 34 32 54 27 79 9 99
279 0 8 106 61 57 114 127 71 110 50
279 1 8 48 88 9 91 39 52 45 95
279 2 8 90 15 122 47 125 92 16 121
279 3 8 90 7 120 59 11 16 39 79
279 4 8 63 104 47 77 48 93 111 39
279 5 8 105 51 117 70 56 12 13 17
279 6 8 30 25 80 8 34 90 74 27
279 7 8 3 98 39 28 51 110 9 31
279 8 8 28 116 42 127 109 46 51 3
279 9 8 117 10 32 48 104 96 114 102
279 10 8 23 74 30 86 83 14 110 53
279 11 8 109 82 47 87 70 37 67 21
279 12 8 68 104 120 9 50 116 39 119
279 13 8 42 66 18 113 55 31 125 64
279 14 8 16 8 105 11 96 58 71 0
279 15 8 56 76 61 4 18 6 14 23
279 16 8 19 119 41 115 43 93 50 97
279 17 8 103 116 35 2 66 102 13 23
279 18 8 90 30 56 32 59 94 110 85
279 19 8 28 98 81 19 60 3 34 115
279 20 8 43 127 42 116 106 126 46 38
279 21 8 117 112 102 10 113 127 12 104
279 22 8 83 62 108 98 53 45 39 13
279 23 8 67 122 0 89 99 21 29 115
279 24 8 9 115 104 58 63 74 34 56
279 25 8 104 65 42 107 112 99 66 76
279 26 8 8 0 111 90 58 30 105 39
279 27 8 76 35 56 61 6 23 48 18
279 28 8 19 41 93 119 50 43 73 84
279 29 8 103 116 117 72 35 2 66 73
279 30 8 90 74 30 56 32 59 85 110
279 31 8 28 98 97 60 19 100 3 42
279 32 8 116 43 127 9 42 7 109 126
279 33 8 117 112 12 102 10 104 32 113
279 34 8 98 108 13 86 80 45 66 30
279 35 8 109 21 0 4 82 122 89 28
279 36 8 119 9 49 116 92 125 58 22
279 37 8 66 42 20 113 104 49 31 125
279 38 8 105 16 0 11 8 96 58 88
279 39 8 56 98 61 4 18 14 6 11
279 40 8 119 12 41 115 19 43 123 17
279 41 8 66 35 2 20 103 102 127 117
279 42 8 102 27 18 93 76 94 5 36
279 43 8 6 29 45 85 87 78 102 127
279 44 8 48 20 121 72 68 81 79 92
279 45 8 58 1 70 20 80 7 111 85
279 46 8 102 83 8 115 75 98 80 44
279 47 8 36 120 66 88 47 123 59 9
6672 0 8 116 23 77 112 41 12 28 67
6672 1 8 88 48 16 29 114 67 90 101
6672 2 8 69 76 47 15 24 73 8 9
6672 3 8 97 112 62 90 16 40 77 84
6672 4 8 77 105 104 47 48 27 116 93
6672 5 8 117 13 78 126 48 56 12 122
6672 6 8 30 34 110 80 74 90 27 118
6672 7 8 98 3 39 103 60 110 51 16
6672 8 8 116 59 103 127 46 42 35 15
6672 9 8 104 117 10 114 22 32 96 112
6672 10 8 86 30 56 95 108 110 5 112
6672 11 8 82 16 21 116 0 37 22 70
6672 12 8 38 9 118 116 119 28 25 123
6672 13 8 42 18 41 123 102 109 77 24
6672 14 8 8 11 47 16 82 18 62 107
6672 15 8 56 20 61 18 90 31 76 14
6672 16 8 29 77 115 19 73 50 18 6
6672 17 8 0 65 116 64 83 103 117 124
6672 18 8 30 34 110 56 75 85 27 25
6672 19 8 60 3 98 39 51 16 110 115
6672 20 8 116 127 103 46 6 59 35 15
6672 21 8 104 10 117 114 22 32 96 23
6672 22 8 23 95 86 45 30 53 108 98
6672 23 8 82 16 116 89 114 92 21 0
6672 24 8 38 116 9 56 103 118 39 25
6672 25 8 42 18 109 41 123 102 24 91
6672 26 8 11 47 8 18 82 16 62 107
6672 27 8 20 56 54 61 90 18 107 2
6672 28 8 29 77 115 110 6 19 73 44
6672 29 8 0 64 65 84 83 116 103 115
6672 30 8 34 30 56 118 75 74 13 9
6672 31 8 3 39 60 98 51 115 16 109
6672 32 8 116 6 127 46 103 20 59 101
6672 33 8 104 117 10 35 32 114 22 96
6672 34 8 95 23 110 86 98 109 37 124
6672 35 8 82 21 16 114 9 97 42 116
6672 36 8 25 39 116 103 0 38 97 50
6672 37 8 41 109 49 57 123 42 24 18
6672 38 8 47 11 82 18 111 60 8 16
6672 39 8 20 56 18 77 107 90 61 14
6672 40 8 6 29 110 77 44 115 109 18
6672 41 8 115 64 65 0 85 63 102 103
6672 42 8 90 8 49 32 59 50 36 20
6672 43 8 74 125 121 72 85 94 47 45
6672 44 8 13 72 110 121 79 52 11 84
6672 45 8 76 5 47 107 26 58 86 7
6672 46 8 96 17 74 103 109 84 97 102
6672 47 8 11 54 31 127 82 14 6 12
1948 0 8 81 69 13 126 120 93 21 61
1948 1 8 83 88 19 98 20 91 113 46
1948 2 8 117 15 69 47 116 72 9 8
1948 3 8 10 112 90 97 26 16 53 80
1948 4 8 91 77 111 105 47 48 104 120
1948 5 8 117 111 13 126 122 56 22 12
1948 6 8 30 34 56 25 75 13 27 12
1948 7 8 3 98 39 95 60 110 31 51
1948 8 8 28 116 51 127 18 59 35 46
1948 9 8 104 10 117 48 43 96 114 8
1948 10 8 23 83 56 14 5 29 81 36
1948 11 8 13 47 82 70 58 21 37 110
1948 12 8 120 25 68 104 23 9 118 50
1948 13 8 121 42 18 55 24 31 77 59
1948 14 8 11 28 84 19 8 73 66 96
1948 15 8 4 38 56 61 14 115 21 11
1948 16 8 121 20 73 115 113 105 19 42
1948 17 8 97 61 14 126 124 122 116 1
1948 18 8 34 112 30 25 56 8 9 75
1948 19 8 3 39 115 95 60 98 72 67
1948 20 8 28 127 35 116 51 3 124 99
1948 21 8 104 10 117 48 111 114 43 69
1948 22 8 45 23 14 92 123 103 0 80
1948 23 8 13 82 58 110 47 21 89 37
1948 24 8 120 9 104 39 50 49 118 28
1948 25 8 121 42 55 24 31 91 102 77
1948 26 8 11 84 28 19 8 96 107 111
1948 27 8 4 14 61 115 6 58 56 10
1948 28 8 121 20 73 19 115 43 93 105
1948 29 8 124 97 116 126 14 61 100 45
1948 30 8 13 34 56 74 30 32 90 27
1948 31 8 95 28 3 19 115 39 63 44
1948 32 8 28 127 116 43 42 35 68 126
1948 33 8 117 104 10 48 45 102 111 25
1948 34 8 98 123 14 83 92 13 86 45
1948 35 8 21 13 47 122 58 90 0 67
1948 36 8 9 120 39 69 104 68 50 49
1948 37 8 121 55 107 79 24 42 125 99
1948 38 8 84 28 11 0 118 107 96 87
1948 39 8 61 76 4 23 3 115 14 89
1948 40 8 121 105 41 20 19 115 85 4
1948 41 8 61 97 14 45 127 124 116 20
1948 42 8 65 119 101 94 93 32 5 21
1948 43 8 45 4 102 86 79 41 40 6
1948 44 8 71 92 68 121 91 79 72 63
1948 45 8 1 34 84 111 19 7 103 21
1948 46 8 119 4 8 67 114 102 31 83
1948 47 8 117 34 47 9 123 66 36 63
6529 0 8 77 12 112 41 62 67 79 28
6529 1 8 90 68 114 67 101 60 28 98
6529 2 8 15 71 73 121 76 74 4 102
6529 3 8 24 59 43 90 37 40 62 122
6529 4 8 5 84 82 27 54 33 21 93
6529 5 8 12 115 24 0 56 65 48 87
6529 6 8 70 103 90 59 5 94 27 18
6529 7 8 28 81 55 103 19 7 30 0
6529 8 8 6 94 7 117 49 50 43 42
6529 9 8 112 40 25 88 12 34 73 54
6529 10 8 124 51 37 86 82 41 104 10
6529 11 8 51 0 97 34 114 73 101 44
6529 12 8 103 119 110 76 38 29 9 17
6529 13 8 89 1 57 127 109 120 62 115
6529 14 8 71 0 31 30 47 111 87 25
6529 15 8 76 46 61 54 126 48 77 104
6529 16 8 19 23 115 13 109 41 100 93
6529 17 8 100 92 116 36 0 23 64 118
6529 18 8 103 70 59 90 94 74 108 32
6529 19 8 28 81 115 19 67 103 55 97
6529 20 8 6 94 7 43 42 49 68 127
6529 21 8 112 12 40 25 117 68 35 73
6529 22 8 124 82 23 2 13 37 51 119
6529 23 8 73 51 18 97 42 34 0 114
6529 24 8 103 0 119 25 38 112 110 32
6529 25 8 62 89 127 57 18 120 104 109
6529 26 8 71 0 60 30 111 31 47 87
6529 27 8 126 46 76 89 54 58 61 77
6529 28 8 19 23 93 13 44 50 41 85
6529 29 8 100 92 36 116 23 81 0 84
6529 30 8 103 70 90 59 74 32 118 94
6529 31 8 28 81 19 97 67 68 115 103
6529 32 8 94 6 7 43 42 20 68 127
6529 33 8 40 117 12 112 25 82 35 7
6529 34 8 124 23 82 71 37 41 43 9
6529 35 8 73 18 51 21 25 34 9 22
6529 36 8 112 119 103 25 29 127 9 43
6529 37 8 62 127 89 18 120 1 91 124
6529 38 8 87 71 73 0 11 47 46 31
6529 39 8 54 126 46 14 77 48 27 76
6529 40 8 23 13 109 41 19 100 93 94
6529 41 8 92 122 36 116 81 100 0 64
6529 42 8 86 106 90 8 18 126 94 76
6529 43 8 74 45 86 102 125 16 121 75
6529 44 8 23 79 72 91 92 121 13 11
6529 45 8 1 26 103 76 84 34 7 111
6529 46 8 4 96 51 83 119 8 114 75
6529 47 8 21 26 15 121 127 82 114 9
23783 0 8 112 77 67 23 12 86 41 30
23783 1 8 30 67 29 101 98 39 14 25
23783 2 8 44 76 23 115 71 73 59 126
23783 3 8 12 40 92 90 43 77 13 109
23783 4 8 1 84 27 82 5 54 93 60
23783 5 8 12 48 0 117 10 87 65 56
23783 6 8 103 70 98 90 5 59 18 108
23783 7 8 28 81 55 103 113 67 115 7
23783 8 8 94 7 6 127 20 42 68 43
23783 9 8 112 106 117 40 38 25 51 10
23783 10 8 70 95 109 92 51 124 13 86
23783 11 8 55 0 34 51 6 21 116 122
23783 12 8 103 38 119 37 0 17 9 32
23783 13 8 36 57 109 41 123 89 64 1
23783 14 8 71 111 31 47 0 60 18 87
23783 15 8 76 20 61 46 54 14 126 31
23783 16 8 44 19 77 50 110 109 41 115
23783 17 8 116 64 0 100 63 103 54 23
23783 18 8 103 90 59 74 32 8 118 30
23783 19 8 28 81 98 115 19 67 39 3
23783 20 8 94 43 42 127 7 6 20 38
23783 21 8 117 112 35 40 25 102 12 106
23783 22 8 124 13 95 82 109 2 70 53
23783 23 8 42 97 116 55 0 122 16 21
23783 24 8 38 0 103 25 32 43 14 115
23783 25 8 57 109 62 123 41 89 104 36
23783 26 8 60 111 71 47 0 18 8 30
23783 27 8 126 54 20 61 76 6 77 46
23783 28 8 44 19 110 93 109 108 50 77
23783 29 8 100 116 0 64 36 103 63 65
23783 30 8 118 56 90 74 30 13 32 103
23783 31 8 28 98 3 100 67 103 39 115
23783 32 8 20 127 116 43 94 42 68 7
23783 33 8 106 117 35 40 102 10 112 12
23783 34 8 124 70 95 109 13 98 82 23
23783 35 8 21 42 55 73 97 122 116 22
23783 36 8 25 103 0 38 9 119 112 39
23783 37 8 57 41 62 36 109 18 123 89
23783 38 8 71 60 11 47 111 87 46 18
23783 39 8 54 20 126 107 61 76 90 6
23783 40 8 109 44 77 110 23 29 108 19
23783 41 8 63 64 0 65 36 115 103 54
23783 42 8 25 49 90 24 126 70 68 59
23783 43 8 74 99 121 45 125 75 27 94
23783 44 8 13 110 79 11 72 92 34 30
23783 45 8 5 1 86 7 26 33 34 58
23783 46 8 96 123 53 20 109 4 83 110
23783 47 8 82 11 14 12 127 31 30 121
323 0 8 83 120 31 63 0 70 107 81
323 1 8 41 8 34 2 124 20 91 14
323 2 8 53 69 67 47 123 10 40 62
323 3 8 89 26 16 97 90 6 79 51
323 4 8 79 85 93 77 48 76 105 111
323 5 8 42 117 125 12 13 122 95 56
323 6 8 30 34 8 56 80 13 85 74
323 7 8 98 95 3 60 39 28 103 49
323 8 8 127 66 116 42 59 43 35 103
323 9 8 117 98 10 104 112 111 102 106
323 10 8 90 73 70 83 108 86 53 13
323 11 8 26 122 21 0 86 49 82 116
323 12 8 107 9 123 23 26 43 79 104
323 13 8 80 42 36 18 6 55 77 118
323 14 8 111 10 8 71 11 0 107 52
323 15 8 61 23 76 18 56 6 14 90
323 16 8 8 19 115 50 33 73 41 84
323 17 8 19 103 116 97 53 1 102 100
323 18 8 30 56 85 34 110 90 86 32
323 19 8 98 28 34 95 60 3 115 39
323 20 8 66 127 116 35 42 43 103 106
323 21 8 117 98 10 104 127 102 112 111
323 22 8 90 13 23 73 119 39 2 70
323 23 8 21 122 26 29 0 116 22 99
323 24 8 9 107 123 23 43 56 49 26
323 25 8 80 118 91 77 6 42 36 104
323 26 8 10 111 8 11 79 107 0 31
323 27 8 76 85 14 23 61 6 56 55
323 28 8 8 19 41 93 73 115 43 50
323 29 8 19 124 116 97 100 90 103 53
323 30 8 74 56 90 30 32 34 13 27
323 31 8 95 98 19 28 60 3 126 115
323 32 8 66 116 127 43 42 35 103 68
323 33 8 117 98 104 10 48 25 102 112
323 34 8 90 73 13 98 83 82 92 14
323 35 8 21 26 122 47 90 0 1 116
323 36 8 107 39 9 79 43 69 120 23
323 37 8 80 6 55 107 93 118 121 125
323 38 8 10 11 28 118 111 0 87 30
323 39 8 76 61 23 4 3 89 115 58
323 40 8 41 8 19 93 4 105 20 115
323 41 8 19 97 116 124 127 90 14 103
323 42 8 21 119 94 101 93 92 30 32
323 43 8 86 45 102 79 21 41 4 88
323 44 8 68 91 79 92 71 121 43 0
323 45 8 1 34 111 19 84 7 21 100
323 46 8 4 119 8 114 67 83 102 31
323 47 8 117 9 34 36 47 63 123 55
1584 0 8 23 105 62 112 79 91 30 36
1584 1 8 90 8 101 68 78 114 67 29
1584 2 8 59 71 24 76 64 126 74 119
1584 3 8 24 12 37 29 43 90 40 77
1584 4 8 82 5 54 84 38 21 27 93
1584 5 8 12 115 56 96 65 117 95 0
1584 6 8 70 90 103 94 59 74 118 18
1584 7 8 28 103 81 30 55 115 68 42
1584 8 8 7 49 20 112 126 107 43 46
1584 9 8 112 40 12 25 30 88 120 79
1584 10 8 41 86 124 95 104 45 2 33
1584 11 8 18 114 34 0 44 97 51 92
1584 12 8 119 103 76 110 32 29 43 67
1584 13 8 120 127 89 115 45 18 27 12
1584 14 8 0 25 71 60 64 87 31 47
1584 15 8 76 46 77 61 31 96 48 18
1584 16 8 41 19 13 115 6 67 93 85
1584 17 8 92 116 115 36 66 100 127 91
1584 18 8 90 70 32 94 27 86 59 103
1584 19 8 28 81 103 115 30 68 97 55
1584 20 8 49 7 126 94 42 43 68 20
1584 21 8 112 40 12 62 25 77 120 30
1584 22 8 124 41 23 45 2 82 86 9
1584 23 8 97 18 0 114 126 78 34 42
1584 24 8 119 103 76 32 25 112 43 67
1584 25 8 127 120 89 18 62 115 27 61
1584 26 8 0 25 71 64 47 87 30 73
1584 27 8 46 76 104 61 57 25 126 89
1584 28 8 41 19 93 13 85 100 67 6
1584 29 8 116 92 100 127 115 36 91 23
1584 30 8 90 74 70 32 94 59 20 27
1584 31 8 28 81 103 30 115 97 68 111
1584 32 8 7 49 94 126 22 42 46 20
1584 33 8 40 12 82 25 112 62 117 104
1584 34 8 41 23 45 86 124 43 111 9
1584 35 8 18 51 21 25 73 92 30 114
1584 36 8 119 29 112 67 110 127 32 25
1584 37 8 89 120 127 27 61 45 92 124
1584 38 8 87 73 0 64 31 47 30 55
1584 39 8 46 27 14 77 89 25 54 87
1584 40 8 100 41 6 13 93 19 109 115
1584 41 8 92 115 122 116 54 100 99 127
1584 42 8 94 8 86 106 30 70 4 28
1584 43 8 45 74 41 102 86 18 79 80
1584 44 8 23 79 92 91 11 72 121 43
1584 45 8 76 1 34 7 21 19 26 103
1584 46 8 4 51 96 83 119 102 14 33
1584 47 8 121 114 21 26 98 15 30 82
27947 0 8 87 124 86 36 30 112 17 122
27947 1 8 52 38 104 101 32 63 25 118
27947 2 8 67 49 71 126 59 76 44 64
27947 3 8 24 126 46 43 90 12 40 73
27947 4 8 5 82 54 84 21 1 93 33
27947 5 8 12 115 56 0 87 65 96 95
27947 6 8 70 103 90 59 94 18 98 111
27947 7 8 28 81 55 103 30 115 42 68
27947 8 8 7 94 49 50 112 123 117 46
27947 9 8 38 112 12 25 40 120 119 68
27947 10 8 41 124 82 33 71 45 86 93
27947 11 8 0 73 51 44 34 114 101 2
27947 12 8 119 103 29 110 49 13 76 14
27947 13 8 89 120 1 127 62 27 112 115
27947 14 8 87 0 31 71 25 30 24 15
27947 15 8 76 48 110 46 106 58 89 126
27947 16 8 19 41 13 93 94 28 67 115
27947 17 8 100 92 116 75 36 26 23 66
27947 18 8 90 70 74 103 111 32 94 76
27947 19 8 81 28 19 7 115 103 97 126
27947 20 8 94 50 126 43 7 68 42 123
27947 21 8 38 112 12 25 40 68 7 79
27947 22 8 71 82 124 23 41 66 21 94
27947 23 8 73 18 97 100 92 51 34 25
27947 24 8 127 112 119 29 103 67 49 32
27947 25 8 127 62 120 89 18 112 20 92
27947 26 8 71 0 87 15 30 31 24 60
27947 27 8 46 126 89 48 58 110 77 106
27947 28 8 93 41 19 13 94 50 28 85
27947 29 8 100 92 116 36 75 26 23 127
27947 30 8 90 74 103 32 59 70 94 76
27947 31 8 28 81 19 97 7 42 126 115
27947 32 8 94 50 7 126 42 43 68 123
27947 33 8 38 40 12 25 117 82 79 106
27947 34 8 71 82 23 124 41 43 13 5
27947 35 8 73 92 18 21 81 51 25 55
27947 36 8 119 103 67 112 29 25 127 14
27947 37 8 62 127 89 120 18 27 112 1
27947 38 8 87 73 0 11 71 31 64 30
27947 39 8 46 126 27 48 77 58 106 14
27947 40 8 93 41 13 19 100 94 109 115
27947 41 8 122 92 100 116 127 115 26 124
27947 42 8 94 86 106 8 18 98 119 76
27947 43 8 45 74 102 79 86 16 21 80
27947 44 8 79 121 92 23 68 43 91 63
27947 45 8 1 34 103 84 76 7 26 19
27947 46 8 4 83 96 119 51 8 114 75
27947 47 8 26 121 21 15 82 9 30 63
4119 0 8 112 83 23 86 36 122 79 105
4119 1 8 104 29 101 103 13 67 85 66
4119 2 8 76 44 23 115 71 126 59 49
4119 3 8 90 92 70 43 12 32 27 40
4119 4 8 5 93 54 27 82 84 1 33
4119 5 8 12 87 48 10 0 56 96 115
4119 6 8 103 70 118 90 59 74 88 94
4119 7 8 28 81 19 55 30 115 103 68
4119 8 8 20 7 50 94 127 43 42 59
4119 9 8 112 25 117 40 106 79 102 12
4119 10 8 13 82 109 124 70 95 2 33
4119 11 8 122 0 55 92 51 73 99 1
4119 12 8 103 38 43 119 0 14 32 9
4119 13 8 57 109 41 62 18 36 123 89
4119 14 8 71 111 0 18 60 87 24 30
4119 15 8 76 20 48 61 126 89 6 18
4119 16 8 19 44 41 108 77 115 110 93
4119 17 8 116 0 64 100 103 102 65 63
4119 18 8 90 74 32 103 30 27 70 59
4119 19 8 28 98 115 19 34 81 39 103
4119 20 8 43 94 42 127 20 126 7 46
4119 21 8 117 112 79 35 102 25 40 12
4119 22 8 82 13 124 62 23 119 2 109
4119 23 8 1 122 73 42 99 55 92 0
4119 24 8 103 67 0 38 14 43 25 127
4119 25 8 57 18 109 62 41 123 89 125
4119 26 8 111 71 60 0 47 18 30 87
4119 27 8 126 76 20 61 6 46 18 77
4119 28 8 44 93 19 41 108 110 77 50
4119 29 8 100 0 116 103 64 63 65 36
4119 30 8 56 88 118 74 90 30 103 32
4119 31 8 98 28 3 19 100 60 39 115
4119 32 8 116 20 94 127 43 42 35 126
4119 33 8 79 106 117 104 35 40 10 102
4119 34 8 23 124 95 70 82 109 98 92
4119 35 8 92 21 55 42 1 73 9 97
4119 36 8 25 0 67 38 103 39 14 119
4119 37 8 57 62 41 36 18 109 123 91
4119 38 8 11 60 18 71 87 0 111 47
4119 39 8 107 20 126 76 18 6 90 61
4119 40 8 77 44 108 29 110 93 23 19
4119 41 8 0 65 63 64 122 103 102 54
4119 42 8 24 126 49 25 90 68 59 75
4119 43 8 121 47 45 125 49 102 127 27
4119 44 8 110 13 80 121 11 79 92 37
4119 45 8 5 47 83 1 84 7 34 26
4119 46 8 10 96 124 84 123 45 82 83
4119 47 8 127 11 31 90 82 15 121 12
369 0 8 31 120 69 81 53 0 93 61
369 1 8 124 83 19 101 91 14 66 13
369 2 8 7 116 117 123 15 72 47 10
369 3 8 26 89 10 60 90 13 16 32
369 4 8 111 91 79 105 93 77 47 120
369 5 8 111 12 125 102 56 96 117 95
369 6 8 30 88 74 94 59 90 13 64
369 7 8 98 72 39 28 3 34 16 103
369 8 8 28 127 116 42 27 59 43 35
369 9 8 117 43 104 10 48 112 111 102
369 10 8 14 123 23 70 13 56 2 74
369 11 8 92 13 58 122 21 86 116 0
369 12 8 120 124 69 9 49 104 119 43
369 13 8 79 121 18 42 55 36 77 64
369 14 8 121 111 11 28 8 71 0 107
369 15 8 38 76 61 14 18 6 35 3
369 16 8 115 19 121 20 73 41 84 34
369 17 8 116 103 45 97 14 99 102 1
369 18 8 88 56 30 8 85 110 34 25
369 19 8 98 3 72 39 28 51 60 34
369 20 8 35 127 116 28 103 106 42 43
369 21 8 117 10 104 111 43 102 79 25
369 22 8 23 13 45 123 98 103 108 53
369 23 8 58 21 99 92 13 0 122 37
369 24 8 9 120 49 69 116 124 56 39
369 25 8 121 42 55 91 95 77 36 79
369 26 8 121 11 8 28 111 107 31 0
369 27 8 14 61 76 6 4 58 35 16
369 28 8 121 19 20 73 115 41 93 43
369 29 8 116 45 124 14 97 100 103 102
369 30 8 88 74 13 56 90 34 30 32
369 31 8 72 28 98 3 56 39 19 115
369 32 8 28 116 127 43 42 126 3 68
369 33 8 43 117 25 104 10 112 48 102
369 34 8 14 40 92 123 98 45 86 74
369 35 8 21 58 13 0 47 37 92 79
369 36 8 124 69 120 39 49 115 50 36
369 37 8 79 121 55 107 91 77 99 125
369 38 8 121 28 11 84 0 118 107 58
369 39 8 14 4 3 35 76 18 115 100
369 40 8 121 20 41 19 43 115 84 18
369 41 8 45 14 97 116 102 124 20 127
369 42 8 119 65 101 7 5 93 36 94
369 43 8 45 38 4 102 127 86 43 79
369 44 8 71 68 79 121 92 54 98 72
369 45 8 1 84 111 34 127 7 21 70
369 46 8 8 114 67 31 75 119 83 4
369 47 8 117 34 47 123 9 66 88 55
8500 0 8 30 23 112 77 41 79 62 105
8500 1 8 90 68 114 101 60 28 22 75
8500 2 8 126 71 23 76 44 121 59 62
8500 3 8 24 12 77 37 60 79 43 27
8500 4 8 5 82 84 54 93 27 12 11
8500 5 8 12 115 56 65 0 87 54 35
8500 6 8 70 103 5 90 59 18 94 74
8500 7 8 28 81 55 103 30 115 19 118
8500 8 8 7 49 20 94 126 46 10 42
8500 9 8 25 112 40 12 51 30 41 73
8500 10 8 41 95 124 45 33 40 104 86
8500 11 8 51 116 22 0 34 44 97 42
8500 12 8 103 119 109 110 49 36 14 115
8500 13 8 89 127 18 57 109 115 120 27
8500 14 8 0 60 25 31 30 47 114 46
8500 15 8 76 46 18 61 31 3 57 20
8500 16 8 19 13 115 6 41 110 85 67
8500 17 8 92 116 0 100 64 66 54 23
8500 18 8 103 70 90 59 94 74 32 86
8500 19 8 28 81 115 103 55 30 68 19
8500 20 8 7 94 49 20 37 43 126 46
8500 21 8 112 25 40 12 30 62 35 83
8500 22 8 41 23 45 124 82 95 119 109
8500 23 8 42 116 22 97 0 51 18 34
8500 24 8 103 119 25 0 43 32 38 110
8500 25 8 18 127 57 89 120 62 27 104
8500 26 8 0 71 60 25 31 30 111 47
8500 27 8 46 76 126 58 31 14 57 48
8500 28 8 19 6 13 41 115 85 93 94
8500 29 8 92 116 100 54 36 23 127 91
8500 30 8 74 90 59 70 118 94 32 103
8500 31 8 28 103 81 30 115 68 97 55
8500 32 8 7 94 20 49 37 126 46 43
8500 33 8 40 25 12 112 63 41 35 104
8500 34 8 23 41 45 124 86 95 33 40
8500 35 8 51 18 22 21 116 73 0 97
8500 36 8 119 103 25 109 29 74 32 115
8500 37 8 127 89 120 18 27 62 91 125
8500 38 8 73 0 31 87 30 47 11 46
8500 39 8 46 126 14 76 54 77 48 100
8500 40 8 6 100 19 13 41 94 115 109
8500 41 8 92 116 54 100 124 81 115 66
8500 42 8 86 106 90 30 8 94 5 98
8500 43 8 45 74 18 38 86 41 102 79
8500 44 8 79 23 121 68 72 92 91 11
8500 45 8 1 76 34 103 84 26 7 28
8500 46 8 4 51 96 83 75 119 102 8
8500 47 8 26 121 30 21 82 114 15 9
33479 0 8 112 83 3 67 126 86 77 36
33479 1 8 104 85 101 29 20 67 88 13
33479 2 8 76 23 44 49 119 15 73 71
33479 3 8 90 11 120 79 27 119 32 40
33479 4 8 93 1 5 84 82 11 54 27
33479 5 8 12 56 87 117 48 63 95 115
33479 6 8 103 70 59 118 90 74 5 18
33479 7 8 28 81 115 19 103 30 6 39
33479 8 8 6 7 94 43 10 127 20 42
33479 9 8 112 25 38 106 41 12 40 117
33479 10 8 95 40 92 41 37 13 10 120
33479 11 8 0 55 71 116 51 68 16 34
33479 12 8 103 119 38 49 124 14 11 36
33479 13 8 18 57 41 109 123 125 49 27
33479 14 8 18 0 31 60 62 71 111 102
33479 15 8 76 20 35 18 38 61 14 58
33479 16 8 19 44 23 77 115 108 94 41
33479 17 8 0 116 84 64 100 63 65 23
33479 18 8 103 59 70 90 74 94 32 30
33479 19 8 98 28 81 19 115 39 3 34
33479 20 8 94 6 43 127 42 7 24 20
33479 21 8 25 117 112 35 102 12 10 38
33479 22 8 23 95 41 40 82 10 92 13
33479 23 8 42 22 0 116 55 16 21 97
33479 24 8 0 38 14 103 25 32 119 49
33479 25 8 57 18 109 123 41 62 91 77
33479 26 8 71 60 31 18 111 0 102 30
33479 27 8 126 14 20 76 6 61 35 18
33479 28 8 44 23 19 108 94 77 84 85
33479 29 8 116 0 63 84 65 103 100 64
33479 30 8 118 56 74 30 103 32 85 90
33479 31 8 3 98 28 39 9 31 100 51
33479 32 8 6 116 20 94 43 46 127 27
33479 33 8 41 35 117 106 25 38 102 96
33479 34 8 23 95 124 40 86 98 112 82
33479 35 8 21 42 22 9 55 97 37 73
33479 36 8 38 0 25 39 14 103 50 119
33479 37 8 57 109 41 123 18 49 95 91
33479 38 8 18 60 11 47 111 102 71 62
33479 39 8 107 20 120 18 126 13 14 76
33479 40 8 77 44 29 23 108 84 83 18
33479 41 8 65 0 63 85 64 122 84 102
33479 42 8 126 24 49 90 75 20 32 36
33479 43 8 121 47 74 78 94 45 38 127
33479 44 8 110 13 121 80 79 72 6 84
33479 45 8 5 47 26 83 58 87 7 1
33479 46 8 1 123 10 96 45 20 110 103
33479 47 8 127 11 82 31 12 15 90 121
11 0 8 65 26 44 114 59 73 83 101
11 1 8 50 18 94 124 2 34 26 14
11 2 8 84 88 53 49 40 47 93 123
11 3 8 6 89 31 16 2 124 34 99
11 4 8 106 79 85 76 93 124 48 115
11 5 8 125 42 61 66 22 8 13 17
11 6 8 105 30 8 83 56 34 52 88
11 7 8 3 49 39 51 98 31 110 34
11 8 8 116 84 121 3 46 35 103 59
11 9 8 117 110 10 104 9 96 111 49
11 10 8 56 61 73 105 53 30 112 98
11 11 8 61 49 24 37 26 82 89 21
11 12 8 99 104 15 9 56 116 50 49
11 13 8 6 42 28 18 15 77 80 12
11 14 8 11 48 20 90 8 107 24 88
11 15 8 38 85 10 56 18 64 70 21
11 16 8 73 124 8 108 83 17 115 19
11 17 8 72 42 19 83 21 69 116 59
11 18 8 105 88 56 8 25 30 75 12
11 19 8 49 3 39 51 110 31 112 9
11 20 8 84 121 116 3 46 65 66 35
11 21 8 9 110 104 10 117 96 111 49
11 22 8 61 105 73 53 30 98 56 58
11 23 8 61 49 24 82 26 21 96 23
11 24 8 99 15 56 50 39 116 65 104
11 25 8 6 28 15 42 80 58 36 95
11 26 8 20 11 48 90 17 8 107 88
11 27 8 85 10 101 56 16 120 18 87
11 28 8 108 124 8 73 83 18 15 17
11 29 8 72 19 83 69 53 42 103 15
11 30 8 105 56 8 75 30 83 110 25
11 31 8 49 3 39 51 110 31 112 34
11 32 8 121 46 116 3 84 66 101 80
11 33 8 110 9 104 96 49 125 10 118
11 34 8 73 105 61 30 86 98 45 53
11 35 8 26 24 61 49 37 82 23 21
11 36 8 99 107 15 50 97 39 116 52
11 37 8 6 15 79 28 80 42 10 118
11 38 8 20 48 11 75 10 107 80 6
11 39 8 85 23 120 101 18 10 56 35
11 40 8 8 124 108 15 83 18 45 36
11 41 8 72 53 19 69 15 17 83 85
11 42 8 39 126 7 24 74 32 31 36
11 43 8 77 88 78 19 43 112 49 56
11 44 8 53 0 45 121 37 80 88 73
11 45 8 46 112 22 84 85 17 94 10
11 46 8 123 105 84 82 39 124 38 80
11 47 8 90 95 73 35 52 109 32 111
323 0 8 83 120 63 93 31 21 97 69
323 1 8 8 41 34 26 23 50 42 124
323 2 8 53 84 88 67 47 93 123 54
323 3 8 64 89 16 6 2 29 124 41
323 4 8 79 76 106 124 85 48 93 47
323 5 8 42 47 125 61 22 13 82 8
323 6 8 105 83 30 8 25 52 56 42
323 7 8 49 3 51 110 95 39 34 31
323 8 8 116 66 46 3 84 121 80 103
323 9 8 98 110 9 10 52 104 49 96
323 10 8 73 56 53 61 30 112 98 90
323 11 8 26 9 82 61 37 71 49 7
323 12 8 107 104 79 97 116 56 50 15
323 13 8 6 42 80 77 18 64 23 28
323 14 8 79 10 48 11 8 75 6 88
323 15 8 38 85 18 23 56 21 60 120
323 16 8 8 124 15 73 83 17 18 28
323 17 8 19 15 69 97 83 122 72 52
323 18 8 79 25 75 64 112 30 56 88
323 19 8 3 39 110 31 51 95 79 9
323 20 8 66 3 46 116 14 118 36 101
323 21 8 98 10 104 96 9 49 64 22
323 22 8 73 74 30 53 28 90 58 45
323 23 8 26 82 71 70 4 37 92 61
323 24 8 107 104 39 50 79 116 100 56
323 25 8 6 80 42 118 121 21 79 98
323 26 8 11 79 10 48 8 28 6 75
323 27 8 56 85 4 60 10 120 23 18
323 28 8 8 124 15 73 83 18 115 19
323 29 8 19 83 97 69 15 52 103 102
323 30 8 105 110 79 56 75 30 13 34
323 31 8 3 51 39 110 49 98 34 31
323 32 8 116 46 66 3 14 109 106 84
323 33 8 104 96 10 118 98 49 52 9
323 34 8 73 74 86 30 45 107 61 53
323 35 8 26 82 49 61 67 69 37 24
323 36 8 107 104 100 99 79 116 97 15
323 37 8 6 42 80 21 98 28 16 10
323 38 8 79 10 48 80 11 75 58 8
323 39 8 23 85 120 18 56 60 35 86
323 40 8 8 124 15 83 45 18 73 36
323 41 8 19 69 17 15 83 52 106 48
323 42 8 32 21 74 7 64 31 36 2
323 43 8 43 78 19 88 77 112 127 12
323 44 8 45 0 121 73 53 88 37 54
323 45 8 46 112 22 17 85 84 94 10
323 46 8 105 29 39 84 80 30 38 75
323 47 8 35 95 52 111 32 73 108 59
2968 0 8 126 29 97 62 2 21 79 19
2968 1 8 8 78 88 45 58 23 107 123
2968 2 8 7 119 47 51 14 125 15 32
2968 3 8 29 120 7 16 64 90 105 59
2968 4 8 39 104 91 22 79 48 47 56
2968 5 8 96 47 70 13 102 78 74 22
2968 6 8 79 8 25 64 71 30 75 56
2968 7 8 87 3 51 34 31 39 110 16
2968 8 8 24 51 46 3 116 80 111 36
2968 9 8 49 96 10 52 79 98 94 114
2968 10 8 107 74 53 73 23 30 120 35
2968 11 8 87 69 71 82 9 26 47 37
2968 12 8 107 100 104 116 79 68 50 124
2968 13 8 24 75 42 121 98 64 79 77
2968 14 8 28 62 10 96 6 11 91 88
2968 15 8 98 56 18 120 115 35 4 13
2968 16 8 123 83 73 20 18 43 121 17
2968 17 8 20 14 83 97 103 122 72 126
2968 18 8 79 25 30 75 13 64 34 71
2968 19 8 87 3 39 110 31 9 51 109
2968 20 8 46 3 24 51 14 116 101 35
2968 21 8 10 96 114 49 64 45 118 79
2968 22 8 74 30 107 35 73 53 120 45
2968 23 8 87 82 92 71 69 47 37 64
2968 24 8 100 104 50 116 107 39 95 118
2968 25 8 24 121 75 42 44 21 98 91
2968 26 8 11 62 28 96 8 6 58 91
2968 27 8 56 4 98 120 18 115 59 61
2968 28 8 123 20 83 18 115 73 121 43
2968 29 8 20 83 14 97 126 103 84 85
2968 30 8 13 110 79 75 34 64 30 56
2968 31 8 3 110 51 39 98 31 9 34
2968 32 8 24 46 116 14 51 3 106 35
2968 33 8 104 96 10 118 49 114 52 22
2968 34 8 107 74 30 120 83 86 45 101
2968 35 8 87 47 82 71 69 37 21 92
2968 36 8 100 68 104 120 50 124 116 76
2968 37 8 24 121 42 75 65 99 98 44
2968 38 8 62 96 28 11 58 75 8 88
2968 39 8 98 4 120 56 18 3 23 35
2968 40 8 123 121 20 18 43 83 115 36
2968 41 8 14 83 20 97 84 106 117 102
2968 42 8 65 36 101 93 28 22 123 5
2968 43 8 87 4 81 78 6 112 45 127
2968 44 8 121 71 54 20 13 81 72 98
2968 45 8 103 80 22 70 20 84 85 1
2968 46 8 75 98 115 44 80 74 67 8
2968 47 8 66 47 117 123 34 88 32 59
10295 0 8 77 23 125 41 62 112 116 79
10295 1 8 7 45 88 29 17 54 68 114
10295 2 8 87 115 76 23 125 24 15 47
10295 3 8 90 77 62 92 16 53 112 59
10295 4 8 27 104 47 77 48 105 116 11
10295 5 8 13 96 48 95 117 78 70 54
10295 6 8 30 34 25 80 118 64 79 8
10295 7 8 3 16 98 9 51 110 39 28
10295 8 8 35 14 116 46 59 3 42 127
10295 9 8 10 96 114 117 49 104 23 79
10295 10 8 107 70 110 30 109 74 95 20
10295 11 8 82 16 69 64 0 78 71 92
10295 12 8 25 38 100 116 104 118 67 71
10295 13 8 42 18 123 36 41 109 91 102
10295 14 8 8 96 11 18 47 88 62 107
10295 15 8 20 56 38 18 31 76 90 35
10295 16 8 6 77 29 115 19 110 83 85
10295 17 8 0 83 65 64 102 103 126 116
10295 18 8 30 34 56 110 85 64 8 59
10295 19 8 98 3 51 28 110 16 9 39
10295 20 8 14 116 46 35 59 127 103 42
10295 21 8 10 114 96 117 23 22 33 49
10295 22 8 95 109 23 70 30 86 74 53
10295 23 8 82 16 97 64 92 0 42 9
10295 24 8 38 103 25 116 0 67 118 50
10295 25 8 18 36 42 109 41 123 57 24
10295 26 8 47 18 62 96 11 60 8 88
10295 27 8 20 56 31 18 77 37 55 35
10295 28 8 6 29 110 77 115 19 84 44
10295 29 8 64 83 65 0 102 126 84 85
10295 30 8 118 30 56 74 110 64 34 13
10295 31 8 98 51 3 34 39 110 31 9
10295 32 8 14 20 116 46 106 59 103 35
10295 33 8 35 10 104 114 96 118 117 40
10295 34 8 70 109 110 95 23 107 86 124
10295 35 8 42 97 9 16 82 64 92 78
10295 36 8 103 25 0 38 116 124 17 76
10295 37 8 41 42 36 123 109 57 18 95
10295 38 8 47 11 18 60 8 75 88 111
10295 39 8 20 56 18 107 76 35 90 120
10295 40 8 6 110 29 77 44 36 18 83
10295 41 8 0 65 115 64 85 63 102 36
10295 42 8 32 25 49 75 126 59 90 36
10295 43 8 121 125 47 49 78 74 127 112
10295 44 8 110 13 80 121 37 6 72 38
10295 45 8 47 5 83 86 76 94 26 89
10295 46 8 17 96 10 124 82 45 1 74
10295 47 8 11 31 127 90 121 15 82 94
315 0 8 68 107 31 69 0 81 93 53
315 1 8 75 83 88 45 7 85 29 91
315 2 8 117 87 123 47 115 125 72 15
315 3 8 10 90 26 59 112 29 105 56
315 4 8 91 111 47 104 39 105 48 77
315 5 8 111 13 96 70 100 95 54 78
315 6 8 30 25 79 56 34 64 13 8
315 7 8 3 39 51 110 16 31 98 9
315 8 8 28 51 35 116 14 3 46 39
315 9 8 48 10 43 96 114 23 104 49
315 10 8 23 107 70 74 110 83 14 30
315 11 8 102 13 47 82 69 9 58 23
315 12 8 25 68 120 47 104 39 71 100
315 13 8 121 42 36 18 55 85 79 20
315 14 8 96 84 28 11 8 61 10 86
315 15 8 38 56 4 115 18 23 90 102
315 16 8 121 20 73 19 43 85 83 113
315 17 8 97 126 14 83 45 122 102 20
315 18 8 30 75 25 34 110 67 48 85
315 19 8 3 39 98 51 60 115 110 72
315 20 8 28 14 51 35 46 116 124 127
315 21 8 10 43 77 104 48 117 22 114
315 22 8 74 70 86 107 5 75 14 123
315 23 8 102 82 47 13 87 92 58 0
315 24 8 120 47 39 104 68 118 50 116
315 25 8 121 42 36 24 91 85 79 75
315 26 8 11 84 28 96 8 58 82 110
315 27 8 56 4 90 55 35 61 115 14
315 28 8 121 20 19 115 43 18 73 45
315 29 8 97 83 14 126 20 85 117 102
315 30 8 110 13 34 30 85 75 25 56
315 31 8 98 3 60 95 110 39 51 34
315 32 8 28 106 14 39 116 127 103 5
315 33 8 104 10 48 43 22 117 118 77
315 34 8 86 74 107 108 123 45 101 83
315 35 8 102 47 13 82 58 122 67 21
315 36 8 120 104 68 124 47 76 9 39
315 37 8 42 121 79 65 55 99 107 36
315 38 8 84 28 96 11 58 8 39 118
315 39 8 56 4 23 35 18 76 61 3
315 40 8 121 20 43 36 18 114 84 115
315 41 8 14 45 97 20 117 83 102 85
315 42 8 32 41 101 65 5 36 93 22
315 43 8 4 6 81 78 87 127 112 45
315 44 8 54 71 121 38 81 72 20 92
315 45 8 127 103 94 80 20 84 119 1
315 46 8 67 17 75 98 44 68 80 111
315 47 8 117 34 32 27 99 66 59 9
979 0 8 93 13 2 69 21 61 80 120
979 1 8 75 83 58 88 53 60 45 23
979 2 8 122 65 117 47 116 9 72 8
979 3 8 12 10 112 90 26 59 77 64
979 4 8 22 91 105 77 47 104 10 102
979 5 8 117 111 102 13 30 126 34 56
979 6 8 30 85 110 34 75 115 79 80
979 7 8 98 3 95 39 110 103 72 28
979 8 8 109 14 116 106 59 39 35 46
979 9 8 10 43 118 114 117 23 77 104
979 10 8 23 107 108 74 70 123 86 83
979 11 8 82 47 9 58 69 79 0 13
979 12 8 120 25 104 124 68 7 118 36
979 13 8 42 121 18 79 43 36 55 85
979 14 8 11 79 8 28 101 107 6 52
979 15 8 90 56 103 38 18 35 76 55
979 16 8 55 20 19 115 114 15 73 45
979 17 8 97 69 48 117 85 45 17 116
979 18 8 30 110 85 75 115 25 79 42
979 19 8 98 39 34 51 3 60 28 115
979 20 8 14 109 106 103 116 35 46 127
979 21 8 10 43 22 114 117 104 23 118
979 22 8 108 86 23 74 70 5 45 95
979 23 8 82 92 16 114 9 101 0 47
979 24 8 120 124 39 118 7 76 50 116
979 25 8 121 42 95 36 102 18 43 91
979 26 8 11 79 8 28 101 58 82 75
979 27 8 90 4 103 56 55 35 60 18
979 28 8 55 20 15 115 19 45 18 73
979 29 8 69 97 85 48 117 17 103 102
979 30 8 110 13 42 30 34 85 25 75
979 31 8 98 95 34 110 51 3 39 26
979 32 8 109 39 106 116 5 14 103 127
979 33 8 10 104 48 118 22 117 43 112
979 34 8 107 108 101 86 123 74 62 45
979 35 8 47 82 122 21 58 8 0 79
979 36 8 120 7 68 104 76 124 39 12
979 37 8 121 55 77 42 79 65 107 99
979 38 8 79 28 11 118 52 75 101 8
979 39 8 90 4 103 76 18 35 95 56
979 40 8 55 36 20 45 84 18 85 83
979 41 8 69 48 97 85 112 102 45 117
979 42 8 37 36 101 32 31 5 59 68
979 43 8 4 81 45 127 85 78 30 112
979 44 8 73 113 71 121 92 38 98 54
979 45 8 127 1 119 84 21 45 20 34
979 46 8 67 84 83 75 44 97 102 119
979 47 8 34 117 32 79 27 59 55 85
1817 0 8 34 63 106 71 21 50 17 51
1817 1 8 76 9 23 85 75 16 89 116
1817 2 8 8 122 100 90 54 65 47 72
1817 3 8 94 112 10 12 39 64 97 71
1817 4 8 105 87 22 77 111 50 10 104
1817 5 8 105 54 107 4 13 117 95 12
1817 6 8 30 34 88 13 75 110 123 67
1817 7 8 98 103 3 2 39 115 16 95
1817 8 8 59 14 35 127 15 43 106 116
1817 9 8 10 104 117 114 22 43 112 125
1817 10 8 45 108 107 123 86 103 23 40
1817 11 8 8 50 122 82 79 0 9 47
1817 12 8 118 26 120 36 25 9 76 11
1817 13 8 66 42 102 95 18 113 55 125
1817 14 8 84 96 111 11 8 18 52 71
1817 15 8 90 38 37 76 56 61 60 31
1817 16 8 119 55 19 51 60 115 108 84
1817 17 8 126 46 0 116 103 15 52 2
1817 18 8 30 88 110 34 85 56 25 9
1817 19 8 98 34 3 39 51 28 115 2
1817 20 8 35 106 127 116 59 15 103 42
1817 21 8 104 10 117 127 23 41 102 112
1817 22 8 45 108 86 23 33 39 103 5
1817 23 8 122 8 82 50 92 22 0 101
1817 24 8 26 118 38 120 36 6 28 11
1817 25 8 95 66 102 42 36 113 109 125
1817 26 8 84 96 8 11 18 111 58 80
1817 27 8 90 37 35 60 56 6 76 87
1817 28 8 60 55 115 119 19 51 18 108
1817 29 8 46 126 15 117 52 103 116 2
1817 30 8 110 88 85 13 9 34 30 74
1817 31 8 98 34 2 3 95 39 60 103
1817 32 8 106 39 116 64 5 43 127 14
1817 33 8 10 104 117 22 112 118 102 127
1817 34 8 108 103 45 107 86 62 101 35
1817 35 8 8 50 21 0 20 22 122 79
1817 36 8 26 118 12 76 53 58 39 50
1817 37 8 102 66 77 95 91 2 113 16
1817 38 8 11 84 80 96 58 52 64 68
1817 39 8 60 90 37 35 76 56 87 6
1817 40 8 119 55 60 51 101 15 84 108
1817 41 8 126 46 15 117 2 36 52 85
1817 42 8 73 125 98 18 38 59 102 36
1817 43 8 49 12 19 45 127 81 43 121
1817 44 8 88 45 99 48 121 72 92 38
1817 45 8 17 58 112 46 84 1 20 21
1817 46 8 81 30 84 29 75 105 39 102
1817 47 8 120 111 95 35 127 52 15 26
374 0 8 104 16 107 53 66 111 120 22
374 1 8 107 89 34 76 85 20 19 3
374 2 8 100 14 116 72 87 51 7 10
374 3 8 94 76 105 112 25 37 79 89
374 4 8 105 23 0 74 22 77 104 118
374 5 8 107 80 54 34 102 56 12 4
374 6 8 30 110 75 88 34 94 74 85
374 7 8 98 87 39 2 60 103 3 50
374 8 8 64 59 15 35 14 106 42 43
374 9 8 10 104 94 117 22 112 127 73
374 10 8 23 108 45 107 103 86 5 56
374 11 8 8 9 86 122 82 47 23 0
374 12 8 53 26 25 118 112 96 11 124
374 13 8 18 42 75 95 36 65 125 44
374 14 8 80 58 8 0 71 52 39 79
374 15 8 90 76 60 35 18 61 56 37
374 16 8 19 40 115 7 84 41 97 85
374 17 8 117 116 53 103 102 52 15 100
374 18 8 110 90 85 30 59 74 32 70
374 19 8 28 98 81 34 115 19 39 87
374 20 8 43 64 106 14 42 46 39 103
374 21 8 112 113 102 117 12 68 127 118
374 22 8 83 108 62 39 13 119 5 66
374 23 8 122 0 67 21 47 121 86 36
374 24 8 58 63 124 104 74 68 119 115
374 25 8 107 65 99 104 42 125 77 27
374 26 8 0 58 111 8 39 80 30 79
374 27 8 35 76 56 23 3 6 18 48
374 28 8 19 41 40 84 60 7 85 50
374 29 8 116 117 72 103 53 52 23 90
374 30 8 74 90 59 32 70 110 85 94
374 31 8 28 98 81 115 103 34 97 68
374 32 8 43 64 9 7 116 42 126 14
374 33 8 112 117 12 113 10 94 25 102
374 34 8 108 86 13 83 45 62 123 119
374 35 8 0 4 8 86 21 111 122 79
374 36 8 53 119 118 26 92 124 22 43
374 37 8 75 77 44 95 2 65 91 36
374 38 8 80 11 79 58 0 8 82 111
374 39 8 60 90 35 56 76 18 95 86
374 40 8 40 7 60 15 45 18 19 84
374 41 8 117 53 52 15 103 85 106 102
374 42 8 73 37 125 59 68 22 24 74
374 43 8 81 49 43 127 112 45 102 56
374 44 8 37 45 54 80 121 81 79 92
374 45 8 112 80 46 20 84 1 34 63
374 46 8 82 124 44 84 105 39 75 80
374 47 8 27 90 35 95 32 52 34 59
2664 0 8 34 2 63 62 67 125 17 68
2664 1 8 76 99 123 107 86 89 3 114
2664 2 8 24 9 8 73 54 70 50 15
2664 3 8 1 77 76 105 62 97 90 38
2664 4 8 105 116 22 74 0 87 18 10
2664 5 8 90 80 48 78 126 95 12 34
2664 6 8 30 110 85 123 90 42 94 74
2664 7 8 98 87 34 28 103 3 39 95
2664 8 8 64 27 59 14 106 43 39 116
2664 9 8 10 94 22 104 112 127 33 117
2664 10 8 108 86 64 107 95 5 39 45
2664 11 8 86 16 0 122 82 8 101 79
2664 12 8 38 53 76 118 119 124 96 25
2664 13 8 95 102 42 75 123 109 24 125
2664 14 8 82 18 8 0 111 52 58 95
2664 15 8 35 76 90 33 20 56 31 38
2664 16 8 77 19 29 40 7 84 18 45
2664 17 8 65 117 0 63 116 103 102 85
2664 18 8 110 30 85 90 74 88 42 32
2664 19 8 98 34 28 87 3 39 51 16
2664 20 8 106 14 116 64 27 103 59 127
2664 21 8 10 118 117 113 33 94 112 22
2664 22 8 95 108 39 53 23 86 5 62
2664 23 8 16 82 92 97 86 114 0 68
2664 24 8 38 25 53 103 67 116 39 11
2664 25 8 95 109 123 42 102 24 91 18
2664 26 8 82 18 11 8 111 55 64 0
2664 27 8 20 33 90 31 35 87 77 56
2664 28 8 77 44 29 19 40 7 115 18
2664 29 8 65 0 63 116 85 84 102 117
2664 30 8 118 110 55 30 13 88 56 74
2664 31 8 98 3 34 51 39 93 87 110
2664 32 8 27 106 64 116 5 118 14 4
2664 33 8 33 10 94 104 117 41 118 112
2664 34 8 95 86 37 120 33 35 108 102
2664 35 8 97 16 114 21 92 8 82 86
2664 36 8 38 53 25 1 50 116 97 118
2664 37 8 95 102 123 109 24 108 75 91
2664 38 8 82 18 111 62 95 0 107 101
2664 39 8 90 20 87 33 107 35 18 76
2664 40 8 44 29 77 40 18 84 4 19
2664 41 8 65 85 0 63 106 102 53 103
2664 42 8 73 20 75 126 8 32 66 24
2664 43 8 16 121 47 2 56 49 27 8
2664 44 8 5 110 80 37 13 121 72 79
2664 45 8 47 5 83 87 86 20 19 84
2664 46 8 1 10 96 124 45 82 84 20
2664 47 8 11 127 31 90 82 114 15 27
13 0 8 65 98 43 73 72 114 44 45
13 1 8 18 94 38 119 127 43 50 26
13 2 8 84 88 38 47 93 40 57 123
13 3 8 6 89 31 16 2 124 41 79
13 4 8 76 106 85 115 124 104 48 93
13 5 8 125 61 66 8 13 22 126 64
13 6 8 105 83 8 30 56 52 25 12
13 7 8 112 49 3 31 34 39 51 16
13 8 8 116 121 84 3 46 65 35 59
13 9 8 110 9 104 10 49 114 96 117
13 10 8 56 61 105 53 98 112 30 45
13 11 8 61 49 24 125 7 37 23 92
13 12 8 99 56 15 96 104 116 49 50
13 13 8 6 15 28 23 42 36 64 58
13 14 8 20 48 17 90 11 107 104 86
13 15 8 85 101 70 10 18 120 16 56
13 16 8 124 73 8 17 83 39 103 24
13 17 8 42 19 69 21 48 83 105 99
13 18 8 105 83 8 88 56 25 71 30
13 19 8 49 112 31 3 39 51 59 9
13 20 8 84 121 116 3 65 46 35 101
13 21 8 9 110 125 10 96 114 49 64
13 22 8 61 105 30 98 56 53 58 78
13 23 8 61 24 49 125 23 7 92 96
13 24 8 99 15 50 96 56 65 116 97
13 25 8 58 15 28 23 6 73 19 0
13 26 8 17 20 48 90 100 86 6 104
13 27 8 101 85 70 10 120 103 18 56
13 28 8 124 73 81 8 45 83 17 65
13 29 8 42 21 19 1 69 83 48 18
13 30 8 105 83 52 8 56 71 44 110
13 31 8 110 112 49 51 31 3 9 39
13 32 8 46 65 121 116 3 84 103 44
13 33 8 125 9 110 96 49 64 104 1
13 34 8 105 56 112 98 61 53 78 30
13 35 8 125 24 61 49 7 23 37 0
13 36 8 99 56 15 96 97 50 116 65
13 37 8 15 58 28 23 6 25 10 101
13 38 8 17 20 90 48 107 86 75 34
13 39 8 101 10 85 103 120 70 95 23
13 40 8 45 124 65 73 81 17 8 83
13 41 8 42 48 69 18 21 19 112 1
13 42 8 32 31 36 64 114 123 2 74
13 43 8 77 88 78 112 43 31 97 104
13 44 8 73 53 90 0 121 107 6 98
13 45 8 101 27 94 22 2 85 1 21
13 46 8 103 38 84 97 11 34 98 52
13 47 8 73 105 20 57 86 109 85 9
6771 0 8 21 50 2 75 126 97 104 103
6771 1 8 58 6 23 95 119 88 45 123
6771 2 8 47 7 93 10 127 51 40 14
6771 3 8 16 2 124 39 4 35 38 79
6771 4 8 104 48 56 81 23 93 50 109
6771 5 8 13 12 82 22 68 107 17 74
6771 6 8 30 34 8 80 59 56 70 90
6771 7 8 28 3 98 9 81 16 39 60
6771 8 8 109 116 127 7 59 43 42 35
6771 9 8 117 114 112 10 104 45 65 96
6771 10 8 83 53 123 86 39 56 108 45
6771 11 8 67 89 122 0 21 82 7 125
6771 12 8 56 9 116 104 63 97 119 74
6771 13 8 65 42 124 40 25 125 18 66
6771 14 8 0 58 52 8 39 111 90 71
6771 15 8 76 35 18 61 56 23 6 4
6771 16 8 19 41 84 73 50 115 85 55
6771 17 8 116 117 103 127 102 69 100 35
6771 18 8 90 74 59 70 30 110 94 85
6771 19 8 28 98 81 115 103 67 68 34
6771 20 8 43 42 46 7 106 14 39 126
6771 21 8 112 12 113 117 45 25 127 83
6771 22 8 83 62 119 108 39 45 123 13
6771 23 8 0 67 122 29 34 126 36 101
6771 24 8 58 115 43 74 124 63 104 76
6771 25 8 99 65 107 104 115 76 27 125
6771 26 8 0 58 111 39 118 52 30 8
6771 27 8 76 35 56 23 3 18 48 58
6771 28 8 19 41 85 114 67 60 50 84
6771 29 8 72 116 117 127 23 90 69 91
6771 30 8 70 74 90 59 94 32 75 27
6771 31 8 28 81 103 97 115 30 68 42
6771 32 8 7 9 43 49 42 46 117 109
6771 33 8 112 12 117 83 113 88 68 23
6771 34 8 86 119 33 7 45 108 88 13
6771 35 8 4 0 34 78 51 111 21 20
6771 36 8 119 92 58 95 22 24 124 74
6771 37 8 20 61 104 52 23 82 77 76
6771 38 8 92 90 125 62 0 26 91 79
6771 39 8 87 13 25 103 0 11 98 10
6771 40 8 123 73 17 45 65 7 55 6
6771 41 8 58 18 69 48 17 85 106 49
6771 42 8 2 28 36 31 64 37 32 123
6771 43 8 27 2 77 56 78 112 94 43
6771 44 8 113 11 5 19 54 121 107 62
6771 45 8 127 92 94 63 58 21 76 85
6771 46 8 103 84 74 38 97 29 88 51
6771 47 8 6 79 114 108 32 111 71 58
752 0 8 62 103 13 61 18 37 19 80
752 1 8 58 23 9 123 45 3 57 76
752 2 8 47 51 14 7 127 93 9 100
752 3 8 16 2 38 59 39 124 64 4
752 4 8 56 124 23 104 25 48 22 89
752 5 8 107 13 82 34 47 22 68 8
752 6 8 79 52 8 25 12 42 38 56
752 7 8 110 2 31 34 87 51 9 3
752 8 8 116 46 36 3 109 61 113 118
752 9 8 52 65 96 114 1 49 64 99
752 10 8 74 35 112 26 53 30 113 98
752 11 8 107 7 37 76 6 125 43 9
752 12 8 116 50 97 104 56 75 71 96
752 13 8 23 98 2 21 73 75 101 64
752 14 8 80 79 90 6 88 75 76 86
752 15 8 13 60 10 8 18 70 120 125
752 16 8 17 15 11 7 65 83 45 73
752 17 8 52 15 83 58 123 18 22 17
752 18 8 79 52 25 64 8 83 71 63
752 19 8 110 31 51 9 39 41 87 125
752 20 8 46 3 36 116 109 65 57 105
752 21 8 64 65 96 114 49 52 45 118
752 22 8 53 74 35 30 98 112 26 66
752 23 8 89 107 7 82 37 6 43 125
752 24 8 50 116 56 97 104 75 65 100
752 25 8 23 21 2 16 73 98 101 75
752 26 8 90 80 6 79 88 8 75 115
752 27 8 13 120 10 60 18 8 56 82
752 28 8 11 7 83 15 45 17 73 65
752 29 8 52 83 15 17 18 58 22 27
752 30 8 79 52 25 34 64 71 110 63
752 31 8 110 31 51 9 34 3 39 41
752 32 8 116 46 3 36 109 14 61 44
752 33 8 52 96 65 49 118 114 64 1
752 34 8 35 74 112 53 30 26 113 98
752 35 8 89 37 8 7 107 43 39 105
752 36 8 116 50 97 100 26 75 56 52
752 37 8 2 98 21 42 75 101 10 23
752 38 8 75 80 6 79 88 34 58 107
752 39 8 13 120 60 18 95 10 82 8
752 40 8 11 15 45 7 83 65 17 18
752 41 8 106 17 52 15 18 58 85 83
752 42 8 2 37 123 74 125 7 22 36
752 43 8 112 43 19 56 78 12 97 77
752 44 8 113 45 0 88 37 121 98 72
752 45 8 46 112 22 85 17 58 92 63
752 46 8 84 105 29 39 38 30 80 22
752 47 8 95 35 108 52 111 6 59 71
1191 0 8 62 126 7 29 12 3 21 87
1191 1 8 123 76 78 88 58 45 23 86
1191 2 8 112 119 51 47 14 9 68 54
1191 3 8 105 16 93 120 7 59 38 25
1191 4 8 104 22 39 124 48 56 25 4
1191 5 8 30 13 82 34 80 22 71 78
1191 6 8 79 52 8 25 30 12 64 71
1191 7 8 110 34 87 31 3 51 9 16
1191 8 8 116 46 3 36 24 51 105 27
1191 9 8 52 114 65 45 49 94 96 62
1191 10 8 35 112 74 113 26 30 80 53
1191 11 8 87 82 71 125 43 7 89 37
1191 12 8 116 104 56 118 50 97 75 96
1191 13 8 24 75 98 21 73 101 64 95
1191 14 8 101 62 6 88 76 75 90 86
1191 15 8 13 10 8 34 98 120 18 82
1191 16 8 123 17 73 29 45 83 114 18
1191 17 8 83 52 34 14 58 22 88 18
1191 18 8 79 8 52 25 71 12 64 63
1191 19 8 110 87 3 51 31 125 41 9
1191 20 8 46 3 36 116 24 124 101 111
1191 21 8 114 65 45 64 49 52 118 96
1191 22 8 74 53 30 35 112 98 26 65
1191 23 8 82 89 87 6 71 37 107 7
1191 24 8 50 116 56 118 97 104 75 111
1191 25 8 24 73 21 16 42 98 23 75
1191 26 8 101 90 88 62 8 6 75 28
1191 27 8 13 10 120 18 34 23 100 87
1191 28 8 123 73 83 45 17 18 15 29
1191 29 8 83 18 14 85 120 17 52 27
1191 30 8 79 52 12 34 25 30 71 63
1191 31 8 110 3 51 31 34 39 41 87
1191 32 8 116 46 3 36 24 101 51 27
1191 33 8 52 118 114 65 96 49 45 94
1191 34 8 74 35 112 53 113 120 30 98
1191 35 8 89 71 87 82 37 8 43 67
1191 36 8 116 50 97 100 56 118 80 75
1191 37 8 24 75 42 95 98 21 44 10
1191 38 8 101 62 6 88 75 34 107 8
1191 39 8 98 13 120 18 95 10 82 23
1191 40 8 123 45 83 18 17 29 15 114
1191 41 8 84 85 106 17 53 14 18 15
1191 42 8 28 2 75 123 74 65 36 55
1191 43 8 112 121 43 2 78 97 4 56
1191 44 8 54 80 13 113 45 121 110 44
1191 45 8 47 83 92 85 46 22 127 107
1191 46 8 74 10 45 82 84 105 39 103
1191 47 8 90 54 127 95 27 35 11 52
553 0 8 61 69 93 53 81 18 120 31
553 1 8 53 83 23 76 123 58 86 41
553 2 8 8 117 47 87 51 54 9 10
553 3 8 93 105 59 16 120 7 38 25
553 4 8 104 124 25 91 22 4 48 39
553 5 8 82 34 30 71 111 13 80 22
553 6 8 8 79 30 52 56 12 25 64
553 7 8 72 3 110 51 31 34 50 95
553 8 8 116 46 3 99 36 109 101 80
553 9 8 45 114 52 96 49 65 64 118
553 10 8 112 74 53 30 35 83 98 113
553 11 8 67 58 89 82 7 125 43 71
553 12 8 116 104 56 97 50 118 96 75
553 13 8 121 25 21 16 98 42 64 73
553 14 8 80 90 28 88 101 6 58 79
553 15 8 13 4 18 10 120 23 61 60
553 16 8 73 17 15 83 121 45 81 124
553 17 8 83 52 97 15 45 69 21 25
553 18 8 8 79 34 25 56 30 12 52
553 19 8 3 110 51 60 39 9 75 31
553 20 8 116 46 36 3 127 109 101 65
553 21 8 114 117 96 49 45 65 10 64
553 22 8 53 123 30 74 13 112 98 66
553 23 8 82 89 67 37 58 7 0 127
553 24 8 104 116 56 50 97 9 74 60
553 25 8 42 25 21 121 16 32 98 23
553 26 8 90 80 8 88 79 58 6 28
553 27 8 10 56 61 120 18 13 14 23
553 28 8 73 45 83 15 124 121 7 17
553 29 8 83 52 15 97 45 116 103 69
553 30 8 34 79 56 30 75 52 25 63
553 31 8 110 51 3 39 60 31 9 95
553 32 8 109 46 116 3 36 103 101 127
553 33 8 96 104 49 117 114 45 52 65
553 34 8 74 112 53 45 35 13 30 113
553 35 8 89 67 58 82 37 71 0 122
553 36 8 116 50 100 97 104 9 118 69
553 37 8 42 25 21 75 2 98 121 10
553 38 8 80 79 6 58 75 88 101 28
553 39 8 120 60 18 13 23 10 56 78
553 40 8 15 45 7 83 18 11 17 121
553 41 8 52 17 15 106 45 83 18 85
553 42 8 37 2 123 74 7 21 65 36
553 43 8 43 112 19 78 4 56 12 97
553 44 8 0 45 121 88 54 113 37 72
553 45 8 46 112 85 22 17 92 53 63
553 46 8 84 105 82 39 38 80 30 22
553 47 8 35 95 52 32 108 59 34 73
88646 0 8 77 3 126 62 29 67 82 12
88646 1 8 45 58 88 78 123 75 60 91
88646 2 8 119 47 51 73 125 9 15 32
88646 3 8 120 16 7 90 105 79 11 64
88646 4 8 104 47 91 39 4 22 48 124
88646 5 8 78 122 80 117 13 70 12 82
88646 6 8 79 30 8 52 34 25 56 80
88646 7 8 110 51 87 3 31 39 16 9
88646 8 8 46 51 116 24 3 36 39 111
88646 9 8 96 52 1 49 65 114 118 45
88646 10 8 112 74 53 30 67 35 83 113
88646 11 8 87 71 82 89 37 43 115 107
88646 12 8 116 104 100 50 68 97 75 5
88646 13 8 24 42 121 64 25 49 75 101
88646 14 8 28 62 88 6 8 58 75 34
88646 15 8 13 10 98 18 4 120 8 16
88646 16 8 73 83 20 45 43 17 123 18
88646 17 8 97 83 14 85 58 89 20 106
88646 18 8 79 34 8 25 30 52 75 56
88646 19 8 110 51 3 60 39 31 9 28
88646 20 8 46 51 3 116 36 101 103 24
88646 21 8 96 65 114 49 117 45 64 48
88646 22 8 13 53 35 74 112 30 26 113
88646 23 8 87 89 82 37 39 71 115 8
88646 24 8 116 50 104 60 97 56 74 100
88646 25 8 42 24 121 21 98 49 73 64
88646 26 8 62 28 8 88 58 111 6 90
88646 27 8 4 56 18 61 10 98 120 14
88646 28 8 73 45 20 123 43 83 18 121
88646 29 8 97 14 83 85 84 116 103 69
88646 30 8 79 34 56 30 52 25 85 75
88646 31 8 110 51 60 3 39 31 9 100
88646 32 8 46 116 51 44 36 3 103 14
88646 33 8 96 117 114 49 48 104 65 1
88646 34 8 13 53 112 74 120 35 113 30
88646 35 8 87 89 71 37 47 82 16 67
88646 36 8 116 120 100 50 68 104 97 74
88646 37 8 24 42 121 49 55 10 64 99
88646 38 8 62 28 8 88 58 96 111 6
88646 39 8 98 56 18 61 120 4 3 23
88646 40 8 20 123 43 45 83 121 18 73
88646 41 8 14 97 84 83 20 106 85 102
88646 42 8 32 65 101 75 28 2 36 123
88646 43 8 4 87 78 81 112 2 45 104
88646 44 8 13 121 54 71 81 72 92 98
88646 45 8 1 22 94 84 127 85 21 53
88646 46 8 67 17 98 75 102 84 103 80
88646 47 8 117 34 32 27 54 9 59 90
1128 0 8 13 2 80 61 50 21 97 34
1128 1 8 45 58 88 83 75 91 30 16
1128 2 8 122 47 15 117 8 9 51 125
1128 3 8 112 7 90 16 120 105 10 38
1128 4 8 47 91 77 104 22 48 39 105
1128 5 8 107 117 105 111 13 22 70 122
1128 6 8 30 34 52 79 110 25 75 8
1128 7 8 110 3 60 51 39 31 98 16
1128 8 8 109 46 116 3 127 14 103 101
1128 9 8 117 48 10 96 114 49 1 43
1128 10 8 112 74 23 53 13 83 30 123
1128 11 8 82 47 89 37 9 87 65 127
1128 12 8 104 68 120 116 50 97 74 25
1128 13 8 121 42 66 55 99 64 73 59
1128 14 8 79 28 8 88 96 58 84 90
1128 15 8 90 4 61 18 14 11 56 10
1128 16 8 55 73 119 20 83 45 17 91
1128 17 8 97 69 83 116 122 85 14 89
1128 18 8 34 8 25 30 56 12 79 75
1128 19 8 60 3 110 39 51 98 28 9
1128 20 8 127 116 109 46 101 36 28 3
1128 21 8 117 114 65 96 48 10 45 43
1128 22 8 13 123 74 53 112 30 86 122
1128 23 8 89 82 47 87 37 8 0 111
1128 24 8 120 104 9 116 68 74 97 50
1128 25 8 42 121 66 55 98 64 82 21
1128 26 8 79 8 28 111 96 88 58 84
1128 27 8 90 4 61 56 14 18 6 10
1128 28 8 55 73 20 119 45 18 43 19
1128 29 8 97 69 85 116 103 83 48 45
1128 30 8 34 30 56 75 74 8 42 110
1128 31 8 60 3 51 110 95 39 98 115
1128 32 8 109 127 116 46 103 14 43 36
1128 33 8 117 10 104 48 96 114 49 45
1128 34 8 13 123 74 112 86 113 45 108
1128 35 8 82 47 37 89 8 122 87 0
1128 36 8 120 104 116 68 9 74 97 50
1128 37 8 42 55 121 77 99 66 98 10
1128 38 8 28 79 8 88 96 111 107 118
1128 39 8 90 4 61 18 120 56 95 98
1128 40 8 45 55 20 73 119 36 83 18
1128 41 8 85 69 97 20 83 48 46 112
1128 42 8 32 59 101 31 36 37 125 5
1128 43 8 4 49 12 27 81 45 87 77
1128 44 8 121 88 73 99 92 71 72 45
1128 45 8 1 21 127 84 103 7 19 85
1128 46 8 67 103 84 119 75 98 31 102
1128 47 8 117 32 34 111 9 79 63 124
358 0 8 103 104 50 49 6 72 111 78
358 1 8 9 58 16 45 88 76 75 77
358 2 8 51 122 100 47 125 15 25 7
358 3 8 10 112 59 73 38 39 114 56
358 4 8 47 104 105 77 48 23 10 63
358 5 8 107 97 126 22 122 74 13 12
358 6 8 79 25 52 110 71 30 44 75
358 7 8 110 2 31 51 9 39 3 125
358 8 8 46 3 116 109 44 14 61 33
358 9 8 96 52 1 10 49 114 43 64
358 10 8 35 112 103 13 74 53 110 36
358 11 8 82 9 37 79 107 43 65 116
358 12 8 104 116 59 50 68 26 5 100
358 13 8 42 2 95 64 55 77 101 73
358 14 8 80 79 88 6 111 84 58 34
358 15 8 90 18 10 13 60 8 98 120
358 16 8 11 83 45 55 18 17 75 7
358 17 8 39 52 15 83 22 85 17 106
358 18 8 79 25 8 52 75 71 64 30
358 19 8 110 31 51 2 125 9 39 60
358 20 8 46 3 116 36 14 61 44 33
358 21 8 96 65 52 1 43 64 49 114
358 22 8 35 53 112 123 13 30 103 74
358 23 8 37 82 89 79 107 115 8 111
358 24 8 50 116 104 97 59 60 120 75
358 25 8 42 2 95 55 73 79 66 64
358 26 8 80 8 88 111 79 6 58 34
358 27 8 90 120 18 8 10 95 98 91
358 28 8 11 45 83 18 7 55 75 24
358 29 8 39 85 52 22 15 17 106 83
358 30 8 79 52 25 34 75 63 64 30
358 31 8 110 51 31 2 9 39 60 3
358 32 8 44 14 46 3 109 103 116 33
358 33 8 96 1 52 43 49 10 71 64
358 34 8 35 13 112 110 64 30 40 103
358 35 8 79 37 8 115 116 82 105 111
358 36 8 50 116 26 74 97 53 76 42
358 37 8 2 95 42 10 77 65 75 101
358 38 8 80 79 39 58 111 34 88 7
358 39 8 90 60 18 120 95 13 8 1
358 40 8 11 45 7 55 15 83 75 84
358 41 8 52 85 15 106 17 46 39 18
358 42 8 2 125 59 74 37 22 123 36
358 43 8 27 56 19 12 43 112 78 97
358 44 8 88 45 99 37 121 72 44 98
358 45 8 58 46 17 112 22 92 85 53
358 46 8 84 105 30 29 39 38 80 103
358 47 8 35 95 111 52 108 6 59 71
1414 0 8 111 62 2 125 126 29 22 4
1414 1 8 124 45 76 58 88 77 107 67
1414 2 8 51 9 47 119 14 24 15 25
1414 3 8 105 90 25 112 38 62 79 10
1414 4 8 47 104 105 10 109 48 22 77
1414 5 8 80 117 122 48 74 78 107 13
1414 6 8 79 30 52 25 34 85 8 110
1414 7 8 110 31 87 51 3 39 60 9
1414 8 8 46 14 116 3 44 33 103 24
1414 9 8 96 1 94 52 49 10 114 118
1414 10 8 35 112 13 53 30 74 110 39
1414 11 8 82 16 37 87 79 115 116 105
1414 12 8 116 50 104 100 53 74 38 97
1414 13 8 42 95 24 75 68 64 2 123
1414 14 8 62 18 6 88 8 111 58 75
1414 15 8 90 18 20 107 98 8 56 37
1414 16 8 77 29 83 45 18 123 17 24
1414 17 8 65 0 85 83 106 63 17 22
1414 18 8 79 8 52 25 75 30 34 71
1414 19 8 110 51 60 31 87 39 3 9
1414 20 8 46 14 116 3 103 44 33 36
1414 21 8 114 96 65 49 94 1 69 64
1414 22 8 35 53 13 112 30 39 74 95
1414 23 8 89 16 82 115 37 39 107 116
1414 24 8 116 50 97 104 74 75 38 42
1414 25 8 42 95 24 123 109 102 73 75
1414 26 8 62 8 18 111 88 6 58 28
1414 27 8 90 18 20 120 10 98 14 56
1414 28 8 77 29 45 123 83 18 73 17
1414 29 8 65 0 85 83 84 102 18 116
1414 30 8 79 34 52 30 25 56 8 85
1414 31 8 110 51 3 31 39 60 87 9
1414 32 8 116 14 46 44 3 103 51 101
1414 33 8 96 94 114 117 104 49 1 43
1414 34 8 35 95 13 112 53 110 120 30
1414 35 8 16 82 37 79 116 97 87 89
1414 36 8 116 50 38 97 53 74 100 9
1414 37 8 95 24 42 109 123 10 75 2
1414 38 8 62 18 111 88 6 34 75 82
1414 39 8 90 20 98 18 120 107 61 56
1414 40 8 123 29 77 44 83 114 45 18
1414 41 8 85 65 0 63 84 106 102 83
1414 42 8 75 126 2 28 32 20 36 59
1414 43 8 121 47 2 27 49 78 52 104
1414 44 8 13 110 80 121 54 11 113 98
1414 45 8 47 5 83 21 7 87 53 22
1414 46 8 96 10 1 45 17 74 84 103
1414 47 8 127 90 11 31 27 54 15 82
911 0 8 93 61 21 69 2 111 80 126
911 1 8 76 45 83 58 88 46 41 53
911 2 8 117 15 116 47 51 9 125 32
911 3 8 10 105 90 25 16 62 38 112
911 4 8 91 47 111 105 104 77 48 22
911 5 8 117 111 126 13 97 122 78 22
911 6 8 79 52 30 85 8 25 56 34
911 7 8 110 3 51 72 31 39 60 100
911 8 8 28 116 51 46 44 14 3 35
911 9 8 48 96 43 10 1 117 114 49
911 10 8 23 13 112 35 74 123 53 14
911 11 8 13 47 82 37 58 89 115 79
911 12 8 120 68 104 50 116 74 25 69
911 13 8 121 42 55 99 24 79 77 64
911 14 8 28 84 8 58 88 111 75 66
911 15 8 4 18 14 38 3 120 61 90
911 16 8 20 73 121 43 83 17 45 19
911 17 8 97 14 61 83 116 45 122 89
911 18 8 34 30 25 79 56 85 52 8
911 19 8 3 60 39 110 51 98 115 28
911 20 8 28 127 116 46 51 124 3 101
911 21 8 117 48 96 43 114 65 111 102
911 22 8 13 123 53 112 74 122 0 14
911 23 8 13 89 47 82 37 58 0 87
911 24 8 120 104 68 74 116 9 50 97
911 25 8 42 121 55 24 64 82 107 65
911 26 8 84 28 8 111 58 88 62 0
911 27 8 4 14 56 61 6 18 10 76
911 28 8 20 73 43 121 41 19 84 18
911 29 8 97 116 14 45 61 103 83 102
911 30 8 34 56 30 74 85 90 25 32
911 31 8 3 28 60 98 39 115 100 110
911 32 8 28 116 127 14 43 42 35 46
911 33 8 117 48 104 43 10 25 102 96
911 34 8 123 13 45 74 14 86 112 98
911 35 8 13 47 58 89 82 37 122 0
911 36 8 120 104 68 116 74 69 50 9
911 37 8 55 121 42 99 79 24 107 10
911 38 8 84 28 88 58 118 8 96 0
911 39 8 4 61 14 3 18 56 6 115
911 40 8 121 20 43 41 36 84 105 18
911 41 8 61 14 97 45 20 102 83 127
911 42 8 101 65 32 5 93 119 75 36
911 43 8 45 4 102 78 6 87 65 127
911 44 8 121 71 92 54 68 79 98 72
911 45 8 1 84 111 127 103 7 21 34
911 46 8 67 114 8 31 75 119 83 4
911 47 8 117 34 32 9 47 63 123 66
1817 0 8 34 63 106 71 50 61 21 51
1817 1 8 16 45 75 88 9 85 76 89
1817 2 8 8 90 122 100 54 47 15 125
1817 3 8 94 10 90 106 16 73 55 122
1817 4 8 105 104 87 111 77 47 22 63
1817 5 8 105 54 117 107 126 56 22 95
1817 6 8 30 34 52 25 75 110 88 67
1817 7 8 3 110 51 39 2 98 72 31
1817 8 8 35 14 15 28 46 127 3 116
1817 9 8 104 117 10 114 48 49 43 105
1817 10 8 45 23 112 123 30 103 86 39
1817 11 8 50 8 82 13 37 58 9 116
1817 12 8 118 26 104 120 25 116 36 74
1817 13 8 66 42 113 102 55 95 64 99
1817 14 8 96 84 18 111 88 73 8 58
1817 15 8 38 61 90 56 37 18 115 4
1817 16 8 119 51 19 17 18 43 83 70
1817 17 8 126 0 2 35 83 103 65 116
1817 18 8 34 30 56 75 88 85 25 52
1817 19 8 3 39 60 110 98 51 115 100
1817 20 8 35 127 15 116 103 14 46 3
1817 21 8 104 117 114 111 10 96 102 23
1817 22 8 45 53 13 86 30 112 103 123
1817 23 8 8 50 82 89 122 0 116 37
1817 24 8 26 118 116 74 104 50 9 120
1817 25 8 42 66 113 102 36 126 95 109
1817 26 8 84 96 8 111 18 88 58 64
1817 27 8 61 37 56 14 4 90 10 6
1817 28 8 119 51 43 115 19 18 17 41
1817 29 8 126 2 35 0 66 116 103 61
1817 30 8 34 88 30 56 86 85 75 25
1817 31 8 3 60 98 39 115 110 95 51
1817 32 8 15 116 127 28 14 35 103 43
1817 33 8 104 117 10 48 114 41 102 22
1817 34 8 45 103 13 110 123 86 95 30
1817 35 8 116 8 50 16 37 122 0 82
1817 36 8 26 118 116 38 74 50 120 68
1817 37 8 66 113 102 123 109 42 55 95
1817 38 8 84 18 96 58 88 68 0 111
1817 39 8 37 61 98 56 18 4 107 6
1817 40 8 119 51 43 18 84 77 41 101
1817 41 8 0 126 2 66 65 63 35 102
1817 42 8 126 18 98 102 75 38 5 32
1817 43 8 45 47 6 87 102 127 81 49
1817 44 8 110 121 48 20 72 92 80 79
1817 45 8 1 84 47 87 7 111 5 83
1817 46 8 1 75 8 10 98 114 119 83
1817 47 8 127 120 31 26 15 66 47 21
382 0 8 53 65 1 98 73 100 69 93
382 1 8 18 119 127 5 94 82 15 70
382 2 8 84 80 38 88 47 39 40 93
382 3 8 89 6 31 16 2 124 75 82
382 4 8 106 115 124 104 76 111 85 81
382 5 8 61 125 66 8 13 37 22 9
382 6 8 8 105 83 78 56 30 12 52
382 7 8 112 49 101 3 110 75 51 31
382 8 8 65 116 84 46 121 9 3 44
382 9 8 110 114 9 96 19 117 104 64
382 10 8 56 105 61 98 112 53 30 78
382 11 8 125 61 7 24 49 89 8 37
382 12 8 99 96 15 56 116 97 104 65
382 13 8 19 15 6 28 42 58 23 73
382 14 8 20 17 48 90 100 104 88 86
382 15 8 101 70 85 10 103 18 16 120
382 16 8 73 124 17 39 81 83 45 8
382 17 8 21 42 69 48 19 83 105 55
382 18 8 105 78 83 8 56 52 30 34
382 19 8 49 101 112 3 51 110 75 60
382 20 8 84 65 121 116 46 3 9 103
382 21 8 114 9 110 96 125 49 64 122
382 22 8 53 56 105 61 78 13 98 30
382 23 8 125 61 49 24 7 23 37 89
382 24 8 99 96 15 56 50 65 97 104
382 25 8 58 19 15 28 32 6 23 73
382 26 8 100 17 90 20 48 86 104 88
382 27 8 101 70 85 10 103 127 16 23
382 28 8 81 73 124 17 39 8 45 65
382 29 8 21 42 1 69 48 19 55 18
382 30 8 78 105 8 56 52 83 34 12
382 31 8 112 49 101 75 110 51 60 3
382 32 8 65 121 84 116 46 127 103 44
382 33 8 125 9 110 122 96 114 117 104
382 34 8 105 78 56 53 61 112 98 13
382 35 8 125 24 61 7 49 37 23 89
382 36 8 99 56 96 15 97 65 116 50
382 37 8 58 15 19 28 23 25 6 42
382 38 8 100 17 90 48 20 86 107 8
382 39 8 10 101 70 103 85 61 23 127
382 40 8 81 124 73 17 45 8 105 65
382 41 8 42 21 69 48 19 83 1 18
382 42 8 64 31 32 6 36 56 115 114
382 43 8 77 71 88 45 31 102 43 78
382 44 8 53 73 90 121 0 92 98 107
382 45 8 1 101 27 84 111 22 94 32
382 46 8 11 34 31 75 114 119 38 8
382 47 8 73 125 20 2 101 105 9 63
5338 0 8 21 34 75 50 63 60 87 2
5338 1 8 6 23 58 119 125 88 127 10
5338 2 8 8 54 47 112 93 90 32 87
5338 3 8 93 4 64 16 107 82 38 124
5338 4 8 56 25 124 104 87 48 93 22
5338 5 8 68 82 71 22 34 13 47 30
5338 6 8 8 52 56 30 12 34 112 38
5338 7 8 3 110 75 95 51 31 16 60
5338 8 8 116 36 46 3 35 109 4 101
5338 9 8 65 45 114 96 64 117 122 99
5338 10 8 112 83 113 53 81 80 6 26
5338 11 8 89 67 125 63 82 7 37 115
5338 12 8 118 116 104 97 71 56 7 50
5338 13 8 98 23 21 102 16 73 26 64
5338 14 8 101 64 79 90 8 88 68 121
5338 15 8 33 23 103 87 70 10 18 61
5338 16 8 73 17 81 124 45 7 65 55
5338 17 8 88 69 48 21 126 83 89 61
5338 18 8 12 56 52 30 34 8 79 25
5338 19 8 3 60 95 75 51 110 39 16
5338 20 8 36 35 46 116 127 3 109 101
5338 21 8 114 65 45 117 96 64 92 49
5338 22 8 123 53 112 80 30 83 74 26
5338 23 8 89 67 82 37 107 122 63 127
5338 24 8 104 56 116 118 97 50 9 107
5338 25 8 16 98 23 21 32 73 26 42
5338 26 8 90 8 101 79 64 88 93 111
5338 27 8 10 33 87 103 61 23 70 56
5338 28 8 73 17 124 45 7 55 81 65
5338 29 8 69 88 48 97 1 83 18 126
5338 30 8 34 12 30 56 52 75 8 42
5338 31 8 95 60 3 110 51 39 75 100
5338 32 8 36 116 46 127 109 101 3 35
5338 33 8 65 45 117 114 96 104 49 122
5338 34 8 123 112 53 113 13 74 39 80
5338 35 8 89 67 122 37 63 61 50 8
5338 36 8 116 97 118 9 56 107 24 50
5338 37 8 98 23 102 82 16 42 21 66
5338 38 8 90 101 88 64 8 79 107 75
5338 39 8 87 33 23 13 61 18 10 103
5338 40 8 45 17 73 7 65 105 111 114
5338 41 8 69 11 83 126 48 17 18 53
5338 42 8 37 64 38 32 31 2 8 77
5338 43 8 30 16 58 77 45 56 94 78
5338 44 8 94 73 121 113 53 92 72 11
5338 45 8 94 1 34 85 21 20 5 7
5338 46 8 122 94 38 119 45 97 84 98
5338 47 8 26 114 79 44 94 82 15 127
11 0 8 26 44 59 65 114 93 66 45
11 1 8 23 50 58 113 94 127 80 89
11 2 8 84 87 47 88 54 93 40 53
11 3 8 93 2 82 39 16 38 64 35
11 4 8 124 25 104 47 56 106 48 93
11 5 8 82 68 22 13 12 71 107 51
11 6 8 30 34 8 56 25 12 83 52
11 7 8 3 98 60 28 51 39 75 9
11 8 8 109 127 116 42 59 46 36 35
11 9 8 117 45 65 114 96 10 112 122
11 10 8 83 53 13 123 23 56 108 39
11 11 8 89 67 122 125 82 37 51 0
11 12 8 104 56 9 116 115 97 68 74
11 13 8 16 21 42 32 23 64 82 25
11 14 8 90 20 8 111 0 71 58 17
11 15 8 61 4 23 76 10 18 70 103
11 16 8 73 55 19 105 17 124 81 41
11 17 8 48 69 116 42 97 1 103 21
11 18 8 56 8 30 34 85 74 32 90
11 19 8 98 28 3 60 95 75 115 9
11 20 8 116 127 42 43 109 103 65 35
11 21 8 117 45 111 127 65 102 112 122
11 22 8 83 13 53 123 108 39 98 33
11 23 8 67 122 89 0 29 37 101 51
11 24 8 104 56 9 63 74 115 97 116
11 25 8 32 16 107 76 65 125 23 42
11 26 8 90 8 111 20 0 79 58 17
11 27 8 61 23 10 76 6 103 56 35
11 28 8 73 41 19 124 93 55 105 50
11 29 8 116 103 1 42 69 48 97 127
11 30 8 56 30 74 90 85 34 42 32
11 31 8 60 95 28 100 98 115 19 39
11 32 8 127 109 116 42 43 50 35 36
11 33 8 117 45 111 104 102 25 9 65
11 34 8 13 123 98 105 108 39 61 112
11 35 8 89 122 67 37 0 61 49 90
11 36 8 9 99 116 97 104 107 74 15
11 37 8 15 28 6 23 16 58 42 76
11 38 8 20 48 90 10 17 8 107 88
11 39 8 23 4 61 85 101 3 103 10
11 40 8 124 8 105 73 41 17 45 65
11 41 8 19 69 42 48 72 97 127 102
11 42 8 64 39 32 31 5 93 119 94
11 43 8 45 77 88 102 43 86 40 30
11 44 8 53 121 73 92 0 68 91 79
11 45 8 1 111 84 103 7 34 19 70
11 46 8 114 8 119 4 31 75 67 83
11 47 8 117 73 47 32 9 34 123 63
6529 0 8 77 62 12 41 112 28 67 116
6529 1 8 90 6 114 68 45 8 67 88
6529 2 8 15 73 71 121 76 4 74 120
6529 3 8 24 59 37 43 112 90 40 4
6529 4 8 84 82 5 50 27 54 93 107
6529 5 8 12 115 0 24 56 48 65 52
6529 6 8 70 103 59 90 5 18 94 118
6529 7 8 28 81 55 103 7 19 46 113
6529 8 8 6 94 7 127 49 54 42 68
6529 9 8 112 40 25 88 51 73 12 34
6529 10 8 51 124 37 104 86 41 13 88
6529 11 8 51 0 22 34 114 73 101 122
6529 12 8 103 119 76 114 110 9 29 17
6529 13 8 89 1 57 49 18 62 82 120
6529 14 8 71 0 47 22 31 60 30 25
6529 15 8 46 76 61 77 126 96 18 104
6529 16 8 23 19 115 100 13 109 41 94
6529 17 8 92 116 100 0 118 64 84 23
6529 18 8 103 70 59 90 94 74 32 27
6529 19 8 28 81 115 67 55 103 19 68
6529 20 8 6 94 7 43 127 49 42 68
6529 21 8 40 12 112 25 117 35 51 73
6529 22 8 124 82 23 37 51 2 13 10
6529 23 8 51 73 97 34 42 0 18 114
6529 24 8 103 25 0 119 114 38 115 110
6529 25 8 89 62 18 57 127 1 120 82
6529 26 8 71 60 0 47 30 31 111 87
6529 27 8 61 126 46 76 77 89 104 48
6529 28 8 23 19 44 13 93 60 85 41
6529 29 8 100 92 116 36 46 0 81 103
6529 30 8 103 90 70 59 74 32 118 94
6529 31 8 28 81 115 19 67 103 68 97
6529 32 8 94 6 7 127 68 43 42 20
6529 33 8 40 117 12 112 25 35 102 82
6529 34 8 23 124 82 37 51 71 88 43
6529 35 8 73 51 89 22 34 18 30 9
6529 36 8 25 119 103 0 112 9 29 115
6529 37 8 62 18 57 89 127 76 16 82
6529 38 8 71 73 60 87 0 47 22 90
6529 39 8 126 61 46 20 76 6 77 48
6529 40 8 23 60 109 44 13 41 19 108
6529 41 8 92 36 46 64 103 122 81 116
6529 42 8 86 90 126 77 106 49 24 125
6529 43 8 74 45 102 12 86 49 121 125
6529 44 8 23 99 72 79 13 121 92 91
6529 45 8 1 26 76 103 84 7 87 17
6529 46 8 4 96 1 119 83 51 81 75
6529 47 8 127 15 21 121 26 111 31 82
23783 0 8 112 77 67 23 12 86 41 36
23783 1 8 30 29 101 67 98 39 14 109
23783 2 8 44 115 76 71 23 73 59 126
23783 3 8 12 90 40 92 43 70 27 109
23783 4 8 1 84 27 82 50 5 54 93
23783 5 8 12 0 48 87 117 10 56 65
23783 6 8 103 70 98 90 118 59 108 18
23783 7 8 28 81 55 103 67 115 7 113
23783 8 8 127 7 94 6 20 42 68 43
23783 9 8 112 106 117 40 38 25 51 73
23783 10 8 70 51 88 109 124 95 92 13
23783 11 8 55 34 51 0 122 6 73 89
23783 12 8 103 119 37 114 0 38 17 115
23783 13 8 36 89 18 57 41 62 109 123
23783 14 8 71 0 31 87 60 111 47 90
23783 15 8 76 61 20 126 38 48 89 46
23783 16 8 44 19 60 115 50 77 110 108
23783 17 8 64 116 0 100 46 103 54 118
23783 18 8 103 90 59 118 74 32 30 70
23783 19 8 28 98 81 115 19 39 67 3
23783 20 8 94 43 127 42 20 7 6 68
23783 21 8 117 35 40 25 112 102 12 106
23783 22 8 82 13 70 23 124 88 95 53
23783 23 8 122 89 42 55 0 9 22 73
23783 24 8 0 38 103 25 115 9 114 34
23783 25 8 57 109 18 76 36 41 62 123
23783 26 8 60 71 90 111 47 0 87 8
23783 27 8 61 126 20 60 6 76 54 79
23783 28 8 44 60 108 19 110 41 115 50
23783 29 8 103 46 116 52 15 0 64 100
23783 30 8 118 56 30 103 90 74 32 85
23783 31 8 28 98 100 50 115 60 67 3
23783 32 8 127 20 43 94 42 44 116 68
23783 33 8 117 106 35 102 40 112 12 22
23783 34 8 70 124 23 53 13 108 109 95
23783 35 8 89 42 55 0 122 22 73 97
23783 36 8 0 25 9 103 119 115 26 74
23783 37 8 57 18 41 36 16 76 62 10
23783 38 8 71 60 8 111 47 80 0 52
23783 39 8 61 20 6 60 126 76 18 35
23783 40 8 44 60 108 110 109 45 23 55
23783 41 8 103 36 64 46 122 15 65 54
23783 42 8 24 49 73 125 25 126 90 7
23783 43 8 49 12 121 19 47 45 125 102
23783 44 8 13 99 88 94 45 73 92 110
23783 45 8 58 5 17 87 1 112 46 84
23783 46 8 1 30 29 84 39 105 96 4
23783 47 8 127 82 31 111 11 95 15 52
13 0 8 65 98 43 73 45 72 114 44
13 1 8 38 18 94 127 70 26 80 50
13 2 8 84 88 38 82 40 93 47 87
13 3 8 31 89 6 2 16 124 79 93
13 4 8 124 85 106 76 115 93 48 104
13 5 8 125 66 61 13 22 64 68 126
13 6 8 105 8 30 83 56 52 34 35
13 7 8 3 112 49 98 110 60 51 39
13 8 8 116 127 84 121 35 46 103 42
13 9 8 117 110 9 111 65 10 96 102
13 10 8 61 53 105 127 83 13 112 56
13 11 8 122 89 61 49 37 125 24 82
13 12 8 99 104 9 52 56 97 116 7
13 13 8 15 16 6 42 28 36 64 77
13 14 8 20 48 8 104 90 111 17 11
13 15 8 85 101 61 23 103 70 10 6
13 16 8 124 73 17 8 108 45 65 81
13 17 8 69 42 48 105 103 21 99 53
13 18 8 56 105 34 30 8 52 12 85
13 19 8 3 49 60 51 39 98 50 112
13 20 8 84 116 35 127 121 103 65 46
13 21 8 117 9 110 111 127 122 96 65
13 22 8 13 61 105 53 127 56 112 33
13 23 8 122 89 61 49 24 37 125 23
13 24 8 99 15 56 9 7 104 97 96
13 25 8 58 15 28 6 16 32 26 73
13 26 8 20 90 17 48 8 111 100 11
13 27 8 101 61 85 10 70 103 6 23
13 28 8 73 124 81 8 45 17 65 55
13 29 8 69 42 19 48 103 105 21 1
13 30 8 105 56 8 30 52 34 85 83
13 31 8 49 112 60 110 51 39 100 3
13 32 8 121 65 84 127 44 116 103 46
13 33 8 117 125 9 110 96 111 127 45
13 34 8 105 61 53 56 13 112 78 39
13 35 8 24 61 37 49 125 89 23 122
13 36 8 99 97 15 96 9 56 116 63
13 37 8 15 58 28 6 10 23 25 73
13 38 8 17 20 90 48 8 107 86 34
13 39 8 85 103 61 101 23 6 10 95
13 40 8 45 124 73 8 65 17 81 105
13 41 8 42 69 48 19 1 21 102 18
13 42 8 64 31 32 115 24 36 39 74
13 43 8 77 45 88 43 102 78 104 112
13 44 8 53 73 92 0 121 90 107 98
13 45 8 1 101 27 84 94 13 7 22
13 46 8 11 119 75 102 84 38 97 4
13 47 8 73 57 105 20 86 9 109 63
358 0 8 103 104 49 50 32 78 72 6
358 1 8 9 6 58 95 19 23 77 51
358 2 8 51 122 84 100 2 47 93 25
358 3 8 2 39 4 38 124 37 64 16
358 4 8 56 48 23 104 50 25 124 93
358 5 8 107 82 22 47 68 97 13 75
358 6 8 79 52 8 30 25 42 56 12
358 7 8 110 3 2 31 9 51 39 60
358 8 8 109 36 116 46 3 44 61 86
358 9 8 65 96 1 52 45 49 64 111
358 10 8 35 112 113 53 39 13 8 36
358 11 8 89 67 9 107 125 37 104 115
358 12 8 104 97 50 116 52 71 75 26
358 13 8 98 2 21 16 73 61 23 64
358 14 8 80 79 115 90 88 8 34 75
358 15 8 60 95 8 10 18 120 16 13
358 16 8 45 7 11 55 17 83 65 124
358 17 8 39 52 15 69 46 22 17 13
358 18 8 79 52 8 25 34 30 56 42
358 19 8 110 9 51 60 28 31 39 125
358 20 8 36 46 116 3 44 103 109 127
358 21 8 96 65 45 117 111 49 1 64
358 22 8 35 53 13 112 30 123 18 103
358 23 8 89 107 37 115 79 0 14 43
358 24 8 50 97 116 104 75 42 52 9
358 25 8 2 21 73 98 16 23 76 101
358 26 8 90 8 80 79 88 111 115 34
358 27 8 10 61 120 60 18 95 16 6
358 28 8 7 11 45 83 65 84 80 24
358 29 8 39 17 52 15 18 46 103 22
358 30 8 52 79 25 34 56 85 63 42
358 31 8 110 51 60 31 9 100 28 39
358 32 8 44 36 109 46 3 103 86 116
358 33 8 96 65 1 52 117 45 111 49
358 34 8 35 112 13 53 64 18 113 108
358 35 8 37 115 89 98 8 107 105 67
358 36 8 97 50 116 52 63 26 9 42
358 37 8 2 98 10 76 21 82 16 101
358 38 8 80 79 34 75 88 115 8 107
358 39 8 60 95 13 120 8 61 18 1
358 40 8 45 11 7 65 83 15 55 17
358 41 8 39 52 17 46 106 15 18 103
358 42 8 2 74 125 37 22 123 24 7
358 43 8 56 43 19 12 112 97 77 78
358 44 8 88 45 99 37 0 98 44 121
358 45 8 58 46 92 112 17 22 53 84
358 46 8 84 105 29 39 30 38 22 103
358 47 8 95 35 108 52 111 6 87 59
6099 0 8 77 111 62 126 29 12 21 67
6099 1 8 86 58 78 76 23 45 77 107
6099 2 8 51 9 119 125 14 73 47 15
6099 3 8 25 105 16 38 7 79 90 64
6099 4 8 25 56 47 48 22 91 104 39
6099 5 8 80 82 126 22 34 68 47 78
6099 6 8 79 52 30 8 42 34 85 56
6099 7 8 110 87 51 60 3 31 100 50
6099 8 8 36 46 51 44 116 24 103 3
6099 9 8 65 94 1 96 45 52 49 127
6099 10 8 112 35 13 113 108 39 83 53
6099 11 8 87 115 107 89 67 37 98 105
6099 12 8 104 97 42 116 53 75 50 52
6099 13 8 24 75 98 21 44 64 16 73
6099 14 8 62 28 34 88 8 79 75 115
6099 15 8 95 8 98 18 120 16 103 56
6099 16 8 45 83 73 123 20 75 17 65
6099 17 8 14 85 106 69 97 17 27 103
6099 18 8 52 34 79 8 85 42 30 75
6099 19 8 110 51 87 60 100 39 3 31
6099 20 8 44 36 46 103 116 3 51 127
6099 21 8 96 65 45 94 49 117 1 64
6099 22 8 13 35 112 53 108 18 30 39
6099 23 8 89 115 87 37 107 8 86 67
6099 24 8 97 116 50 104 42 9 75 53
6099 25 8 24 21 75 98 44 73 42 16
6099 26 8 62 8 28 111 90 79 58 88
6099 27 8 61 6 10 56 95 23 16 120
6099 28 8 73 45 123 83 84 20 80 17
6099 29 8 103 69 14 97 85 17 18 1
6099 30 8 34 52 79 56 85 30 25 86
6099 31 8 110 60 51 100 28 9 39 3
6099 32 8 44 36 127 46 103 101 116 43
6099 33 8 96 117 65 111 94 45 49 102
6099 34 8 53 13 112 108 35 113 18 30
6099 35 8 89 115 87 37 67 98 8 0
6099 36 8 97 9 116 53 2 50 52 63
6099 37 8 24 10 75 98 42 21 44 16
6099 38 8 62 8 34 28 88 107 111 115
6099 39 8 61 95 98 103 56 120 23 18
6099 40 8 123 45 73 83 20 65 114 84
6099 41 8 69 85 97 14 48 84 1 103
6099 42 8 75 31 101 2 74 115 65 64
6099 43 8 45 2 77 43 4 81 102 19
6099 44 8 121 73 13 92 98 54 107 80
6099 45 8 1 94 19 84 7 111 103 47
6099 46 8 82 4 119 67 75 102 84 83
6099 47 8 117 32 34 90 95 86 9 27
429 0 8 84 103 61 2 80 111 14 70
429 1 8 58 3 86 83 23 30 76 113
429 2 8 84 122 117 9 100 51 47 50
429 3 8 25 105 38 16 7 90 82 35
429 4 8 47 91 25 48 124 77 56 22
429 5 8 107 82 126 111 80 22 97 34
429 6 8 30 52 79 34 85 42 56 8
429 7 8 60 110 3 51 98 50 100 39
429 8 8 109 127 44 46 103 36 116 3
429 9 8 117 45 65 96 1 127 49 111
429 10 8 108 83 112 13 39 23 113 123
429 11 8 67 115 89 37 98 8 127 82
429 12 8 104 97 68 9 116 63 50 74
429 13 8 21 121 42 98 16 64 73 66
429 14 8 79 8 28 90 58 88 84 73
429 15 8 61 103 56 4 6 23 18 3
429 16 8 55 73 124 20 45 60 119 17
429 17 8 69 97 48 103 116 45 89 13
429 18 8 8 34 56 30 32 59 90 75
429 19 8 60 28 3 98 115 39 9 100
429 20 8 127 109 36 42 116 103 101 46
429 21 8 117 45 111 65 102 96 112 22
429 22 8 13 108 83 123 53 112 80 39
429 23 8 89 67 0 115 47 122 37 36
429 24 8 9 115 74 104 97 34 68 116
429 25 8 21 16 121 98 42 65 64 76
429 26 8 8 79 90 111 58 28 0 39
429 27 8 61 103 6 10 56 23 76 4
429 28 8 73 55 124 19 41 60 84 93
429 29 8 103 97 116 69 48 45 102 47
429 30 8 56 74 90 32 30 85 70 34
429 31 8 28 100 60 98 115 67 19 81
429 32 8 127 109 43 42 44 68 7 101
429 33 8 117 102 111 45 112 12 96 25
429 34 8 123 13 108 18 53 80 45 83
429 35 8 89 67 0 122 115 61 37 98
429 36 8 9 114 99 104 97 119 2 15
429 37 8 16 98 10 76 28 121 6 21
429 38 8 79 8 90 48 28 0 84 20
429 39 8 61 23 103 6 4 85 3 76
429 40 8 124 73 55 105 41 20 45 19
429 41 8 69 48 97 103 19 1 102 127
429 42 8 37 64 101 31 93 119 115 29
429 43 8 45 77 88 102 4 81 43 49
429 44 8 53 73 92 121 91 79 68 98
429 45 8 1 111 84 103 7 127 19 34
429 46 8 119 4 114 8 67 31 75 83
429 47 8 117 34 32 47 73 9 123 63
304 0 8 93 69 107 31 81 16 80 111
304 1 8 60 23 83 3 58 75 91 72
304 2 8 117 68 123 116 100 125 47 65
304 3 8 112 64 106 16 10 38 25 37
304 4 8 102 56 111 50 48 91 47 25
304 5 8 2 82 12 108 126 22 97 74
304 6 8 30 85 52 34 8 43 25 74
304 7 8 72 98 28 39 60 100 3 110
304 8 8 127 28 109 43 42 44 99 113
304 9 8 117 105 65 45 112 96 102 63
304 10 8 123 88 13 83 23 108 53 14
304 11 8 58 67 13 89 115 37 94 0
304 12 8 114 104 69 115 68 9 71 97
304 13 8 121 55 21 64 42 98 77 82
304 14 8 8 90 28 84 58 101 111 0
304 15 8 61 34 4 100 76 3 14 18
304 16 8 121 20 73 55 19 41 43 52
304 17 8 30 45 97 116 103 48 14 47
304 18 8 30 34 90 59 86 8 74 94
304 19 8 28 72 115 98 60 81 67 68
304 20 8 127 28 36 43 7 42 46 109
304 21 8 117 105 65 45 112 102 25 43
304 22 8 123 13 14 88 83 53 108 66
304 23 8 58 0 89 13 47 67 37 115
304 24 8 114 69 9 104 68 34 120 115
304 25 8 55 121 98 82 64 79 77 76
304 26 8 8 111 90 28 101 84 58 0
304 27 8 34 61 100 6 3 4 14 76
304 28 8 121 20 19 73 93 43 41 84
304 29 8 45 30 116 97 103 102 77 14
304 30 8 74 70 59 90 32 85 94 25
304 31 8 28 72 81 100 98 115 19 67
304 32 8 127 28 43 7 42 50 37 99
304 33 8 117 25 105 102 65 12 48 112
304 34 8 123 88 14 13 83 18 45 94
304 35 8 58 13 0 89 47 111 122 115
304 36 8 69 114 120 36 119 9 68 104
304 37 8 79 121 82 55 99 98 10 107
304 38 8 84 101 28 90 0 111 58 88
304 39 8 34 100 3 4 6 61 23 76
304 40 8 121 20 43 41 93 114 124 19
304 41 8 30 45 97 14 102 116 103 127
304 42 8 119 101 93 5 29 65 94 55
304 43 8 45 4 86 102 81 127 6 79
304 44 8 121 71 79 98 92 68 91 54
304 45 8 1 84 111 103 127 70 93 34
304 46 8 67 75 8 4 114 119 31 115
304 47 8 117 34 47 123 55 88 32 66
86870 0 8 64 82 67 112 86 91 3 77
86870 1 8 90 60 68 101 2 71 67 66
86870 2 8 115 41 23 76 71 6 4 5
86870 3 8 24 3 70 106 43 92 85 73
86870 4 8 84 5 93 11 82 27 54 21
86870 5 8 12 115 0 52 63 65 10 87
86870 6 8 70 103 59 5 108 94 18 98
86870 7 8 28 81 55 19 117 103 115 30
86870 8 8 94 43 10 127 50 7 6 37
86870 9 8 25 112 40 68 51 102 7 41
86870 10 8 13 82 124 51 70 88 10 66
86870 11 8 51 100 97 0 94 73 34 122
86870 12 8 103 14 34 110 127 4 119 114
86870 13 8 89 36 112 57 62 49 127 109
86870 14 8 71 15 0 30 53 45 114 31
86870 15 8 76 126 61 6 125 46 58 106
86870 16 8 19 23 115 109 108 100 93 44
86870 17 8 118 0 116 100 92 103 23 26
86870 18 8 103 70 59 94 90 74 32 82
86870 19 8 28 19 81 115 100 98 67 7
86870 20 8 94 43 7 127 68 123 42 10
86870 21 8 25 112 68 40 7 35 117 12
86870 22 8 82 124 13 70 51 2 33 88
86870 23 8 97 73 100 51 42 18 0 34
86870 24 8 103 0 127 25 114 14 34 4
86870 25 8 62 89 57 112 127 123 109 36
86870 26 8 71 15 60 0 111 30 18 24
86870 27 8 126 125 58 76 6 46 20 61
86870 28 8 44 93 19 23 108 13 115 94
86870 29 8 116 100 36 92 0 26 103 118
86870 30 8 103 70 118 74 32 59 94 90
86870 31 8 28 19 81 100 44 67 115 9
86870 32 8 94 43 20 7 123 127 42 50
86870 33 8 7 40 35 117 68 102 25 41
86870 34 8 82 124 70 71 13 88 95 18
86870 35 8 73 97 25 42 94 111 34 100
86870 36 8 0 103 25 119 14 38 34 127
86870 37 8 62 57 36 112 16 123 127 41
86870 38 8 71 60 15 22 0 18 87 111
86870 39 8 126 20 6 76 46 61 51 107
86870 40 8 93 44 108 23 109 77 110 55
86870 41 8 36 118 103 65 64 63 116 0
86870 42 8 25 49 24 90 126 106 64 77
86870 43 8 30 121 45 125 49 56 86 75
86870 44 8 110 11 73 92 121 79 80 98
86870 45 8 1 5 84 47 26 7 83 76
86870 46 8 4 75 119 10 122 45 83 124
86870 47 8 82 127 31 15 21 11 121 90
11 0 8 65 44 26 114 59 0 73 6
11 1 8 50 94 2 124 34 26 18 56
11 2 8 84 88 54 49 65 53 100 111
11 3 8 89 2 3 73 16 6 85 34
11 4 8 25 93 106 85 124 102 48 11
11 5 8 12 125 108 82 42 107 22 66
11 6 8 30 85 34 86 105 8 56 80
11 7 8 50 28 98 100 49 39 60 9
11 8 8 127 43 44 109 84 35 42 116
11 9 8 117 111 102 112 110 65 45 9
11 10 8 13 83 108 88 61 70 53 39
11 11 8 94 61 122 115 49 89 0 67
11 12 8 7 104 115 34 99 97 9 74
11 13 8 16 21 6 2 64 36 10 43
11 14 8 20 111 8 79 48 58 15 90
11 15 8 61 103 6 76 85 60 100 126
11 16 8 108 55 19 124 84 73 60 8
11 17 8 72 103 30 69 48 116 97 53
11 18 8 56 30 34 8 86 74 32 85
11 19 8 50 28 98 100 60 39 115 3
11 20 8 127 84 44 43 116 35 103 101
11 21 8 117 111 102 9 110 65 96 66
11 22 8 13 61 53 105 88 108 18 103
11 23 8 61 94 89 0 115 49 99 24
11 24 8 7 9 99 115 34 15 97 104
11 25 8 16 6 28 2 64 15 21 10
11 26 8 8 111 20 79 48 58 0 90
11 27 8 61 103 60 76 6 85 56 10
11 28 8 55 124 108 15 19 73 41 60
11 29 8 69 103 97 48 116 19 42 17
11 30 8 56 30 86 105 32 74 34 90
11 31 8 50 28 98 115 60 103 67 81
11 32 8 68 127 43 109 44 42 39 121
11 33 8 117 45 112 110 102 111 9 12
11 34 8 108 13 53 105 61 62 45 123
11 35 8 98 24 61 122 115 0 67 49
11 36 8 7 9 99 97 12 119 104 63
11 37 8 16 6 15 21 28 10 76 79
11 38 8 20 8 48 28 0 90 118 107
11 39 8 23 103 61 85 4 76 3 6
11 40 8 124 55 8 73 20 41 105 45
11 41 8 72 69 48 19 97 103 20 112
11 42 8 39 64 101 31 5 29 93 119
11 43 8 45 77 30 88 102 86 40 79
11 44 8 73 53 92 68 91 121 0 72
11 45 8 1 111 84 103 7 127 32 34
11 46 8 4 114 119 8 67 31 75 102
11 47 8 117 32 34 73 9 47 63 66
6529 0 8 77 62 112 12 41 67 28 79
6529 1 8 90 6 8 114 68 67 101 71
6529 2 8 15 71 73 76 121 22 5 74
6529 3 8 24 59 37 43 85 40 112 90
6529 4 8 84 50 82 5 27 21 54 37
6529 5 8 12 115 0 24 87 48 52 65
6529 6 8 70 103 5 59 18 98 111 90
6529 7 8 55 28 81 46 103 7 113 19
6529 8 8 6 94 7 127 43 1 18 68
6529 9 8 40 112 25 51 88 54 73 28
6529 10 8 51 124 37 10 88 104 65 86
6529 11 8 22 51 34 114 73 101 40 0
6529 12 8 103 114 110 115 119 9 0 29
6529 13 8 89 1 49 99 57 18 120 41
6529 14 8 71 47 0 45 87 25 22 31
6529 15 8 61 46 76 104 96 126 20 72
6529 16 8 23 100 60 19 115 109 13 77
6529 17 8 46 84 92 64 0 23 118 116
6529 18 8 103 70 59 90 94 32 74 27
6529 19 8 28 81 115 55 67 46 19 30
6529 20 8 6 7 94 127 49 68 42 43
6529 21 8 40 12 112 51 25 88 120 34
6529 22 8 51 37 23 124 82 65 67 86
6529 23 8 34 51 22 73 42 97 18 114
6529 24 8 103 119 115 0 25 114 110 29
6529 25 8 89 62 18 127 57 1 120 27
6529 26 8 71 60 0 87 47 45 31 25
6529 27 8 61 126 46 104 76 20 77 72
6529 28 8 23 60 44 13 19 93 85 94
6529 29 8 46 92 116 100 36 84 0 23
6529 30 8 70 103 59 90 74 118 32 94
6529 31 8 28 81 103 67 115 68 55 97
6529 32 8 94 6 7 68 20 127 49 43
6529 33 8 40 12 117 51 112 35 25 82
6529 34 8 23 51 124 37 88 41 82 95
6529 35 8 22 51 73 18 34 42 97 0
6529 36 8 119 25 103 0 115 26 9 29
6529 37 8 16 62 18 57 76 64 41 127
6529 38 8 71 60 0 47 80 8 73 87
6529 39 8 60 61 35 126 76 20 18 46
6529 40 8 60 15 44 23 55 108 109 41
6529 41 8 15 46 36 52 64 122 103 117
6529 42 8 7 49 125 90 73 24 86 29
6529 43 8 74 19 12 49 102 45 43 40
6529 44 8 45 88 23 99 13 92 72 79
6529 45 8 1 17 112 46 84 26 76 7
6529 46 8 4 30 81 119 29 39 96 105
6529 47 8 15 127 21 111 121 95 35 52
374 0 8 104 16 120 107 111 53 81 70
374 1 8 107 30 86 34 39 60 53 76
374 2 8 14 87 116 10 9 7 54 67
374 3 8 89 76 13 105 79 38 16 122
374 4 8 0 23 25 74 82 118 29 77
374 5 8 80 107 12 126 102 82 56 24
374 6 8 34 30 110 56 8 74 86 13
374 7 8 50 87 60 98 28 115 3 39
374 8 8 127 64 43 42 68 7 59 103
374 9 8 117 94 112 45 22 111 102 12
374 10 8 108 83 13 14 80 37 103 88
374 11 8 86 122 115 67 22 0 89 98
374 12 8 53 26 9 115 104 12 119 34
374 13 8 44 16 21 75 64 49 1 76
374 14 8 80 8 71 0 47 58 79 111
374 15 8 61 60 76 56 10 18 104 126
374 16 8 60 40 7 41 19 15 52 93
374 17 8 53 52 103 15 116 72 97 30
374 18 8 30 56 8 34 32 90 86 75
374 19 8 28 60 115 87 50 98 3 39
374 20 8 127 64 6 42 43 68 126 7
374 21 8 117 94 112 106 111 22 25 12
374 22 8 13 108 14 80 10 62 53 103
374 23 8 0 89 122 101 86 29 115 51
374 24 8 53 9 115 26 34 104 76 97
374 25 8 44 16 21 75 64 76 65 79
374 26 8 80 8 111 79 0 58 90 39
374 27 8 61 60 76 56 10 35 6 23
374 28 8 60 40 19 15 41 7 18 85
374 29 8 53 103 15 116 52 117 127 97
374 30 8 90 32 30 74 86 75 56 70
374 31 8 28 60 115 67 98 81 97 87
374 32 8 43 68 64 127 7 42 126 39
374 33 8 117 94 112 12 22 45 102 127
374 34 8 108 80 2 83 45 13 14 53
374 35 8 86 0 98 67 115 89 122 34
374 36 8 53 9 32 115 119 76 12 42
374 37 8 44 75 21 76 16 10 65 115
374 38 8 8 80 79 0 58 111 88 52
374 39 8 61 60 35 76 18 56 23 6
374 40 8 40 7 15 60 19 41 18 45
374 41 8 53 103 117 15 52 85 127 113
374 42 8 73 125 37 59 24 7 22 109
374 43 8 81 43 102 49 45 127 4 40
374 44 8 37 54 45 80 92 79 121 72
374 45 8 1 112 84 46 80 7 21 94
374 46 8 82 124 105 39 44 75 84 119
374 47 8 90 32 95 34 35 27 52 117
264 0 8 106 27 50 110 48 0 101 49
264 1 8 99 86 30 76 91 39 116 3
264 2 8 45 14 87 122 7 10 50 52
264 3 8 76 94 26 79 34 97 122 12
264 4 8 0 118 82 77 54 93 29 74
264 5 8 51 105 80 12 102 126 56 95
264 6 8 30 70 34 86 111 59 13 110
264 7 8 28 60 98 81 50 103 115 117
264 8 8 127 2 64 43 7 68 42 39
264 9 8 117 112 94 22 51 45 111 106
264 10 8 108 83 23 2 80 14 13 37
264 11 8 86 67 34 115 9 22 0 106
264 12 8 53 115 9 32 104 68 110 12
264 13 8 44 12 66 64 16 21 113 75
264 14 8 96 105 8 58 0 71 22 111
264 15 8 61 76 3 56 60 46 4 104
264 16 8 51 53 60 40 41 19 4 43
264 17 8 2 66 53 35 116 103 126 23
264 18 8 90 59 70 74 32 94 86 27
264 19 8 28 81 115 67 60 98 68 97
264 20 8 127 2 7 43 6 42 64 68
264 21 8 117 51 112 25 12 68 94 106
264 22 8 80 14 2 51 83 108 13 66
264 23 8 34 0 47 67 89 86 51 101
264 24 8 115 53 32 68 124 9 119 104
264 25 8 12 44 66 113 79 64 21 75
264 26 8 105 96 58 0 8 45 111 87
264 27 8 61 76 56 35 14 6 4 60
264 28 8 51 19 53 43 41 4 60 121
264 29 8 116 66 2 103 35 53 23 127
264 30 8 90 74 59 70 32 94 75 27
264 31 8 28 81 115 67 97 68 60 103
264 32 8 7 43 2 127 68 42 64 117
264 33 8 117 51 112 12 25 22 102 124
264 34 8 2 80 83 51 108 45 104 14
264 35 8 0 34 67 86 47 89 115 50
264 36 8 115 119 32 9 68 124 76 53
264 37 8 12 66 44 65 113 99 64 76
264 38 8 105 0 8 96 58 112 45 111
264 39 8 61 56 35 76 18 3 4 98
264 40 8 51 53 4 41 43 19 40 121
264 41 8 2 66 35 103 117 126 127 23
264 42 8 73 98 102 18 93 109 29 76
264 43 8 81 6 102 45 79 86 87 40
264 44 8 48 20 63 79 121 68 92 72
264 45 8 1 84 80 70 111 34 20 21
264 46 8 4 44 8 75 115 114 119 83
264 47 8 120 36 47 123 88 66 59 9
1616 0 8 12 87 41 2 118 73 22 47
1616 1 8 29 48 116 88 67 95 75 123
1616 2 8 86 59 8 9 54 68 73 126
1616 3 8 26 76 59 77 62 90 16 12
1616 4 8 0 77 22 82 124 54 29 84
1616 5 8 102 126 12 80 34 117 56 82
1616 6 8 30 110 86 61 34 70 90 32
1616 7 8 98 60 28 115 50 34 81 26
1616 8 8 2 127 43 39 42 68 64 7
1616 9 8 117 22 112 51 33 94 102 111
1616 10 8 2 108 83 74 109 80 23 64
1616 11 8 86 9 34 115 0 47 65 98
1616 12 8 32 115 124 104 53 9 118 12
1616 13 8 44 12 64 79 102 24 75 41
1616 14 8 47 8 28 58 111 0 62 86
1616 15 8 61 90 35 76 60 18 56 38
1616 16 8 15 4 53 40 60 29 19 110
1616 17 8 103 52 15 53 116 97 45 115
1616 18 8 30 8 90 56 86 32 74 9
1616 19 8 28 98 60 115 34 50 39 3
1616 20 8 2 127 42 43 64 24 68 126
1616 21 8 117 22 94 111 112 33 43 102
1616 22 8 2 108 74 53 13 62 14 109
1616 23 8 89 0 86 47 79 115 122 101
1616 24 8 115 53 124 104 32 9 68 76
1616 25 8 12 44 21 24 65 75 121 64
1616 26 8 58 47 8 28 0 62 111 39
1616 27 8 61 76 35 56 90 60 10 4
1616 28 8 15 6 19 41 29 18 53 110
1616 29 8 116 115 103 52 85 97 15 69
1616 30 8 90 74 32 75 30 86 56 8
1616 31 8 28 115 98 67 81 103 68 60
1616 32 8 43 2 68 7 127 39 42 46
1616 33 8 117 112 51 12 22 102 33 37
1616 34 8 2 74 109 108 101 83 62 45
1616 35 8 0 16 89 98 8 34 79 67
1616 36 8 124 115 119 76 97 53 32 9
1616 37 8 12 41 24 95 64 21 44 75
1616 38 8 47 0 8 62 111 82 18 101
1616 39 8 90 35 76 18 20 61 103 78
1616 40 8 6 55 110 29 18 15 4 41
1616 41 8 115 112 85 48 69 65 64 49
1616 42 8 66 36 31 75 8 73 59 49
1616 43 8 45 125 86 102 121 43 74 127
1616 44 8 113 73 92 13 110 72 63 80
1616 45 8 1 86 47 84 127 76 103 7
1616 46 8 96 4 45 119 82 83 102 75
1616 47 8 90 127 54 31 11 114 15 27
369 0 8 31 93 69 81 53 70 120 107
369 1 8 124 83 19 62 25 116 46 91
369 2 8 7 117 116 9 10 67 86 50
369 3 8 76 26 10 59 60 12 112 105
369 4 8 0 91 77 111 22 105 82 54
369 5 8 102 111 126 80 34 12 78 2
369 6 8 30 86 110 75 64 85 13 123
369 7 8 98 28 72 34 50 60 103 115
369 8 8 28 43 39 127 51 2 7 68
369 9 8 112 51 48 117 43 22 12 45
369 10 8 83 74 2 108 123 14 23 80
369 11 8 58 47 13 34 0 67 102 86
369 12 8 124 115 68 120 32 69 9 119
369 13 8 121 65 12 55 44 79 64 85
369 14 8 121 28 0 45 58 8 118 27
369 15 8 61 35 103 4 76 96 3 56
369 16 8 15 20 121 19 53 18 43 73
369 17 8 97 45 20 14 109 116 47 113
369 18 8 90 13 70 86 74 32 9 75
369 19 8 28 67 115 81 72 98 68 97
369 20 8 28 7 43 127 68 109 42 24
369 21 8 51 48 112 43 77 12 117 37
369 22 8 74 123 14 101 83 45 120 2
369 23 8 34 47 0 58 70 13 20 101
369 24 8 115 124 120 68 76 119 69 32
369 25 8 121 55 64 85 79 12 65 44
369 26 8 121 28 0 45 58 87 118 27
369 27 8 61 56 4 76 35 115 103 96
369 28 8 19 20 15 121 55 36 18 85
369 29 8 97 116 45 109 14 20 127 48
369 30 8 70 90 74 59 32 75 94 13
369 31 8 28 103 81 115 67 30 68 97
369 32 8 7 28 43 68 109 46 49 61
369 33 8 51 48 112 12 104 43 117 24
369 34 8 123 101 45 74 86 83 14 104
369 35 8 34 0 47 58 13 67 126 101
369 36 8 119 124 115 76 120 68 69 58
369 37 8 121 55 79 85 99 115 64 24
369 38 8 0 121 28 27 118 25 45 84
369 39 8 76 115 4 103 61 35 3 18
369 40 8 20 36 121 55 67 41 43 85
369 41 8 97 14 45 127 20 23 113 48
369 42 8 101 65 93 29 36 7 119 5
369 43 8 45 79 4 102 117 86 40 38
369 44 8 71 92 68 121 91 54 113 98
369 45 8 1 84 103 111 127 34 7 21
369 46 8 67 4 8 119 114 75 31 83
369 47 8 117 34 32 9 59 47 66 63
279 0 8 106 57 101 127 110 103 71 66
279 1 8 48 62 25 9 75 46 91 56
279 2 8 90 7 122 68 123 67 15 10
279 3 8 10 60 59 26 12 39 122 123
279 4 8 63 111 82 77 40 54 29 105
279 5 8 51 102 105 12 56 70 2 49
279 6 8 70 123 86 90 110 94 59 30
279 7 8 28 81 103 72 115 117 30 2
279 8 8 28 43 109 7 61 2 99 68
279 9 8 112 51 48 32 88 12 43 30
279 10 8 123 101 23 83 13 103 14 85
279 11 8 109 47 34 13 0 58 102 116
279 12 8 124 115 119 68 47 120 76 110
279 13 8 66 55 113 65 99 12 49 2
279 14 8 16 121 0 105 118 58 45 71
279 15 8 76 61 35 103 4 115 96 90
279 16 8 119 12 55 19 11 43 41 15
279 17 8 2 35 66 116 20 109 113 45
279 18 8 70 90 86 59 32 94 74 27
279 19 8 28 81 115 67 103 30 97 68
279 20 8 7 49 43 28 46 68 42 109
279 21 8 112 12 30 48 25 51 62 32
279 22 8 45 123 101 83 103 66 37 86
279 23 8 47 34 126 109 0 101 13 87
279 24 8 119 115 76 68 124 120 110 69
279 25 8 66 55 89 107 115 113 99 27
279 26 8 0 16 118 105 25 101 45 30
279 27 8 115 76 103 34 4 61 56 35
279 28 8 119 55 19 12 85 36 41 43
279 29 8 116 35 2 66 127 23 45 20
279 30 8 70 59 74 90 32 94 75 86
279 31 8 28 81 103 115 30 67 68 2
279 32 8 7 28 49 43 61 109 68 37
279 33 8 32 112 48 51 12 25 104 49
279 34 8 103 123 101 45 14 65 86 85
279 35 8 109 34 47 0 13 116 126 87
279 36 8 119 115 120 68 114 124 69 76
279 37 8 66 55 113 99 107 2 115 49
279 38 8 105 16 0 118 84 58 96 101
279 39 8 115 34 4 76 72 3 98 57
279 40 8 119 12 43 41 36 55 67 19
279 41 8 2 66 35 20 127 23 116 113
279 42 8 27 102 18 29 93 5 36 94
279 43 8 45 29 79 6 86 102 40 65
279 44 8 68 48 92 121 20 91 72 79
279 45 8 1 111 84 70 58 34 7 21
279 46 8 4 8 119 114 115 75 83 31
279 47 8 36 120 47 123 59 66 88 9
1614 0 8 112 83 23 28 79 36 86 105
1614 1 8 48 29 68 16 90 101 88 67
1614 2 8 44 23 76 126 71 59 41 100
1614 3 8 70 90 92 24 60 3 73 85
1614 4 8 5 27 84 82 50 93 37 38
1614 5 8 12 10 87 115 56 75 95 63
1614 6 8 70 103 118 59 90 94 5 74
1614 7 8 28 81 2 115 103 55 19 6
1614 8 8 20 43 7 127 61 94 37 42
1614 9 8 112 25 51 32 66 40 12 102
1614 10 8 95 103 109 35 41 85 13 86
1614 11 8 0 42 22 34 116 51 16 101
1614 12 8 115 26 0 119 101 14 103 124
1614 13 8 57 2 41 123 109 99 125 89
1614 14 8 60 0 16 102 45 71 30 27
1614 15 8 76 20 61 111 18 126 35 90
1614 16 8 19 108 11 110 41 77 84 55
1614 17 8 116 0 64 46 103 23 102 100
1614 18 8 70 103 74 59 90 94 86 32
1614 19 8 28 115 81 98 19 2 67 39
1614 20 8 94 43 20 42 7 46 127 37
1614 21 8 112 25 35 12 40 102 68 113
1614 22 8 95 109 103 41 82 13 124 62
1614 23 8 42 22 0 97 116 16 34 55
1614 24 8 0 14 25 119 103 124 32 115
1614 25 8 57 41 123 112 109 18 27 20
1614 26 8 60 0 102 71 30 111 16 7
1614 27 8 76 58 20 31 35 126 46 61
1614 28 8 19 110 11 108 41 93 44 94
1614 29 8 116 64 0 46 100 52 54 92
1614 30 8 74 90 118 32 59 70 94 103
1614 31 8 28 115 2 81 103 67 98 19
1614 32 8 20 43 42 7 37 46 124 126
1614 33 8 112 35 12 32 117 40 25 51
1614 34 8 103 35 95 109 45 41 86 124
1614 35 8 42 97 0 22 16 116 34 79
1614 36 8 119 0 26 25 101 115 58 76
1614 37 8 2 57 41 18 115 123 16 77
1614 38 8 60 102 0 111 7 52 71 16
1614 39 8 76 20 90 35 18 61 60 126
1614 40 8 108 110 11 44 55 15 29 123
1614 41 8 36 17 52 122 54 64 85 15
1614 42 8 49 90 74 125 75 7 24 109
1614 43 8 56 27 45 99 121 19 2 102
1614 44 8 23 11 13 72 92 79 80 88
1614 45 8 1 47 76 86 5 7 84 26
1614 46 8 96 4 29 84 17 83 102 119
1614 47 8 121 54 11 114 82 127 0 67
311 0 8 11 120 81 93 84 31 70 83
311 1 8 123 19 83 41 116 14 76 77
311 2 8 117 14 116 9 10 51 100 67
311 3 8 105 91 13 89 59 26 7 120
311 4 8 91 0 105 23 77 22 74 82
311 5 8 34 12 102 107 111 80 126 117
311 6 8 123 86 110 30 79 90 59 70
311 7 8 28 115 103 50 34 87 98 117
311 8 8 39 43 28 2 64 51 127 61
311 9 8 112 51 48 43 117 22 12 73
311 10 8 83 74 35 2 23 101 62 108
311 11 8 47 86 58 34 0 9 71 13
311 12 8 115 124 68 53 32 76 119 58
311 13 8 2 121 65 44 75 12 99 64
311 14 8 80 28 58 0 27 118 45 55
311 15 8 61 35 60 76 90 56 96 4
311 16 8 15 11 19 18 121 79 52 41
311 17 8 15 52 97 109 116 113 47 20
311 18 8 70 90 75 59 94 86 74 32
311 19 8 28 115 81 67 68 30 97 103
311 20 8 7 68 43 46 127 6 28 49
311 21 8 51 112 77 12 25 37 43 49
311 22 8 101 35 74 37 51 83 45 2
311 23 8 47 34 0 101 71 126 70 86
311 24 8 115 76 124 68 119 53 110 100
311 25 8 44 121 75 65 89 64 2 21
311 26 8 80 58 0 45 27 28 118 99
311 27 8 56 60 61 35 76 4 115 90
311 28 8 15 11 19 18 85 79 41 36
311 29 8 52 116 15 109 23 83 97 127
311 30 8 70 90 59 75 74 32 94 79
311 31 8 28 103 115 81 67 30 68 122
311 32 8 7 46 68 14 109 43 49 39
311 33 8 51 12 112 77 49 52 37 73
311 34 8 101 74 35 86 51 83 45 65
311 35 8 34 71 67 0 101 126 47 58
311 36 8 115 119 76 124 100 53 58 110
311 37 8 2 75 44 21 65 64 121 79
311 38 8 0 27 80 58 79 25 6 45
311 39 8 60 35 76 56 18 61 78 90
311 40 8 15 11 7 18 36 67 41 121
311 41 8 52 15 17 127 117 46 45 23
311 42 8 109 7 37 74 65 125 29 21
311 43 8 19 43 45 12 102 86 40 127
311 44 8 45 88 113 72 0 63 91 79
311 45 8 1 84 46 112 17 34 119 85
311 46 8 29 4 105 39 30 102 84 119
311 47 8 52 59 35 108 95 111 9 6
5244 0 8 116 62 126 12 29 124 112 79
5244 1 8 123 78 107 114 76 116 91 101
5244 2 8 119 15 73 71 67 22 62 52
5244 3 8 7 120 105 26 122 91 11 59
5244 4 8 82 39 74 105 116 91 22 21
5244 5 8 12 80 117 78 56 48 116 65
5244 6 8 70 123 79 18 59 90 61 110
5244 7 8 103 28 87 81 115 46 73 30
5244 8 8 24 51 6 39 46 49 7 68
5244 9 8 51 112 113 52 88 73 94 37
5244 10 8 101 62 37 35 120 51 74 95
5244 11 8 34 71 87 0 101 47 16 2
5244 12 8 115 76 101 119 25 100 124 58
5244 13 8 24 85 65 89 75 115 64 44
5244 14 8 0 62 58 6 45 28 99 87
5244 15 8 35 56 98 90 76 55 115 61
5244 16 8 79 29 18 123 19 115 83 77
5244 17 8 84 14 97 65 117 109 0 116
5244 18 8 90 75 59 70 94 74 110 32
5244 19 8 28 115 103 67 81 87 68 93
5244 20 8 6 24 68 46 51 7 43 49
5244 21 8 51 112 12 113 77 73 37 49
5244 22 8 37 120 101 95 51 86 35 62
5244 23 8 97 71 16 34 114 101 0 87
5244 24 8 115 76 101 124 25 119 53 110
5244 25 8 24 89 123 109 18 75 121 115
5244 26 8 62 0 87 99 28 18 58 6
5244 27 8 56 98 61 115 31 90 35 20
5244 28 8 123 29 79 85 18 115 19 20
5244 29 8 84 116 14 97 65 117 0 85
5244 30 8 90 75 74 79 32 94 59 123
5244 31 8 103 28 115 110 67 68 87 34
5244 32 8 24 51 68 46 39 7 49 126
5244 33 8 51 112 77 12 52 73 49 94
5244 34 8 101 120 37 95 86 51 45 74
5244 35 8 71 97 16 87 34 0 101 126
5244 36 8 115 76 101 119 100 124 53 110
5244 37 8 24 49 89 85 95 75 44 64
5244 38 8 62 0 6 111 82 52 99 58
5244 39 8 98 56 18 61 57 76 91 115
5244 40 8 123 29 36 18 79 85 83 115
5244 41 8 84 14 53 85 0 117 20 97
5244 42 8 28 109 65 75 36 55 8 5
5244 43 8 2 45 81 86 74 102 79 42
5244 44 8 13 54 72 80 92 113 121 63
5244 45 8 1 47 127 34 84 83 119 7
5244 46 8 4 74 45 96 102 10 44 67
5244 47 8 54 90 27 11 127 31 32 114
389 0 8 81 69 61 31 120 93 53 92
389 1 8 83 39 91 76 46 123 116 20
389 2 8 117 15 119 68 116 9 73 67
389 3 8 7 120 105 26 90 59 91 1
389 4 8 91 82 39 105 77 63 34 74
389 5 8 12 111 80 78 117 49 116 90
389 6 8 70 123 59 10 79 90 110 75
389 7 8 103 28 72 81 115 34 46 30
389 8 8 51 28 39 7 46 49 68 27
389 9 8 51 112 48 52 105 88 73 77
389 10 8 101 23 83 74 62 86 51 35
389 11 8 34 47 71 58 13 87 10 110
389 12 8 115 76 47 119 69 120 68 124
389 13 8 85 121 24 99 55 65 31 89
389 14 8 19 45 27 0 118 28 87 58
389 15 8 115 56 61 112 100 35 76 90
389 16 8 20 121 79 18 43 19 123 36
389 17 8 14 97 109 61 126 116 83 51
389 18 8 70 75 59 98 90 94 79 74
389 19 8 28 115 81 103 67 30 113 68
389 20 8 28 51 46 7 14 24 49 68
389 21 8 51 48 77 105 112 12 75 30
389 22 8 101 74 14 51 120 22 86 37
389 23 8 34 71 47 110 13 58 10 87
389 24 8 115 47 76 120 69 110 119 124
389 25 8 85 121 24 55 89 31 42 107
389 26 8 19 45 28 27 118 58 0 87
389 27 8 115 56 4 61 81 90 100 112
389 28 8 121 20 85 36 18 19 79 43
389 29 8 126 14 97 83 109 116 61 20
389 30 8 70 13 59 75 90 94 74 19
389 31 8 28 103 72 30 81 113 115 68
389 32 8 28 7 37 14 46 49 51 68
389 33 8 51 48 49 12 77 30 105 112
389 34 8 101 74 86 51 14 100 83 45
389 35 8 34 71 58 47 13 0 87 126
389 36 8 115 119 76 120 69 47 68 100
389 37 8 85 121 55 107 42 24 65 64
389 38 8 19 28 0 118 58 45 84 25
389 39 8 56 115 100 53 18 4 98 35
389 40 8 121 20 36 67 85 43 18 41
389 41 8 14 61 97 117 45 20 23 127
389 42 8 109 65 29 101 5 93 9 55
389 43 8 45 65 79 4 6 86 81 40
389 44 8 71 54 72 68 121 20 91 92
389 45 8 1 103 127 84 34 111 80 85
389 46 8 67 4 44 102 31 8 114 119
389 47 8 117 34 59 32 66 27 9 47
2155 0 8 50 34 67 77 41 51 68 17
2155 1 8 75 99 16 60 76 116 91 114
2155 2 8 8 90 69 70 15 50 121 63
2155 3 8 77 97 90 122 62 10 106 59
2155 4 8 87 105 22 77 82 111 102 10
2155 5 8 54 105 12 122 117 70 116 56
2155 6 8 70 123 75 59 61 55 13 90
2155 7 8 103 28 81 72 115 6 30 67
2155 8 8 14 39 49 4 7 68 28 46
2155 9 8 51 104 48 112 105 30 88 73
2155 10 8 45 101 86 110 23 62 123 83
2155 11 8 50 71 47 34 116 58 2 0
2155 12 8 76 118 115 119 100 68 47 120
2155 13 8 102 113 85 55 64 115 125 65
2155 14 8 96 118 58 0 25 45 30 6
2155 15 8 56 115 98 35 100 57 61 76
2155 16 8 51 36 79 43 19 111 123 67
2155 17 8 126 2 35 20 117 109 47 113
2155 18 8 90 59 94 70 75 123 86 74
2155 19 8 28 103 81 67 115 34 30 68
2155 20 8 14 7 49 46 39 68 28 43
2155 21 8 48 112 12 30 33 105 104 73
2155 22 8 45 101 110 120 86 37 123 40
2155 23 8 71 47 50 34 101 116 126 20
2155 24 8 115 76 118 69 119 100 68 110
2155 25 8 102 55 85 113 64 66 115 79
2155 26 8 96 45 0 58 118 82 87 25
2155 27 8 115 56 37 4 98 100 90 61
2155 28 8 51 85 36 111 43 115 18 79
2155 29 8 126 2 35 116 23 109 83 61
2155 30 8 70 59 13 90 75 94 74 32
2155 31 8 28 81 103 30 115 68 67 113
2155 32 8 7 14 49 37 4 28 46 68
2155 33 8 51 48 105 33 77 49 12 30
2155 34 8 86 101 45 110 123 70 100 33
2155 35 8 34 50 116 71 47 0 101 94
2155 36 8 119 115 118 76 68 110 69 49
2155 37 8 85 102 113 66 107 99 42 64
2155 38 8 82 96 0 45 118 64 84 25
2155 39 8 37 100 56 98 115 57 87 113
2155 40 8 51 67 111 85 36 43 41 115
2155 41 8 126 23 35 2 66 127 28 61
2155 42 8 29 98 102 109 9 46 18 5
2155 43 8 16 86 45 79 6 117 102 40
2155 44 8 72 68 48 20 91 121 92 61
2155 45 8 1 103 34 84 111 66 70 7
2155 46 8 4 8 102 114 119 31 83 75
2155 47 8 26 59 103 66 47 36 123 88
5479 0 8 41 30 87 112 23 28 79 124
5479 1 8 85 16 29 114 68 67 101 89
5479 2 8 67 76 115 69 68 126 59 85
5479 3 8 77 5 92 62 70 79 121 40
5479 4 8 10 27 82 84 102 77 105 87
5479 5 8 12 54 48 71 56 122 117 65
5479 6 8 70 59 90 86 94 61 74 123
5479 7 8 103 28 81 115 30 111 67 117
5479 8 8 14 7 49 43 46 20 68 88
5479 9 8 51 112 30 105 88 104 49 12
5479 10 8 45 86 95 109 110 100 70 101
5479 11 8 34 16 116 2 0 101 122 126
5479 12 8 76 119 38 121 115 25 101 110
5479 13 8 85 109 123 115 41 36 99 102
5479 14 8 0 18 25 45 30 6 52 76
5479 15 8 56 20 107 57 76 90 31 37
5479 16 8 6 77 67 79 29 36 19 110
5479 17 8 0 64 65 126 115 91 63 47
5479 18 8 70 59 94 90 19 32 86 75
5479 19 8 28 103 81 30 115 97 111 68
5479 20 8 49 14 7 46 68 20 43 27
5479 21 8 30 12 112 105 51 49 40 104
5479 22 8 45 95 109 22 86 100 110 70
5479 23 8 97 34 116 42 16 101 114 64
5479 24 8 38 76 115 119 0 110 103 49
5479 25 8 123 109 36 85 57 41 89 115
5479 26 8 18 0 60 30 25 64 45 47
5479 27 8 37 20 107 90 56 57 61 31
5479 28 8 6 29 85 77 110 36 19 114
5479 29 8 65 64 0 115 116 63 105 126
5479 30 8 118 74 90 70 59 75 94 32
5479 31 8 103 28 115 68 30 97 34 110
5479 32 8 14 20 27 49 46 7 68 43
5479 33 8 51 112 104 49 35 77 12 40
5479 34 8 95 109 86 70 45 110 124 101
5479 35 8 97 42 116 16 64 126 34 114
5479 36 8 76 38 119 0 115 58 25 101
5479 37 8 36 123 85 41 109 57 115 125
5479 38 8 0 18 47 60 52 111 6 25
5479 39 8 20 90 107 37 76 35 18 56
5479 40 8 6 29 77 110 44 85 114 36
5479 41 8 115 64 0 65 63 85 36 54
5479 42 8 25 49 59 75 8 90 109 126
5479 43 8 125 45 18 121 27 86 8 69
5479 44 8 72 13 110 19 34 42 113 11
5479 45 8 1 86 51 76 119 7 34 31
5479 46 8 96 4 102 21 83 62 33 119
5479 47 8 94 11 114 54 12 67 51 0
315 0 8 68 107 31 69 81 0 93 53
315 1 8 85 75 83 29 16 89 46 56
315 2 8 67 123 117 69 115 68 59 8
315 3 8 10 77 5 121 62 26 122 106
315 4 8 111 91 10 105 77 102 87 82
315 5 8 111 54 12 102 56 117 71 70
315 6 8 70 14 61 59 123 86 75 110
315 7 8 103 28 81 72 115 111 30 73
315 8 8 28 14 46 51 39 7 49 43
315 9 8 51 105 48 112 43 77 30 104
315 10 8 23 45 22 101 86 110 123 0
315 11 8 102 34 13 47 10 2 31 117
315 12 8 120 115 47 119 76 25 18 68
315 13 8 85 55 121 36 74 99 126 52
315 14 8 84 45 19 118 0 87 96 28
315 15 8 115 56 100 57 34 50 112 90
315 16 8 43 79 20 121 19 67 6 85
315 17 8 97 14 109 61 115 126 116 54
315 18 8 70 59 94 75 86 90 32 98
315 19 8 28 81 115 30 103 67 68 72
315 20 8 28 14 7 49 46 51 37 10
315 21 8 51 48 77 105 43 30 49 12
315 22 8 22 14 123 101 51 45 86 122
315 23 8 102 13 34 47 10 50 101 64
315 24 8 115 120 69 47 76 119 68 110
315 25 8 85 55 121 107 89 36 79 102
315 26 8 84 45 118 0 28 87 101 25
315 27 8 115 34 4 61 100 50 56 57
315 28 8 20 121 67 85 43 36 115 79
315 29 8 97 14 116 61 126 115 45 23
315 30 8 70 59 13 90 74 75 98 32
315 31 8 28 81 30 103 115 72 113 124
315 32 8 28 7 37 49 14 46 31 43
315 33 8 51 48 30 77 105 43 12 49
315 34 8 123 14 101 45 86 51 22 104
315 35 8 102 34 47 13 10 64 0 126
315 36 8 119 120 115 68 69 47 76 36
315 37 8 85 55 121 107 99 79 64 42
315 38 8 84 118 28 0 45 25 101 58
315 39 8 115 34 4 100 98 76 113 37
315 40 8 20 121 67 36 43 85 41 115
315 41 8 97 14 61 45 23 127 20 113
315 42 8 41 29 101 65 5 93 109 46
315 43 8 45 4 79 86 117 40 65 6
315 44 8 68 71 121 72 92 54 21 91
315 45 8 1 127 34 84 85 111 7 21
315 46 8 67 4 102 119 31 8 83 114
315 47 8 117 34 32 99 55 79 27 59
279 0 8 106 57 127 101 110 14 103 71
279 1 8 48 75 85 103 16 39 91 9
279 2 8 90 92 123 67 68 122 16 126
279 3 8 12 10 5 127 122 109 32 94
279 4 8 63 82 111 38 84 93 54 14
279 5 8 51 12 105 8 74 9 64 6
279 6 8 70 59 90 94 18 74 111 32
279 7 8 81 28 115 30 103 9 118 56
279 8 8 7 43 28 38 127 42 49 88
279 9 8 112 12 25 51 30 32 10 68
279 10 8 86 13 45 69 98 37 78 103
279 11 8 109 34 0 51 125 7 100 21
279 12 8 115 119 110 74 9 68 4 50
279 13 8 65 66 99 89 42 127 124 113
279 14 8 0 58 16 71 118 52 84 25
279 15 8 76 3 18 4 35 56 61 96
279 16 8 19 41 119 85 52 84 67 80
279 17 8 35 116 66 127 2 117 102 92
279 18 8 90 70 59 74 32 94 86 27
279 19 8 28 81 115 103 67 97 30 68
279 20 8 7 43 49 46 14 42 68 28
279 21 8 112 12 25 83 104 30 88 68
279 22 8 45 83 119 101 51 33 62 123
279 23 8 67 0 126 122 101 34 78 29
279 24 8 76 58 119 115 43 74 124 110
279 25 8 99 115 89 107 27 125 65 66
279 26 8 0 25 118 30 52 58 111 39
279 27 8 76 35 56 57 115 37 104 71
279 28 8 19 41 85 36 67 114 119 101
279 29 8 72 116 127 91 117 23 35 2
279 30 8 70 90 74 59 94 32 27 75
279 31 8 28 81 103 97 30 115 42 67
279 32 8 7 49 9 43 28 126 68 46
279 33 8 12 112 32 104 83 88 23 117
279 34 8 86 45 101 33 80 103 37 65
279 35 8 109 4 34 102 126 0 20 33
279 36 8 119 92 115 22 69 124 125 110
279 37 8 20 66 113 85 125 49 89 31
279 38 8 16 105 84 118 0 96 101 25
279 39 8 34 115 4 100 98 76 104 57
279 40 8 119 12 43 115 67 41 51 85
279 41 8 2 35 66 61 23 127 126 28
279 42 8 102 27 29 93 41 18 5 38
279 43 8 45 29 79 86 6 65 40 117
279 44 8 68 48 121 21 91 92 20 72
279 45 8 1 111 84 70 66 34 20 7
279 46 8 4 8 114 31 102 119 83 115
279 47 8 36 120 47 59 123 66 88 9
1946 0 8 97 112 79 125 28 36 62 83
1946 1 8 48 16 29 101 68 88 85 90
1946 2 8 44 23 76 71 6 15 68 126
1946 3 8 40 70 77 92 121 90 93 3
1946 4 8 82 27 10 5 102 84 54 37
1946 5 8 12 87 10 117 108 115 56 48
1946 6 8 70 59 118 111 90 86 43 5
1946 7 8 103 28 81 124 55 115 6 30
1946 8 8 20 7 43 46 14 37 49 4
1946 9 8 30 51 112 41 32 25 77 12
1946 10 8 95 86 41 103 109 45 13 110
1946 11 8 116 42 64 0 34 94 126 2
1946 12 8 119 103 0 76 110 38 101 115
1946 13 8 85 57 41 109 123 99 42 115
1946 14 8 0 18 16 25 60 64 45 46
1946 15 8 20 107 76 31 18 46 54 96
1946 16 8 6 77 19 67 85 108 13 41
1946 17 8 0 64 63 116 65 30 109 91
1946 18 8 70 90 59 94 74 86 32 43
1946 19 8 28 81 115 103 30 55 68 2
1946 20 8 7 20 46 49 37 14 43 4
1946 21 8 30 112 77 41 25 51 12 40
1946 22 8 41 109 103 95 86 45 40 13
1946 23 8 97 42 116 64 94 34 101 126
1946 24 8 103 0 115 119 38 36 25 76
1946 25 8 85 57 109 89 41 123 27 127
1946 26 8 60 64 0 18 16 87 25 45
1946 27 8 46 54 107 20 37 31 57 61
1946 28 8 6 44 13 77 110 85 108 23
1946 29 8 0 63 92 64 65 116 30 23
1946 30 8 70 59 74 118 90 94 19 32
1946 31 8 28 103 81 30 115 55 2 124
1946 32 8 7 37 20 49 14 46 4 27
1946 33 8 51 41 77 40 32 30 12 112
1946 34 8 41 86 95 103 124 45 109 65
1946 35 8 116 97 42 64 34 94 22 0
1946 36 8 119 103 115 38 0 25 101 26
1946 37 8 85 109 123 57 41 127 115 18
1946 38 8 18 0 60 64 25 111 47 102
1946 39 8 46 107 90 76 20 18 35 57
1946 40 8 6 29 77 44 23 110 13 108
1946 41 8 0 65 63 64 23 115 84 113
1946 42 8 90 126 49 75 20 29 109 86
1946 43 8 45 47 125 86 79 102 117 121
1946 44 8 110 23 80 121 72 92 21 91
1946 45 8 1 83 47 84 76 34 26 111
1946 46 8 4 10 1 119 8 96 102 114
1946 47 8 127 15 121 21 31 11 26 9
979 0 8 120 13 2 69 93 61 31 80
979 1 8 83 53 58 26 76 104 41 39
979 2 8 116 117 122 65 9 15 10 68
979 3 8 64 89 106 26 10 12 1 59
979 4 8 102 91 79 76 105 82 47 111
979 5 8 125 111 12 108 30 82 2 70
979 6 8 123 10 19 70 110 75 94 30
979 7 8 95 103 72 28 34 81 115 20
979 8 8 27 109 39 14 49 8 43 68
979 9 8 112 43 104 51 88 37 117 73
979 10 8 123 101 45 62 86 23 83 70
979 11 8 58 34 71 47 86 13 26 0
979 12 8 69 76 120 115 124 36 100 58
979 13 8 79 55 121 64 95 6 85 115
979 14 8 28 79 58 118 0 101 6 25
979 15 8 34 35 56 90 76 98 61 103
979 16 8 15 20 79 55 18 83 19 124
979 17 8 45 97 15 69 113 117 17 72
979 18 8 86 70 90 13 94 75 123 110
979 19 8 28 72 115 81 103 95 34 67
979 20 8 27 109 46 28 14 39 7 43
979 21 8 43 77 51 112 48 12 105 62
979 22 8 123 101 45 74 120 86 22 14
979 23 8 58 47 34 71 13 126 0 101
979 24 8 69 115 76 120 124 68 36 119
979 25 8 79 121 85 55 95 64 115 6
979 26 8 28 79 101 58 118 45 0 87
979 27 8 34 90 4 56 35 76 115 100
979 28 8 15 20 55 85 18 114 19 79
979 29 8 45 97 116 15 52 69 85 23
979 30 8 70 74 90 59 13 79 75 19
979 31 8 28 103 81 115 30 95 68 67
979 32 8 7 46 109 37 49 14 43 39
979 33 8 43 77 51 112 12 49 104 52
979 34 8 123 101 40 74 45 86 65 35
979 35 8 58 34 47 111 0 126 71 122
979 36 8 119 36 124 76 115 120 68 100
979 37 8 85 79 121 115 64 21 55 99
979 38 8 0 79 58 7 28 101 45 118
979 39 8 34 76 60 78 18 103 35 90
979 40 8 15 55 67 36 20 7 85 18
979 41 8 45 69 52 15 17 48 113 127
979 42 8 37 7 74 29 59 101 109 65
979 43 8 19 45 43 4 86 102 40 127
979 44 8 45 73 37 92 121 91 79 72
979 45 8 1 84 46 112 17 34 7 85
979 46 8 4 39 105 82 83 119 75 84
979 47 8 52 95 35 59 108 32 34 117
8692 0 8 27 3 112 67 77 62 86 105
8692 1 8 78 114 76 90 68 123 88 75
8692 2 8 44 119 23 73 15 71 62 66
8692 3 8 7 120 11 12 106 90 65 3
8692 4 8 82 91 39 105 37 84 116 10
8692 5 8 108 117 12 70 56 47 111 30
8692 6 8 70 59 79 19 94 90 61 86
8692 7 8 28 103 87 115 81 63 117 72
8692 8 8 24 51 43 6 7 37 46 27
8692 9 8 112 51 43 77 62 52 48 73
8692 10 8 40 120 101 23 35 95 74 123
8692 11 8 71 111 87 47 34 0 16 94
8692 12 8 36 120 119 124 115 76 68 25
8692 13 8 24 79 85 121 55 64 115 99
8692 14 8 62 0 7 28 118 58 45 6
8692 15 8 115 76 35 4 98 96 56 113
8692 16 8 20 123 19 67 23 43 114 121
8692 17 8 84 14 97 116 109 113 47 45
8692 18 8 70 94 86 59 90 74 32 79
8692 19 8 28 81 115 103 98 30 68 67
8692 20 8 24 7 51 6 43 46 49 37
8692 21 8 112 48 43 51 62 77 12 118
8692 22 8 40 120 101 45 41 123 74 95
8692 23 8 71 87 111 47 0 34 126 68
8692 24 8 36 76 124 120 119 115 68 101
8692 25 8 55 85 24 79 115 121 49 64
8692 26 8 62 28 7 0 118 58 45 101
8692 27 8 115 4 98 56 76 35 34 31
8692 28 8 20 123 114 67 43 85 36 121
8692 29 8 84 97 14 116 20 109 113 91
8692 30 8 70 74 59 32 19 90 13 94
8692 31 8 28 81 103 30 115 97 68 67
8692 32 8 7 51 24 49 37 14 46 43
8692 33 8 77 48 30 51 49 62 112 12
8692 34 8 120 40 101 45 37 107 86 74
8692 35 8 71 87 111 34 47 0 97 126
8692 36 8 36 119 120 124 76 68 100 115
8692 37 8 24 49 55 85 121 107 99 115
8692 38 8 62 118 28 19 0 25 58 96
8692 39 8 115 98 4 113 76 57 53 104
8692 40 8 123 20 36 67 121 43 85 23
8692 41 8 84 14 97 20 113 127 0 23
8692 42 8 28 65 101 5 93 29 46 32
8692 43 8 4 45 79 40 117 87 81 86
8692 44 8 13 71 121 54 68 92 72 21
8692 45 8 1 84 111 103 34 127 66 85
8692 46 8 67 8 4 114 31 75 45 102
8692 47 8 117 34 32 66 47 9 123 59
1817 0 8 34 106 63 120 61 71 50 21
1817 1 8 9 91 85 105 53 14 104 75
1817 2 8 8 90 122 100 69 54 126 62
1817 3 8 94 11 7 120 10 12 90 65
1817 4 8 105 87 39 111 4 82 40 102
1817 5 8 105 54 108 12 70 111 30 71
1817 6 8 59 70 19 13 90 86 9 94
1817 7 8 103 28 81 72 30 115 69 117
1817 8 8 24 14 49 7 28 39 27 43
1817 9 8 30 48 112 62 43 104 51 105
1817 10 8 45 40 101 123 86 23 110 120
1817 11 8 71 111 50 47 87 126 34 58
1817 12 8 36 76 118 124 119 120 100 68
1817 13 8 55 113 66 115 79 64 102 107
1817 14 8 118 96 84 0 7 58 25 101
1817 15 8 115 56 76 37 4 98 113 34
1817 16 8 51 119 36 67 123 114 43 79
1817 17 8 126 2 35 45 84 113 91 23
1817 18 8 19 70 90 59 32 94 13 86
1817 19 8 28 81 103 67 115 97 72 30
1817 20 8 49 7 28 39 24 46 27 43
1817 21 8 48 30 62 112 43 12 77 105
1817 22 8 40 123 45 101 93 86 88 100
1817 23 8 47 50 71 34 126 13 58 111
1817 24 8 76 36 115 69 119 68 120 118
1817 25 8 66 113 55 85 107 102 79 115
1817 26 8 84 96 118 45 101 25 0 55
1817 27 8 115 37 34 4 100 90 98 57
1817 28 8 51 119 36 85 101 43 67 114
1817 29 8 126 35 2 23 45 116 91 66
1817 30 8 70 59 90 74 32 19 13 94
1817 31 8 28 81 103 30 68 97 67 115
1817 32 8 7 49 28 14 37 46 31 4
1817 33 8 30 48 51 12 77 101 105 49
1817 34 8 40 110 45 123 101 86 65 100
1817 35 8 34 50 116 111 47 71 10 126
1817 36 8 36 119 118 68 120 115 69 124
1817 37 8 66 113 102 85 107 99 55 64
1817 38 8 84 96 118 25 0 68 101 45
1817 39 8 37 115 98 4 113 100 53 34
1817 40 8 51 119 67 101 36 123 43 85
1817 41 8 126 35 2 23 66 127 113 11
1817 42 8 38 98 102 29 93 9 46 18
1817 43 8 45 79 86 40 117 81 6 102
1817 44 8 48 68 91 121 21 92 20 72
1817 45 8 1 111 66 84 70 34 7 14
1817 46 8 4 8 114 31 119 83 102 115
1817 47 8 36 120 47 123 59 66 26 88
2392 0 8 112 57 23 41 30 36 79 28
2392 1 8 85 29 16 89 59 101 68 104
2392 2 8 67 44 76 71 6 126 59 41
2392 3 8 77 92 70 104 79 109 50 27
2392 4 8 27 82 10 38 84 11 54 21
2392 5 8 12 54 56 10 48 87 65 71
2392 6 8 70 59 111 86 18 90 32 5
2392 7 8 103 81 28 30 115 0 55 107
2392 8 8 7 49 14 20 31 112 43 63
2392 9 8 30 51 41 112 77 40 25 88
2392 10 8 45 109 95 93 110 40 86 104
2392 11 8 34 116 111 42 64 0 44 16
2392 12 8 119 76 36 0 38 103 110 115
2392 13 8 57 123 41 109 85 115 36 99
2392 14 8 25 18 0 46 45 7 30 64
2392 15 8 20 37 76 107 113 57 56 42
2392 16 8 77 67 110 36 19 29 85 108
2392 17 8 0 64 65 11 63 91 116 23
2392 18 8 70 90 59 19 32 27 94 74
2392 19 8 28 81 103 115 30 97 67 111
2392 20 8 49 7 20 27 14 46 43 68
2392 21 8 30 41 112 40 51 62 12 104
2392 22 8 40 45 109 95 93 100 119 88
2392 23 8 42 97 116 94 64 34 126 111
2392 24 8 38 0 36 119 103 76 109 25
2392 25 8 57 109 123 41 115 36 85 89
2392 26 8 18 60 25 0 46 7 47 71
2392 27 8 20 37 107 31 90 46 57 76
2392 28 8 44 110 77 29 85 36 108 109
2392 29 8 0 65 64 63 116 115 11 105
2392 30 8 70 118 74 32 59 90 19 94
2392 31 8 28 103 30 81 115 2 68 97
2392 32 8 20 27 7 49 14 46 37 88
2392 33 8 41 40 77 30 112 12 35 51
2392 34 8 95 109 45 40 124 86 110 111
2392 35 8 97 42 64 116 111 76 16 34
2392 36 8 38 0 119 101 115 103 36 25
2392 37 8 41 123 109 57 36 95 85 115
2392 38 8 18 111 60 0 25 46 47 7
2392 39 8 20 107 90 37 76 18 57 35
2392 40 8 77 44 29 110 109 108 67 6
2392 41 8 0 65 63 64 84 115 85 122
2392 42 8 49 75 90 126 59 20 70 38
2392 43 8 125 121 47 45 8 86 75 27
2392 44 8 110 80 11 13 92 23 72 19
2392 45 8 1 47 83 76 5 7 34 84
2392 46 8 1 10 45 4 123 96 119 124
2392 47 8 11 127 31 82 90 121 15 12
13 0 8 65 98 43 73 72 114 1 44
13 1 8 18 94 38 26 43 127 106 50
13 2 8 84 88 38 57 40 93 20 16
13 3 8 89 6 31 124 16 41 2 91
13 4 8 106 76 124 115 85 44 7 11
13 5 8 125 61 66 8 22 12 126 64
13 6 8 83 105 8 56 30 123 34 110
13 7 8 49 98 112 103 28 115 3 34
13 8 8 84 127 121 116 43 68 65 42
13 9 8 117 9 110 112 12 73 102 113
13 10 8 105 61 53 56 13 2 83 98
13 11 8 24 49 61 125 122 0 89 37
13 12 8 99 15 115 104 96 56 9 97
13 13 8 6 15 28 23 64 42 12 58
13 14 8 48 90 20 17 111 0 52 107
13 15 8 85 61 10 101 76 35 103 18
13 16 8 124 8 73 39 19 17 115 41
13 17 8 19 69 42 48 21 105 103 116
13 18 8 105 8 83 56 30 34 123 86
13 19 8 49 112 98 28 60 115 3 34
13 20 8 84 121 127 116 65 43 103 42
13 21 8 117 9 110 125 112 127 12 111
13 22 8 105 61 53 13 56 62 39 108
13 23 8 61 24 49 122 23 125 0 29
13 24 8 99 15 115 9 96 56 97 104
13 25 8 58 6 15 28 23 64 125 73
13 26 8 17 20 90 48 111 0 100 11
13 27 8 101 10 85 61 70 103 76 56
13 28 8 124 73 8 81 19 17 41 39
13 29 8 19 42 69 21 48 103 116 1
13 30 8 105 56 83 30 8 74 90 32
13 31 8 112 49 98 28 60 103 67 3
13 32 8 65 121 84 127 43 116 68 46
13 33 8 125 117 9 110 112 12 96 102
13 34 8 105 56 61 53 78 13 45 39
13 35 8 61 24 125 49 23 37 0 122
13 36 8 99 15 96 9 97 56 119 63
13 37 8 58 15 23 6 28 25 10 115
13 38 8 20 17 90 48 8 86 107 0
13 39 8 85 23 61 101 103 10 76 70
13 40 8 124 8 73 105 81 17 45 65
13 41 8 42 69 19 48 21 127 113 1
13 42 8 64 31 32 29 119 114 36 7
13 43 8 45 77 88 102 86 40 79 43
13 44 8 53 92 73 91 121 0 90 79
13 45 8 1 101 84 111 7 94 27 19
13 46 8 119 114 11 4 31 8 75 102
13 47 8 73 57 105 20 9 63 86 109
2619 0 8 21 50 2 103 104 7 75 61
2619 1 8 6 9 3 95 23 58 42 26
2619 2 8 84 100 122 68 93 7 67 54
2619 3 8 41 2 39 4 16 12 64 100
2619 4 8 56 50 23 102 25 48 124 82
2619 5 8 107 100 47 82 12 22 8 67
2619 6 8 30 70 34 85 59 42 9 86
2619 7 8 98 28 81 95 3 103 30 9
2619 8 8 109 127 36 43 7 117 35 68
2619 9 8 117 65 45 112 39 102 68 96
2619 10 8 108 45 83 113 123 23 88 13
2619 11 8 67 69 89 0 82 78 34 115
2619 12 8 104 95 114 110 115 119 34 118
2619 13 8 21 98 66 23 64 16 82 49
2619 14 8 8 90 96 71 79 0 80 58
2619 15 8 61 76 56 23 3 4 46 10
2619 16 8 19 7 55 93 41 101 124 85
2619 17 8 103 116 100 23 46 126 35 20
2619 18 8 70 59 90 94 32 74 34 20
2619 19 8 81 28 67 19 46 97 115 3
2619 20 8 7 43 127 117 50 68 49 1
2619 21 8 117 12 68 112 104 45 25 114
2619 22 8 45 83 33 20 66 104 51 13
2619 23 8 67 34 0 121 100 78 89 51
2619 24 8 119 115 9 34 4 104 114 95
2619 25 8 66 99 112 82 104 27 107 89
2619 26 8 0 30 96 111 118 25 8 10
2619 27 8 76 61 48 104 58 23 3 56
2619 28 8 93 19 7 41 85 101 119 121
2619 29 8 116 127 23 100 72 126 103 46
2619 30 8 70 59 90 74 32 94 30 82
2619 31 8 28 81 97 19 67 68 103 115
2619 32 8 7 68 127 50 117 42 49 9
2619 33 8 117 12 68 104 51 112 65 33
2619 34 8 45 82 51 33 13 7 5 66
2619 35 8 4 34 121 78 51 89 109 17
2619 36 8 118 9 24 119 95 26 115 92
2619 37 8 82 16 61 76 98 66 23 20
2619 38 8 80 79 8 96 90 0 88 92
2619 39 8 56 61 60 76 6 18 87 95
2619 40 8 7 55 45 65 17 41 36 85
2619 41 8 103 46 69 20 52 85 18 126
2619 42 8 125 37 22 2 76 24 31 73
2619 43 8 30 12 19 77 78 27 2 56
2619 44 8 99 88 113 5 45 79 11 121
2619 45 8 19 58 17 34 1 112 21 46
2619 46 8 84 81 29 30 103 105 4 39
2619 47 8 6 111 79 108 52 35 95 114
594 0 8 76 17 111 16 118 66 29 47
594 1 8 34 86 107 116 3 58 12 76
594 2 8 14 77 87 9 100 51 7 93
594 3 8 41 16 38 105 2 112 25 73
594 4 8 56 23 0 25 22 124 48 26
594 5 8 47 80 100 82 107 22 126 12
594 6 8 30 52 42 110 85 86 8 56
594 7 8 98 87 39 95 51 110 3 100
594 8 8 36 118 35 127 2 14 68 43
594 9 8 65 45 94 117 96 127 102 95
594 10 8 108 113 83 112 64 39 53 13
594 11 8 69 9 78 67 115 98 87 107
594 12 8 104 97 118 116 42 53 107 9
594 13 8 98 75 21 44 64 23 77 73
594 14 8 8 79 80 96 88 90 84 34
594 15 8 56 61 23 60 95 10 6 3
594 16 8 7 40 45 43 65 84 17 19
594 17 8 20 14 103 85 97 126 53 43
594 18 8 34 8 30 56 52 85 86 25
594 19 8 87 3 39 28 95 60 100 98
594 20 8 36 127 35 2 116 44 14 42
594 21 8 117 45 94 65 96 102 111 68
594 22 8 113 53 83 108 30 112 13 45
594 23 8 78 89 115 37 0 69 67 8
594 24 8 104 107 97 9 116 118 53 42
594 25 8 98 21 75 44 64 10 66 82
594 26 8 8 79 88 111 90 28 80 0
594 27 8 56 61 23 76 10 6 18 16
594 28 8 7 40 43 19 41 93 121 85
594 29 8 20 97 103 116 14 127 85 126
594 30 8 90 32 74 34 30 59 86 70
594 31 8 28 115 81 67 103 97 3 19
594 32 8 127 36 43 7 68 42 101 44
594 33 8 117 94 45 12 65 96 68 111
594 34 8 83 45 113 108 13 53 30 18
594 35 8 90 78 67 37 89 122 115 69
594 36 8 9 53 118 52 97 119 107 116
594 37 8 44 75 98 82 10 76 24 107
594 38 8 8 79 0 80 10 88 28 96
594 39 8 23 61 56 4 76 3 18 95
594 40 8 105 7 40 41 20 85 45 19
594 41 8 14 97 20 103 90 127 23 85
594 42 8 29 125 37 101 119 65 93 76
594 43 8 4 45 86 102 81 79 40 42
594 44 8 71 91 68 54 121 92 63 79
594 45 8 1 19 111 84 7 34 80 28
594 46 8 4 119 114 8 67 31 44 102
594 47 8 117 34 32 9 47 63 123 66
656 0 8 34 68 100 62 72 0 17 87
656 1 8 90 7 99 77 75 86 19 68
656 2 8 77 73 70 59 71 66 51 94
656 3 8 62 77 24 41 112 73 37 43
656 4 8 82 84 87 34 37 21 54 53
656 5 8 12 56 65 24 122 117 116 92
656 6 8 70 59 5 18 55 94 66 61
656 7 8 28 103 46 55 81 2 67 30
656 8 8 7 4 117 43 68 49 94 1
656 9 8 112 40 88 25 51 39 73 104
656 10 8 124 33 41 104 13 51 45 37
656 11 8 51 97 18 78 122 34 50 114
656 12 8 119 110 95 29 9 76 59 103
656 13 8 120 89 127 102 70 115 1 45
656 14 8 64 49 0 71 25 87 30 31
656 15 8 54 61 76 96 46 104 57 113
656 16 8 13 11 19 120 36 41 115 100
656 17 8 92 116 23 66 10 100 70 113
656 18 8 70 59 103 90 55 94 74 27
656 19 8 28 67 81 103 55 46 115 19
656 20 8 7 4 94 68 49 42 117 43
656 21 8 40 39 112 25 104 12 30 51
656 22 8 33 45 124 41 104 51 2 9
656 23 8 97 51 34 18 126 101 81 50
656 24 8 103 110 119 95 25 112 32 29
656 25 8 127 89 120 62 102 61 27 115
656 26 8 49 64 71 25 0 31 87 45
656 27 8 61 54 76 46 96 89 25 87
656 28 8 93 35 13 100 19 115 85 41
656 29 8 92 116 100 23 36 113 66 6
656 30 8 59 70 90 32 74 94 103 75
656 31 8 28 81 67 115 103 68 30 97
656 32 8 7 94 68 4 43 22 117 42
656 33 8 40 12 82 39 33 112 73 117
656 34 8 9 33 124 41 37 71 55 82
656 35 8 18 51 34 30 25 97 73 78
656 36 8 29 112 119 9 110 103 49 25
656 37 8 89 120 127 45 61 102 52 62
656 38 8 49 64 87 0 30 73 82 55
656 39 8 54 25 87 77 46 89 14 76
656 40 8 41 100 35 13 19 115 85 93
656 41 8 37 92 23 127 116 81 6 49
656 42 8 66 86 29 94 8 30 106 119
656 43 8 18 45 86 102 16 79 40 111
656 44 8 72 91 92 42 103 43 121 79
656 45 8 1 7 101 34 84 21 109 19
656 46 8 4 51 11 119 83 102 23 75
656 47 8 21 98 114 26 15 38 121 9
12 0 8 72 119 53 100 66 45 101 114
12 1 8 62 32 67 70 56 106 13 77
12 2 8 77 107 16 62 74 123 81 65
12 3 8 118 79 41 122 35 73 56 3
12 4 8 93 92 82 48 84 29 37 53
12 5 8 12 74 64 56 103 17 8 109
12 6 8 70 8 80 32 90 59 74 34
12 7 8 28 81 9 3 115 31 59 41
12 8 8 127 116 7 42 38 43 102 3
12 9 8 112 10 25 117 96 64 7 6
12 10 8 53 98 51 69 13 16 78 37
12 11 8 89 122 125 51 21 7 37 28
12 12 8 56 115 127 50 9 2 119 65
12 13 8 40 112 65 89 124 42 93 127
12 14 8 0 71 111 58 90 3 107 52
12 15 8 76 3 6 18 61 89 35 48
12 16 8 19 41 50 93 84 97 85 115
12 17 8 103 116 100 92 102 35 23 66
12 18 8 90 74 59 30 56 70 32 68
12 19 8 28 81 19 98 115 34 31 39
12 20 8 43 94 42 38 50 7 123 126
12 21 8 112 102 117 25 68 12 113 7
12 22 8 62 83 82 5 94 33 71 13
12 23 8 0 122 67 21 100 99 96 29
12 24 8 14 127 30 115 58 4 49 124
12 25 8 112 99 92 125 107 104 89 93
12 26 8 111 0 30 15 3 58 66 53
12 27 8 3 58 89 48 76 6 125 35
12 28 8 93 19 41 105 50 97 84 73
12 29 8 100 72 116 73 103 82 23 1
12 30 8 74 90 59 32 70 68 76 94
12 31 8 28 81 19 97 100 44 9 42
12 32 8 9 43 50 7 123 94 101 44
12 33 8 117 102 111 12 7 59 112 68
12 34 8 71 82 94 21 13 5 66 7
12 35 8 4 99 0 121 96 51 100 34
12 36 8 119 2 92 127 9 4 111 49
12 37 8 20 104 112 61 92 27 93 29
12 38 8 125 0 49 15 24 92 87 109
12 39 8 75 89 48 11 25 33 0 110
12 40 8 93 42 41 19 35 82 105 107
12 41 8 59 88 100 49 21 105 82 34
12 42 8 17 56 66 8 111 4 30 94
12 43 8 86 45 16 18 80 90 111 91
12 44 8 5 91 62 42 92 72 79 63
12 45 8 1 29 19 51 34 48 101 14
12 46 8 4 51 119 11 40 54 94 102
12 47 8 2 3 101 125 23 39 42 17
53103 0 8 12 77 41 67 101 86 79 83
53103 1 8 67 62 36 32 101 91 7 13
53103 2 8 49 71 121 15 73 76 22 74
53103 3 8 118 43 24 59 121 41 11 122
53103 4 8 5 84 27 82 50 3 1 116
53103 5 8 12 0 24 115 48 87 65 56
53103 6 8 70 103 59 5 32 118 27 90
53103 7 8 81 28 55 103 46 67 19 7
53103 8 8 6 94 7 127 117 68 43 49
53103 9 8 40 39 112 25 51 88 73 54
53103 10 8 51 124 104 37 65 86 10 45
53103 11 8 34 51 73 114 55 122 22 78
53103 12 8 103 38 110 119 115 29 9 76
53103 13 8 89 57 1 62 109 99 41 120
53103 14 8 71 87 45 0 31 46 25 18
53103 15 8 61 46 76 54 20 126 104 96
53103 16 8 23 115 44 100 19 77 60 29
53103 17 8 0 64 100 116 92 23 63 61
53103 18 8 103 70 59 90 94 32 98 74
53103 19 8 81 28 55 67 115 46 19 7
53103 20 8 6 94 7 42 43 127 68 1
53103 21 8 39 40 112 25 12 51 38 34
53103 22 8 51 124 37 82 2 65 10 23
53103 23 8 34 73 51 55 97 42 22 114
53103 24 8 103 119 0 25 115 38 110 92
53103 25 8 62 89 57 18 123 109 127 1
53103 26 8 87 71 60 0 18 45 31 47
53103 27 8 126 61 46 20 76 104 54 48
53103 28 8 44 23 93 19 108 77 85 13
53103 29 8 0 92 100 116 36 65 64 63
53103 30 8 103 59 118 70 32 74 90 27
53103 31 8 28 103 81 67 97 68 50 30
53103 32 8 94 6 7 20 68 127 43 42
53103 33 8 40 39 117 106 112 35 12 51
53103 34 8 124 51 95 82 71 37 23 53
53103 35 8 73 97 55 42 78 34 51 89
53103 36 8 0 103 119 38 25 9 52 112
53103 37 8 62 57 123 109 89 41 18 127
53103 38 8 18 60 71 47 0 111 87 46
53103 39 8 20 61 126 76 107 46 18 54
53103 40 8 77 44 23 29 108 93 109 40
53103 41 8 65 0 64 63 122 85 103 115
53103 42 8 126 49 90 24 59 75 8 73
53103 43 8 74 121 45 49 102 47 125 86
53103 44 8 110 13 80 92 79 23 121 84
53103 45 8 1 47 83 7 5 26 84 19
53103 46 8 10 96 4 123 45 119 83 124
53103 47 8 127 31 15 11 90 82 21 121
11 0 8 65 26 44 59 114 73 83 101
11 1 8 50 94 124 18 26 2 34 30
11 2 8 88 53 84 49 93 67 54 41
11 3 8 41 89 6 31 122 37 85 16
11 4 8 106 79 76 85 124 48 25 29
11 5 8 42 125 126 22 61 66 12 56
11 6 8 30 105 34 83 52 42 8 86
11 7 8 98 49 3 60 103 50 39 28
11 8 8 127 35 84 66 121 42 43 117
11 9 8 117 98 110 9 111 39 112 104
11 10 8 83 73 61 13 105 108 113 33
11 11 8 78 122 61 49 26 115 69 89
11 12 8 9 107 104 99 115 97 95 52
11 13 8 6 80 28 64 16 59 15 36
11 14 8 20 48 8 111 90 10 71 52
11 15 8 61 85 23 56 76 10 126 87
11 16 8 108 124 8 40 17 19 101 93
11 17 8 72 19 53 103 69 61 116 99
11 18 8 30 34 56 105 55 8 90 12
11 19 8 3 49 28 67 103 98 60 115
11 20 8 127 84 35 66 43 121 42 68
11 21 8 117 9 110 112 98 102 12 106
11 22 8 33 105 61 73 53 45 13 113
11 23 8 61 49 122 24 26 89 78 51
11 24 8 99 15 9 115 52 107 104 97
11 25 8 6 28 15 64 80 16 34 42
11 26 8 20 48 90 8 111 88 79 125
11 27 8 85 61 10 76 60 101 16 23
11 28 8 108 124 8 60 19 40 45 93
11 29 8 19 72 53 103 69 42 116 15
11 30 8 105 56 30 34 8 83 32 74
11 31 8 49 60 103 67 98 28 112 50
11 32 8 121 127 84 43 68 103 116 46
11 33 8 117 9 110 112 125 45 102 96
11 34 8 105 73 61 53 113 108 112 39
11 35 8 26 61 24 49 37 122 23 98
11 36 8 99 9 15 52 107 97 63 115
11 37 8 6 15 80 28 79 21 10 16
11 38 8 20 48 8 111 0 10 107 80
11 39 8 61 85 23 76 101 18 35 57
11 40 8 108 124 8 15 36 45 41 105
11 41 8 72 69 19 53 15 85 103 90
11 42 8 39 126 24 7 31 73 59 74
11 43 8 77 45 88 49 102 43 19 40
11 44 8 53 0 92 73 121 45 91 37
11 45 8 1 84 94 7 112 46 21 111
11 46 8 123 4 82 102 124 119 83 84
11 47 8 90 73 95 9 109 32 35 117
1380 0 8 13 2 120 21 80 93 69 54
1380 1 8 58 83 6 53 23 3 8 2
1380 2 8 122 116 67 117 84 88 87 100
1380 3 8 26 64 89 16 41 2 12 29
1380 4 8 79 91 102 124 25 76 77 10
1380 5 8 82 111 47 107 125 22 102 126
1380 6 8 30 86 52 34 56 85 75 42
1380 7 8 50 98 95 60 103 67 115 3
1380 8 8 109 127 35 43 42 44 67 68
1380 9 8 117 45 43 111 112 102 73 65
1380 10 8 83 73 108 13 23 113 123 107
1380 11 8 122 79 26 58 67 115 69 78
1380 12 8 9 104 52 7 53 97 115 69
1380 13 8 79 6 98 21 121 64 16 77
1380 14 8 79 28 8 48 101 111 58 118
1380 15 8 61 103 90 76 85 4 96 60
1380 16 8 55 124 15 20 73 36 52 67
1380 17 8 69 45 48 97 72 20 15 116
1380 18 8 86 30 90 32 8 59 13 9
1380 19 8 67 28 50 115 81 103 60 95
1380 20 8 109 127 7 42 68 43 39 126
1380 21 8 117 45 112 43 12 51 104 37
1380 22 8 101 83 33 73 45 113 53 123
1380 23 8 89 122 67 79 47 34 0 126
1380 24 8 115 9 76 104 68 7 53 52
1380 25 8 79 21 6 121 64 16 98 65
1380 26 8 79 28 0 118 58 25 52 45
1380 27 8 61 103 4 76 56 60 57 113
1380 28 8 55 15 36 124 85 67 20 73
1380 29 8 69 48 97 45 116 17 113 127
1380 30 8 70 59 90 74 32 19 75 94
1380 31 8 28 103 67 81 115 30 68 97
1380 32 8 109 7 49 68 43 39 126 46
1380 33 8 45 12 51 112 104 48 117 88
1380 34 8 101 123 45 65 83 104 86 51
1380 35 8 67 34 126 122 0 89 47 79
1380 36 8 119 115 99 76 9 7 124 104
1380 37 8 98 6 16 121 79 21 55 28
1380 38 8 0 79 28 48 118 25 52 112
1380 39 8 103 4 115 76 61 23 113 85
1380 40 8 36 55 20 124 67 73 85 41
1380 41 8 97 69 48 127 20 45 113 23
1380 42 8 101 29 64 37 93 46 7 32
1380 43 8 45 79 4 77 117 30 102 86
1380 44 8 71 92 73 121 68 53 63 91
1380 45 8 1 84 103 111 127 7 85 94
1380 46 8 67 4 102 119 8 114 31 83
1380 47 8 117 34 32 9 63 59 126 73
1817 0 8 34 63 106 21 71 50 17 51
1817 1 8 9 23 85 76 75 95 103 16
1817 2 8 8 122 90 100 54 50 70 7
1817 3 8 94 112 64 39 29 12 56 10
1817 4 8 87 50 56 82 22 4 100 121
1817 5 8 105 54 47 12 107 70 108 22
1817 6 8 70 86 59 123 32 90 111 27
1817 7 8 103 28 81 67 30 46 115 117
1817 8 8 109 7 49 43 14 39 68 127
1817 9 8 30 51 112 88 101 45 117 12
1817 10 8 45 83 123 101 88 86 40 65
1817 11 8 50 34 79 10 47 126 67 122
1817 12 8 115 118 76 95 114 9 119 110
1817 13 8 66 113 99 98 64 65 21 16
1817 14 8 96 118 84 0 58 25 52 79
1817 15 8 61 56 4 72 76 115 37 96
1817 16 8 55 51 36 60 119 67 11 85
1817 17 8 126 2 35 20 46 113 45 28
1817 18 8 90 59 19 70 32 86 111 94
1817 19 8 81 28 67 103 115 30 97 46
1817 20 8 7 49 109 28 39 68 43 127
1817 21 8 48 30 51 101 112 12 45 39
1817 22 8 123 45 101 93 104 86 88 83
1817 23 8 34 50 47 10 126 101 79 0
1817 24 8 115 76 118 119 68 114 120 110
1817 25 8 66 113 55 85 107 102 79 64
1817 26 8 84 96 25 45 118 0 101 64
1817 27 8 115 37 72 61 56 4 76 60
1817 28 8 36 55 119 51 85 11 115 67
1817 29 8 126 35 2 28 116 23 45 91
1817 30 8 70 59 90 74 19 32 13 111
1817 31 8 28 81 103 67 30 2 68 115
1817 32 8 7 49 28 14 109 61 46 126
1817 33 8 51 48 30 12 101 112 49 88
1817 34 8 123 101 45 88 93 104 65 86
1817 35 8 34 50 10 126 47 0 118 44
1817 36 8 119 118 114 115 120 68 36 110
1817 37 8 66 113 107 99 102 55 85 64
1817 38 8 96 84 118 25 0 45 68 64
1817 39 8 37 115 72 4 113 57 76 61
1817 40 8 51 119 67 101 36 85 41 55
1817 41 8 126 23 35 2 28 127 66 113
1817 42 8 38 29 98 102 46 93 109 9
1817 43 8 79 86 45 117 40 102 81 6
1817 44 8 68 48 91 63 21 92 61 121
1817 45 8 1 111 84 66 34 70 14 7
1817 46 8 4 8 114 119 31 102 83 44
1817 47 8 36 120 47 26 123 59 66 88
2309 0 8 23 112 83 41 28 105 36 79
2309 1 8 29 59 85 89 16 101 68 114
2309 2 8 67 76 59 71 126 44 52 96
2309 3 8 92 40 77 79 43 104 70 122
2309 4 8 50 82 27 84 102 54 38 10
2309 5 8 12 54 71 48 10 56 87 65
2309 6 8 70 59 90 32 94 18 19 27
2309 7 8 81 103 28 46 111 30 55 107
2309 8 8 49 7 20 125 112 19 14 6
2309 9 8 51 30 88 28 112 40 12 73
2309 10 8 45 109 88 86 100 93 104 111
2309 11 8 34 42 126 64 15 44 118 0
2309 12 8 101 115 76 114 119 0 109 103
2309 13 8 85 74 41 57 115 89 99 123
2309 14 8 25 0 45 47 87 46 30 13
2309 15 8 111 61 37 20 56 76 57 72
2309 16 8 110 36 67 60 77 29 55 19
2309 17 8 64 115 46 0 91 11 28 116
2309 18 8 70 59 90 19 32 14 74 111
2309 19 8 81 28 103 115 46 111 67 30
2309 20 8 7 49 14 20 10 125 43 68
2309 21 8 51 30 12 105 77 112 40 101
2309 22 8 109 88 51 111 45 93 41 86
2309 23 8 34 42 116 64 97 101 73 18
2309 24 8 101 115 103 119 0 109 110 76
2309 25 8 85 41 74 89 57 36 62 82
2309 26 8 45 25 0 87 46 60 47 99
2309 27 8 37 111 46 61 20 56 57 31
2309 28 8 60 110 108 36 85 55 67 11
2309 29 8 115 46 64 23 15 52 11 116
2309 30 8 70 59 90 19 74 13 14 32
2309 31 8 28 81 103 113 67 30 68 115
2309 32 8 7 49 14 20 127 46 10 126
2309 33 8 51 30 101 12 77 88 75 40
2309 34 8 109 45 111 86 104 93 88 100
2309 35 8 34 42 97 126 116 64 22 101
2309 36 8 101 119 115 0 110 103 109 76
2309 37 8 85 41 57 16 74 36 115 64
2309 38 8 0 60 25 52 46 45 71 47
2309 39 8 76 60 20 90 61 113 111 56
2309 40 8 60 55 110 15 108 67 44 36
2309 41 8 17 15 46 36 115 64 52 113
2309 42 8 49 74 125 7 109 90 46 29
2309 43 8 19 45 12 86 43 102 125 117
2309 44 8 45 99 88 92 63 13 91 23
2309 45 8 1 46 17 112 84 5 7 119
2309 46 8 4 29 81 39 105 30 119 84
2309 47 8 127 52 95 35 111 31 108 15
304 0 8 69 107 120 81 31 93 61 118
304 1 8 60 83 103 91 59 39 19 2
304 2 8 67 68 123 116 117 126 66 100
304 3 8 10 106 104 122 12 112 97 98
304 4 8 102 111 50 38 91 10 82 54
304 5 8 111 54 71 12 56 30 70 117
304 6 8 70 86 14 59 111 19 90 123
304 7 8 103 81 72 28 111 107 30 46
304 8 8 28 49 7 14 10 112 27 88
304 9 8 51 30 105 43 101 88 28 48
304 10 8 88 45 14 101 123 23 86 93
304 11 8 13 34 10 58 79 126 15 47
304 12 8 115 47 120 114 69 76 109 119
304 13 8 85 121 55 74 79 64 99 36
304 14 8 84 118 45 87 101 28 25 29
304 15 8 34 72 37 115 100 61 57 112
304 16 8 20 121 60 67 36 55 91 43
304 17 8 30 97 115 14 45 23 91 10
304 18 8 43 14 70 59 19 111 90 86
304 19 8 81 28 72 103 67 111 115 30
304 20 8 28 7 49 10 14 68 2 126
304 21 8 105 51 30 48 43 101 12 77
304 22 8 14 88 123 45 101 93 86 104
304 23 8 13 34 10 58 79 47 50 101
304 24 8 115 47 120 69 114 36 76 119
304 25 8 85 55 121 79 31 36 74 107
304 26 8 84 45 87 101 25 118 0 29
304 27 8 34 100 115 72 112 37 4 61
304 28 8 121 20 36 67 85 115 43 19
304 29 8 30 97 45 23 14 115 28 116
304 30 8 70 59 43 74 13 19 111 90
304 31 8 28 81 72 30 113 103 115 97
304 32 8 28 7 49 10 14 37 27 127
304 33 8 105 30 43 51 77 48 101 12
304 34 8 123 88 14 101 104 93 45 80
304 35 8 34 13 58 10 47 79 126 0
304 36 8 119 69 120 36 115 68 114 47
304 37 8 85 79 121 55 99 107 31 64
304 38 8 84 101 118 45 25 28 0 112
304 39 8 34 115 100 113 4 76 57 112
304 40 8 20 121 36 67 85 114 115 41
304 41 8 30 45 97 14 23 127 28 113
304 42 8 119 101 29 55 46 65 38 9
304 43 8 86 45 79 4 2 117 40 102
304 44 8 71 92 121 68 21 91 63 72
304 45 8 1 93 84 127 34 111 21 7
304 46 8 67 4 119 31 102 110 83 114
304 47 8 55 34 117 32 9 28 118 61
279 0 8 106 57 101 127 110 103 71 123
279 1 8 48 60 39 103 62 25 95 75
279 2 8 90 68 92 123 126 16 115 74
279 3 8 10 12 127 122 97 94 27 106
279 4 8 111 82 63 102 50 38 54 110
279 5 8 12 51 105 8 74 64 65 41
279 6 8 70 59 90 32 94 18 111 27
279 7 8 28 81 30 103 115 46 72 67
279 8 8 7 49 28 38 68 88 43 127
279 9 8 12 112 25 30 32 51 105 68
279 10 8 51 86 69 13 98 45 66 78
279 11 8 109 51 34 100 13 94 125 121
279 12 8 119 115 114 110 9 4 68 50
279 13 8 99 66 89 65 127 113 115 42
279 14 8 0 16 118 25 105 84 22 71
279 15 8 76 61 4 96 18 46 34 104
279 16 8 119 19 67 36 41 85 126 12
279 17 8 35 66 91 2 127 10 23 116
279 18 8 70 90 59 32 94 19 76 111
279 19 8 81 28 67 97 46 111 30 103
279 20 8 7 49 68 112 43 127 28 19
279 21 8 12 112 30 120 25 104 101 83
279 22 8 83 65 45 93 86 51 66 37
279 23 8 34 67 126 51 64 44 100 0
279 24 8 115 119 95 110 124 114 74 49
279 25 8 89 99 66 25 107 27 82 104
279 26 8 0 25 118 87 45 105 16 96
279 27 8 76 104 61 48 115 34 46 57
279 28 8 85 119 93 19 41 67 12 36
279 29 8 116 72 66 23 35 2 127 100
279 30 8 70 59 90 74 32 94 111 75
279 31 8 28 81 30 103 97 115 67 68
279 32 8 7 28 49 9 68 109 127 118
279 33 8 51 104 12 32 117 101 105 30
279 34 8 65 7 66 45 80 51 93 71
279 35 8 109 34 4 94 13 20 64 121
279 36 8 92 119 69 95 115 9 22 32
279 37 8 20 66 113 31 85 82 107 59
279 38 8 105 16 84 101 118 96 0 25
279 39 8 34 100 115 4 98 61 113 76
279 40 8 119 12 67 115 43 41 85 19
279 41 8 35 2 30 66 23 61 127 116
279 42 8 29 102 38 27 55 18 93 119
279 43 8 86 29 79 45 40 6 117 65
279 44 8 68 48 21 121 91 63 92 36
279 45 8 1 111 84 66 70 20 34 14
279 46 8 4 8 114 119 31 102 83 115
279 47 8 36 120 47 123 66 88 59 9
8500 0 8 30 112 23 77 41 79 28 36
8500 1 8 48 16 68 60 59 101 29 114
8500 2 8 126 76 71 44 23 59 125 62
8500 3 8 70 106 12 92 126 43 21 79
8500 4 8 82 27 5 84 54 10 11 102
8500 5 8 12 87 10 115 54 48 71 56
8500 6 8 70 59 103 118 5 90 18 94
8500 7 8 103 81 28 55 46 30 118 107
8500 8 8 7 20 49 125 112 37 43 107
8500 9 8 30 51 25 41 32 40 112 88
8500 10 8 45 109 95 86 41 93 103 51
8500 11 8 94 42 34 64 22 116 51 126
8500 12 8 109 103 0 119 110 101 115 36
8500 13 8 57 41 85 109 123 99 115 89
8500 14 8 25 60 0 16 18 46 30 51
8500 15 8 20 57 76 61 107 46 100 37
8500 16 8 6 108 110 77 19 85 36 67
8500 17 8 64 0 46 63 116 23 65 30
8500 18 8 70 59 103 90 86 27 32 74
8500 19 8 28 81 103 30 55 115 67 111
8500 20 8 7 20 49 125 126 68 37 42
8500 21 8 30 41 40 25 12 112 51 32
8500 22 8 45 109 41 95 88 103 86 93
8500 23 8 42 94 64 22 97 34 116 79
8500 24 8 109 25 0 103 119 38 115 101
8500 25 8 85 57 41 18 109 123 89 27
8500 26 8 60 25 18 0 16 45 46 87
8500 27 8 60 20 46 107 111 37 126 61
8500 28 8 108 60 6 44 110 36 85 19
8500 29 8 15 46 52 64 125 116 54 63
8500 30 8 70 59 90 118 19 32 74 94
8500 31 8 28 81 103 67 30 50 68 115
8500 32 8 7 10 49 20 14 126 46 68
8500 33 8 51 41 12 30 77 112 101 32
8500 34 8 45 103 86 109 41 101 65 111
8500 35 8 94 34 42 22 97 126 64 0
8500 36 8 119 101 109 0 115 12 76 110
8500 37 8 16 57 41 85 115 18 76 21
8500 38 8 0 80 60 52 25 71 46 45
8500 39 8 60 76 56 20 78 90 111 57
8500 40 8 15 6 60 55 110 108 44 36
8500 41 8 52 15 36 17 46 23 115 113
8500 42 8 7 49 125 74 29 109 46 90
8500 43 8 19 86 12 45 43 102 40 117
8500 44 8 45 99 88 13 72 91 92 63
8500 45 8 1 46 112 17 84 119 7 76
8500 46 8 4 29 81 30 39 105 102 119
8500 47 8 52 95 35 111 127 108 59 9
646 0 8 120 104 2 97 70 92 51 118
646 1 8 107 123 76 86 20 53 104 3
646 2 8 14 9 116 10 7 50 100 69
646 3 8 89 105 13 39 25 38 41 67
646 4 8 0 74 23 82 25 105 22 38
646 5 8 34 80 54 107 12 125 102 23
646 6 8 70 86 123 32 19 59 90 111
646 7 8 103 87 50 28 81 34 30 97
646 8 8 64 39 49 14 68 126 7 43
646 9 8 94 112 88 117 30 51 45 12
646 10 8 101 45 83 97 108 86 74 35
646 11 8 9 86 126 111 79 98 47 0
646 12 8 53 118 76 115 124 104 119 9
646 13 8 75 44 64 16 21 2 65 36
646 14 8 80 79 0 58 118 25 52 30
646 15 8 56 60 35 76 61 37 90 96
646 16 8 15 7 60 36 11 19 67 85
646 17 8 15 52 97 113 17 85 53 20
646 18 8 90 59 32 70 86 19 94 123
646 19 8 28 81 67 103 87 115 30 50
646 20 8 39 64 7 68 49 14 43 42
646 21 8 112 94 30 51 12 88 37 104
646 22 8 101 45 108 86 74 35 33 107
646 23 8 34 86 47 0 101 126 122 78
646 24 8 53 76 115 118 119 124 110 58
646 25 8 75 44 85 21 2 65 64 16
646 26 8 80 0 45 25 118 79 58 52
646 27 8 60 56 76 35 61 4 115 57
646 28 8 15 11 7 36 85 60 19 67
646 29 8 52 15 17 23 109 127 116 85
646 30 8 70 90 59 32 75 19 74 13
646 31 8 28 81 103 67 87 30 115 68
646 32 8 7 64 39 49 14 46 68 117
646 33 8 51 94 12 112 88 101 77 52
646 34 8 101 35 45 74 86 104 65 97
646 35 8 34 126 86 67 0 101 71 33
646 36 8 119 115 53 118 76 124 100 12
646 37 8 44 2 75 21 85 16 64 24
646 38 8 45 0 80 25 79 27 52 58
646 39 8 60 76 56 35 53 61 18 78
646 40 8 7 15 11 60 67 36 41 19
646 41 8 52 23 15 17 46 113 127 28
646 42 8 7 37 125 29 74 109 46 65
646 43 8 19 86 12 43 45 102 40 117
646 44 8 45 88 91 63 113 21 72 92
646 45 8 1 46 17 112 84 119 34 14
646 46 8 4 29 105 39 30 119 84 102
646 47 8 52 108 35 95 111 59 6 9
9417 0 8 126 62 12 29 79 77 3 116
9417 1 8 123 78 76 107 114 91 62 104
9417 2 8 119 69 121 71 68 15 66 44
9417 3 8 7 26 105 59 122 1 120 11
9417 4 8 39 74 82 91 102 84 105 0
9417 5 8 12 80 56 65 48 78 49 116
9417 6 8 70 59 123 5 90 18 75 55
9417 7 8 103 28 81 87 46 30 115 72
9417 8 8 51 24 49 7 27 6 68 10
9417 9 8 94 112 51 101 52 88 105 37
9417 10 8 101 51 120 37 45 95 35 97
9417 11 8 87 34 71 86 15 114 126 101
9417 12 8 76 53 101 115 119 100 38 110
9417 13 8 24 85 75 89 44 123 109 95
9417 14 8 62 0 45 25 30 28 52 55
9417 15 8 115 35 98 96 61 113 76 57
9417 16 8 123 29 36 20 79 77 85 19
9417 17 8 84 14 58 113 17 0 65 97
9417 18 8 70 90 19 32 59 86 103 75
9417 19 8 81 28 67 87 103 115 68 97
9417 20 8 24 6 7 51 49 68 27 1
9417 21 8 51 112 40 101 12 94 77 37
9417 22 8 37 51 120 101 65 45 23 93
9417 23 8 34 71 22 87 68 15 101 126
9417 24 8 115 53 76 119 25 101 110 38
9417 25 8 89 24 18 85 75 123 44 109
9417 26 8 62 45 25 0 87 30 52 99
9417 27 8 115 98 46 104 56 76 61 113
9417 28 8 123 85 36 29 20 23 115 79
9417 29 8 84 14 65 23 0 97 116 85
9417 30 8 90 70 59 19 75 32 74 13
9417 31 8 28 103 81 67 87 68 115 30
9417 32 8 24 51 7 49 27 68 14 6
9417 33 8 51 105 12 101 94 77 52 30
9417 34 8 37 120 51 101 45 86 104 65
9417 35 8 34 71 87 15 97 86 126 101
9417 36 8 119 101 115 76 100 53 95 121
9417 37 8 24 85 49 44 89 95 75 107
9417 38 8 62 0 25 45 6 101 22 30
9417 39 8 98 115 53 56 57 76 113 104
9417 40 8 123 36 67 85 79 29 115 20
9417 41 8 84 14 28 23 113 58 85 97
9417 42 8 28 46 65 75 55 29 2 109
9417 43 8 2 86 117 45 40 79 8 102
9417 44 8 13 54 113 91 72 92 21 63
9417 45 8 1 86 47 119 34 83 7 14
9417 46 8 4 74 45 67 10 119 44 102
9417 47 8 54 90 27 11 114 127 14 34
311 0 8 11 81 93 61 31 84 118 43
311 1 8 19 83 123 41 76 91 60 107
311 2 8 117 15 116 119 73 121 7 24
311 3 8 91 7 26 59 105 120 11 1
311 4 8 91 39 82 74 105 84 116 111
311 5 8 12 80 111 116 56 78 49 70
311 6 8 70 123 59 75 10 111 90 13
311 7 8 103 81 28 72 115 87 46 30
311 8 8 51 28 39 49 24 7 27 6
311 9 8 48 101 51 112 52 88 94 105
311 10 8 101 51 23 45 120 74 35 14
311 11 8 34 15 47 71 10 87 58 86
311 12 8 76 119 115 69 53 120 100 47
311 13 8 85 24 121 55 75 44 99 35
311 14 8 45 28 27 118 25 0 13 19
311 15 8 115 56 112 57 113 98 61 50
311 16 8 121 20 36 123 79 85 19 11
311 17 8 14 97 84 109 58 10 113 45
311 18 8 70 19 90 111 59 86 75 32
311 19 8 81 28 67 115 103 46 30 113
311 20 8 51 28 7 49 27 24 68 14
311 21 8 48 51 101 77 30 12 105 112
311 22 8 101 51 14 37 45 93 100 120
311 23 8 34 15 71 10 87 58 86 47
311 24 8 115 69 120 119 76 49 110 53
311 25 8 85 121 24 55 44 107 89 75
311 26 8 45 27 25 118 19 28 0 87
311 27 8 115 56 112 105 4 98 53 113
311 28 8 20 121 36 67 85 123 126 19
311 29 8 14 126 97 10 23 28 45 91
311 30 8 70 13 59 19 98 90 32 74
311 31 8 28 81 103 67 72 30 113 97
311 32 8 49 28 7 14 51 27 37 39
311 33 8 48 51 101 30 105 77 12 75
311 34 8 101 14 100 51 93 104 45 22
311 35 8 34 71 58 15 10 13 87 126
311 36 8 119 115 69 120 60 47 76 124
311 37 8 85 121 107 55 24 42 79 49
311 38 8 45 118 28 19 25 0 10 101
311 39 8 115 53 100 34 113 112 104 56
311 40 8 36 121 20 67 85 123 41 43
311 41 8 14 45 97 28 23 127 61 20
311 42 8 65 46 29 101 68 109 9 55
311 43 8 79 117 4 86 45 40 65 81
311 44 8 71 91 68 113 54 21 72 63
311 45 8 1 103 34 84 127 66 119 7
311 46 8 67 4 102 31 44 114 119 8
311 47 8 117 34 32 27 59 9 55 126
678 0 8 34 80 63 106 50 21 61 17
678 1 8 89 75 16 9 123 85 62 60
678 2 8 8 90 122 7 54 68 100 74
678 3 8 94 91 10 7 59 26 1 32
678 4 8 87 105 111 39 82 22 40 102
678 5 8 54 12 105 116 111 49 56 24
678 6 8 59 70 123 10 90 19 86 75
678 7 8 81 28 103 30 67 115 72 97
678 8 8 14 49 7 39 27 28 4 88
678 9 8 48 112 88 101 52 30 105 51
678 10 8 45 101 100 104 93 86 123 97
678 11 8 50 34 126 47 87 71 44 86
678 12 8 76 118 119 115 120 95 25 101
678 13 8 85 102 55 107 66 113 115 64
678 14 8 84 0 118 25 30 52 45 96
678 15 8 115 56 76 37 113 57 35 81
678 16 8 51 36 119 85 19 67 79 123
678 17 8 126 2 91 113 35 20 23 97
678 18 8 70 90 19 59 32 86 94 123
678 19 8 81 67 28 103 115 97 30 46
678 20 8 7 49 27 14 39 28 68 126
678 21 8 112 48 12 101 30 88 83 51
678 22 8 45 101 33 51 93 110 22 40
678 23 8 50 34 71 86 126 101 58 10
678 24 8 115 76 118 119 95 69 110 120
678 25 8 85 102 113 66 55 89 115 44
678 26 8 84 96 25 45 0 118 64 101
678 27 8 115 37 19 105 34 57 76 100
678 28 8 51 119 85 36 67 19 20 115
678 29 8 126 2 35 28 91 23 116 115
678 30 8 70 13 59 19 90 32 74 14
678 31 8 28 81 67 103 30 97 68 95
678 32 8 7 49 14 28 117 18 126 27
678 33 8 51 30 48 101 12 105 77 88
678 34 8 100 101 93 45 104 22 33 110
678 35 8 34 50 126 10 101 71 44 1
678 36 8 118 119 115 120 60 30 36 110
678 37 8 85 66 102 113 107 55 70 42
678 38 8 84 118 25 96 45 0 64 19
678 39 8 37 115 53 19 113 57 100 34
678 40 8 51 36 67 119 85 41 123 115
678 41 8 126 23 28 2 35 127 91 113
678 42 8 29 46 98 9 102 101 68 93
678 43 8 79 117 86 45 4 40 81 102
678 44 8 68 21 91 63 48 121 92 43
678 45 8 1 103 66 111 34 84 7 20
678 46 8 21 4 31 114 8 67 44 119
678 47 8 34 117 47 66 59 26 123 36
9892 0 8 23 112 105 83 62 41 124 28
9892 1 8 16 89 29 59 85 68 90 67
9892 2 8 67 115 76 59 71 126 44 96
9892 3 8 92 43 70 91 40 79 77 122
9892 4 8 82 102 27 10 38 119 84 54
9892 5 8 54 12 71 48 10 56 87 30
9892 6 8 70 59 90 118 14 32 18 27
9892 7 8 81 103 28 111 55 46 30 107
9892 8 8 18 14 49 7 20 112 47 68
9892 9 8 51 30 41 88 28 77 105 12
9892 10 8 45 100 70 109 93 110 86 22
9892 11 8 34 42 116 6 1 118 44 126
9892 12 8 101 76 0 119 38 115 110 109
9892 13 8 85 36 41 57 74 109 107 123
9892 14 8 45 46 0 25 18 13 30 47
9892 15 8 37 19 20 107 57 105 31 44
9892 16 8 110 77 29 36 108 79 64 85
9892 17 8 64 65 115 63 0 11 91 23
9892 18 8 70 90 14 59 19 32 86 13
9892 19 8 81 28 103 67 115 111 97 30
9892 20 8 18 7 49 14 10 20 27 68
9892 21 8 51 41 30 77 105 104 12 101
9892 22 8 22 109 70 51 93 100 110 45
9892 23 8 34 1 42 62 64 101 116 118
9892 24 8 101 115 0 119 109 38 49 37
9892 25 8 85 36 41 57 123 89 14 22
9892 26 8 45 25 46 18 13 47 87 59
9892 27 8 37 19 107 46 20 100 115 31
9892 28 8 110 29 77 85 108 36 6 33
9892 29 8 115 64 63 65 0 11 23 91
9892 30 8 13 70 59 19 14 98 32 90
9892 31 8 28 81 103 97 67 30 113 115
9892 32 8 18 7 14 49 10 27 117 20
9892 33 8 51 30 41 77 101 12 105 27
9892 34 8 70 100 22 109 93 45 104 110
9892 35 8 34 42 79 1 126 118 22 101
9892 36 8 101 115 119 36 109 38 121 0
9892 37 8 85 36 123 41 109 57 70 95
9892 38 8 45 25 18 46 111 0 47 60
9892 39 8 107 37 90 53 20 22 113 57
9892 40 8 77 29 110 36 67 44 108 85
9892 41 8 115 0 63 65 64 11 23 28
9892 42 8 46 59 25 49 68 126 90 29
9892 43 8 47 86 117 125 8 74 45 40
9892 44 8 110 91 33 13 21 80 92 63
9892 45 8 1 83 47 5 86 66 7 34
9892 46 8 4 10 45 1 123 119 124 82
9892 47 8 11 127 31 90 14 15 82 27
304 0 8 69 120 107 31 81 0 93 61
304 1 8 60 83 103 91 39 115 59 2
304 2 8 123 68 116 67 117 126 66 115
304 3 8 10 106 122 104 12 97 79 43
304 4 8 102 111 10 38 91 119 105 82
304 5 8 111 54 122 71 12 56 90 30
304 6 8 70 14 59 86 27 19 123 90
304 7 8 103 72 81 28 111 30 46 97
304 8 8 28 49 18 14 10 7 27 88
304 9 8 105 30 43 51 101 48 88 28
304 10 8 45 14 100 123 101 22 23 70
304 11 8 13 10 34 58 47 1 102 79
304 12 8 120 69 119 29 115 76 47 109
304 13 8 85 121 55 36 79 107 95 7
304 14 8 84 118 28 101 25 0 13 29
304 15 8 34 115 100 37 57 90 112 4
304 16 8 121 20 36 43 91 85 67 19
304 17 8 30 45 97 14 91 115 28 39
304 18 8 70 43 13 14 59 90 32 19
304 19 8 81 72 28 67 115 103 111 97
304 20 8 28 7 49 10 18 27 14 68
304 21 8 105 43 48 51 30 101 12 77
304 22 8 14 123 101 22 93 45 100 99
304 23 8 13 34 10 58 47 79 1 36
304 24 8 69 115 120 119 36 109 76 110
304 25 8 85 55 121 79 107 95 36 49
304 26 8 84 45 118 25 101 87 0 28
304 27 8 34 100 115 105 4 15 57 112
304 28 8 121 20 36 85 67 126 19 43
304 29 8 30 45 23 97 28 14 51 115
304 30 8 70 13 59 43 90 14 74 19
304 31 8 28 81 72 30 67 113 103 97
304 32 8 18 28 7 49 27 10 117 126
304 33 8 105 51 43 30 101 77 12 48
304 34 8 14 123 93 104 101 100 40 22
304 35 8 34 13 10 58 79 126 118 101
304 36 8 69 115 36 119 60 120 30 47
304 37 8 85 79 107 55 121 70 7 99
304 38 8 84 118 101 45 25 28 0 111
304 39 8 34 115 100 113 4 76 104 53
304 40 8 121 20 36 67 114 85 59 41
304 41 8 30 45 97 14 23 28 127 71
304 42 8 119 29 46 101 55 65 109 68
304 43 8 86 4 117 79 45 40 102 65
304 44 8 91 71 68 121 54 92 21 63
304 45 8 1 93 34 84 127 7 66 14
304 46 8 67 4 119 31 114 102 8 83
304 47 8 55 34 117 32 9 126 63 27
279 0 8 106 57 101 127 110 103 71 14
279 1 8 48 39 60 103 62 57 91 37
279 2 8 90 92 68 16 123 126 74 115
279 3 8 12 127 97 109 10 94 122 117
279 4 8 63 111 102 82 38 119 110 114
279 5 8 12 51 8 74 105 103 64 109
279 6 8 70 56 90 32 59 8 44 94
279 7 8 28 9 81 59 30 115 79 3
279 8 8 116 42 127 38 26 7 3 28
279 9 8 64 10 96 13 6 12 111 92
279 10 8 53 98 78 69 58 26 66 56
279 11 8 125 7 37 109 21 121 28 23
279 12 8 56 65 50 115 15 4 96 8
279 13 8 58 66 42 23 0 124 103 19
279 14 8 90 17 0 100 107 105 71 52
279 15 8 70 10 18 14 76 49 16 101
279 16 8 103 17 39 119 19 50 85 81
279 17 8 35 21 116 83 55 73 18 82
279 18 8 8 59 12 90 56 32 25 74
279 19 8 28 9 75 31 3 115 16 81
279 20 8 116 46 9 43 35 65 7 3
279 21 8 10 117 112 45 122 96 49 102
279 22 8 83 123 53 78 86 98 69 20
279 23 8 0 67 122 7 125 90 121 89
279 24 8 56 104 124 58 50 65 49 9
279 25 8 107 99 42 112 32 125 77 104
279 26 8 0 58 90 8 111 10 95 30
279 27 8 23 35 3 76 18 56 10 14
279 28 8 19 84 41 73 50 85 115 119
279 29 8 116 72 102 90 66 83 103 45
279 30 8 74 70 59 90 94 32 85 110
279 31 8 28 98 30 6 81 115 68 106
279 32 8 37 9 7 46 43 116 14 28
279 33 8 25 117 112 49 12 113 102 23
279 34 8 7 123 86 33 45 73 30 5
279 35 8 0 4 109 121 94 36 58 96
279 36 8 119 74 92 69 36 22 124 51
279 37 8 20 85 66 104 125 112 30 27
279 38 8 105 16 0 125 84 101 96 7
279 39 8 34 100 115 14 76 11 48 13
279 40 8 12 119 115 41 67 85 43 114
279 41 8 30 2 35 66 23 90 61 45
279 42 8 38 29 27 102 55 46 93 119
279 43 8 86 29 79 40 45 117 6 102
279 44 8 68 48 91 63 121 92 21 43
279 45 8 1 84 20 111 66 34 70 14
279 46 8 4 8 114 119 31 102 44 115
279 47 8 36 120 66 47 123 88 9 126
3681 0 8 77 17 34 7 67 21 12 63
3681 1 8 16 75 48 60 88 45 8 39
3681 2 8 90 8 65 100 121 69 66 68
3681 3 8 93 77 10 106 43 21 42 5
3681 4 8 87 10 102 105 107 111 82 22
3681 5 8 122 71 105 12 97 30 108 27
3681 6 8 70 19 59 55 32 90 86 74
3681 7 8 81 28 103 111 46 67 30 115
3681 8 8 49 4 7 126 112 15 10 43
3681 9 8 30 62 105 32 88 51 28 12
3681 10 8 100 13 40 93 101 86 45 33
3681 11 8 50 94 79 126 116 34 122 91
3681 12 8 36 76 60 121 119 69 115 29
3681 13 8 102 113 85 115 107 79 55 66
3681 14 8 64 101 25 111 16 0 118 55
3681 15 8 34 100 57 37 105 115 54 113
3681 16 8 51 114 36 119 67 13 85 11
3681 17 8 61 2 35 30 126 91 66 45
3681 18 8 70 19 90 59 32 115 94 13
3681 19 8 81 28 111 67 115 103 46 97
3681 20 8 4 7 49 68 81 126 43 112
3681 21 8 105 62 30 12 112 88 101 77
3681 22 8 40 100 15 33 93 101 13 127
3681 23 8 126 50 79 94 34 97 59 116
3681 24 8 36 76 119 115 95 69 121 123
3681 25 8 113 102 85 115 45 79 89 22
3681 26 8 64 101 25 45 7 0 118 96
3681 27 8 54 34 100 37 115 105 57 42
3681 28 8 36 51 114 67 85 13 119 115
3681 29 8 61 126 2 23 35 30 91 66
3681 30 8 70 59 13 19 90 115 32 55
3681 31 8 81 28 103 97 67 111 30 113
3681 32 8 7 49 4 81 14 31 10 28
3681 33 8 30 105 51 101 12 41 43 88
3681 34 8 40 33 100 15 93 69 101 13
3681 35 8 34 94 50 59 79 126 97 10
3681 36 8 119 36 115 60 103 69 29 125
3681 37 8 85 102 45 113 127 66 79 70
3681 38 8 64 25 0 118 101 45 96 68
3681 39 8 100 54 37 34 113 76 46 104
3681 40 8 67 13 51 36 119 85 41 59
3681 41 8 23 61 126 2 35 66 30 127
3681 42 8 38 29 98 86 46 102 9 18
3681 43 8 86 16 79 40 45 102 117 29
3681 44 8 91 63 68 21 48 72 121 92
3681 45 8 1 84 20 111 14 66 7 103
3681 46 8 4 8 119 114 51 31 68 102
3681 47 8 26 120 94 21 36 9 126 66
6193 0 8 121 112 30 23 124 28 79 87
6193 1 8 16 85 29 59 113 67 63 68
6193 2 8 126 76 71 44 66 23 96 5
6193 3 8 93 70 5 106 92 104 43 77
6193 4 8 27 10 84 5 82 102 38 54
6193 5 8 71 12 122 48 10 87 115 54
6193 6 8 70 59 103 18 19 118 5 90
6193 7 8 81 28 103 55 46 111 19 118
6193 8 8 20 43 7 125 117 10 68 49
6193 9 8 28 30 41 51 62 112 40 12
6193 10 8 100 40 109 13 45 65 33 95
6193 11 8 34 94 122 42 126 116 44 97
6193 12 8 36 0 101 115 110 121 119 7
6193 13 8 74 57 41 115 85 109 123 12
6193 14 8 46 18 59 64 45 68 0 7
6193 15 8 76 107 57 37 20 46 96 122
6193 16 8 110 77 108 36 114 19 85 126
6193 17 8 0 63 65 11 64 61 23 91
6193 18 8 19 70 59 90 32 74 103 27
6193 19 8 81 28 67 103 115 46 55 97
6193 20 8 7 20 68 43 49 126 10 27
6193 21 8 62 41 30 28 40 112 12 51
6193 22 8 109 40 45 13 65 33 93 41
6193 23 8 94 42 34 126 97 79 116 55
6193 24 8 36 115 0 38 119 103 121 7
6193 25 8 123 109 57 41 115 85 74 45
6193 26 8 18 45 25 64 60 7 0 46
6193 27 8 37 20 107 46 100 57 19 126
6193 28 8 44 108 110 77 85 41 13 67
6193 29 8 0 63 65 11 64 116 23 36
6193 30 8 59 90 74 32 19 70 118 82
6193 31 8 28 81 103 67 113 55 97 115
6193 32 8 7 49 10 20 27 68 126 43
6193 33 8 41 51 30 40 12 112 106 62
6193 34 8 33 109 40 124 65 103 93 13
6193 35 8 34 97 94 42 55 79 126 1
6193 36 8 38 0 119 103 115 36 7 58
6193 37 8 123 41 109 57 85 12 62 74
6193 38 8 18 60 0 46 111 25 52 64
6193 39 8 107 20 76 57 90 35 113 53
6193 40 8 77 44 29 108 110 67 36 34
6193 41 8 63 65 0 11 64 115 122 85
6193 42 8 8 20 126 90 49 75 46 59
6193 43 8 47 125 45 121 86 8 117 102
6193 44 8 110 11 80 23 92 13 84 33
6193 45 8 1 83 47 76 5 7 86 84
6193 46 8 1 4 10 45 123 119 83 124
6193 47 8 11 127 31 82 15 90 121 21
13 0 8 65 43 98 73 72 45 1 114
13 1 8 18 94 38 26 43 127 95 119
13 2 8 84 88 38 57 40 93 18 20
13 3 8 6 89 31 41 124 16 91 2
13 4 8 106 76 85 115 124 44 7 48
13 5 8 125 61 66 8 22 64 12 49
13 6 8 83 105 8 56 123 30 34 86
13 7 8 49 112 103 98 28 115 67 3
13 8 8 84 121 127 43 68 117 65 42
13 9 8 117 9 110 112 12 104 88 102
13 10 8 105 61 45 13 56 53 62 37
13 11 8 61 49 24 122 125 78 0 92
13 12 8 99 15 115 96 119 104 9 52
13 13 8 6 15 28 64 23 115 118 125
13 14 8 48 20 90 0 17 111 52 71
13 15 8 85 76 101 61 10 35 103 104
13 16 8 124 8 19 39 73 36 41 85
13 17 8 19 69 42 21 105 116 117 48
13 18 8 105 56 83 32 8 30 90 59
13 19 8 49 28 81 112 67 103 115 34
13 20 8 84 121 127 43 42 65 126 68
13 21 8 110 117 125 9 112 12 83 102
13 22 8 105 61 56 53 45 13 33 62
13 23 8 61 24 49 122 23 125 0 29
13 24 8 99 15 115 96 9 56 79 119
13 25 8 58 6 15 28 23 64 115 118
13 26 8 20 17 90 48 0 100 111 86
13 27 8 101 85 10 70 76 61 103 23
13 28 8 124 8 81 73 19 39 41 17
13 29 8 19 42 21 69 48 103 116 1
13 30 8 105 56 83 30 8 74 32 90
13 31 8 112 49 98 3 28 60 67 103
13 32 8 65 121 84 127 43 116 46 68
13 33 8 125 117 9 110 112 102 96 12
13 34 8 105 56 61 78 53 39 13 30
13 35 8 24 61 125 23 49 37 0 122
13 36 8 99 15 96 79 97 9 63 56
13 37 8 15 58 6 28 23 118 25 10
13 38 8 20 48 17 90 8 0 86 107
13 39 8 85 101 23 103 61 10 76 70
13 40 8 124 8 73 81 17 45 105 65
13 41 8 42 69 19 48 21 127 113 1
13 42 8 64 31 32 114 36 7 115 29
13 43 8 45 77 88 102 86 40 43 79
13 44 8 53 92 121 73 91 0 90 79
13 45 8 1 101 84 111 7 27 94 103
13 46 8 119 114 31 11 8 75 4 83
13 47 8 73 57 105 20 9 86 63 124
576 0 8 50 106 57 21 103 110 14 34
576 1 8 6 3 95 9 42 57 37 72
576 2 8 122 90 84 92 100 108 45 10
576 3 8 39 2 4 16 94 87 29 71
576 4 8 50 56 63 23 83 82 100 110
576 5 8 51 47 105 12 22 107 82 8
576 6 8 30 70 34 94 8 56 90 32
576 7 8 28 60 98 81 103 3 95 115
576 8 8 36 109 127 43 68 42 7 117
576 9 8 65 117 32 45 112 12 96 73
576 10 8 23 108 123 113 83 88 86 80
576 11 8 109 69 67 34 9 115 122 82
576 12 8 114 104 79 119 97 107 9 29
576 13 8 66 98 23 21 64 118 82 76
576 14 8 8 16 90 105 0 58 10 71
576 15 8 72 103 61 76 4 23 56 10
576 16 8 119 55 124 12 19 60 41 85
576 17 8 2 35 66 20 103 48 69 116
576 18 8 90 32 59 70 94 30 8 74
576 19 8 28 81 115 67 97 60 19 3
576 20 8 127 7 36 43 109 68 49 126
576 21 8 117 12 45 112 65 32 114 102
576 22 8 83 123 86 65 113 53 66 45
576 23 8 34 109 67 89 0 69 127 47
576 24 8 115 114 104 119 9 107 110 34
576 25 8 66 98 64 23 21 82 76 6
576 26 8 90 105 8 16 0 58 111 88
576 27 8 61 72 76 103 56 10 23 104
576 28 8 119 12 124 19 55 41 93 43
576 29 8 2 66 35 103 116 20 127 117
576 30 8 90 59 74 32 70 30 94 75
576 31 8 28 81 97 103 115 68 60 67
576 32 8 7 109 127 43 36 68 49 42
576 33 8 117 32 12 112 65 45 102 114
576 34 8 123 86 66 113 88 83 108 53
576 35 8 109 67 89 69 34 0 122 47
576 36 8 114 9 119 104 58 95 115 68
576 37 8 66 82 98 113 23 76 55 115
576 38 8 105 8 16 90 0 88 58 118
576 39 8 72 61 4 104 76 56 103 3
576 40 8 12 119 43 41 105 19 55 36
576 41 8 2 66 20 35 127 103 117 23
576 42 8 27 29 18 102 93 94 76 119
576 43 8 29 102 79 45 6 86 40 87
576 44 8 48 91 20 68 63 92 121 43
576 45 8 1 111 84 70 80 19 7 21
576 46 8 4 114 8 119 31 115 83 101
576 47 8 36 47 123 120 88 66 9 63
1376 0 8 12 34 7 28 124 112 36 79
1376 1 8 48 16 23 88 99 116 45 117
1376 2 8 9 70 90 8 73 15 24 71
1376 3 8 16 77 112 90 62 64 38 29
1376 4 8 56 50 77 87 22 104 82 124
1376 5 8 102 78 47 12 126 105 82 56
1376 6 8 70 30 59 90 34 32 111 94
1376 7 8 28 81 60 3 98 118 30 115
1376 8 8 36 7 4 43 68 127 34 59
1376 9 8 32 65 117 33 22 112 12 49
1376 10 8 108 80 113 41 86 88 37 17
1376 11 8 34 50 9 69 98 82 8 64
1376 12 8 114 104 118 29 63 119 95 125
1376 13 8 98 102 76 120 64 84 82 21
1376 14 8 8 64 16 22 0 82 96 90
1376 15 8 72 61 56 76 104 18 46 81
1376 16 8 13 51 19 85 41 27 60 120
1376 17 8 54 66 46 2 35 103 126 23
1376 18 8 70 59 90 32 30 74 55 94
1376 19 8 28 81 115 67 60 68 97 118
1376 20 8 7 4 127 68 36 43 49 46
1376 21 8 117 12 120 121 32 33 28 40
1376 22 8 41 111 80 37 109 65 86 51
1376 23 8 64 34 59 89 50 18 68 65
1376 24 8 95 114 119 115 9 110 118 29
1376 25 8 98 89 45 120 82 64 102 61
1376 26 8 64 8 0 16 22 45 90 25
1376 27 8 46 61 72 104 54 76 56 25
1376 28 8 13 85 19 67 93 51 41 60
1376 29 8 54 66 92 23 2 116 71 127
1376 30 8 70 59 90 74 32 75 30 27
1376 31 8 28 81 30 60 68 97 103 3
1376 32 8 7 36 49 4 127 43 46 22
1376 33 8 65 33 32 117 12 49 40 114
1376 34 8 80 41 113 86 108 9 88 53
1376 35 8 89 34 18 50 64 8 0 59
1376 36 8 119 114 9 118 95 32 116 103
1376 37 8 82 102 76 98 66 120 45 113
1376 38 8 8 64 16 96 0 90 82 88
1376 39 8 61 56 54 37 72 76 77 46
1376 40 8 13 51 41 43 67 18 101 6
1376 41 8 66 2 126 36 35 127 54 103
1376 42 8 8 18 77 86 98 29 102 94
1376 43 8 45 102 6 79 16 86 125 80
1376 44 8 20 121 23 48 72 91 63 99
1376 45 8 1 76 84 70 111 103 80 7
1376 46 8 4 8 114 51 75 31 83 115
1376 47 8 26 127 66 120 114 21 15 47
4522 0 8 41 125 77 23 112 12 116 62
4522 1 8 88 29 113 59 58 67 45 117
4522 2 8 9 76 15 73 32 47 59 125
4522 3 8 77 90 16 121 40 62 53 59
4522 4 8 77 50 104 47 124 27 22 56
4522 5 8 78 126 117 56 12 82 102 95
4522 6 8 30 90 110 8 34 32 75 111
4522 7 8 28 60 98 39 3 115 51 81
4522 8 8 118 127 36 15 43 46 116 103
4522 9 8 117 65 22 32 114 112 102 38
4522 10 8 108 80 109 113 88 5 30 112
4522 11 8 16 8 82 34 55 0 98 115
4522 12 8 32 116 114 42 104 119 112 9
4522 13 8 41 119 98 76 64 123 82 10
4522 14 8 8 47 90 16 0 87 62 61
4522 15 8 20 72 56 38 61 18 76 95
4522 16 8 29 77 110 19 18 41 6 60
4522 17 8 103 64 46 0 65 116 83 13
4522 18 8 30 8 75 110 90 56 32 74
4522 19 8 60 3 28 39 115 51 98 16
4522 20 8 127 36 118 116 46 42 101 103
4522 21 8 117 22 65 32 96 33 102 112
4522 22 8 80 113 108 53 109 30 86 112
4522 23 8 89 8 16 0 82 101 69 65
4522 24 8 97 116 115 42 9 104 34 101
4522 25 8 98 41 24 119 76 64 21 42
4522 26 8 8 90 47 62 111 16 88 6
4522 27 8 61 10 56 72 20 18 76 6
4522 28 8 29 110 6 77 19 45 60 18
4522 29 8 46 103 64 116 85 69 0 65
4522 30 8 56 30 75 8 110 74 32 90
4522 31 8 60 51 3 115 28 98 39 110
4522 32 8 127 36 116 118 43 46 103 68
4522 33 8 117 65 22 32 45 102 112 114
4522 34 8 113 108 109 53 80 95 30 112
4522 35 8 16 89 8 37 98 0 55 115
4522 36 8 97 0 116 9 12 63 52 115
4522 37 8 41 76 57 16 82 10 95 123
4522 38 8 47 8 60 88 111 52 34 71
4522 39 8 20 72 18 56 61 95 76 35
4522 40 8 6 110 45 29 44 55 60 77
4522 41 8 64 85 36 46 115 103 15 65
4522 42 8 77 49 90 125 8 59 75 24
4522 43 8 49 125 74 12 121 19 102 45
4522 44 8 13 99 88 80 45 23 37 72
4522 45 8 58 5 17 76 47 26 112 7
4522 46 8 96 81 84 30 29 10 105 45
4522 47 8 127 111 31 15 95 11 121 52
374 0 8 104 120 16 107 47 70 53 22
374 1 8 86 107 58 88 34 113 3 23
374 2 8 87 9 14 84 116 100 32 117
374 3 8 26 59 76 16 90 38 105 121
374 4 8 0 77 124 25 47 104 56 118
374 5 8 82 80 126 102 47 8 125 34
374 6 8 30 56 8 110 42 75 79 34
374 7 8 60 98 87 50 51 39 3 34
374 8 8 36 127 46 116 15 103 39 64
374 9 8 117 45 22 65 94 112 32 69
374 10 8 108 113 83 80 74 112 64 53
374 11 8 67 8 98 115 69 9 127 82
374 12 8 104 53 115 97 9 116 42 63
374 13 8 44 21 98 64 16 25 75 24
374 14 8 8 28 79 0 58 90 80 47
374 15 8 61 56 23 76 18 103 35 60
374 16 8 15 40 7 73 19 18 60 41
374 17 8 69 53 97 103 20 116 14 15
374 18 8 30 90 32 75 8 56 110 86
374 19 8 28 60 115 98 67 81 87 50
374 20 8 127 36 42 43 126 106 68 39
374 21 8 117 45 112 22 12 94 65 102
374 22 8 108 83 113 74 53 80 62 66
374 23 8 67 0 8 89 122 101 86 47
374 24 8 115 104 53 9 76 97 124 58
374 25 8 21 44 98 64 65 75 16 24
374 26 8 0 28 58 79 39 8 90 111
374 27 8 56 76 61 35 10 23 60 103
374 28 8 15 19 41 73 18 124 85 43
374 29 8 69 97 116 117 127 20 103 53
374 30 8 90 75 74 32 30 59 70 110
374 31 8 28 115 103 60 67 98 81 97
374 32 8 7 43 68 42 109 39 126 106
374 33 8 12 117 112 45 94 22 113 51
374 34 8 74 101 86 83 45 108 53 62
374 35 8 67 0 34 89 98 101 122 8
374 36 8 119 9 76 115 124 53 97 58
374 37 8 44 21 98 75 24 25 76 115
374 38 8 0 79 8 28 80 62 58 6
374 39 8 23 76 56 61 35 18 103 60
374 40 8 15 7 40 41 36 20 67 18
374 41 8 69 53 117 127 97 15 48 17
374 42 8 7 37 73 101 29 125 59 74
374 43 8 102 4 45 43 79 81 77 86
374 44 8 63 92 37 45 71 91 68 43
374 45 8 1 84 111 94 46 112 7 103
374 46 8 4 82 114 119 31 67 8 75
374 47 8 117 34 32 9 95 35 90 27
429 0 8 84 103 2 80 0 101 14 97
429 1 8 58 3 86 83 23 113 116 88
429 2 8 84 122 87 9 117 100 24 32
429 3 8 90 26 38 39 59 16 105 76
429 4 8 77 91 47 25 124 0 56 104
429 5 8 82 107 126 111 12 47 102 56
429 6 8 30 42 110 75 123 86 85 70
429 7 8 60 98 28 115 95 103 39 51
429 8 8 109 43 39 59 127 103 36 42
429 9 8 45 112 117 65 12 22 127 34
429 10 8 83 23 108 113 80 123 64 101
429 11 8 67 34 98 0 47 9 8 101
429 12 8 68 115 104 97 119 58 110 9
429 13 8 121 65 21 25 64 98 99 16
429 14 8 28 0 79 58 118 8 45 52
429 15 8 103 56 76 35 61 4 96 18
429 16 8 55 19 15 73 36 20 41 67
429 17 8 69 48 97 117 45 127 20 116
429 18 8 90 32 75 86 70 59 123 94
429 19 8 28 81 115 67 103 68 97 30
429 20 8 109 7 127 43 46 39 68 49
429 21 8 112 12 45 51 117 88 49 113
429 22 8 101 123 86 45 108 104 83 74
429 23 8 0 34 67 101 47 126 89 98
429 24 8 76 115 119 104 124 58 68 110
429 25 8 98 21 64 121 65 16 76 79
429 26 8 0 58 79 28 45 87 52 27
429 27 8 56 103 61 76 35 104 4 55
429 28 8 55 19 73 124 18 15 85 36
429 29 8 69 48 97 116 117 127 45 17
429 30 8 90 74 59 75 70 32 94 27
429 31 8 28 103 115 81 67 30 98 68
429 32 8 109 7 46 43 126 49 68 39
429 33 8 112 12 51 45 117 88 104 73
429 34 8 123 101 86 45 108 83 65 104
429 35 8 67 34 0 98 126 89 47 101
429 36 8 119 76 115 114 58 99 9 124
429 37 8 98 16 6 121 28 115 55 76
429 38 8 0 79 48 28 90 52 8 118
429 39 8 103 23 76 4 85 61 56 104
429 40 8 124 36 73 55 20 67 85 41
429 41 8 69 48 127 97 20 19 113 23
429 42 8 64 37 93 101 29 7 31 5
429 43 8 77 79 45 88 102 117 4 43
429 44 8 73 53 92 68 63 121 43 91
429 45 8 1 103 111 84 7 94 70 80
429 46 8 8 67 114 4 31 119 44 83
429 47 8 117 32 34 9 47 73 63 123
279 0 8 106 57 103 71 110 16 127 14
279 1 8 9 48 3 116 95 126 11 42
279 2 8 90 122 10 92 7 50 100 74
279 3 8 39 112 94 114 37 97 12 71
279 4 8 50 63 82 23 56 54 107 89
279 5 8 51 105 12 107 102 56 95 114
279 6 8 123 70 30 43 90 86 94 32
279 7 8 103 28 81 115 60 30 67 95
279 8 8 109 7 28 49 68 43 126 107
279 9 8 112 32 88 45 12 51 30 73
279 10 8 23 101 83 123 86 88 80 65
279 11 8 109 34 67 47 126 101 44 0
279 12 8 114 76 115 119 68 110 95 25
279 13 8 66 99 65 113 76 115 21 55
279 14 8 16 0 105 118 52 58 25 45
279 15 8 72 103 76 4 61 56 104 35
279 16 8 55 119 36 12 19 67 41 60
279 17 8 2 35 20 66 117 127 115 116
279 18 8 90 32 123 70 59 94 86 19
279 19 8 28 81 115 67 103 30 68 97
279 20 8 7 109 49 46 68 43 126 39
279 21 8 12 112 101 45 32 88 120 30
279 22 8 101 86 123 45 65 93 83 104
279 23 8 34 126 67 109 0 47 101 127
279 24 8 119 115 114 76 68 95 124 110
279 25 8 66 98 64 113 82 76 21 115
279 26 8 0 16 105 118 25 45 52 87
279 27 8 56 72 76 104 103 61 4 115
279 28 8 119 55 12 36 85 19 67 41
279 29 8 2 35 66 116 20 127 45 117
279 30 8 90 59 70 74 32 75 19 94
279 31 8 28 81 103 115 68 67 30 97
279 32 8 109 7 49 126 43 68 46 39
279 33 8 32 12 112 51 48 30 101 104
279 34 8 86 123 101 88 65 103 45 80
279 35 8 109 34 47 67 126 0 44 10
279 36 8 114 119 68 120 115 76 124 9
279 37 8 66 113 55 99 98 82 115 76
279 38 8 105 0 16 118 58 90 25 8
279 39 8 72 4 115 104 103 76 56 57
279 40 8 119 12 43 36 55 41 85 67
279 41 8 2 20 66 35 127 23 117 113
279 42 8 27 29 102 93 18 46 94 5
279 43 8 79 29 45 102 6 86 40 117
279 44 8 48 68 20 91 92 63 121 72
279 45 8 1 111 84 70 58 7 66 80
279 46 8 4 8 114 31 119 115 83 75
279 47 8 36 120 47 123 88 66 9 63
1614 0 8 83 112 23 28 79 36 86 105
1614 1 8 48 68 29 16 90 101 88 71
1614 2 8 23 44 76 71 126 59 41 5
1614 3 8 70 90 92 112 73 43 24 85
1614 4 8 50 84 5 27 82 54 93 38
1614 5 8 12 10 87 115 56 75 95 63
1614 6 8 70 118 103 59 90 5 74 94
1614 7 8 28 81 2 103 115 55 19 117
1614 8 8 20 43 7 127 61 42 37 15
1614 9 8 112 25 32 51 12 66 40 102
1614 10 8 103 95 109 88 35 41 13 85
1614 11 8 0 42 34 22 111 101 8 51
1614 12 8 26 115 119 101 0 114 76 58
1614 13 8 2 99 41 57 76 50 12 65
1614 14 8 0 60 16 102 58 45 80 90
1614 15 8 76 111 61 35 60 20 90 56
1614 16 8 11 55 60 108 19 110 15 4
1614 17 8 15 46 52 64 116 23 54 89
1614 18 8 90 70 59 74 94 86 103 32
1614 19 8 28 115 81 2 67 103 98 97
1614 20 8 43 46 7 68 20 42 126 127
1614 21 8 112 12 51 32 25 35 118 113
1614 22 8 103 41 88 35 109 95 45 101
1614 23 8 0 42 34 22 101 126 116 111
1614 24 8 115 76 124 0 119 58 114 26
1614 25 8 57 2 18 41 98 76 77 64
1614 26 8 0 60 102 80 58 16 6 99
1614 27 8 60 56 76 35 61 111 31 55
1614 28 8 11 15 108 19 55 110 60 18
1614 29 8 15 52 46 116 17 117 127 64
1614 30 8 90 74 75 59 70 32 94 79
1614 31 8 28 2 103 115 81 67 68 34
1614 32 8 7 39 106 46 43 126 20 42
1614 33 8 112 12 51 45 118 32 35 113
1614 34 8 103 35 101 45 86 62 41 109
1614 35 8 0 98 22 42 126 34 101 122
1614 36 8 76 119 26 58 115 12 0 53
1614 37 8 2 16 41 115 57 76 21 18
1614 38 8 80 0 60 102 52 8 6 58
1614 39 8 60 76 35 56 18 78 20 61
1614 40 8 15 108 55 11 110 60 18 67
1614 41 8 15 52 17 46 36 117 113 127
1614 42 8 125 7 49 74 73 90 22 29
1614 43 8 19 43 102 12 45 56 40 127
1614 44 8 45 88 99 13 92 79 72 11
1614 45 8 1 84 112 46 17 7 34 119
1614 46 8 30 39 105 81 29 4 83 84
1614 47 8 52 35 95 111 59 9 127 108
646 0 8 104 120 2 97 70 92 29 51
646 1 8 123 107 86 76 57 109 37 20
646 2 8 9 14 116 10 51 50 100 7
646 3 8 105 39 25 13 38 89 85 32
646 4 8 0 23 74 25 82 105 22 124
646 5 8 34 80 107 12 126 75 82 95
646 6 8 79 123 110 30 42 74 32 86
646 7 8 28 34 87 103 98 115 50 81
646 8 8 39 43 64 106 109 126 68 7
646 9 8 112 94 45 117 52 12 22 51
646 10 8 83 35 101 108 23 74 97 62
646 11 8 9 98 0 47 34 67 86 105
646 12 8 53 58 115 118 76 104 119 26
646 13 8 65 44 75 2 21 64 16 98
646 14 8 0 80 58 79 28 118 6 52
646 15 8 35 76 60 56 61 18 4 96
646 16 8 15 19 11 7 18 60 41 79
646 17 8 15 52 97 116 20 109 117 113
646 18 8 90 70 59 32 74 75 94 86
646 19 8 28 81 115 67 103 87 98 97
646 20 8 43 39 46 7 68 42 106 14
646 21 8 112 94 12 51 45 113 22 37
646 22 8 101 45 108 35 74 83 107 62
646 23 8 47 0 34 101 86 126 98 67
646 24 8 115 76 53 124 104 68 58 119
646 25 8 44 75 65 64 21 98 115 121
646 26 8 0 80 58 28 79 45 39 118
646 27 8 56 60 35 76 4 61 18 55
646 28 8 15 19 11 7 18 85 41 36
646 29 8 52 15 116 97 109 117 127 20
646 30 8 70 90 75 59 74 32 94 79
646 31 8 28 103 115 81 67 30 68 97
646 32 8 7 46 39 14 43 68 109 49
646 33 8 51 12 112 94 49 73 45 77
646 34 8 101 86 35 83 74 45 97 108
646 35 8 34 67 0 71 126 101 47 98
646 36 8 119 124 76 53 115 118 100 58
646 37 8 44 75 2 21 65 64 115 16
646 38 8 0 80 79 58 6 25 52 45
646 39 8 60 56 35 18 76 23 78 57
646 40 8 15 7 11 18 36 67 41 19
646 41 8 52 15 117 17 127 46 23 113
646 42 8 7 37 125 74 29 109 22 73
646 43 8 19 43 102 45 12 86 40 127
646 44 8 45 88 0 79 72 113 92 91
646 45 8 1 84 46 112 17 34 119 7
646 46 8 4 29 39 105 30 83 84 119
646 47 8 52 35 95 108 59 111 9 71
17529 0 8 126 124 62 3 64 79 29 82
17529 1 8 78 123 107 76 114 101 98 45
17529 2 8 119 6 71 50 15 59 62 52
17529 3 8 90 7 105 26 11 120 43 65
17529 4 8 91 39 82 116 84 74 54 0
17529 5 8 12 90 70 56 80 117 78 49
17529 6 8 70 123 86 90 79 75 59 61
17529 7 8 103 28 87 81 115 70 30 46
17529 8 8 24 51 7 49 39 19 68 46
17529 9 8 51 112 12 52 94 88 116 113
17529 10 8 101 120 86 37 23 45 95 74
17529 11 8 87 71 34 47 0 16 101 44
17529 12 8 76 115 100 119 95 101 53 110
17529 13 8 24 65 99 64 85 75 121 49
17529 14 8 22 62 0 28 58 45 6 25
17529 15 8 115 56 98 104 35 76 113 61
17529 16 8 20 123 19 79 36 18 85 29
17529 17 8 84 97 14 109 115 20 117 113
17529 18 8 90 70 59 75 94 123 86 32
17529 19 8 28 115 81 67 103 68 87 97
17529 20 8 24 7 51 49 19 68 6 42
17529 21 8 51 12 112 73 40 113 116 77
17529 22 8 101 86 37 120 51 65 95 45
17529 23 8 71 34 97 87 101 16 126 114
17529 24 8 115 76 119 124 100 103 101 110
17529 25 8 24 85 89 121 64 44 75 123
17529 26 8 22 62 0 45 28 87 58 25
17529 27 8 56 115 104 46 61 98 76 31
17529 28 8 20 123 85 36 19 121 18 41
17529 29 8 84 97 14 115 20 116 109 117
17529 30 8 90 13 70 75 59 32 74 94
17529 31 8 28 103 115 81 68 30 67 113
17529 32 8 24 7 51 49 126 42 46 106
17529 33 8 51 12 48 112 77 49 73 104
17529 34 8 86 101 37 120 45 74 65 51
17529 35 8 71 87 34 47 97 126 0 68
17529 36 8 119 76 115 120 101 100 124 68
17529 37 8 85 24 121 49 55 64 42 65
17529 38 8 62 0 28 22 118 58 25 96
17529 39 8 98 56 115 104 18 4 53 76
17529 40 8 123 20 36 121 85 43 18 67
17529 41 8 20 84 14 97 117 127 23 113
17529 42 8 28 65 32 101 5 8 29 93
17529 43 8 79 45 4 6 2 102 81 86
17529 44 8 13 71 68 54 72 20 121 23
17529 45 8 1 103 34 84 127 111 80 7
17529 46 8 67 4 8 114 83 31 44 45
17529 47 8 117 34 32 9 66 59 27 47
279 0 8 106 61 57 111 101 66 127 71
279 1 8 98 48 9 62 91 46 92 105
279 2 8 90 122 15 69 62 52 126 24
279 3 8 90 7 11 26 120 105 97 122
279 4 8 39 63 47 82 77 105 4 111
279 5 8 51 105 70 12 90 49 56 117
279 6 8 123 86 75 70 110 90 10 9
279 7 8 103 28 81 115 68 30 70 72
279 8 8 51 24 28 39 49 7 68 106
279 9 8 51 48 112 32 12 73 88 116
279 10 8 23 101 86 83 74 110 45 37
279 11 8 47 87 109 34 71 10 13 102
279 12 8 120 68 76 115 100 47 25 119
279 13 8 99 66 85 49 55 65 113 42
279 14 8 105 16 118 0 22 58 25 45
279 15 8 115 56 104 4 98 57 90 18
279 16 8 12 119 36 43 79 19 123 85
279 17 8 35 2 109 20 115 66 84 117
279 18 8 90 70 75 94 59 123 32 13
279 19 8 28 115 67 81 68 30 97 103
279 20 8 28 49 7 24 14 46 51 68
279 21 8 48 51 12 32 30 112 77 101
279 22 8 101 86 45 74 14 123 83 93
279 23 8 109 34 47 87 10 13 71 68
279 24 8 115 119 47 120 76 68 124 110
279 25 8 85 66 49 113 55 42 115 107
279 26 8 105 16 0 45 118 25 22 58
279 27 8 115 56 104 90 4 81 46 44
279 28 8 12 119 36 85 43 19 18 123
279 29 8 115 2 109 35 20 66 116 83
279 30 8 70 13 75 90 59 74 32 19
279 31 8 28 81 113 115 68 103 67 30
279 32 8 28 7 49 24 14 46 109 126
279 33 8 51 32 77 12 48 30 49 101
279 34 8 86 101 74 123 110 14 45 83
279 35 8 34 109 87 116 10 101 13 47
279 36 8 47 115 119 120 76 124 68 110
279 37 8 85 49 66 42 55 113 107 65
279 38 8 16 105 0 118 25 58 96 45
279 39 8 56 98 115 104 18 91 4 113
279 40 8 12 119 43 36 41 85 67 19
279 41 8 2 20 35 66 23 109 117 127
279 42 8 27 29 102 109 18 5 93 94
279 43 8 79 6 29 102 45 86 40 117
279 44 8 20 72 68 48 63 91 121 21
279 45 8 1 58 34 84 111 70 80 103
279 46 8 4 8 114 102 83 31 75 115
279 47 8 36 120 66 59 47 123 88 9
12650 0 8 116 77 41 12 112 67 62 83
12650 1 8 48 98 114 7 29 16 88 109
12650 2 8 15 76 71 121 73 9 70 50
12650 3 8 62 40 90 121 97 112 77 43
12650 4 8 116 77 27 82 84 105 54 1
12650 5 8 12 117 90 48 78 56 102 65
12650 6 8 70 123 59 90 32 75 110 94
12650 7 8 28 81 103 115 30 67 46 124
12650 8 8 6 49 7 106 46 68 19 126
12650 9 8 51 112 12 22 113 73 88 77
12650 10 8 86 95 110 37 101 45 22 41
12650 11 8 34 114 16 116 126 101 2 0
12650 12 8 76 101 119 38 115 29 124 103
12650 13 8 85 99 42 123 41 65 109 102
12650 14 8 82 0 45 47 25 16 18 87
12650 15 8 56 20 90 104 33 35 55 107
12650 16 8 77 29 19 36 85 18 79 67
12650 17 8 0 115 117 64 65 109 105 24
12650 18 8 90 59 110 75 70 123 74 32
12650 19 8 28 81 115 103 68 67 97 30
12650 20 8 6 7 14 49 54 68 46 106
12650 21 8 12 51 112 77 73 113 33 40
12650 22 8 86 37 110 95 101 41 51 22
12650 23 8 114 97 16 34 116 101 71 68
12650 24 8 115 101 38 76 103 119 124 110
12650 25 8 85 123 109 41 89 42 102 24
12650 26 8 82 87 47 18 0 45 99 16
12650 27 8 56 20 90 104 31 107 77 33
12650 28 8 29 77 85 19 36 18 115 110
12650 29 8 115 65 64 84 0 116 117 109
12650 30 8 90 75 13 74 123 32 59 55
12650 31 8 28 103 115 68 93 81 67 113
12650 32 8 6 106 126 14 7 27 49 103
12650 33 8 51 12 32 112 40 77 73 53
12650 34 8 86 110 95 37 101 51 45 109
12650 35 8 114 116 97 16 34 42 101 71
12650 36 8 101 115 76 119 38 0 124 103
12650 37 8 85 109 123 41 57 42 125 89
12650 38 8 47 82 0 18 111 52 16 60
12650 39 8 90 107 56 20 77 18 104 35
12650 40 8 29 77 110 85 44 6 19 36
12650 41 8 115 64 0 63 84 65 36 85
12650 42 8 59 90 109 49 20 32 36 75
12650 43 8 74 125 45 102 86 47 121 79
12650 44 8 13 72 110 63 113 79 92 84
12650 45 8 1 86 34 119 7 93 26 47
12650 46 8 96 4 83 102 109 17 33 119
12650 47 8 94 11 121 127 14 82 12 31
315 0 8 68 81 107 31 69 118 70 53
315 1 8 75 83 39 46 91 98 113 67
315 2 8 117 123 9 15 121 10 59 50
315 3 8 10 26 90 62 121 97 112 59
315 4 8 91 111 77 105 116 82 29 47
315 5 8 117 111 90 12 102 78 70 58
315 6 8 123 75 110 70 10 90 30 13
315 7 8 28 103 34 81 115 30 72 93
315 8 8 51 28 39 106 49 68 46 126
315 9 8 51 48 43 112 22 77 1 113
315 10 8 86 101 23 74 83 110 123 22
315 11 8 102 13 47 34 116 10 126 58
315 12 8 120 76 115 47 68 18 100 119
315 13 8 85 99 121 42 55 65 64 125
315 14 8 84 82 58 45 28 118 0 19
315 15 8 115 56 50 90 4 112 33 104
315 16 8 121 20 36 19 43 18 98 79
315 17 8 97 109 14 115 126 117 113 116
315 18 8 90 70 75 59 110 98 123 111
315 19 8 28 81 115 67 103 68 97 30
315 20 8 28 51 49 7 14 6 68 24
315 21 8 51 48 77 43 12 112 73 30
315 22 8 101 86 74 123 1 14 37 51
315 23 8 102 13 34 47 71 10 101 87
315 24 8 115 47 120 76 119 124 68 69
315 25 8 85 121 55 42 31 64 14 24
315 26 8 84 87 45 82 58 19 28 0
315 27 8 115 56 4 90 50 104 112 81
315 28 8 20 121 36 85 18 19 43 73
315 29 8 14 97 126 109 115 83 116 45
315 30 8 70 59 90 75 13 74 32 19
315 31 8 28 81 103 113 115 30 68 67
315 32 8 28 49 7 14 46 37 106 126
315 33 8 51 48 43 77 30 12 49 73
315 34 8 86 101 123 14 45 74 83 51
315 35 8 102 13 34 47 10 58 116 87
315 36 8 119 47 115 120 76 68 124 69
315 37 8 85 121 55 107 125 99 42 49
315 38 8 84 118 19 28 0 25 82 45
315 39 8 115 56 53 4 18 91 113 76
315 40 8 20 121 36 85 67 43 41 115
315 41 8 14 97 45 23 127 20 126 28
315 42 8 109 65 41 29 5 101 93 46
315 43 8 79 45 4 6 117 86 40 102
315 44 8 68 71 72 54 121 91 63 20
315 45 8 1 103 84 34 111 127 7 85
315 46 8 4 67 8 102 114 31 44 83
315 47 8 117 34 47 66 32 59 123 9
2155 0 8 50 34 41 67 77 51 17 68
2155 1 8 75 99 16 123 114 116 91 76
2155 2 8 90 8 69 70 15 92 121 24
2155 3 8 77 10 97 90 62 122 121 112
2155 4 8 87 105 111 10 22 77 82 47
2155 5 8 105 54 117 12 122 70 90 58
2155 6 8 123 75 55 90 70 13 59 19
2155 7 8 103 28 81 115 67 30 72 68
2155 8 8 14 39 49 4 106 28 68 126
2155 9 8 48 104 30 112 51 77 105 12
2155 10 8 86 45 23 123 101 110 70 54
2155 11 8 47 50 116 34 102 13 10 109
2155 12 8 76 118 25 68 120 115 119 47
2155 13 8 113 102 55 85 125 36 99 20
2155 14 8 96 118 58 84 82 0 25 30
2155 15 8 115 56 4 104 90 57 37 33
2155 16 8 51 36 43 111 19 85 119 91
2155 17 8 126 35 2 109 117 20 47 113
2155 18 8 90 70 59 32 94 75 123 19
2155 19 8 28 81 103 115 67 30 68 97
2155 20 8 14 7 49 28 39 68 46 4
2155 21 8 48 30 12 51 77 112 104 73
2155 22 8 45 101 86 123 110 70 93 100
2155 23 8 50 47 34 13 102 116 10 101
2155 24 8 115 76 120 119 118 69 68 49
2155 25 8 85 55 113 102 66 107 36 42
2155 26 8 96 84 0 45 87 118 82 58
2155 27 8 115 37 4 56 33 81 90 46
2155 28 8 51 85 111 36 43 19 119 41
2155 29 8 126 2 35 116 23 109 115 83
2155 30 8 70 59 90 13 75 74 94 55
2155 31 8 28 81 103 30 115 68 113 97
2155 32 8 7 14 49 28 4 37 46 126
2155 33 8 51 48 77 30 33 12 49 104
2155 34 8 86 101 45 123 110 70 100 33
2155 35 8 34 116 50 47 102 10 0 13
2155 36 8 119 118 115 68 76 120 110 49
2155 37 8 85 102 113 66 107 99 64 55
2155 38 8 82 96 0 84 118 25 64 45
2155 39 8 37 115 4 33 113 98 18 104
2155 40 8 51 85 67 111 36 43 41 109
2155 41 8 23 126 2 35 127 66 28 113
2155 42 8 29 98 102 109 38 93 5 46
2155 43 8 45 16 79 86 117 40 6 102
2155 44 8 68 48 72 121 20 91 21 63
2155 45 8 1 103 111 84 70 34 7 14
2155 46 8 4 8 114 31 119 102 115 83
2155 47 8 47 26 123 66 36 59 88 103
4244 0 8 41 125 87 23 61 79 28 112
4244 1 8 29 68 16 101 67 85 59 88
4244 2 8 59 76 125 115 71 4 126 67
4244 3 8 79 70 92 43 121 77 24 104
4244 4 8 38 27 5 82 84 10 54 47
4244 5 8 12 87 115 10 54 56 48 65
4244 6 8 70 59 86 103 18 118 90 94
4244 7 8 103 28 30 81 55 46 6 73
4244 8 8 20 7 49 14 37 46 31 43
4244 9 8 30 51 25 49 112 40 88 104
4244 10 8 86 95 45 109 70 100 110 41
4244 11 8 42 64 116 34 97 16 101 122
4244 12 8 76 0 103 119 38 36 110 109
4244 13 8 57 41 36 85 109 123 99 125
4244 14 8 0 25 60 18 45 46 30 111
4244 15 8 20 37 54 57 90 76 18 107
4244 16 8 77 110 115 19 36 108 83 79
4244 17 8 64 0 65 63 116 102 54 23
4244 18 8 70 59 94 86 90 75 103 32
4244 19 8 28 30 81 103 115 68 67 73
4244 20 8 37 46 20 7 14 49 94 31
4244 21 8 49 25 30 40 51 112 41 12
4244 22 8 124 86 95 45 82 109 70 41
4244 23 8 116 97 42 64 34 16 18 101
4244 24 8 103 38 0 76 25 119 36 115
4244 25 8 57 123 109 41 36 85 89 64
4244 26 8 60 18 0 71 30 25 102 99
4244 27 8 20 37 54 126 90 107 76 51
4244 28 8 44 110 77 85 115 108 36 29
4244 29 8 65 64 0 63 36 116 11 83
4244 30 8 70 59 75 118 94 90 86 74
4244 31 8 28 103 30 115 68 81 106 55
4244 32 8 37 20 14 46 7 49 27 43
4244 33 8 49 40 30 35 51 41 112 104
4244 34 8 86 70 124 95 45 109 111 110
4244 35 8 42 97 116 64 16 34 126 55
4244 36 8 0 38 119 25 103 76 58 115
4244 37 8 57 85 36 41 123 109 115 64
4244 38 8 60 18 111 0 71 52 25 46
4244 39 8 90 107 20 76 37 54 18 35
4244 40 8 29 44 77 110 36 108 67 85
4244 41 8 122 65 64 0 63 115 11 85
4244 42 8 25 49 126 75 90 59 8 9
4244 43 8 125 47 121 45 117 8 49 80
4244 44 8 110 80 121 72 11 92 13 84
4244 45 8 1 47 83 76 5 119 84 7
4244 46 8 10 4 45 96 102 119 82 124
4244 47 8 127 31 15 11 90 121 21 82
476 0 8 83 63 120 110 107 0 31 97
476 1 8 34 41 8 104 109 56 2 62
476 2 8 53 67 62 10 8 88 54 59
476 3 8 89 79 50 6 104 97 12 109
476 4 8 79 76 38 124 106 40 47 82
476 5 8 42 125 12 54 122 16 56 70
476 6 8 86 75 105 59 123 70 10 19
476 7 8 103 95 49 28 34 110 6 30
476 8 8 14 66 84 49 46 68 7 43
476 9 8 98 112 30 104 117 51 110 12
476 10 8 73 86 45 83 101 97 110 23
476 11 8 26 9 116 49 79 61 34 126
476 12 8 107 79 115 76 36 119 109 118
476 13 8 6 80 64 36 85 65 83 55
476 14 8 10 0 25 125 58 118 48 79
476 15 8 23 85 37 3 90 61 115 57
476 16 8 8 124 85 19 36 51 67 43
476 17 8 19 97 72 126 53 59 116 90
476 18 8 70 59 86 94 8 13 90 32
476 19 8 28 81 115 103 30 95 68 67
476 20 8 14 66 37 7 127 46 43 49
476 21 8 48 98 25 112 30 117 12 49
476 22 8 73 45 83 101 86 90 40 2
476 23 8 26 47 116 79 0 126 64 34
476 24 8 107 79 115 36 104 76 118 119
476 25 8 6 80 64 55 107 79 85 65
476 26 8 10 96 0 58 79 118 125 25
476 27 8 3 85 23 115 61 76 14 37
476 28 8 8 85 43 115 67 19 36 41
476 29 8 126 19 116 97 83 35 53 23
476 30 8 70 59 74 90 94 32 13 86
476 31 8 28 81 30 103 68 115 97 67
476 32 8 7 37 66 14 49 28 31 46
476 33 8 98 48 30 49 25 12 51 112
476 34 8 73 83 90 45 86 101 123 13
476 35 8 26 47 34 79 0 69 116 64
476 36 8 107 119 79 68 9 115 104 118
476 37 8 80 83 6 85 107 65 64 42
476 38 8 10 96 118 58 0 25 48 112
476 39 8 23 3 85 61 37 76 4 115
476 40 8 8 67 124 115 36 51 43 85
476 41 8 126 19 90 83 23 127 35 2
476 42 8 21 5 29 93 98 9 109 46
476 43 8 45 79 88 40 117 86 102 6
476 44 8 0 68 92 72 121 20 91 48
476 45 8 1 103 111 84 70 7 66 34
476 46 8 4 8 114 31 119 83 115 102
476 47 8 47 123 59 117 36 66 88 34
11211 0 8 23 83 112 125 79 41 62 124
11211 1 8 8 67 90 29 114 68 85 101
11211 2 8 76 6 71 44 115 96 126 59
11211 3 8 79 92 29 70 109 24 77 43
11211 4 8 5 27 84 38 82 54 37 101
11211 5 8 12 96 87 10 115 48 54 56
11211 6 8 70 88 59 103 86 118 5 90
11211 7 8 103 28 55 81 30 124 105 46
11211 8 8 20 49 7 14 37 31 43 94
11211 9 8 79 30 25 112 40 34 51 49
11211 10 8 95 45 86 109 70 51 41 10
11211 11 8 92 42 116 34 64 0 97 55
11211 12 8 103 76 119 0 109 38 110 115
11211 13 8 57 109 123 36 41 1 85 47
11211 14 8 0 18 60 25 30 46 22 26
11211 15 8 20 37 46 76 61 57 107 104
11211 16 8 110 19 77 85 109 67 36 108
11211 17 8 0 64 54 116 65 118 63 23
11211 18 8 70 59 103 90 32 74 94 86
11211 19 8 28 103 30 81 115 55 68 67
11211 20 8 20 7 37 49 31 94 46 14
11211 21 8 40 79 30 25 12 112 49 35
11211 22 8 109 41 124 45 95 70 111 86
11211 23 8 97 92 42 64 116 34 81 55
11211 24 8 103 38 119 0 109 25 115 36
11211 25 8 57 123 109 36 41 89 85 62
11211 26 8 60 18 0 71 22 30 25 125
11211 27 8 20 37 126 90 31 46 107 76
11211 28 8 44 77 108 110 85 29 36 19
11211 29 8 65 0 64 63 54 116 15 52
11211 30 8 118 70 88 59 75 90 32 123
11211 31 8 103 28 30 115 68 67 2 110
11211 32 8 20 27 14 49 46 7 37 68
11211 33 8 79 41 112 40 30 35 49 104
11211 34 8 95 70 86 45 109 124 111 110
11211 35 8 92 42 97 116 16 64 81 0
11211 36 8 38 0 119 76 25 58 103 109
11211 37 8 109 57 123 36 41 115 85 64
11211 38 8 60 18 111 0 52 25 7 46
11211 39 8 90 107 20 35 76 18 57 37
11211 40 8 29 77 44 110 36 108 109 114
11211 41 8 65 0 122 64 63 115 85 84
11211 42 8 75 49 126 25 59 90 20 8
11211 43 8 125 47 121 49 8 45 117 102
11211 44 8 110 80 13 11 92 72 121 84
11211 45 8 47 1 83 5 119 84 76 7
11211 46 8 10 1 45 124 82 4 96 123
11211 47 8 127 31 11 90 15 27 121 82
979 0 8 120 13 2 69 93 61 31 0
979 1 8 83 53 58 76 26 115 39 41
979 2 8 116 117 122 65 9 120 15 68
979 3 8 64 106 89 26 10 1 59 121
979 4 8 102 91 105 79 76 82 47 111
979 5 8 111 125 12 90 108 102 117 30
979 6 8 123 10 75 110 19 30 90 59
979 7 8 95 72 103 34 28 115 30 98
979 8 8 27 39 109 106 49 46 14 28
979 9 8 112 43 104 22 12 51 1 48
979 10 8 123 86 101 23 45 62 83 97
979 11 8 58 47 86 34 13 71 126 26
979 12 8 69 76 120 115 124 100 36 104
979 13 8 79 55 121 95 85 64 6 42
979 14 8 58 28 118 79 0 101 6 25
979 15 8 34 90 56 104 4 35 103 113
979 16 8 15 20 36 79 55 114 83 19
979 17 8 45 97 15 117 17 115 113 69
979 18 8 75 90 86 110 123 70 59 13
979 19 8 28 72 67 115 103 81 68 34
979 20 8 28 27 46 39 109 49 7 14
979 21 8 43 48 112 12 77 51 105 49
979 22 8 123 101 45 120 86 74 14 35
979 23 8 58 47 34 13 71 86 0 101
979 24 8 69 76 115 120 124 68 119 104
979 25 8 85 79 55 121 95 64 65 6
979 26 8 58 28 118 0 101 79 45 99
979 27 8 34 4 90 56 35 115 55 18
979 28 8 15 20 85 36 114 18 55 79
979 29 8 45 15 97 52 116 69 85 115
979 30 8 70 59 75 90 74 19 13 32
979 31 8 28 103 81 30 68 115 95 67
979 32 8 46 7 49 109 37 39 14 27
979 33 8 43 12 49 112 77 30 104 48
979 34 8 101 123 86 40 74 45 65 35
979 35 8 58 111 34 47 0 126 86 13
979 36 8 119 124 36 76 68 120 100 69
979 37 8 79 121 115 64 77 99 55 85
979 38 8 79 0 7 58 28 80 101 25
979 39 8 34 60 18 78 76 35 90 103
979 40 8 15 55 67 36 20 7 85 83
979 41 8 45 69 15 52 17 48 113 127
979 42 8 37 7 74 29 59 101 65 46
979 43 8 43 45 19 4 40 102 117 86
979 44 8 45 73 37 92 121 72 21 0
979 45 8 1 84 46 112 17 85 7 34
979 46 8 105 82 39 4 83 119 84 75
979 47 8 95 35 52 32 59 108 34 117
23163 0 8 126 3 67 77 12 62 29 116
23163 1 8 78 76 123 91 114 75 88 68
23163 2 8 44 23 119 73 71 121 66 50
23163 3 8 7 120 11 79 106 65 90 26
23163 4 8 91 39 82 105 84 54 37 4
23163 5 8 12 108 70 117 56 111 65 47
23163 6 8 70 59 94 79 90 123 86 32
23163 7 8 28 103 87 30 115 122 105 6
23163 8 8 49 24 51 46 7 6 43 37
23163 9 8 112 51 43 52 62 12 25 88
23163 10 8 120 95 40 101 37 86 74 35
23163 11 8 71 111 87 47 34 16 126 0
23163 12 8 119 36 124 76 120 68 115 58
23163 13 8 99 24 121 85 79 123 115 125
23163 14 8 0 62 28 58 118 7 45 30
23163 15 8 115 76 35 18 96 4 98 3
23163 16 8 20 19 123 23 121 83 67 85
23163 17 8 84 14 97 116 20 113 0 102
23163 18 8 70 86 94 90 19 59 75 74
23163 19 8 28 115 68 81 30 103 67 122
23163 20 8 24 46 51 7 6 49 37 43
23163 21 8 112 51 49 48 12 40 25 62
23163 22 8 95 120 101 40 37 74 41 86
23163 23 8 97 71 116 87 47 68 111 126
23163 24 8 76 36 124 120 103 119 115 68
23163 25 8 24 55 85 121 49 115 79 64
23163 26 8 62 28 58 0 118 7 60 25
23163 27 8 115 98 4 35 90 54 31 104
23163 28 8 20 123 85 121 36 43 67 115
23163 29 8 97 84 14 20 116 126 113 109
23163 30 8 70 59 74 90 75 32 94 19
23163 31 8 28 103 30 68 81 115 106 97
23163 32 8 7 49 51 24 46 37 39 14
23163 33 8 30 12 49 48 51 43 101 112
23163 34 8 120 101 40 74 37 86 107 65
23163 35 8 71 87 47 111 34 126 97 10
23163 36 8 119 120 124 68 36 76 30 100
23163 37 8 49 24 121 55 107 99 85 64
23163 38 8 62 118 28 0 25 96 58 112
23163 39 8 115 98 4 18 104 113 53 76
23163 40 8 123 20 121 36 67 85 43 41
23163 41 8 14 97 84 20 113 127 23 28
23163 42 8 65 101 29 28 93 5 46 9
23163 43 8 45 79 4 117 40 87 102 81
23163 44 8 13 71 121 68 54 72 92 21
23163 45 8 1 84 111 85 34 103 7 66
23163 46 8 67 4 8 114 31 102 119 83
23163 47 8 34 117 32 66 9 47 27 126
264 0 8 106 27 61 50 110 48 49 118
264 1 8 99 91 75 39 14 44 62 20
264 2 8 45 122 7 126 50 44 92 120
264 3 8 94 7 11 120 59 90 97 65
264 4 8 39 105 111 82 54 4 38 18
264 5 8 105 12 51 70 108 111 56 102
264 6 8 70 59 90 94 13 86 32 74
264 7 8 28 103 115 81 30 73 72 68
264 8 8 2 49 24 51 7 28 46 37
264 9 8 112 48 51 43 30 12 52 62
264 10 8 23 101 74 40 86 110 14 69
264 11 8 87 71 47 111 13 94 34 10
264 12 8 119 124 68 36 120 76 115 112
264 13 8 12 55 66 113 79 49 115 99
264 14 8 96 0 105 118 58 7 36 25
264 15 8 115 4 98 3 18 35 56 104
264 16 8 51 121 43 83 123 19 85 67
264 17 8 2 35 66 20 126 45 116 30
264 18 8 70 86 94 90 59 75 32 74
264 19 8 28 81 115 68 30 103 67 6
264 20 8 46 2 49 7 28 24 37 51
264 21 8 48 49 30 112 12 62 43 51
264 22 8 101 45 40 74 86 14 83 123
264 23 8 47 87 71 13 64 34 111 10
264 24 8 76 120 124 68 36 119 115 110
264 25 8 55 66 12 113 107 115 49 79
264 26 8 96 118 105 25 58 0 101 7
264 27 8 115 98 34 4 35 104 57 90
264 28 8 51 85 121 36 43 67 123 79
264 29 8 2 35 126 66 20 116 83 109
264 30 8 70 59 75 90 74 13 32 94
264 31 8 28 30 103 81 68 115 97 46
264 32 8 7 49 2 37 46 28 14 31
264 33 8 30 49 12 51 48 101 112 77
264 34 8 110 101 14 86 74 40 103 65
264 35 8 34 87 47 71 64 50 13 111
264 36 8 119 124 68 120 36 69 115 30
264 37 8 12 66 113 99 49 107 55 65
264 38 8 96 105 118 0 25 58 10 84
264 39 8 98 115 4 113 18 53 104 76
264 40 8 51 121 123 67 43 36 85 115
264 41 8 2 35 66 126 20 23 113 127
264 42 8 98 93 102 29 18 9 46 94
264 43 8 45 79 81 117 87 86 102 40
264 44 8 48 121 68 91 20 72 21 92
264 45 8 1 111 84 70 85 66 34 7
264 46 8 4 8 44 114 102 31 115 119
264 47 8 36 120 47 123 66 88 59 9
19639 0 8 112 77 67 3 23 62 28 79
19639 1 8 29 90 7 68 48 114 101 45
19639 2 8 76 44 24 23 71 15 126 73
19639 3 8 92 90 40 59 24 97 79 77
19639 4 8 27 84 5 47 82 54 10 116
19639 5 8 12 48 87 117 56 70 10 115
19639 6 8 70 59 90 123 32 39 94 5
19639 7 8 28 81 103 122 115 6 30 55
19639 8 8 6 49 7 2 46 20 59 126
19639 9 8 51 112 12 30 88 40 41 62
19639 10 8 95 110 86 37 65 40 109 41
19639 11 8 34 64 116 71 16 111 0 42
19639 12 8 119 103 76 38 124 0 115 101
19639 13 8 12 109 57 123 41 115 125 49
19639 14 8 0 18 47 45 13 7 36 62
19639 15 8 20 18 76 35 104 113 107 31
19639 16 8 23 77 85 19 29 67 41 110
19639 17 8 0 64 84 65 116 23 63 91
19639 18 8 59 70 90 94 32 39 74 19
19639 19 8 28 115 68 81 30 67 103 122
19639 20 8 6 7 20 126 24 46 49 42
19639 21 8 12 51 112 40 35 62 41 25
19639 22 8 95 41 109 110 86 40 37 120
19639 23 8 116 97 42 68 34 16 71 64
19639 24 8 38 0 103 119 115 101 76 36
19639 25 8 109 57 123 12 41 115 49 125
19639 26 8 18 60 47 0 62 7 45 71
19639 27 8 20 104 46 31 107 77 54 37
19639 28 8 23 44 77 85 110 29 19 108
19639 29 8 0 64 84 65 63 116 36 115
19639 30 8 118 90 59 74 70 94 32 75
19639 31 8 28 103 68 115 30 81 67 34
19639 32 8 20 6 27 7 49 46 2 14
19639 33 8 12 35 41 112 40 77 62 49
19639 34 8 95 109 86 40 124 110 37 41
19639 35 8 42 97 16 111 71 116 64 68
19639 36 8 38 119 0 103 58 36 101 115
19639 37 8 12 41 123 109 57 49 95 115
19639 38 8 18 47 60 111 0 52 46 7
19639 39 8 20 107 90 18 76 35 46 57
19639 40 8 23 77 44 29 110 85 114 108
19639 41 8 65 0 63 64 85 115 84 113
19639 42 8 126 90 49 75 20 59 32 55
19639 43 8 74 121 125 47 45 8 49 102
19639 44 8 110 13 80 121 72 92 23 84
19639 45 8 1 83 47 5 7 26 34 86
19639 46 8 1 10 96 45 83 124 4 123
19639 47 8 127 11 31 90 15 82 121 12
13 0 8 65 43 98 73 72 100 114 1
13 1 8 18 94 38 26 43 127 32 50
13 2 8 84 88 38 57 40 93 108 20
13 3 8 89 6 31 124 41 16 2 85
13 4 8 106 124 76 115 85 44 40 7
13 5 8 125 61 8 66 12 64 22 41
13 6 8 8 83 105 56 123 30 12 32
13 7 8 49 112 98 115 34 28 103 39
13 8 8 84 121 127 68 116 65 43 126
13 9 8 112 9 117 110 12 125 51 73
13 10 8 105 61 53 56 62 86 78 98
13 11 8 24 61 125 49 0 7 71 101
13 12 8 99 96 15 115 104 58 56 119
13 13 8 6 23 28 15 64 58 115 25
13 14 8 90 48 17 20 0 52 104 107
13 15 8 85 101 10 35 76 61 18 103
13 16 8 124 39 8 73 19 17 85 18
13 17 8 69 19 42 21 99 1 105 48
13 18 8 83 105 56 8 30 123 90 34
13 19 8 112 49 98 39 28 3 34 115
13 20 8 84 121 127 65 116 106 103 42
13 21 8 9 117 110 125 112 12 127 113
13 22 8 105 61 53 56 13 108 39 62
13 23 8 61 24 49 23 125 122 0 29
13 24 8 99 15 96 56 115 104 79 97
13 25 8 58 6 23 15 28 64 125 19
13 26 8 17 20 90 48 100 11 111 0
13 27 8 101 10 85 70 103 76 61 23
13 28 8 124 73 81 8 39 19 17 84
13 29 8 19 21 42 69 48 1 103 116
13 30 8 105 83 56 30 8 110 34 74
13 31 8 112 49 98 3 60 51 39 28
13 32 8 65 121 84 127 43 116 103 46
13 33 8 125 9 117 110 112 102 96 127
13 34 8 105 56 61 78 53 39 13 112
13 35 8 61 24 125 23 49 0 37 122
13 36 8 99 15 96 97 56 9 63 79
13 37 8 15 58 28 23 6 118 10 25
13 38 8 20 17 48 90 8 86 107 0
13 39 8 85 23 101 103 10 61 70 76
13 40 8 124 8 73 81 17 45 105 65
13 41 8 42 69 19 48 21 1 102 127
13 42 8 64 31 32 115 114 36 5 7
13 43 8 45 77 88 102 127 86 20 43
13 44 8 53 92 121 73 0 90 98 91
13 45 8 1 101 84 111 103 27 7 2
13 46 8 11 114 75 31 8 119 83 34
13 47 8 73 57 105 20 9 86 63 124
1752 0 8 50 93 21 31 69 75 2 74
1752 1 8 6 124 23 19 83 95 58 42
1752 2 8 7 117 116 50 68 10 15 92
1752 3 8 16 64 60 2 4 51 85 39
1752 4 8 56 111 50 124 107 48 104 43
1752 5 8 12 82 2 8 47 68 102 108
1752 6 8 30 8 34 56 94 59 90 108
1752 7 8 72 98 28 3 9 16 81 60
1752 8 8 28 36 127 59 116 109 42 35
1752 9 8 65 117 45 112 96 102 12 92
1752 10 8 123 88 113 53 108 23 83 8
1752 11 8 58 67 69 13 82 23 125 0
1752 12 8 114 69 104 124 79 96 119 116
1752 13 8 23 98 21 82 77 64 118 61
1752 14 8 121 8 90 0 84 58 71 52
1752 15 8 76 61 10 18 4 35 23 103
1752 16 8 124 73 121 19 85 17 20 84
1752 17 8 45 103 14 116 48 97 23 69
1752 18 8 59 8 70 56 90 94 30 74
1752 19 8 28 81 98 72 9 19 3 16
1752 20 8 43 7 127 46 116 28 35 42
1752 21 8 112 117 102 68 45 25 83 12
1752 22 8 83 123 13 103 20 53 108 39
1752 23 8 0 122 67 58 89 29 121 37
1752 24 8 124 58 74 104 114 34 9 115
1752 25 8 125 23 99 107 112 40 42 104
1752 26 8 111 121 0 58 8 90 30 52
1752 27 8 35 6 76 23 3 58 18 48
1752 28 8 19 73 93 84 121 115 41 124
1752 29 8 116 45 103 72 14 102 117 69
1752 30 8 74 85 70 59 94 30 90 56
1752 31 8 28 98 100 44 81 19 72 106
1752 32 8 37 43 9 36 28 7 35 50
1752 33 8 112 25 117 68 102 65 12 49
1752 34 8 123 13 88 86 108 103 20 39
1752 35 8 0 58 4 13 111 121 122 36
1752 36 8 69 114 119 124 74 36 24 9
1752 37 8 82 23 98 20 77 79 121 125
1752 38 8 121 90 0 28 101 88 84 111
1752 39 8 13 23 76 61 18 35 10 6
1752 40 8 121 20 124 73 41 85 17 19
1752 41 8 45 14 97 127 102 20 117 112
1752 42 8 65 101 36 93 119 5 75 32
1752 43 8 38 45 4 102 86 81 79 6
1752 44 8 121 71 54 113 92 68 98 72
1752 45 8 1 127 84 111 34 103 85 32
1752 46 8 74 114 31 8 67 75 102 4
1752 47 8 117 34 55 32 9 47 66 123
3110 0 8 77 41 62 125 23 116 29 12
3110 1 8 58 23 6 3 116 26 60 34
3110 2 8 87 8 54 84 88 50 100 53
3110 3 8 16 64 2 124 80 38 4 90
3110 4 8 56 124 25 118 76 48 104 47
3110 5 8 82 47 68 12 103 22 8 95
3110 6 8 30 83 56 8 34 52 42 12
3110 7 8 98 3 95 16 60 51 28 49
3110 8 8 36 116 35 84 127 14 109 46
3110 9 8 45 117 65 9 114 96 112 110
3110 10 8 83 113 53 123 73 108 13 112
3110 11 8 67 26 125 0 8 61 82 58
3110 12 8 104 118 107 97 116 15 9 56
3110 13 8 98 23 21 64 6 16 102 79
3110 14 8 8 79 90 48 88 121 11 125
3110 15 8 103 23 10 18 85 31 61 87
3110 16 8 111 73 124 55 17 115 19 8
3110 17 8 69 48 53 99 97 103 116 83
3110 18 8 56 8 30 83 34 86 59 12
3110 19 8 98 60 3 28 95 51 16 39
3110 20 8 36 116 35 46 127 84 14 103
3110 21 8 45 117 65 114 96 9 49 23
3110 22 8 53 123 83 13 73 113 108 30
3110 23 8 0 89 67 61 26 37 82 127
3110 24 8 9 104 118 97 56 116 15 107
3110 25 8 98 6 23 32 21 64 28 16
3110 26 8 90 48 111 79 11 8 88 0
3110 27 8 23 10 103 85 87 61 76 16
3110 28 8 124 73 111 55 85 19 115 8
3110 29 8 69 48 97 103 45 116 1 53
3110 30 8 56 105 30 8 34 86 74 70
3110 31 8 49 28 95 98 60 103 110 16
3110 32 8 36 84 121 43 116 127 46 109
3110 33 8 45 117 9 110 65 49 114 112
3110 34 8 123 105 53 61 113 13 73 83
3110 35 8 67 61 49 24 0 89 37 26
3110 36 8 99 107 9 97 15 119 116 118
3110 37 8 98 16 28 23 21 6 10 64
3110 38 8 48 79 8 90 0 88 111 52
3110 39 8 23 87 76 103 18 10 61 85
3110 40 8 111 73 124 8 114 45 55 6
3110 41 8 69 48 53 17 103 102 85 1
3110 42 8 64 31 114 32 115 36 7 74
3110 43 8 30 38 77 45 88 86 94 75
3110 44 8 73 53 94 79 92 121 32 113
3110 45 8 1 94 5 86 7 34 54 85
3110 46 8 122 74 4 97 102 119 38 62
3110 47 8 79 54 82 44 14 114 12 55
11 0 8 26 65 44 59 114 70 73 66
11 1 8 23 50 94 58 34 124 26 42
11 2 8 87 84 88 54 92 53 81 111
11 3 8 39 51 2 82 67 117 108 64
11 4 8 56 118 124 25 82 64 7 47
11 5 8 82 47 12 102 107 23 22 51
11 6 8 70 123 30 59 86 94 90 32
11 7 8 28 103 30 81 95 115 98 6
11 8 8 109 49 7 68 46 43 117 37
11 9 8 112 45 88 12 117 34 30 104
11 10 8 83 123 86 37 45 13 23 101
11 11 8 34 67 0 101 126 9 40 111
11 12 8 68 119 76 9 115 58 114 104
11 13 8 99 65 98 21 115 16 23 121
11 14 8 58 20 0 52 79 118 45 25
11 15 8 103 56 76 23 35 4 61 18
11 16 8 79 55 124 19 115 83 36 73
11 17 8 69 97 117 48 17 102 45 72
11 18 8 70 86 75 94 59 123 110 90
11 19 8 28 103 30 81 115 67 68 73
11 20 8 46 14 103 39 109 37 43 7
11 21 8 49 112 45 12 113 104 62 73
11 22 8 83 123 101 86 45 108 100 104
11 23 8 47 67 0 34 126 101 122 64
11 24 8 76 68 104 9 119 115 124 58
11 25 8 115 65 121 107 125 64 55 32
11 26 8 58 0 118 28 30 7 79 20
11 27 8 103 56 23 35 55 53 4 3
11 28 8 115 85 73 124 36 79 67 55
11 29 8 69 116 48 97 45 117 17 102
11 30 8 70 59 94 75 74 26 27 63
11 31 8 28 30 103 68 110 6 115 81
11 32 8 46 37 109 7 43 14 36 39
11 33 8 49 45 112 104 12 118 117 65
11 34 8 123 86 83 101 45 88 13 20
11 35 8 67 126 0 61 89 122 49 34
11 36 8 119 99 9 107 114 15 74 76
11 37 8 15 6 28 16 23 98 58 79
11 38 8 20 48 90 0 28 7 17 79
11 39 8 23 85 103 76 101 18 61 10
11 40 8 124 73 8 105 67 36 55 115
11 41 8 19 69 48 42 113 97 72 17
11 42 8 64 7 39 31 29 9 32 101
11 43 8 45 77 88 43 102 117 78 40
11 44 8 121 53 73 0 92 91 72 98
11 45 8 1 84 85 94 111 103 34 21
11 46 8 4 102 119 75 31 114 82 67
11 47 8 117 32 73 9 34 126 95 90
304 0 8 93 69 107 120 31 21 68 53
304 1 8 23 60 83 6 39 58 3 113
304 2 8 117 68 123 116 125 47 87 10
304 3 8 64 16 106 112 2 39 12 117
304 4 8 102 56 111 50 124 25 91 23
304 5 8 82 2 108 12 47 95 102 103
304 6 8 30 34 70 43 85 86 59 94
304 7 8 72 28 98 81 39 115 30 103
304 8 8 28 36 43 127 99 109 42 35
304 9 8 117 45 105 65 112 12 96 73
304 10 8 123 83 13 23 88 113 14 19
304 11 8 58 67 13 34 0 94 115 122
304 12 8 114 104 69 119 71 68 120 9
304 13 8 121 98 55 21 64 16 85 79
304 14 8 28 90 84 58 8 0 118 101
304 15 8 34 3 4 76 100 23 61 18
304 16 8 121 73 20 19 85 43 84 55
304 17 8 30 45 97 116 14 103 102 48
304 18 8 70 59 86 30 8 34 56 94
304 19 8 28 98 72 81 115 67 68 39
304 20 8 28 46 43 127 36 99 7 37
304 21 8 45 117 65 112 105 48 49 12
304 22 8 123 83 13 88 14 53 86 113
304 23 8 58 47 0 13 89 67 34 111
304 24 8 114 69 104 68 9 120 119 124
304 25 8 55 121 107 64 79 98 77 65
304 26 8 28 111 58 84 0 90 118 101
304 27 8 3 34 100 23 4 76 35 14
304 28 8 121 20 73 19 85 93 115 43
304 29 8 97 45 116 30 102 14 83 23
304 30 8 70 59 74 94 32 90 26 63
304 31 8 28 30 72 81 103 115 6 106
304 32 8 37 7 46 28 43 36 50 127
304 33 8 49 25 117 105 45 112 48 104
304 34 8 123 88 83 14 45 13 20 30
304 35 8 58 13 0 47 111 67 89 122
304 36 8 69 119 36 68 120 114 74 124
304 37 8 121 79 99 55 82 98 107 64
304 38 8 28 84 101 58 10 0 118 111
304 39 8 34 100 23 3 4 76 18 115
304 40 8 121 20 105 19 43 115 67 41
304 41 8 30 45 97 14 102 90 113 116
304 42 8 119 101 7 5 93 29 65 115
304 43 8 45 4 86 43 102 79 40 78
304 44 8 71 121 68 54 91 98 79 72
304 45 8 1 84 111 127 85 103 93 70
304 46 8 67 4 75 114 8 102 31 115
304 47 8 117 34 47 32 123 66 59 55
264 0 8 106 27 110 101 50 48 49 78
264 1 8 99 60 75 39 91 23 46 37
264 2 8 45 122 68 126 7 125 123 10
264 3 8 94 106 64 32 71 3 87 10
264 4 8 56 102 111 82 124 34 50 37
264 5 8 51 12 105 108 74 2 95 114
264 6 8 70 86 59 94 90 111 43 32
264 7 8 28 72 81 30 103 67 115 6
264 8 8 2 28 7 43 99 127 109 46
264 9 8 112 45 105 12 65 117 51 48
264 10 8 83 123 88 13 23 14 20 86
264 11 8 94 13 58 34 67 0 111 9
264 12 8 68 114 119 104 120 69 51 9
264 13 8 12 66 119 55 99 113 64 98
264 14 8 96 105 118 58 0 84 90 7
264 15 8 3 4 100 34 76 115 18 61
264 16 8 51 121 43 19 85 80 84 73
264 17 8 66 2 35 30 45 116 102 39
264 18 8 70 86 59 94 90 74 8 32
264 19 8 28 81 30 115 72 67 98 6
264 20 8 46 2 28 7 43 37 99 36
264 21 8 45 48 49 12 112 105 117 65
264 22 8 123 83 88 13 14 86 45 101
264 23 8 47 111 94 58 0 13 67 10
264 24 8 68 114 120 119 69 104 9 76
264 25 8 12 55 107 66 113 64 79 77
264 26 8 105 0 118 96 58 84 7 111
264 27 8 3 23 4 115 100 34 14 76
264 28 8 51 121 85 19 115 67 80 43
264 29 8 116 66 35 2 45 30 102 23
264 30 8 70 59 74 94 26 90 86 63
264 31 8 28 30 6 103 81 68 72 115
264 32 8 37 2 46 7 28 43 50 14
264 33 8 49 25 48 45 104 105 112 68
264 34 8 123 83 88 14 45 20 30 40
264 35 8 94 47 13 58 67 111 0 64
264 36 8 119 68 69 120 74 36 114 51
264 37 8 12 99 66 113 107 79 82 55
264 38 8 105 96 58 118 84 0 10 101
264 39 8 100 3 4 34 115 76 23 18
264 40 8 51 121 43 19 67 115 85 41
264 41 8 2 66 35 30 45 126 20 23
264 42 8 98 93 102 119 18 29 5 9
264 43 8 45 81 86 87 6 79 102 117
264 44 8 121 48 68 92 91 20 72 98
264 45 8 1 111 84 70 85 80 20 34
264 46 8 4 115 75 114 8 44 102 119
264 47 8 36 120 47 123 66 88 9 59
14468 0 8 77 112 67 12 23 3 28 79
14468 1 8 90 45 60 29 48 114 68 88
14468 2 8 23 125 69 76 71 4 44 64
14468 3 8 24 79 106 92 70 122 11 40
14468 4 8 5 27 84 37 82 54 11 70
14468 5 8 12 115 63 87 56 108 122 74
14468 6 8 70 103 59 86 94 89 46 90
14468 7 8 28 103 81 30 55 6 106 46
14468 8 8 6 37 46 7 94 2 49 43
14468 9 8 112 25 49 40 104 12 51 88
14468 10 8 41 37 10 124 95 13 82 86
14468 11 8 0 97 34 68 51 94 111 40
14468 12 8 103 119 14 38 76 110 17 36
14468 13 8 49 109 12 57 99 123 89 127
14468 14 8 0 31 60 30 7 18 25 57
14468 15 8 76 18 20 35 54 46 96 77
14468 16 8 115 19 23 127 94 77 36 13
14468 17 8 84 66 0 64 92 116 102 118
14468 18 8 70 103 94 86 59 89 75 74
14468 19 8 28 30 81 103 115 68 106 73
14468 20 8 37 46 94 6 7 43 20 24
14468 21 8 49 40 25 112 35 104 41 73
14468 22 8 124 82 37 10 86 45 95 88
14468 23 8 97 42 68 18 73 94 116 34
14468 24 8 103 0 119 38 14 25 114 36
14468 25 8 57 49 127 62 12 89 123 109
14468 26 8 71 60 47 0 31 7 30 53
14468 27 8 126 46 76 20 31 77 54 18
14468 28 8 23 115 94 13 80 44 19 127
14468 29 8 84 92 36 66 116 64 0 30
14468 30 8 70 94 118 103 74 59 89 86
14468 31 8 28 30 103 106 6 110 68 115
14468 32 8 37 6 94 46 20 2 7 43
14468 33 8 40 49 35 104 25 41 112 68
14468 34 8 124 37 95 88 82 40 10 41
14468 35 8 97 68 94 18 73 51 42 111
14468 36 8 103 119 25 17 14 0 29 74
14468 37 8 12 127 62 49 120 57 64 89
14468 38 8 60 47 71 0 7 31 102 112
14468 39 8 46 126 100 77 76 20 120 18
14468 40 8 23 94 13 84 115 110 44 19
14468 41 8 92 66 36 64 30 113 84 116
14468 42 8 18 86 90 98 126 77 49 5
14468 43 8 45 74 125 121 30 87 86 102
14468 44 8 121 13 92 23 98 72 79 110
14468 45 8 1 26 84 7 111 76 22 85
14468 46 8 75 4 119 102 51 45 96 83
14468 47 8 127 26 15 21 121 120 31 82
3383 0 8 112 27 23 41 125 36 12 79
3383 1 8 97 29 67 101 45 104 13 105
3383 2 8 23 76 67 44 125 126 71 5
3383 3 8 12 70 92 79 13 106 40 126
3383 4 8 1 27 5 37 54 82 84 10
3383 5 8 12 10 74 87 108 48 56 115
3383 6 8 70 94 59 103 90 64 32 118
3383 7 8 28 103 81 6 30 98 115 106
3383 8 8 46 37 2 20 35 6 59 127
3383 9 8 112 106 117 25 41 77 35 12
3383 10 8 109 95 13 88 86 41 20 10
3383 11 8 0 55 34 122 16 94 111 97
3383 12 8 119 38 0 103 36 14 51 74
3383 13 8 12 123 109 57 41 84 64 125
3383 14 8 18 0 47 111 73 7 45 30
3383 15 8 20 76 18 35 111 15 100 14
3383 16 8 19 108 77 44 110 85 84 41
3383 17 8 64 0 116 65 102 103 63 30
3383 18 8 59 90 74 86 30 70 32 94
3383 19 8 28 98 81 115 68 67 3 9
3383 20 8 46 35 43 20 7 2 6 127
3383 21 8 25 35 117 112 66 12 102 23
3383 22 8 95 88 82 109 10 86 53 124
3383 23 8 42 97 0 55 94 16 111 122
3383 24 8 0 38 119 14 114 7 36 103
3383 25 8 109 57 123 12 41 125 16 64
3383 26 8 60 18 47 71 0 111 30 102
3383 27 8 20 126 35 76 60 18 100 61
3383 28 8 108 44 110 85 77 19 115 88
3383 29 8 0 64 116 65 69 48 63 103
3383 30 8 118 56 74 30 59 90 70 32
3383 31 8 50 28 98 103 110 115 16 67
3383 32 8 20 37 2 46 43 3 59 116
3383 33 8 106 35 112 41 49 117 65 45
3383 34 8 95 124 109 88 53 108 82 45
3383 35 8 97 55 42 94 16 0 111 37
3383 36 8 0 7 119 103 38 12 25 74
3383 37 8 41 16 57 12 123 109 115 64
3383 38 8 47 60 71 111 102 7 18 52
3383 39 8 20 76 107 103 35 61 18 69
3383 40 8 44 110 108 77 55 29 127 109
3383 41 8 36 64 54 48 65 63 115 85
3383 42 8 49 90 126 64 24 8 59 31
3383 43 8 30 121 74 45 125 111 8 49
3383 44 8 13 110 80 121 23 92 72 73
3383 45 8 1 5 76 26 47 83 7 84
3383 46 8 122 10 45 96 123 102 119 4
3383 47 8 127 31 11 82 121 90 15 12
11 0 8 65 26 44 59 92 73 114 18
11 1 8 50 94 124 2 26 34 18 33
11 2 8 84 88 54 49 87 67 111 47
11 3 8 89 2 6 12 16 32 35 46
11 4 8 25 106 124 85 102 76 48 23
11 5 8 108 125 12 82 74 61 42 66
11 6 8 105 8 30 56 86 83 59 67
11 7 8 50 98 49 28 103 39 60 115
11 8 8 84 2 109 59 43 127 46 126
11 9 8 117 112 110 9 65 45 66 111
11 10 8 83 13 61 88 105 97 113 53
11 11 8 61 122 0 49 94 9 67 111
11 12 8 7 104 97 119 99 58 74 12
11 13 8 16 21 12 6 64 77 28 43
11 14 8 20 48 58 0 111 90 79 52
11 15 8 103 76 35 60 18 85 56 61
11 16 8 55 124 108 15 73 19 85 8
11 17 8 69 48 72 97 15 17 116 30
11 18 8 86 30 70 59 8 110 94 75
11 19 8 28 50 98 115 103 81 30 68
11 20 8 46 84 37 43 7 103 121 127
11 21 8 49 9 112 110 45 117 12 65
11 22 8 61 105 86 53 88 108 83 101
11 23 8 61 0 49 24 126 122 47 101
11 24 8 7 76 99 15 9 104 58 115
11 25 8 16 28 6 21 64 15 115 98
11 26 8 20 48 58 79 0 90 11 6
11 27 8 56 103 23 85 60 35 76 10
11 28 8 124 55 36 15 73 85 8 19
11 29 8 97 69 48 17 19 117 116 47
11 30 8 70 105 94 59 123 75 74 56
11 31 8 28 103 30 50 49 115 34 68
11 32 8 109 46 39 121 84 37 43 7
11 33 8 49 45 110 9 112 118 104 12
11 34 8 123 101 105 61 86 108 83 45
11 35 8 67 61 98 49 24 122 0 126
11 36 8 99 119 7 76 9 15 12 104
11 37 8 16 15 28 6 115 21 55 64
11 38 8 20 48 28 8 0 118 52 90
11 39 8 23 103 85 4 76 3 115 101
11 40 8 124 73 36 8 55 20 67 114
11 41 8 69 48 19 97 72 113 17 20
11 42 8 64 39 9 101 7 31 32 74
11 43 8 45 77 88 43 30 117 40 102
11 44 8 121 53 73 92 0 72 36 68
11 45 8 1 85 94 84 111 66 32 127
11 46 8 102 67 4 31 82 114 119 75
11 47 8 117 32 73 34 9 95 126 63
979 0 8 93 2 13 120 21 69 54 80
979 1 8 58 6 83 23 53 95 42 26
979 2 8 117 122 65 116 9 47 66 51
979 3 8 64 112 2 16 12 106 38 29
979 4 8 56 25 102 91 50 79 124 82
979 5 8 108 2 47 82 111 12 22 30
979 6 8 123 19 30 86 70 42 94 59
979 7 8 95 98 28 72 103 50 110 115
979 8 8 109 36 46 43 59 39 49 8
979 9 8 112 45 117 65 62 88 12 1
979 10 8 123 83 88 13 101 64 86 108
979 11 8 58 67 0 34 98 9 115 111
979 12 8 114 104 69 51 119 9 97 12
979 13 8 16 21 77 121 64 79 98 125
979 14 8 79 7 28 101 58 118 0 52
979 15 8 34 4 103 76 35 90 56 61
979 16 8 55 15 20 73 79 36 114 19
979 17 8 45 69 17 97 48 15 113 117
979 18 8 86 70 75 94 79 90 123 59
979 19 8 28 95 30 103 115 68 81 67
979 20 8 46 109 39 49 43 103 7 14
979 21 8 49 45 62 48 112 43 12 37
979 22 8 123 88 101 86 45 83 35 120
979 23 8 47 58 111 67 0 126 34 10
979 24 8 76 114 69 68 120 104 9 36
979 25 8 121 55 115 77 79 107 65 64
979 26 8 28 118 7 101 79 58 0 39
979 27 8 34 4 103 56 76 35 23 91
979 28 8 15 36 20 85 55 79 114 67
979 29 8 45 97 17 69 15 48 113 116
979 30 8 70 59 19 94 74 75 86 79
979 31 8 28 30 103 95 68 110 115 106
979 32 8 37 46 109 49 7 39 43 36
979 33 8 49 45 62 30 104 48 118 65
979 34 8 123 88 101 86 74 83 65 45
979 35 8 111 58 67 122 47 10 126 34
979 36 8 119 36 51 120 114 104 124 68
979 37 8 121 115 79 98 77 55 21 64
979 38 8 7 79 28 101 58 0 118 25
979 39 8 34 78 60 103 113 76 23 53
979 40 8 15 55 67 20 36 115 83 45
979 41 8 45 69 15 48 113 17 52 97
979 42 8 37 101 74 7 9 31 29 32
979 43 8 45 4 19 43 40 117 102 81
979 44 8 45 73 121 36 92 37 71 98
979 45 8 1 46 85 84 112 66 17 35
979 46 8 105 82 39 4 102 119 75 67
979 47 8 95 35 32 34 52 117 59 9
66271 0 8 126 12 3 67 77 62 116 29
66271 1 8 78 123 76 45 114 88 91 68
66271 2 8 119 23 69 125 71 44 126 73
66271 3 8 120 79 11 7 65 122 112 64
66271 4 8 91 39 119 5 84 4 105 37
66271 5 8 12 108 70 52 115 48 117 74
66271 6 8 70 94 59 86 103 89 79 46
66271 7 8 28 103 30 87 6 46 81 106
66271 8 8 37 46 51 24 6 7 18 49
66271 9 8 112 49 25 52 48 51 40 104
66271 10 8 88 37 95 120 10 101 86 40
66271 11 8 71 111 87 34 16 0 47 97
66271 12 8 119 120 101 114 36 124 76 68
66271 13 8 24 49 121 123 109 55 99 115
66271 14 8 28 7 62 19 0 60 30 13
66271 15 8 115 76 20 3 18 35 91 4
66271 16 8 115 20 127 29 19 36 83 123
66271 17 8 84 97 14 116 45 102 0 113
66271 18 8 70 86 103 94 89 75 74 59
66271 19 8 28 30 103 106 115 68 81 110
66271 20 8 46 37 24 6 51 94 7 18
66271 21 8 49 40 48 112 35 25 43 104
66271 22 8 120 88 37 14 101 95 86 40
66271 23 8 71 68 111 87 97 42 22 79
66271 24 8 114 36 120 76 103 0 124 119
66271 25 8 49 121 24 55 18 57 107 79
66271 26 8 28 62 60 7 118 25 101 0
66271 27 8 115 3 4 98 46 76 35 18
66271 28 8 20 115 123 36 80 121 127 23
66271 29 8 84 97 14 45 116 47 53 102
66271 30 8 70 94 59 89 86 26 63 75
66271 31 8 30 103 28 106 68 110 6 115
66271 32 8 37 24 51 46 7 18 49 6
66271 33 8 49 48 104 30 45 62 76 108
66271 34 8 120 37 88 101 83 45 40 65
66271 35 8 71 87 111 47 122 10 68 97
66271 36 8 120 119 68 36 9 124 100 76
66271 37 8 49 24 121 107 55 64 99 115
66271 38 8 62 28 118 25 96 7 10 112
66271 39 8 115 98 4 3 53 46 113 23
66271 40 8 123 115 20 121 105 36 67 23
66271 41 8 84 97 14 113 20 90 83 28
66271 42 8 9 101 65 28 115 29 93 5
66271 43 8 4 45 117 40 81 104 2 87
66271 44 8 121 13 71 36 72 54 92 68
66271 45 8 1 85 84 127 66 32 111 34
66271 46 8 67 102 45 55 31 4 114 119
66271 47 8 117 34 32 126 27 9 74 66
264 0 8 106 27 50 110 61 48 49 101
264 1 8 99 91 9 105 75 20 66 39
264 2 8 45 122 69 62 7 125 52 44
264 3 8 11 7 94 122 79 120 65 10
264 4 8 111 39 4 105 40 63 82 107
264 5 8 105 51 70 108 12 111 114 49
264 6 8 70 86 59 74 94 13 46 63
264 7 8 28 103 30 106 73 72 6 110
264 8 8 2 37 28 46 24 7 51 86
264 9 8 48 49 30 43 112 105 52 24
264 10 8 88 23 83 14 123 54 110 86
264 11 8 71 47 87 111 13 10 64 102
264 12 8 119 120 68 36 47 76 51 69
264 13 8 12 66 55 49 119 113 107 79
264 14 8 105 96 7 118 58 0 84 111
264 15 8 115 3 4 98 120 76 91 56
264 16 8 51 121 43 127 115 36 80 83
264 17 8 2 35 66 126 45 39 102 116
264 18 8 70 94 86 75 89 63 59 9
264 19 8 28 30 103 115 106 81 68 110
264 20 8 46 37 2 28 49 7 14 24
264 21 8 48 49 30 112 62 43 104 45
264 22 8 83 123 45 14 88 101 86 40
264 23 8 47 111 87 64 13 79 10 71
264 24 8 76 68 74 120 36 114 119 69
264 25 8 12 107 66 55 115 49 113 79
264 26 8 7 118 105 58 96 0 25 30
264 27 8 115 3 76 56 4 91 57 23
264 28 8 115 51 121 36 80 79 67 85
264 29 8 2 35 66 45 126 116 83 102
264 30 8 70 94 26 27 59 63 75 86
264 31 8 30 28 103 106 110 115 6 68
264 32 8 37 2 46 28 14 7 24 49
264 33 8 49 48 30 104 43 25 105 45
264 34 8 123 110 83 45 88 14 13 103
264 35 8 13 47 87 58 64 111 122 71
264 36 8 68 120 74 36 119 69 51 76
264 37 8 12 99 66 107 113 49 55 79
264 38 8 105 96 118 84 7 58 25 110
264 39 8 98 115 3 4 91 7 53 69
264 40 8 51 115 121 43 67 123 36 114
264 41 8 2 35 66 126 20 113 117 71
264 42 8 93 98 9 102 18 5 115 123
264 43 8 45 81 87 6 117 79 42 36
264 44 8 72 121 48 68 36 20 92 69
264 45 8 1 85 70 111 32 20 84 80
264 46 8 115 102 55 4 44 8 114 31
264 47 8 120 36 47 123 66 88 59 9
3409 0 8 87 125 61 41 28 22 79 36
3409 1 8 90 68 48 101 29 45 59 67
3409 2 8 125 76 59 71 4 23 44 126
3409 3 8 79 70 92 24 73 104 106 21
3409 4 8 38 27 5 84 10 4 47 102
3409 5 8 12 87 10 115 56 54 74 48
3409 6 8 70 94 59 118 86 89 103 32
3409 7 8 103 28 30 55 6 73 106 81
3409 8 8 37 2 46 20 7 49 31 14
3409 9 8 30 49 25 41 40 51 112 88
3409 10 8 110 86 95 109 88 41 100 111
3409 11 8 116 64 42 111 34 122 126 16
3409 12 8 76 36 119 0 103 9 51 38
3409 13 8 12 41 57 123 109 77 115 42
3409 14 8 7 60 111 25 0 76 46 18
3409 15 8 20 98 91 57 76 37 107 90
3409 16 8 110 77 83 36 108 79 115 29
3409 17 8 64 65 0 11 63 84 102 116
3409 18 8 70 94 86 75 19 59 89 90
3409 19 8 30 103 28 115 68 106 73 81
3409 20 8 37 46 2 20 49 14 7 31
3409 21 8 49 30 62 41 40 35 112 37
3409 22 8 110 88 109 45 86 100 95 40
3409 23 8 116 42 64 71 111 97 94 79
3409 24 8 36 0 76 38 114 103 25 121
3409 25 8 12 57 109 41 115 123 77 18
3409 26 8 60 7 25 0 71 18 46 76
3409 27 8 20 37 53 57 76 107 126 56
3409 28 8 110 44 36 115 108 77 29 85
3409 29 8 64 11 65 0 36 63 84 85
3409 30 8 70 118 94 75 19 59 86 27
3409 31 8 30 103 28 55 68 106 2 50
3409 32 8 37 2 20 14 46 49 27 39
3409 33 8 49 30 41 40 35 62 106 112
3409 34 8 88 109 110 86 95 111 124 40
3409 35 8 111 42 64 97 116 71 22 122
3409 36 8 0 25 119 38 36 74 51 76
3409 37 8 12 57 41 123 109 64 115 18
3409 38 8 60 7 111 25 71 46 18 0
3409 39 8 20 107 53 90 76 69 57 51
3409 40 8 110 44 77 29 115 108 67 36
3409 41 8 36 64 65 122 63 84 0 11
3409 42 8 49 9 90 126 75 8 59 55
3409 43 8 30 125 121 49 8 45 117 47
3409 44 8 110 80 73 121 23 72 11 13
3409 45 8 76 1 83 47 85 5 7 84
3409 46 8 45 10 124 82 102 4 119 122
3409 47 8 127 31 11 90 15 121 82 114
11 0 8 65 26 44 59 114 101 73 83
11 1 8 50 94 124 26 2 34 104 18
11 2 8 84 88 49 54 53 65 62 41
11 3 8 89 2 79 6 122 65 12 31
11 4 8 25 76 106 124 85 40 23 4
11 5 8 125 108 12 70 42 23 61 22
11 6 8 105 19 70 86 59 46 8 94
11 7 8 103 50 49 28 30 124 117 6
11 8 8 49 84 46 2 121 37 43 109
11 9 8 110 112 62 88 117 37 52 9
11 10 8 88 83 61 86 13 101 45 35
11 11 8 71 61 49 122 0 94 111 126
11 12 8 7 76 119 104 12 99 52 74
11 13 8 16 6 115 12 21 64 77 43
11 14 8 20 0 7 48 111 52 6 25
11 15 8 85 103 60 76 56 18 96 37
11 16 8 36 108 114 55 8 124 15 79
11 17 8 17 69 72 15 48 97 84 113
11 18 8 70 86 75 90 94 32 19 123
11 19 8 28 50 30 103 115 81 68 67
11 20 8 46 49 84 39 126 7 103 37
11 21 8 62 112 49 30 12 9 110 37
11 22 8 88 101 86 45 61 105 120 100
11 23 8 61 49 24 126 0 94 101 122
11 24 8 76 7 99 115 15 104 119 58
11 25 8 16 6 64 115 28 15 21 77
11 26 8 20 48 0 79 58 6 7 52
11 27 8 56 60 103 85 35 4 23 55
11 28 8 55 15 124 8 36 85 114 73
11 29 8 69 17 48 19 97 15 117 116
11 30 8 70 105 90 75 19 74 59 32
11 31 8 50 28 103 34 30 68 115 49
11 32 8 39 109 46 121 84 43 103 106
11 33 8 110 45 49 9 118 112 12 1
11 34 8 101 86 61 105 108 45 62 123
11 35 8 98 61 24 67 49 122 0 126
11 36 8 7 99 119 12 76 63 104 15
11 37 8 16 6 15 115 28 21 64 76
11 38 8 20 48 0 28 52 8 118 58
11 39 8 103 23 85 4 76 78 18 71
11 40 8 124 8 20 55 36 73 85 67
11 41 8 69 48 97 19 72 113 20 17
11 42 8 39 64 101 31 36 32 93 7
11 43 8 45 30 77 88 117 43 79 102
11 44 8 73 92 121 53 72 0 68 91
11 45 8 1 85 127 84 94 111 7 21
11 46 8 67 4 102 119 31 83 114 8
11 47 8 117 32 34 73 9 79 126 124
279 0 8 106 57 103 14 110 71 127 74
279 1 8 9 48 6 50 95 3 8 42
279 2 8 90 122 10 92 84 100 62 50
279 3 8 39 29 2 112 94 79 46 114
279 4 8 50 63 25 23 110 82 40 4
279 5 8 51 105 12 107 82 47 114 49
279 6 8 70 123 94 59 19 90 86 32
279 7 8 28 50 103 81 30 115 95 2
279 8 8 109 49 68 43 7 39 61 126
279 9 8 112 88 45 37 32 12 65 73
279 10 8 83 23 86 101 123 108 37 88
279 11 8 109 9 67 34 126 47 0 106
279 12 8 114 119 76 68 12 29 110 112
279 13 8 16 66 99 115 21 65 125 113
279 14 8 105 16 58 0 118 52 30 25
279 15 8 103 72 4 56 76 35 96 115
279 16 8 55 36 79 119 12 83 15 19
279 17 8 35 2 20 66 17 113 10 117
279 18 8 70 94 90 75 86 19 59 123
279 19 8 28 81 30 103 115 67 68 97
279 20 8 46 7 49 37 109 39 28 14
279 21 8 48 49 12 77 112 30 73 37
279 22 8 101 123 83 45 86 14 37 66
279 23 8 34 47 126 67 101 109 114 10
279 24 8 76 119 110 114 115 120 68 12
279 25 8 66 89 115 55 16 113 125 107
279 26 8 0 118 105 16 30 45 25 52
279 27 8 115 56 103 4 76 72 104 37
279 28 8 85 36 55 119 19 12 79 114
279 29 8 116 2 35 10 66 17 117 113
279 30 8 70 74 59 75 90 94 19 27
279 31 8 28 81 30 103 115 68 67 97
279 32 8 37 109 7 46 43 61 39 49
279 33 8 49 32 48 12 112 45 104 118
279 34 8 123 86 101 103 65 45 88 85
279 35 8 109 47 34 126 67 0 13 122
279 36 8 119 120 114 68 104 76 12 58
279 37 8 66 55 16 113 99 125 107 115
279 38 8 105 16 118 0 58 96 30 84
279 39 8 72 4 115 103 3 76 34 104
279 40 8 119 12 43 55 85 115 84 36
279 41 8 2 35 66 20 113 112 127 71
279 42 8 27 102 93 18 29 9 5 36
279 43 8 45 29 79 6 102 40 86 87
279 44 8 48 68 92 121 72 20 91 98
279 45 8 1 111 84 70 58 85 66 7
279 46 8 4 8 119 114 115 102 31 75
279 47 8 36 120 47 123 88 66 9 124
1614 0 8 83 112 23 28 36 79 86 105
1614 1 8 48 68 16 29 90 67 88 101
1614 2 8 23 44 76 126 71 59 41 5
1614 3 8 70 92 90 112 73 85 3 42
1614 4 8 50 5 37 84 27 82 11 93
1614 5 8 12 10 75 87 115 95 56 74
1614 6 8 70 118 94 103 59 90 74 32
1614 7 8 28 2 81 115 19 103 55 6
1614 8 8 20 43 37 61 7 127 68 94
1614 9 8 112 25 32 12 66 40 51 88
1614 10 8 103 35 109 95 85 88 86 106
1614 11 8 42 0 22 9 34 36 8 101
1614 12 8 119 26 0 101 12 114 25 71
1614 13 8 2 16 99 41 57 125 76 20
1614 14 8 0 60 102 80 16 58 7 30
1614 15 8 111 60 76 20 61 126 96 90
1614 16 8 11 108 55 15 19 60 110 79
1614 17 8 15 46 52 116 64 17 113 89
1614 18 8 70 94 86 90 59 75 103 74
1614 19 8 28 115 81 2 67 30 103 50
1614 20 8 46 43 20 42 7 68 37 126
1614 21 8 112 12 25 118 35 32 113 40
1614 22 8 103 35 45 86 109 88 95 101
1614 23 8 42 22 0 34 126 101 36 16
1614 24 8 0 26 76 115 119 101 114 12
1614 25 8 57 2 16 18 41 125 115 44
1614 26 8 60 80 0 102 58 111 7 16
1614 27 8 60 56 20 76 35 111 55 18
1614 28 8 11 15 108 110 85 55 19 79
1614 29 8 15 52 46 17 116 125 64 85
1614 30 8 90 75 94 70 74 59 123 118
1614 31 8 28 2 103 50 34 115 68 81
1614 32 8 39 46 68 106 43 103 7 20
1614 33 8 112 12 45 118 1 49 37 52
1614 34 8 103 35 101 62 86 108 45 65
1614 35 8 98 42 22 0 126 122 67 105
1614 36 8 26 12 76 119 53 0 25 9
1614 37 8 2 16 41 57 115 21 18 76
1614 38 8 80 60 102 0 52 8 6 58
1614 39 8 60 78 76 35 20 56 18 57
1614 40 8 15 11 110 108 55 83 79 18
1614 41 8 15 52 17 46 36 106 117 113
1614 42 8 74 49 125 7 90 22 73 123
1614 43 8 19 43 12 56 45 97 102 40
1614 44 8 45 88 13 99 11 72 92 122
1614 45 8 1 46 112 84 17 58 119 85
1614 46 8 105 39 30 29 81 84 80 102
1614 47 8 35 95 52 111 127 108 59 15
2578 0 8 120 104 2 97 63 41 126 111
2578 1 8 107 86 123 53 34 76 3 20
2578 2 8 9 14 8 54 116 51 100 24
2578 3 8 105 25 38 89 13 16 39 59
2578 4 8 25 74 0 22 124 23 47 20
2578 5 8 34 80 82 107 75 12 126 22
2578 6 8 123 79 42 30 86 19 10 127
2578 7 8 50 87 98 28 103 115 34 95
2578 8 8 39 43 61 64 113 106 68 59
2578 9 8 112 45 94 117 1 37 12 62
2578 10 8 83 97 35 108 64 101 86 13
2578 11 8 9 67 86 0 98 115 105 122
2578 12 8 53 118 12 104 97 9 119 76
2578 13 8 44 16 75 21 2 64 12 98
2578 14 8 79 80 58 0 6 118 8 7
2578 15 8 60 56 76 55 18 35 23 126
2578 16 8 15 7 11 19 79 60 36 45
2578 17 8 15 17 52 97 117 113 53 20
2578 18 8 86 75 123 90 70 30 94 79
2578 19 8 28 103 81 115 87 50 34 67
2578 20 8 39 46 14 68 103 64 43 36
2578 21 8 94 45 112 49 12 62 37 118
2578 22 8 101 35 83 108 86 53 45 62
2578 23 8 47 86 0 98 101 122 126 67
2578 24 8 76 53 104 118 68 119 9 115
2578 25 8 75 44 21 16 65 64 115 107
2578 26 8 80 58 79 0 39 118 6 28
2578 27 8 56 60 23 4 35 55 76 18
2578 28 8 15 7 85 36 11 79 114 83
2578 29 8 15 52 17 117 116 97 85 113
2578 30 8 70 75 90 59 94 79 123 74
2578 31 8 28 103 30 115 68 110 34 67
2578 32 8 46 39 103 7 37 14 8 68
2578 33 8 49 45 94 12 112 37 52 104
2578 34 8 101 35 86 83 45 108 62 65
2578 35 8 67 122 98 126 86 0 105 71
2578 36 8 118 53 76 119 12 9 104 100
2578 37 8 2 44 75 21 115 16 65 98
2578 38 8 80 79 0 58 52 8 39 112
2578 39 8 60 78 56 23 18 35 95 76
2578 40 8 15 7 11 79 83 36 85 45
2578 41 8 52 15 17 46 117 106 113 85
2578 42 8 37 74 125 7 22 73 123 2
2578 43 8 19 43 45 12 40 102 97 56
2578 44 8 45 88 72 37 0 92 122 113
2578 45 8 1 46 112 17 84 119 7 85
2578 46 8 105 29 39 30 4 84 119 80
2578 47 8 35 52 95 111 108 59 6 9
2291 0 8 62 29 126 124 3 105 28 12
2291 1 8 107 78 123 76 86 114 67 116
2291 2 8 50 119 51 14 9 7 27 120
2291 3 8 7 105 59 26 25 11 55 79
2291 4 8 39 74 91 82 0 22 4 116
2291 5 8 12 78 56 80 52 102 49 116
2291 6 8 70 79 123 110 10 59 90 99
2291 7 8 28 87 115 103 30 81 26 34
2291 8 8 24 51 106 39 49 46 7 126
2291 9 8 94 112 52 1 73 37 12 88
2291 10 8 120 101 37 35 86 97 62 23
2291 11 8 87 34 71 2 86 0 107 9
2291 12 8 53 76 100 25 12 119 115 95
2291 13 8 24 75 44 84 125 89 64 115
2291 14 8 62 0 36 58 28 22 6 30
2291 15 8 98 55 90 56 76 35 104 71
2291 16 8 123 79 83 19 20 85 36 18
2291 17 8 117 20 14 17 84 97 106 113
2291 18 8 75 90 110 94 86 79 123 70
2291 19 8 28 115 87 68 81 103 67 93
2291 20 8 24 68 51 39 46 5 64 49
2291 21 8 94 112 73 12 113 49 37 77
2291 22 8 120 101 86 35 37 108 62 107
2291 23 8 71 87 86 34 20 101 68 114
2291 24 8 76 53 100 110 12 119 115 114
2291 25 8 24 75 44 89 77 125 121 64
2291 26 8 62 28 58 0 30 99 6 22
2291 27 8 98 56 4 115 55 71 91 57
2291 28 8 123 85 79 115 36 83 20 121
2291 29 8 84 117 20 14 17 97 106 53
2291 30 8 75 90 70 94 59 79 32 74
2291 31 8 28 110 115 103 30 68 87 67
2291 32 8 24 46 39 51 37 8 49 68
2291 33 8 49 94 52 12 1 73 48 45
2291 34 8 120 101 86 83 45 108 35 74
2291 35 8 71 87 122 34 86 98 107 47
2291 36 8 76 100 119 53 95 12 9 68
2291 37 8 24 75 44 65 115 64 121 49
2291 38 8 62 58 21 0 39 28 6 52
2291 39 8 98 56 71 18 1 57 78 35
2291 40 8 123 79 121 115 83 20 85 36
2291 41 8 14 84 20 117 106 97 85 53
2291 42 8 28 65 22 123 101 2 8 75
2291 43 8 81 2 45 4 87 97 6 86
2291 44 8 113 54 13 72 71 81 92 121
2291 45 8 1 86 20 80 34 127 119 85
2291 46 8 74 44 67 4 45 102 80 83
2291 47 8 32 54 117 27 34 59 66 26
803 0 8 125 61 34 7 63 116 81 120
803 1 8 99 7 115 31 75 17 53 105
803 2 8 50 8 9 54 90 24 7 27
803 3 8 7 55 59 62 1 105 97 121
803 4 8 87 22 39 116 105 0 74 82
803 5 8 90 12 54 52 78 126 80 122
803 6 8 123 99 70 10 110 90 59 79
803 7 8 28 103 115 98 34 30 26 87
803 8 8 39 106 14 49 126 27 24 68
803 9 8 112 33 73 88 113 116 12 94
803 10 8 101 108 62 110 119 86 35 97
803 11 8 34 71 86 50 2 122 107 101
803 12 8 76 118 12 100 119 49 53 29
803 13 8 102 75 44 115 125 64 108 95
803 14 8 82 0 58 30 6 52 36 21
803 15 8 98 55 71 38 104 56 33 35
803 16 8 123 79 7 29 19 36 51 18
803 17 8 117 17 20 126 85 53 113 52
803 18 8 90 123 75 94 70 59 110 85
803 19 8 28 103 115 81 67 68 34 93
803 20 8 39 27 68 49 106 103 14 46
803 21 8 33 113 12 94 73 112 116 23
803 22 8 86 101 108 120 122 62 95 107
803 23 8 86 71 16 114 50 122 101 126
803 24 8 76 118 53 95 115 12 110 100
803 25 8 102 75 125 44 64 115 89 123
803 26 8 82 30 58 21 52 0 18 6
803 27 8 98 87 56 55 71 104 4 57
803 28 8 123 29 85 7 115 79 51 36
803 29 8 117 85 126 17 20 84 53 65
803 30 8 90 75 123 79 94 32 70 9
803 31 8 68 115 103 28 110 67 34 30
803 32 8 39 5 14 68 8 106 46 126
803 33 8 33 52 12 73 49 1 48 94
803 34 8 110 101 33 108 86 120 35 95
803 35 8 71 122 50 86 98 16 114 107
803 36 8 118 100 76 12 119 53 58 121
803 37 8 102 95 44 75 125 65 24 115
803 38 8 82 58 39 0 111 6 30 76
803 39 8 98 87 57 7 1 37 18 91
803 40 8 7 123 51 115 79 83 40 85
803 41 8 126 85 106 20 117 53 11 35
803 42 8 22 123 98 2 37 102 28 5
803 43 8 81 6 87 45 42 97 112 16
803 44 8 72 113 20 81 92 121 48 54
803 45 8 1 86 20 80 85 84 119 34
803 46 8 4 44 102 80 45 51 67 119
803 47 8 26 99 66 36 120 59 54 114
6529 0 8 62 77 112 12 41 28 67 116
6529 1 8 7 115 45 31 114 113 60 68
6529 2 8 15 73 9 121 71 76 51 68
6529 3 8 59 121 105 62 1 104 7 120
6529 4 8 116 74 39 105 82 22 84 4
6529 5 8 12 48 90 80 78 65 24 116
6529 6 8 70 123 59 118 90 10 79 110
6529 7 8 28 103 87 81 115 46 30 43
6529 8 8 6 49 51 7 27 24 46 39
6529 9 8 112 51 88 40 73 94 52 37
6529 10 8 95 37 62 86 101 51 119 120
6529 11 8 34 71 114 16 22 2 86 78
6529 12 8 76 38 100 53 119 29 101 115
6529 13 8 24 109 123 89 115 99 75 125
6529 14 8 82 62 0 30 25 45 76 6
6529 15 8 98 20 55 90 31 104 91 96
6529 16 8 29 77 79 83 115 19 123 36
6529 17 8 17 0 84 65 70 117 106 86
6529 18 8 75 90 70 94 59 123 86 79
6529 19 8 28 81 115 103 67 68 30 97
6529 20 8 68 6 49 46 7 27 117 51
6529 21 8 12 40 73 112 49 77 37 81
6529 22 8 37 23 86 95 120 124 122 101
6529 23 8 34 22 16 114 71 101 126 97
6529 24 8 38 76 119 25 110 103 0 49
6529 25 8 109 24 18 89 123 57 115 125
6529 26 8 18 30 62 60 0 28 99 47
6529 27 8 20 115 98 37 104 56 55 90
6529 28 8 29 85 115 77 36 79 123 20
6529 29 8 84 65 14 85 51 0 116 117
6529 30 8 118 75 90 123 70 79 74 94
6529 31 8 103 28 68 115 34 110 30 67
6529 32 8 27 39 68 14 46 103 51 6
6529 33 8 49 12 40 45 94 73 52 1
6529 34 8 95 86 120 37 23 77 101 110
6529 35 8 71 16 97 122 114 98 87 86
6529 36 8 76 100 12 119 38 58 25 53
6529 37 8 24 95 109 123 125 44 41 115
6529 38 8 62 111 82 47 6 52 0 18
6529 39 8 98 53 20 57 91 18 7 56
6529 40 8 29 123 23 115 77 79 85 109
6529 41 8 85 84 65 0 58 53 115 47
6529 42 8 20 75 2 55 28 32 126 90
6529 43 8 74 121 45 65 2 8 97 42
6529 44 8 13 72 80 23 113 110 54 122
6529 45 8 86 26 1 47 7 76 98 83
6529 46 8 96 74 17 4 33 62 45 18
6529 47 8 54 114 11 51 61 119 80 65
311 0 8 11 81 120 61 93 84 31 70
311 1 8 19 83 7 41 123 113 60 45
311 2 8 117 15 9 116 51 50 10 73
311 3 8 7 105 121 91 26 59 120 10
311 4 8 91 39 116 105 47 82 74 22
311 5 8 111 90 12 80 78 58 126 34
311 6 8 70 123 10 79 59 75 110 90
311 7 8 28 103 72 30 115 34 110 43
311 8 8 51 39 28 49 27 46 68 14
311 9 8 48 45 88 112 51 105 52 73
311 10 8 83 101 23 86 100 62 119 74
311 11 8 34 47 13 58 122 71 106 2
311 12 8 76 120 100 68 69 119 12 95
311 13 8 121 55 99 85 107 115 44 24
311 14 8 28 82 58 118 6 0 76 30
311 15 8 115 56 4 98 91 55 7 57
311 16 8 79 20 36 83 121 43 115 67
311 17 8 97 117 14 17 45 20 113 85
311 18 8 70 75 94 19 110 86 90 59
311 19 8 28 30 103 81 68 115 67 110
311 20 8 46 39 28 14 37 49 27 51
311 21 8 48 49 45 30 113 12 77 73
311 22 8 101 100 14 123 86 83 120 107
311 23 8 47 86 58 13 34 10 126 71
311 24 8 76 69 68 120 12 100 119 118
311 25 8 55 121 107 44 115 24 65 125
311 26 8 28 118 30 58 25 0 52 39
311 27 8 115 4 56 23 53 91 57 37
311 28 8 36 115 85 20 121 67 80 79
311 29 8 10 97 126 14 45 117 20 83
311 30 8 70 94 59 19 75 90 27 63
311 31 8 30 28 103 106 68 46 95 111
311 32 8 37 49 14 28 39 46 7 35
311 33 8 49 30 48 45 101 88 73 105
311 34 8 100 83 101 86 14 107 123 45
311 35 8 47 58 122 13 67 71 34 126
311 36 8 120 68 119 69 60 76 121 104
311 37 8 121 55 107 99 42 24 85 65
311 38 8 28 118 84 25 10 96 58 111
311 39 8 53 4 115 23 71 56 3 57
311 40 8 121 20 36 115 67 85 43 79
311 41 8 117 14 97 45 20 61 113 127
311 42 8 65 101 93 9 5 109 55 22
311 43 8 4 81 45 117 79 42 40 65
311 44 8 121 72 71 54 68 20 92 36
311 45 8 1 85 103 84 80 111 70 21
311 46 8 102 44 67 8 114 31 115 80
311 47 8 117 34 47 123 32 66 88 9
3654 0 8 34 62 71 77 17 68 51 116
3654 1 8 99 75 9 16 60 114 91 115
3654 2 8 8 90 24 122 15 121 7 9
3654 3 8 77 91 10 94 59 90 62 16
3654 4 8 87 105 22 47 111 82 102 40
3654 5 8 54 105 12 90 102 81 58 36
3654 6 8 123 70 110 55 10 19 59 90
3654 7 8 103 30 28 34 6 72 110 115
3654 8 8 14 39 106 4 49 2 68 27
3654 9 8 112 48 30 24 73 105 118 33
3654 10 8 101 86 23 123 83 100 45 110
3654 11 8 50 47 122 71 126 9 109 79
3654 12 8 76 118 68 12 100 36 120 119
3654 13 8 102 113 64 66 65 55 125 77
3654 14 8 96 58 82 30 55 6 118 0
3654 15 8 56 115 98 37 4 100 3 55
3654 16 8 51 43 36 111 79 19 85 83
3654 17 8 126 2 35 117 20 113 85 10
3654 18 8 70 75 110 86 94 123 90 19
3654 19 8 28 103 30 115 81 68 67 110
3654 20 8 14 39 46 49 68 2 103 37
3654 21 8 48 49 30 12 112 33 73 105
3654 22 8 101 86 110 45 100 123 107 108
3654 23 8 50 47 86 126 71 122 58 101
3654 24 8 76 118 68 120 104 100 119 69
3654 25 8 113 55 102 66 107 65 64 115
3654 26 8 96 118 58 82 30 25 0 84
3654 27 8 37 4 115 3 57 56 91 100
3654 28 8 51 85 36 115 43 79 80 67
3654 29 8 126 2 35 10 20 116 45 86
3654 30 8 70 94 59 75 19 63 90 74
3654 31 8 30 103 28 106 68 111 97 115
3654 32 8 37 14 49 46 39 7 31 4
3654 33 8 49 48 30 33 105 62 73 104
3654 34 8 100 101 83 107 110 45 86 33
3654 35 8 50 47 122 126 116 79 71 8
3654 36 8 118 68 120 119 36 30 104 121
3654 37 8 102 113 99 107 66 55 64 65
3654 38 8 96 118 84 82 58 25 64 0
3654 39 8 37 4 3 98 115 53 57 113
3654 40 8 51 115 43 67 111 36 85 119
3654 41 8 126 35 2 117 66 113 20 23
3654 42 8 93 98 9 102 109 5 18 29
3654 43 8 45 117 16 79 40 81 6 42
3654 44 8 72 121 48 68 20 36 92 13
3654 45 8 1 103 85 70 111 80 84 66
3654 46 8 102 8 114 115 4 31 55 119
3654 47 8 47 123 66 26 88 36 120 59
4244 0 8 41 125 87 61 23 62 28 112
4244 1 8 68 29 16 67 101 45 85 88
4244 2 8 59 115 125 76 71 67 126 44
4244 3 8 79 70 92 121 77 91 73 104
4244 4 8 38 27 10 5 47 84 118 82
4244 5 8 12 10 54 87 48 56 122 58
4244 6 8 70 118 59 94 90 86 18 32
4244 7 8 103 28 30 55 6 73 46 110
4244 8 8 14 37 20 46 18 49 7 35
4244 9 8 49 30 25 112 41 88 51 104
4244 10 8 95 109 100 86 70 45 110 89
4244 11 8 42 122 64 34 16 116 126 40
4244 12 8 76 38 0 119 101 36 103 121
4244 13 8 109 36 123 57 41 125 115 42
4244 14 8 18 60 30 6 76 25 0 52
4244 15 8 20 37 90 107 76 91 53 69
4244 16 8 77 83 115 110 79 108 36 114
4244 17 8 65 64 0 63 117 11 6 10
4244 18 8 70 94 75 86 19 59 90 110
4244 19 8 30 103 28 68 73 115 106 110
4244 20 8 14 46 37 20 49 18 103 7
4244 21 8 49 30 35 112 73 62 40 41
4244 22 8 109 70 95 110 86 100 111 45
4244 23 8 42 64 116 97 16 126 22 101
4244 24 8 38 0 76 36 103 25 121 101
4244 25 8 109 123 57 36 18 41 115 85
4244 26 8 18 60 30 7 71 46 0 25
4244 27 8 20 37 107 90 53 31 126 57
4244 28 8 44 77 110 29 36 85 79 108
4244 29 8 65 0 64 63 117 11 85 86
4244 30 8 70 118 75 94 19 59 123 63
4244 31 8 30 103 28 106 115 68 110 111
4244 32 8 37 20 14 46 27 39 103 49
4244 33 8 49 35 40 30 41 112 62 104
4244 34 8 70 95 109 86 100 124 110 45
4244 35 8 42 97 122 16 79 64 126 55
4244 36 8 38 0 25 76 58 103 119 74
4244 37 8 36 57 41 123 109 18 64 115
4244 38 8 111 60 18 52 7 47 25 46
4244 39 8 90 20 107 53 35 76 37 57
4244 40 8 110 77 44 29 115 36 108 85
4244 41 8 65 0 64 122 63 115 85 11
4244 42 8 49 59 25 126 55 90 9 75
4244 43 8 8 125 49 121 45 47 117 40
4244 44 8 80 110 72 13 121 73 11 37
4244 45 8 5 1 47 83 76 85 119 7
4244 46 8 10 96 45 124 102 82 1 4
4244 47 8 11 127 31 90 27 15 121 82
304 0 8 69 120 107 93 31 0 61 70
304 1 8 60 83 109 115 67 2 104 105
304 2 8 116 68 117 123 67 125 120 69
304 3 8 10 79 106 89 121 123 26 91
304 4 8 102 111 91 105 10 38 79 89
304 5 8 111 54 71 12 49 114 90 56
304 6 8 70 59 123 94 19 75 47 26
304 7 8 72 103 30 28 73 6 106 110
304 8 8 28 14 27 49 37 46 39 68
304 9 8 105 43 30 49 88 112 104 62
304 10 8 123 100 86 23 14 101 70 45
304 11 8 13 58 47 79 122 126 34 116
304 12 8 69 120 76 68 36 119 47 100
304 13 8 79 55 121 85 36 95 107 125
304 14 8 28 84 118 58 30 101 111 25
304 15 8 34 100 37 56 90 4 115 57
304 16 8 121 20 79 43 36 114 83 67
304 17 8 30 45 97 14 117 86 89 10
304 18 8 70 75 86 94 19 123 59 27
304 19 8 72 30 103 28 68 115 67 81
304 20 8 28 46 14 37 39 27 49 99
304 21 8 105 49 43 48 30 112 62 77
304 22 8 123 14 101 70 86 40 13 120
304 23 8 13 47 58 79 126 64 10 94
304 24 8 69 120 36 76 68 47 104 119
304 25 8 85 55 107 121 79 36 64 42
304 26 8 84 118 101 28 25 7 30 58
304 27 8 34 4 100 115 37 57 3 91
304 28 8 20 121 36 67 115 85 79 114
304 29 8 30 97 45 14 116 10 113 126
304 30 8 70 59 94 75 19 63 74 26
304 31 8 28 30 103 72 106 81 115 68
304 32 8 37 28 49 7 46 27 39 14
304 33 8 105 43 30 49 48 101 104 12
304 34 8 14 123 40 101 65 13 45 83
304 35 8 13 58 47 79 122 10 126 34
304 36 8 69 120 36 119 68 30 60 104
304 37 8 85 79 107 55 121 99 64 125
304 38 8 84 28 118 101 111 25 10 0
304 39 8 34 115 100 4 3 120 57 113
304 40 8 20 121 36 115 67 79 85 114
304 41 8 30 97 45 14 113 90 83 28
304 42 8 119 55 101 9 109 65 46 29
304 43 8 45 4 117 79 104 65 6 40
304 44 8 121 72 71 68 54 92 104 36
304 45 8 1 85 127 93 34 84 21 20
304 46 8 67 102 4 119 55 110 62 83
304 47 8 55 117 34 32 28 118 79 7
279 0 8 106 57 101 127 103 110 14 71
279 1 8 48 60 62 39 56 46 109 92
279 2 8 90 68 92 126 10 74 123 16
279 3 8 79 10 106 39 12 127 117 94
279 4 8 102 111 63 95 19 121 82 38
279 5 8 51 12 105 71 65 114 111 49
279 6 8 70 94 59 43 90 32 18 74
279 7 8 28 30 72 103 81 73 6 106
279 8 8 37 49 28 7 46 68 83 93
279 9 8 30 105 49 32 43 62 12 69
279 10 8 23 86 123 100 103 13 126 54
279 11 8 109 13 94 79 34 58 121 47
279 12 8 119 36 69 68 120 76 121 110
279 13 8 66 55 99 107 113 65 115 125
279 14 8 16 105 101 84 118 0 25 64
279 15 8 34 100 115 4 90 57 3 37
279 16 8 119 12 43 36 114 79 115 83
279 17 8 35 2 30 66 45 61 10 83
279 18 8 70 94 86 75 27 90 59 19
279 19 8 28 30 81 106 103 68 115 72
279 20 8 46 37 28 7 49 14 99 68
279 21 8 49 30 48 105 43 62 112 104
279 22 8 123 14 40 103 101 83 86 13
279 23 8 13 47 64 79 94 126 109 10
279 24 8 36 120 69 68 119 76 47 110
279 25 8 66 113 55 107 89 85 115 2
279 26 8 16 105 118 7 84 30 101 25
279 27 8 34 115 100 4 3 57 91 7
279 28 8 119 12 36 85 67 115 80 79
279 29 8 35 2 30 116 66 83 113 126
279 30 8 70 59 94 75 74 27 26 46
279 31 8 28 30 106 103 81 6 44 115
279 32 8 37 28 7 46 49 31 43 15
279 33 8 49 30 32 105 43 48 25 104
279 34 8 103 14 101 123 40 13 83 86
279 35 8 109 94 13 47 34 64 79 58
279 36 8 119 120 69 36 68 60 74 47
279 37 8 66 107 99 113 55 85 125 79
279 38 8 105 84 16 118 101 96 10 25
279 39 8 34 115 100 4 3 113 98 7
279 40 8 119 12 43 115 67 85 36 79
279 41 8 35 2 66 30 90 23 61 113
279 42 8 102 27 29 93 9 18 109 55
279 43 8 45 29 6 79 86 117 40 87
279 44 8 121 68 36 48 72 91 20 21
279 45 8 1 85 111 70 84 66 20 34
279 46 8 4 102 115 8 114 119 31 55
279 47 8 36 47 120 123 66 88 59 126
2530 0 8 112 12 28 23 30 79 36 105
2530 1 8 48 16 29 60 45 67 88 114
2530 2 8 44 23 125 76 71 6 59 62
2530 3 8 77 70 106 79 40 24 92 90
2530 4 8 27 10 34 82 5 84 102 87
2530 5 8 12 122 87 56 108 71 10 65
2530 6 8 70 94 59 90 32 89 74 14
2530 7 8 28 103 30 6 124 55 81 106
2530 8 8 37 46 20 7 4 49 61 43
2530 9 8 30 49 41 112 32 40 12 25
2530 10 8 127 95 41 86 13 40 103 15
2530 11 8 94 34 122 97 42 116 50 64
2530 12 8 103 36 76 0 119 110 74 32
2530 13 8 57 109 99 123 102 115 41 127
2530 14 8 64 0 46 16 30 60 7 111
2530 15 8 54 120 76 100 20 18 96 90
2530 16 8 6 115 13 127 36 79 19 85
2530 17 8 66 0 35 92 64 36 63 116
2530 18 8 70 94 75 86 59 89 19 103
2530 19 8 30 28 2 103 55 124 68 115
2530 20 8 37 46 4 20 7 49 31 61
2530 21 8 30 49 40 41 12 62 35 105
2530 22 8 40 127 15 103 41 86 124 13
2530 23 8 42 94 97 64 79 34 116 50
2530 24 8 36 0 103 25 38 119 121 26
2530 25 8 57 89 109 127 123 113 102 2
2530 26 8 64 60 71 16 18 46 30 7
2530 27 8 46 100 54 126 115 20 37 34
2530 28 8 6 13 115 85 36 44 127 80
2530 29 8 92 35 66 0 36 2 116 123
2530 30 8 70 118 94 26 59 89 63 75
2530 31 8 30 28 55 106 2 103 115 6
2530 32 8 37 4 20 7 46 31 49 15
2530 33 8 41 49 40 30 32 23 105 76
2530 34 8 40 103 124 33 127 41 86 95
2530 35 8 94 97 116 50 18 22 64 42
2530 36 8 103 25 36 119 121 29 17 26
2530 37 8 127 120 102 18 63 125 89 113
2530 38 8 64 46 16 30 25 102 96 87
2530 39 8 46 100 126 54 37 77 34 107
2530 40 8 6 13 115 109 85 67 23 100
2530 41 8 92 0 66 63 35 122 61 30
2530 42 8 86 126 9 18 29 98 66 90
2530 43 8 45 16 79 125 117 47 104 40
2530 44 8 121 72 23 68 110 21 36 91
2530 45 8 76 1 85 26 84 111 34 12
2530 46 8 4 51 102 114 119 8 96 52
2530 47 8 26 21 127 15 121 120 126 114
11652 0 8 112 97 125 23 41 77 79 36
11652 1 8 103 14 104 29 71 68 45 59
11652 2 8 76 125 23 49 71 44 59 4
11652 3 8 70 79 92 126 106 93 5 73
11652 4 8 5 27 84 38 10 102 82 47
11652 5 8 12 87 10 115 48 122 56 71
11652 6 8 70 103 94 59 118 5 27 32
11652 7 8 28 103 55 81 30 6 106 122
11652 8 8 20 37 46 7 49 2 111 15
11652 9 8 30 49 41 32 104 106 62 25
11652 10 8 86 13 95 109 45 40 103 100
11652 11 8 94 64 42 55 34 122 116 97
11652 12 8 0 36 103 119 76 38 74 110
11652 13 8 57 109 41 123 125 115 12 107
11652 14 8 18 111 60 0 46 30 25 7
11652 15 8 20 107 76 18 57 120 91 54
11652 16 8 108 110 77 115 44 36 79 83
11652 17 8 0 64 65 63 30 68 116 72
11652 18 8 70 75 94 86 59 27 19 103
11652 19 8 28 30 103 115 81 106 68 55
11652 20 8 46 20 37 7 49 27 2 14
11652 21 8 49 41 30 40 112 35 25 73
11652 22 8 109 40 95 103 86 82 45 111
11652 23 8 42 94 64 55 97 116 79 126
11652 24 8 38 0 36 76 103 109 119 25
11652 25 8 109 123 57 41 89 125 12 115
11652 26 8 18 60 71 30 0 46 22 52
11652 27 8 20 107 126 37 60 56 76 53
11652 28 8 44 108 77 110 85 36 29 79
11652 29 8 65 0 63 64 85 116 117 125
11652 30 8 75 118 123 70 19 90 94 32
11652 31 8 103 115 30 28 110 68 34 67
11652 32 8 27 20 14 46 39 103 37 106
11652 33 8 41 49 35 106 112 73 12 118
11652 34 8 95 86 109 124 103 45 62 108
11652 35 8 97 42 55 94 16 122 64 126
11652 36 8 38 0 58 119 76 25 103 121
11652 37 8 109 123 57 41 115 95 125 36
11652 38 8 111 18 60 52 102 0 46 47
11652 39 8 35 20 107 90 76 53 18 57
11652 40 8 29 77 44 110 108 85 114 83
11652 41 8 65 0 63 64 122 85 115 11
11652 42 8 49 126 75 59 90 20 55 8
11652 43 8 49 47 121 8 125 45 127 42
11652 44 8 110 80 13 11 37 72 121 3
11652 45 8 47 83 5 1 76 7 84 119
11652 46 8 1 10 124 82 123 45 17 102
11652 47 8 127 31 90 11 15 27 82 121
382 0 8 65 53 100 1 73 98 69 31
382 1 8 18 94 119 127 5 15 82 70
382 2 8 84 80 38 88 57 39 40 93
382 3 8 6 89 31 41 16 75 124 117
382 4 8 124 106 115 76 111 85 44 7
382 5 8 61 8 125 66 9 37 64 22
382 6 8 83 8 105 78 56 12 107 52
382 7 8 112 49 75 101 98 3 9 39
382 8 8 84 65 121 116 9 127 59 46
382 9 8 117 9 110 125 112 96 12 103
382 10 8 56 105 53 61 78 98 13 112
382 11 8 125 61 24 49 7 122 23 37
382 12 8 96 99 15 56 65 104 97 9
382 13 8 6 15 28 19 118 23 58 42
382 14 8 20 48 17 90 100 111 0 52
382 15 8 85 101 10 70 16 18 76 23
382 16 8 124 8 39 73 17 81 103 19
382 17 8 21 42 19 69 99 1 48 13
382 18 8 83 105 8 56 78 123 30 12
382 19 8 112 49 3 98 75 39 115 28
382 20 8 84 121 65 116 9 103 127 46
382 21 8 125 9 110 117 96 112 98 127
382 22 8 61 105 56 53 13 78 90 86
382 23 8 61 125 24 49 23 37 92 7
382 24 8 99 96 15 56 79 9 23 97
382 25 8 58 19 23 15 28 6 118 26
382 26 8 17 100 20 90 48 86 11 111
382 27 8 101 85 70 10 103 127 23 18
382 28 8 81 124 73 39 8 17 45 19
382 29 8 21 42 19 1 69 48 83 55
382 30 8 105 78 83 56 30 8 34 52
382 31 8 112 49 75 101 3 51 39 110
382 32 8 65 121 84 116 103 46 66 127
382 33 8 125 9 110 98 117 96 122 49
382 34 8 78 105 56 61 90 53 112 39
382 35 8 125 23 61 24 49 37 7 122
382 36 8 99 79 96 15 56 23 97 65
382 37 8 15 58 19 28 118 23 6 78
382 38 8 100 90 17 48 20 86 107 8
382 39 8 10 101 85 70 103 23 61 127
382 40 8 81 124 8 73 17 45 65 105
382 41 8 42 19 69 21 48 83 90 102
382 42 8 32 64 31 6 68 56 36 7
382 43 8 77 88 71 31 45 102 78 43
382 44 8 53 73 0 90 121 92 107 98
382 45 8 101 1 27 94 2 84 111 32
382 46 8 11 31 34 38 114 75 119 8
382 47 8 73 20 125 2 105 101 9 63
12209 0 8 21 2 63 50 75 103 60 97
12209 1 8 6 23 58 8 125 41 3 42
12209 2 8 54 84 8 88 100 53 93 65
12209 3 8 4 93 64 16 38 107 124 35
12209 4 8 25 56 124 83 48 22 4 104
12209 5 8 82 68 71 47 34 22 13 9
12209 6 8 52 8 30 83 56 42 34 25
12209 7 8 3 95 110 50 75 100 51 60
12209 8 8 36 116 35 109 84 44 3 46
12209 9 8 98 65 117 9 96 62 110 44
12209 10 8 113 90 112 53 102 19 30 61
12209 11 8 122 69 125 67 61 89 37 8
12209 12 8 79 107 97 80 30 116 23 118
12209 13 8 118 23 98 21 6 16 26 73
12209 14 8 79 101 8 10 48 88 90 86
12209 15 8 23 103 85 10 61 16 87 18
12209 16 8 73 124 7 8 17 45 65 55
12209 17 8 69 48 19 18 21 1 103 99
12209 18 8 83 8 56 105 30 52 34 12
12209 19 8 3 95 49 51 39 75 60 110
12209 20 8 36 84 66 116 121 35 65 103
12209 21 8 98 9 117 65 110 125 96 104
12209 22 8 90 105 61 53 13 112 73 56
12209 23 8 26 61 49 24 37 125 23 89
12209 24 8 107 79 23 99 15 56 97 9
12209 25 8 118 6 28 23 98 15 16 80
12209 26 8 10 48 79 90 101 8 11 111
12209 27 8 87 85 10 16 61 23 103 6
12209 28 8 124 73 8 45 17 55 65 7
12209 29 8 69 19 48 97 1 18 103 49
12209 30 8 34 105 52 30 56 12 42 83
12209 31 8 95 51 49 60 110 3 39 31
12209 32 8 36 103 35 116 84 109 46 121
12209 33 8 65 98 117 9 96 110 45 104
12209 34 8 19 112 113 90 61 105 53 123
12209 35 8 37 61 122 89 1 49 67 24
12209 36 8 79 97 107 99 80 116 30 24
12209 37 8 98 118 16 23 6 28 21 10
12209 38 8 101 79 90 48 88 10 107 8
12209 39 8 87 23 103 10 18 95 61 120
12209 40 8 45 73 8 124 17 55 65 7
12209 41 8 69 19 48 49 18 83 17 53
12209 42 8 37 64 31 32 21 68 74 115
12209 43 8 30 77 88 45 102 43 78 41
12209 44 8 73 53 0 121 92 68 107 88
12209 45 8 1 94 111 32 7 21 2 34
12209 46 8 114 31 8 67 122 119 38 75
12209 47 8 117 32 73 9 34 63 111 78
1052 0 8 103 104 7 61 2 14 21 80
1052 1 8 23 9 3 116 58 4 113 16
1052 2 8 100 122 68 14 54 51 8 47
1052 3 8 41 112 2 93 38 39 64 29
1052 4 8 25 23 56 83 124 58 48 102
1052 5 8 82 107 100 22 68 12 105 51
1052 6 8 30 34 56 9 86 52 42 85
1052 7 8 98 3 95 39 50 110 60 28
1052 8 8 35 109 127 117 42 36 59 2
1052 9 8 117 98 39 65 45 102 112 38
1052 10 8 83 113 19 54 13 66 23 86
1052 11 8 67 122 69 89 51 78 53 101
1052 12 8 30 9 104 107 79 118 68 63
1052 13 8 118 21 16 66 98 82 64 18
1052 14 8 10 111 71 0 8 79 11 80
1052 15 8 23 76 3 61 4 18 6 56
1052 16 8 19 7 50 41 115 55 93 101
1052 17 8 103 46 126 35 20 1 116 100
1052 18 8 30 32 56 90 59 42 27 85
1052 19 8 28 34 95 98 19 103 67 81
1052 20 8 43 42 35 36 39 7 103 127
1052 21 8 117 112 102 45 98 127 65 68
1052 22 8 62 83 19 13 39 45 119 5
1052 23 8 122 67 29 0 1 69 89 78
1052 24 8 30 63 107 104 9 34 115 79
1052 25 8 125 118 99 65 104 91 16 40
1052 26 8 111 0 8 10 90 30 107 39
1052 27 8 76 23 6 35 56 48 61 3
1052 28 8 19 41 93 7 60 50 73 84
1052 29 8 103 72 116 90 1 117 100 127
1052 30 8 90 56 30 74 32 85 42 110
1052 31 8 28 98 95 103 60 126 19 100
1052 32 8 43 9 116 50 36 42 126 103
1052 33 8 117 112 111 102 127 25 12 104
1052 34 8 13 19 94 39 30 82 108 7
1052 35 8 4 0 78 122 89 1 37 99
1052 36 8 9 118 107 97 119 92 34 30
1052 37 8 16 98 20 76 66 77 82 2
1052 38 8 79 80 90 10 107 96 8 88
1052 39 8 56 61 6 60 120 90 87 18
1052 40 8 7 45 55 65 41 17 105 85
1052 41 8 103 46 85 18 69 49 52 102
1052 42 8 37 125 2 22 24 58 68 123
1052 43 8 30 12 19 27 85 69 49 94
1052 44 8 99 88 45 113 5 19 79 11
1052 45 8 19 58 17 112 21 46 53 34
1052 46 8 84 29 81 30 105 103 39 97
1052 47 8 111 6 52 108 79 35 95 71
525 0 8 16 104 111 66 53 29 101 63
525 1 8 86 34 107 3 76 116 113 126
525 2 8 14 87 7 9 10 68 100 67
525 3 8 41 112 93 105 38 25 16 29
525 4 8 25 124 0 22 23 56 83 58
525 5 8 80 82 107 100 22 126 54 105
525 6 8 30 52 56 86 85 34 79 42
525 7 8 87 3 95 98 110 50 60 39
525 8 8 35 36 127 14 116 99 5 28
525 9 8 117 94 45 65 102 98 6 124
525 10 8 70 113 83 108 107 19 23 59
525 11 8 67 69 122 78 115 89 87 37
525 12 8 30 97 118 79 104 116 9 107
525 13 8 75 44 21 16 118 64 98 36
525 14 8 8 79 28 96 10 80 111 71
525 15 8 23 4 3 61 56 6 14 18
525 16 8 40 7 43 51 93 19 121 17
525 17 8 126 97 20 103 14 90 116 53
525 18 8 30 34 56 9 86 85 52 8
525 19 8 95 87 3 98 19 39 28 115
525 20 8 36 127 35 116 43 42 14 101
525 21 8 65 117 45 94 102 48 98 111
525 22 8 70 113 19 123 13 73 108 14
525 23 8 69 122 89 115 78 0 87 1
525 24 8 107 79 118 104 9 30 97 68
525 25 8 118 98 82 64 75 44 21 65
525 26 8 10 8 111 79 11 0 28 39
525 27 8 23 4 61 6 3 56 76 18
525 28 8 43 19 93 41 7 40 51 85
525 29 8 97 116 20 126 103 45 90 14
525 30 8 90 74 30 32 34 56 59 85
525 31 8 28 19 95 81 3 98 126 67
525 32 8 127 36 50 116 43 42 44 35
525 33 8 117 94 45 102 48 25 68 65
525 34 8 70 83 13 123 113 14 45 19
525 35 8 67 89 47 122 69 90 78 37
525 36 8 104 9 68 30 107 79 118 120
525 37 8 98 75 44 121 99 107 24 83
525 38 8 10 79 8 28 0 62 96 118
525 39 8 4 23 61 6 3 76 56 18
525 40 8 41 7 40 105 93 121 20 43
525 41 8 14 97 126 90 20 127 103 23
525 42 8 119 101 94 37 93 65 29 21
525 43 8 45 86 4 102 79 21 81 40
525 44 8 91 68 71 92 79 121 43 48
525 45 8 1 111 19 84 34 7 103 70
525 46 8 4 119 114 8 31 83 101 102
525 47 8 47 9 117 123 34 88 36 66
1584 0 8 62 23 105 91 30 112 79 36
1584 1 8 90 29 68 114 7 101 67 86
1584 2 8 59 71 24 76 126 44 74 64
1584 3 8 24 12 37 41 77 43 90 112
1584 4 8 5 84 82 54 38 21 27 50
1584 5 8 12 56 115 117 65 95 30 10
1584 6 8 70 90 59 94 111 18 32 118
1584 7 8 28 81 103 30 115 55 68 97
1584 8 8 7 49 20 107 112 43 4 68
1584 9 8 112 40 12 25 88 30 33 120
1584 10 8 41 124 86 33 95 45 13 82
1584 11 8 18 122 78 0 51 114 97 44
1584 12 8 30 119 9 103 67 32 110 29
1584 13 8 120 18 127 89 45 12 63 115
1584 14 8 111 0 71 64 87 25 30 31
1584 15 8 76 61 48 77 89 14 18 46
1584 16 8 41 19 13 115 50 6 126 93
1584 17 8 92 116 36 127 66 115 100 54
1584 18 8 90 32 27 94 118 74 86 55
1584 19 8 115 103 126 28 30 81 68 63
1584 20 8 126 42 127 94 20 107 43 22
1584 21 8 40 25 117 112 12 120 35 119
1584 22 8 124 13 41 82 23 2 86 45
1584 23 8 18 0 97 9 122 1 42 51
1584 24 8 25 103 67 119 30 9 32 127
1584 25 8 18 127 120 89 45 61 27 62
1584 26 8 71 111 0 73 47 25 64 87
1584 27 8 76 46 126 61 89 25 18 77
1584 28 8 41 100 93 19 13 94 6 50
1584 29 8 92 116 100 127 36 115 66 122
1584 30 8 90 74 32 94 103 27 20 30
1584 31 8 28 126 115 30 97 103 68 54
1584 32 8 94 126 42 7 22 127 107 68
1584 33 8 40 117 25 82 12 47 112 104
1584 34 8 23 41 13 124 82 9 43 71
1584 35 8 9 18 22 1 25 30 51 89
1584 36 8 67 25 29 119 112 9 103 110
1584 37 8 127 89 120 18 45 61 27 93
1584 38 8 87 73 0 64 31 47 30 55
1584 39 8 46 77 14 87 48 27 89 25
1584 40 8 100 41 6 13 93 19 109 94
1584 41 8 92 115 122 116 54 127 100 81
1584 42 8 8 94 86 106 30 28 70 4
1584 43 8 45 74 102 41 18 80 79 16
1584 44 8 23 92 79 72 11 63 121 119
1584 45 8 76 1 34 7 21 19 103 26
1584 46 8 4 51 83 96 119 102 28 14
1584 47 8 121 114 21 26 98 15 30 82
27947 0 8 87 124 86 36 30 17 66 112
27947 1 8 52 38 104 32 101 63 25 118
27947 2 8 67 49 71 126 59 76 44 23
27947 3 8 24 126 43 46 90 12 40 79
27947 4 8 5 84 82 54 21 1 38 33
27947 5 8 12 115 56 0 87 65 95 35
27947 6 8 70 103 90 59 18 94 98 111
27947 7 8 28 81 103 55 30 115 42 68
27947 8 8 7 49 94 123 112 50 117 37
27947 9 8 38 112 12 40 120 25 119 68
27947 10 8 41 124 82 45 33 71 51 86
27947 11 8 0 73 44 51 34 114 55 97
27947 12 8 119 103 29 110 49 13 76 32
27947 13 8 89 127 27 120 1 62 112 115
27947 14 8 87 0 31 71 24 30 25 53
27947 15 8 110 48 76 106 46 58 89 67
27947 16 8 41 19 13 93 94 28 66 6
27947 17 8 92 100 116 75 66 36 115 23
27947 18 8 90 74 76 94 103 32 70 111
27947 19 8 81 19 7 28 126 115 42 55
27947 20 8 126 94 50 42 68 7 112 76
27947 21 8 38 40 25 112 12 120 39 92
27947 22 8 71 82 124 41 23 66 21 37
27947 23 8 73 18 51 97 34 114 100 44
27947 24 8 112 119 29 127 103 110 49 32
27947 25 8 62 127 89 120 18 27 45 112
27947 26 8 87 71 0 31 24 15 30 25
27947 27 8 89 48 46 126 58 110 106 61
27947 28 8 93 19 41 13 94 50 28 100
27947 29 8 100 92 116 36 75 26 23 127
27947 30 8 103 74 90 32 76 82 111 94
27947 31 8 28 19 7 81 126 42 97 54
27947 32 8 94 50 126 7 42 43 76 68
27947 33 8 38 40 25 12 106 117 82 39
27947 34 8 71 82 124 23 41 43 66 5
27947 35 8 73 18 51 81 55 22 97 25
27947 36 8 119 103 112 29 25 127 67 110
27947 37 8 62 127 120 89 18 1 27 112
27947 38 8 87 0 73 71 31 64 46 30
27947 39 8 46 126 27 106 48 77 58 89
27947 40 8 93 41 13 100 19 94 109 50
27947 41 8 122 92 100 116 127 115 26 81
27947 42 8 94 86 106 8 18 90 119 98
27947 43 8 74 45 102 79 21 16 86 80
27947 44 8 79 92 121 23 68 63 43 91
27947 45 8 1 34 103 7 19 76 84 26
27947 46 8 4 83 119 96 51 8 75 102
27947 47 8 26 121 21 15 82 9 103 114
4119 0 8 112 83 23 36 86 122 105 125
4119 1 8 104 29 101 103 13 67 85 71
4119 2 8 44 76 23 115 126 71 59 49
4119 3 8 90 92 43 70 27 32 12 127
4119 4 8 5 54 27 84 93 1 82 33
4119 5 8 12 87 10 0 48 115 56 95
4119 6 8 103 70 90 59 118 94 74 32
4119 7 8 28 81 30 115 55 19 68 122
4119 8 8 50 7 127 94 42 20 43 37
4119 9 8 112 25 40 12 106 117 102 38
4119 10 8 82 13 124 109 70 95 33 51
4119 11 8 0 122 55 73 51 99 44 34
4119 12 8 119 103 30 38 17 0 14 110
4119 13 8 57 109 62 89 41 27 18 112
4119 14 8 71 87 0 24 31 111 60 30
4119 15 8 76 20 58 48 89 126 61 6
4119 16 8 19 41 93 44 110 108 94 77
4119 17 8 100 116 0 64 103 36 102 127
4119 18 8 90 74 94 32 103 70 59 27
4119 19 8 28 19 115 81 68 44 126 97
4119 20 8 94 42 50 126 43 7 20 68
4119 21 8 117 12 25 112 40 35 102 68
4119 22 8 13 82 124 23 109 71 70 95
4119 23 8 73 55 99 42 97 122 0 69
4119 24 8 103 0 127 25 14 38 67 119
4119 25 8 57 62 18 109 123 41 89 112
4119 26 8 71 60 111 0 87 47 24 30
4119 27 8 126 20 76 61 89 46 6 58
4119 28 8 93 44 41 19 110 108 77 115
4119 29 8 100 116 0 36 103 64 65 63
4119 30 8 118 90 74 103 56 94 32 30
4119 31 8 28 19 98 115 44 126 3 68
4119 32 8 20 94 42 127 116 50 43 126
4119 33 8 106 117 35 40 102 12 25 112
4119 34 8 124 23 70 95 13 82 53 109
4119 35 8 73 42 55 97 9 1 89 22
4119 36 8 25 0 103 38 67 9 119 30
4119 37 8 62 57 36 18 41 123 109 77
4119 38 8 60 71 18 87 111 0 47 11
4119 39 8 61 20 126 107 18 6 76 90
4119 40 8 93 77 44 108 110 29 41 23
4119 41 8 65 0 63 122 64 103 54 85
4119 42 8 24 126 49 25 90 75 59 109
4119 43 8 121 47 45 102 125 27 18 49
4119 44 8 110 13 11 80 121 79 92 94
4119 45 8 5 47 1 7 83 34 21 76
4119 46 8 1 71 10 96 20 124 123 45
4119 47 8 127 11 82 31 15 90 121 12
13 0 8 65 98 43 73 45 72 114 106
13 1 8 18 38 94 127 26 70 43 117
13 2 8 84 88 38 82 40 57 93 47
13 3 8 89 31 6 41 2 16 124 34
13 4 8 106 124 76 85 115 83 58 93
13 5 8 125 61 66 22 64 126 8 68
13 6 8 105 30 83 8 56 52 34 85
13 7 8 3 98 49 112 39 60 110 100
13 8 8 127 84 35 121 116 42 43 59
13 9 8 117 110 9 111 102 96 112 104
13 10 8 61 70 105 13 53 113 83 56
13 11 8 122 61 49 69 24 125 1 89
13 12 8 30 9 99 104 15 97 96 56
13 13 8 36 15 6 28 16 64 26 12
13 14 8 20 11 111 48 90 17 107 71
13 15 8 101 61 23 85 10 70 76 103
13 16 8 124 8 115 73 19 17 45 108
13 17 8 69 42 103 48 105 99 1 21
13 18 8 56 105 8 30 34 52 85 86
13 19 8 49 3 98 60 39 51 34 115
13 20 8 84 116 127 103 35 121 65 43
13 21 8 117 9 110 111 102 127 96 10
13 22 8 53 19 61 105 13 39 56 119
13 23 8 1 61 122 49 24 89 29 99
13 24 8 99 15 56 30 9 104 96 97
13 25 8 28 58 15 6 16 64 26 76
13 26 8 20 90 48 17 111 11 8 100
13 27 8 85 101 10 61 70 103 16 6
13 28 8 124 73 8 45 81 55 17 41
13 29 8 42 69 19 1 103 48 21 105
13 30 8 105 34 56 8 30 52 83 42
13 31 8 49 112 60 51 110 39 3 9
13 32 8 121 84 65 103 116 44 127 46
13 33 8 117 9 125 110 96 127 111 49
13 34 8 105 53 61 19 112 56 39 13
13 35 8 49 24 61 37 125 23 1 89
13 36 8 99 15 97 9 96 63 116 30
13 37 8 15 58 6 28 23 10 25 76
13 38 8 20 17 48 90 107 8 86 34
13 39 8 85 101 103 61 23 95 10 120
13 40 8 45 124 8 73 65 17 81 114
13 41 8 42 69 48 19 21 18 1 112
13 42 8 32 64 31 123 36 74 114 115
13 43 8 77 88 43 45 102 78 97 112
13 44 8 53 73 0 121 90 92 107 98
13 45 8 101 27 94 2 1 21 84 22
13 46 8 38 11 84 103 31 97 75 119
13 47 8 73 57 105 20 9 86 63 109
88190 0 8 75 33 82 21 64 37 62 79
88190 1 8 58 6 26 23 9 28 53 78
88190 2 8 93 127 8 9 54 46 47 100
88190 3 8 38 4 124 16 64 2 82 117
88190 4 8 56 22 48 25 47 124 93 104
88190 5 8 78 13 82 47 22 12 68 126
88190 6 8 110 52 42 38 30 79 86 8
88190 7 8 110 60 51 56 31 39 123 48
88190 8 8 36 118 116 46 105 8 3 2
88190 9 8 1 65 96 127 107 49 52 99
88190 10 8 113 112 26 3 67 53 39 64
88190 11 8 107 98 89 8 9 115 37 65
88190 12 8 52 97 75 42 116 63 9 111
88190 13 8 73 98 64 16 23 52 102 10
88190 14 8 76 34 22 82 88 8 26 79
88190 15 8 8 95 87 16 18 56 103 110
88190 16 8 65 45 17 83 58 73 27 7
88190 17 8 69 99 18 48 49 106 17 85
88190 18 8 52 79 42 83 30 110 8 75
88190 19 8 110 51 60 31 39 50 75 45
88190 20 8 36 118 46 103 116 3 105 57
88190 21 8 65 96 1 107 127 49 117 111
88190 22 8 112 53 113 39 19 26 30 3
88190 23 8 107 8 89 37 115 52 43 39
88190 24 8 97 116 75 9 30 63 42 104
88190 25 8 73 98 21 76 16 52 81 101
88190 26 8 90 8 34 88 79 76 111 22
88190 27 8 95 87 56 10 8 18 16 103
88190 28 8 65 45 83 73 17 124 55 7
88190 29 8 18 69 49 1 54 106 48 17
88190 30 8 52 34 42 56 110 79 30 85
88190 31 8 110 51 60 31 49 100 39 9
88190 32 8 36 103 44 118 46 116 105 84
88190 33 8 127 1 65 96 49 117 107 52
88190 34 8 112 113 53 39 64 26 108 3
88190 35 8 107 8 37 98 89 115 61 16
88190 36 8 52 97 63 116 75 30 42 9
88190 37 8 52 73 76 10 98 81 23 101
88190 38 8 26 34 107 22 88 90 75 8
88190 39 8 87 8 95 56 25 51 103 61
88190 40 8 65 45 17 73 83 35 123 6
88190 41 8 49 26 18 85 48 69 58 54
88190 42 8 58 32 2 66 64 31 8 123
88190 43 8 99 77 69 47 2 121 30 88
88190 44 8 94 73 42 53 113 110 62 11
88190 45 8 51 48 87 94 88 76 54 5
88190 46 8 122 1 33 103 84 97 38 74
88190 47 8 44 114 127 82 23 15 11 6
11 0 8 44 26 65 70 59 101 114 111
11 1 8 50 23 26 127 58 94 30 124
11 2 8 93 84 88 127 54 47 18 87
11 3 8 2 124 82 38 16 39 112 64
11 4 8 56 124 48 106 25 118 67 47
11 5 8 22 82 13 47 107 126 61 42
11 6 8 52 110 42 30 83 38 105 8
11 7 8 60 110 51 49 3 50 31 100
11 8 8 109 36 116 46 103 35 84 3
11 9 8 117 45 9 127 65 96 1 111
11 10 8 113 112 39 108 61 56 83 122
11 11 8 67 107 61 122 89 115 9 37
11 12 8 9 97 52 116 30 104 42 63
11 13 8 21 98 16 73 6 42 10 23
11 14 8 20 8 90 88 48 79 34 17
11 15 8 61 85 23 95 18 56 101 6
11 16 8 124 45 65 8 73 55 17 83
11 17 8 69 72 42 48 85 116 103 97
11 18 8 34 30 52 8 56 42 105 86
11 19 8 60 3 100 39 51 98 110 28
11 20 8 127 103 116 36 44 35 46 42
11 21 8 117 111 102 45 127 96 25 9
11 22 8 53 13 39 112 113 108 19 30
11 23 8 89 37 99 0 67 115 122 69
11 24 8 9 104 30 97 74 115 63 116
11 25 8 76 98 21 16 64 6 73 106
11 26 8 90 8 20 111 88 107 48 79
11 27 8 61 6 56 10 85 16 18 76
11 28 8 124 41 45 93 73 55 19 84
11 29 8 69 1 42 103 48 116 19 97
11 30 8 34 56 30 105 52 74 42 85
11 31 8 60 51 49 110 100 28 9 39
11 32 8 44 109 127 103 121 84 36 116
11 33 8 117 9 96 127 110 45 111 65
11 34 8 112 13 105 53 61 113 123 39
11 35 8 37 61 49 122 24 89 67 0
11 36 8 99 9 15 63 97 30 116 74
11 37 8 15 58 76 28 6 23 10 98
11 38 8 20 17 48 90 8 107 34 86
11 39 8 85 101 103 95 23 61 56 10
11 40 8 8 45 124 65 73 17 105 83
11 41 8 69 48 42 19 72 18 106 1
11 42 8 32 39 64 31 123 74 2 36
11 43 8 77 88 43 45 102 78 112 104
11 44 8 53 73 121 0 92 107 98 43
11 45 8 94 27 1 111 84 2 21 22
11 46 8 31 114 38 84 8 119 75 103
11 47 8 73 117 9 32 111 63 86 78
358 0 8 103 104 49 50 32 78 6 92
358 1 8 9 23 58 30 6 77 26 24
358 2 8 51 122 93 127 100 2 14 84
358 3 8 2 38 112 39 124 18 29 64
358 4 8 48 23 56 25 104 124 67 121
358 5 8 107 22 82 13 126 74 97 47
358 6 8 79 52 42 110 38 25 12 30
358 7 8 110 2 51 31 60 75 9 41
358 8 8 109 46 36 116 3 61 44 103
358 9 8 1 96 65 52 49 127 39 47
358 10 8 112 113 35 122 39 103 8 26
358 11 8 107 9 37 67 125 65 98 115
358 12 8 97 75 52 116 50 71 104 30
358 13 8 2 73 98 76 101 21 16 119
358 14 8 80 79 115 90 88 34 76 8
358 15 8 60 95 8 13 10 120 18 16
358 16 8 45 7 83 11 65 55 17 24
358 17 8 39 52 15 17 22 69 46 13
358 18 8 52 79 25 42 8 34 71 85
358 19 8 110 51 31 9 100 125 28 39
358 20 8 44 36 46 3 103 116 61 105
358 21 8 96 65 1 49 127 111 71 64
358 22 8 39 112 53 35 19 103 113 13
358 23 8 107 37 115 89 4 39 29 36
358 24 8 116 50 104 97 75 63 74 43
358 25 8 73 2 21 23 76 16 42 98
358 26 8 80 90 8 79 88 34 111 75
358 27 8 60 95 120 10 18 16 6 8
358 28 8 45 7 83 11 65 55 24 80
358 29 8 39 17 46 18 15 52 106 22
358 30 8 52 79 34 42 25 85 63 30
358 31 8 110 51 31 9 60 100 39 2
358 32 8 44 36 109 103 46 3 86 116
358 33 8 96 1 65 127 49 52 117 45
358 34 8 35 112 39 13 113 64 108 53
358 35 8 115 37 107 98 8 89 105 122
358 36 8 63 97 116 26 50 30 52 75
358 37 8 2 76 98 10 21 101 16 75
358 38 8 80 34 79 75 107 88 7 39
358 39 8 60 95 8 13 120 61 18 1
358 40 8 45 7 11 65 15 83 17 55
358 41 8 39 106 52 46 15 17 18 85
358 42 8 2 125 74 37 22 123 24 7
358 43 8 56 19 12 43 112 97 77 78
358 44 8 88 45 99 37 0 44 121 98
358 45 8 58 46 92 17 112 22 53 84
358 46 8 84 29 105 30 39 38 22 103
358 47 8 108 95 111 35 52 6 87 71
2776 0 8 111 76 17 16 47 22 4 46
2776 1 8 86 34 76 24 12 77 37 49
2776 2 8 77 14 51 93 127 41 107 100
2776 3 8 38 76 105 2 25 16 117 112
2776 4 8 23 48 56 22 25 124 67 102
2776 5 8 107 80 126 22 34 47 74 82
2776 6 8 52 79 42 110 38 107 8 25
2776 7 8 110 87 51 60 31 2 48 28
2776 8 8 36 118 46 3 105 61 103 116
2776 9 8 1 65 94 127 52 96 49 71
2776 10 8 112 35 113 39 122 64 74 67
2776 11 8 107 9 98 37 115 120 70 67
2776 12 8 52 97 75 116 50 42 104 37
2776 13 8 75 76 98 2 73 21 10 23
2776 14 8 80 34 79 76 75 88 8 115
2776 15 8 95 60 8 13 120 18 34 11
2776 16 8 40 45 7 65 83 11 17 79
2776 17 8 52 15 106 17 85 39 22 18
2776 18 8 79 52 42 25 110 85 8 75
2776 19 8 110 87 51 31 60 9 39 125
2776 20 8 36 118 46 3 44 105 64 5
2776 21 8 65 94 96 1 127 92 38 71
2776 22 8 112 35 39 113 122 66 59 26
2776 23 8 107 89 8 37 115 4 120 98
2776 24 8 50 116 97 63 104 37 75 52
2776 25 8 76 73 21 75 98 2 44 16
2776 26 8 8 80 79 34 90 88 75 111
2776 27 8 95 60 56 18 6 120 8 61
2776 28 8 40 45 7 11 83 65 75 18
2776 29 8 106 52 17 18 15 85 53 117
2776 30 8 52 79 85 34 110 42 25 75
2776 31 8 110 51 31 87 60 9 39 100
2776 32 8 36 44 103 46 3 64 116 86
2776 33 8 94 127 1 96 65 49 52 22
2776 34 8 35 112 39 64 108 113 119 30
2776 35 8 107 37 115 98 8 122 89 105
2776 36 8 63 97 30 116 53 42 50 74
2776 37 8 75 2 76 98 10 44 21 101
2776 38 8 80 34 79 75 107 39 8 88
2776 39 8 95 60 13 8 1 56 18 120
2776 40 8 40 45 7 83 15 65 11 17
2776 41 8 106 15 52 17 53 18 117 85
2776 42 8 125 73 2 37 123 22 74 24
2776 43 8 56 81 43 112 19 97 77 104
2776 44 8 37 80 45 54 122 121 81 72
2776 45 8 92 46 112 80 22 123 53 19
2776 46 8 82 84 44 124 105 39 80 22
2776 47 8 90 27 35 95 32 52 108 85
2686 0 8 34 62 63 70 125 68 111 21
2686 1 8 86 99 76 77 23 24 3 46
2686 2 8 8 9 51 54 24 70 14 120
2686 3 8 76 105 38 62 1 123 77 59
2686 4 8 22 48 87 0 86 29 23 116
2686 5 8 80 90 126 34 58 22 78 24
2686 6 8 79 52 110 42 85 38 75 30
2686 7 8 110 43 51 31 87 39 95 60
2686 8 8 36 39 33 44 46 122 3 95
2686 9 8 1 127 33 94 96 65 113 22
2686 10 8 112 35 113 39 108 64 119 107
2686 11 8 107 9 115 98 37 122 50 105
2686 12 8 123 63 30 118 53 50 42 37
2686 13 8 102 75 76 44 98 64 2 73
2686 14 8 82 34 8 75 39 76 80 58
2686 15 8 95 60 87 8 38 55 1 68
2686 16 8 40 45 7 33 83 11 51 75
2686 17 8 52 106 85 17 15 117 53 22
2686 18 8 79 52 85 42 110 75 25 30
2686 19 8 110 43 51 87 31 95 39 100
2686 20 8 36 44 64 39 46 103 35 124
2686 21 8 94 127 1 33 65 96 69 52
2686 22 8 35 112 113 39 108 107 64 119
2686 23 8 122 86 107 8 115 98 37 89
2686 24 8 123 30 50 116 63 53 104 42
2686 25 8 102 75 21 73 76 44 101 10
2686 26 8 82 8 34 111 6 75 88 39
2686 27 8 95 87 60 56 18 98 6 120
2686 28 8 40 45 33 83 7 11 51 18
2686 29 8 85 106 52 17 15 117 53 22
2686 30 8 79 52 85 110 42 25 34 75
2686 31 8 110 51 43 31 9 95 39 100
2686 32 8 44 64 46 39 36 3 33 95
2686 33 8 1 94 33 127 96 22 49 71
2686 34 8 35 112 108 119 64 39 107 113
2686 35 8 8 98 115 37 107 122 105 86
2686 36 8 123 43 30 50 53 116 97 63
2686 37 8 102 75 10 44 65 2 95 76
2686 38 8 82 39 34 58 80 75 8 79
2686 39 8 87 95 1 18 98 120 56 60
2686 40 8 40 45 33 7 83 51 75 123
2686 41 8 106 85 53 52 17 117 15 18
2686 42 8 37 73 123 2 22 74 125 36
2686 43 8 81 112 56 43 16 19 97 104
2686 44 8 37 80 45 81 34 54 72 5
2686 45 8 92 80 112 46 22 20 53 47
2686 46 8 84 82 44 124 80 105 22 39
2686 47 8 99 90 27 35 95 52 59 32
11285 0 8 62 77 67 12 28 29 68 116
11285 1 8 99 113 7 58 114 76 98 123
11285 2 8 51 9 73 121 15 70 125 69
11285 3 8 121 62 76 105 38 1 123 25
11285 4 8 22 48 116 47 0 74 105 67
11285 5 8 58 126 78 80 90 122 22 48
11285 6 8 79 52 85 42 110 30 55 25
11285 7 8 110 43 87 51 31 39 3 125
11285 8 8 44 46 39 33 3 27 35 116
11285 9 8 1 127 94 96 71 118 113 65
11285 10 8 112 35 39 108 64 113 119 122
11285 11 8 16 115 107 98 37 105 9 86
11285 12 8 123 50 53 63 30 42 116 97
11285 13 8 102 95 24 64 75 101 44 10
11285 14 8 82 62 34 39 18 75 6 111
11285 15 8 95 20 8 38 55 98 18 56
11285 16 8 45 29 33 83 40 77 75 109
11285 17 8 85 106 65 17 0 103 1 22
11285 18 8 79 85 52 42 25 110 34 64
11285 19 8 110 43 31 51 87 39 100 9
11285 20 8 44 46 103 3 61 116 14 36
11285 21 8 1 94 127 96 52 71 80 65
11285 22 8 35 112 39 53 113 108 30 119
11285 23 8 16 115 37 107 8 98 105 122
11285 24 8 123 50 116 42 97 63 38 75
11285 25 8 123 24 109 102 101 73 95 75
11285 26 8 82 62 18 34 8 75 6 88
11285 27 8 98 95 56 120 18 20 6 8
11285 28 8 29 45 33 83 77 109 123 20
11285 29 8 85 65 84 0 106 14 17 18
11285 30 8 52 79 85 42 34 56 30 110
11285 31 8 110 51 43 31 100 39 9 48
11285 32 8 44 46 116 103 36 39 27 3
11285 33 8 127 94 1 96 49 52 117 22
11285 34 8 112 35 95 39 119 108 64 113
11285 35 8 16 37 98 115 107 8 122 87
11285 36 8 116 97 123 43 63 30 38 53
11285 37 8 24 95 10 102 109 123 42 75
11285 38 8 82 34 62 111 18 8 39 75
11285 39 8 77 98 56 87 18 95 20 120
11285 40 8 109 29 83 111 77 45 123 33
11285 41 8 85 65 0 106 84 18 63 102
11285 42 8 2 75 126 20 32 55 36 8
11285 43 8 16 121 47 2 112 56 97 65
11285 44 8 13 80 110 23 121 72 113 11
11285 45 8 47 83 5 86 26 92 21 76
11285 46 8 96 10 1 45 17 103 84 74
11285 47 8 127 11 31 90 54 82 114 15
448 0 8 81 93 31 69 61 101 120 53
448 1 8 107 83 113 45 86 41 30 116
448 2 8 9 51 117 15 73 116 50 14
448 3 8 105 121 41 10 38 90 25 7
448 4 8 91 48 47 111 22 116 104 0
448 5 8 126 58 111 80 90 78 22 122
448 6 8 85 52 79 30 42 110 34 75
448 7 8 110 43 51 72 31 3 39 98
448 8 8 39 51 28 44 35 46 103 36
448 9 8 127 117 48 1 96 45 71 65
448 10 8 39 112 108 113 64 23 35 13
448 11 8 13 115 122 107 58 37 98 47
448 12 8 123 43 120 50 104 63 69 30
448 13 8 121 55 24 42 75 10 44 73
448 14 8 28 58 82 34 8 39 75 59
448 15 8 4 38 95 6 3 18 56 120
448 16 8 33 20 43 45 121 83 73 32
448 17 8 97 14 85 122 13 20 106 116
448 18 8 34 85 52 30 42 25 79 64
448 19 8 110 51 100 3 39 60 98 43
448 20 8 127 44 28 103 51 35 39 14
448 21 8 117 127 96 102 48 111 45 80
448 22 8 112 39 108 113 122 13 30 123
448 23 8 8 37 89 47 13 115 98 87
448 24 8 123 43 116 104 120 30 50 97
448 25 8 42 121 24 55 75 21 76 65
448 26 8 8 28 39 111 58 88 82 34
448 27 8 6 4 56 61 95 18 14 76
448 28 8 43 33 20 121 45 19 41 73
448 29 8 14 97 85 103 20 116 126 102
448 30 8 34 30 85 42 52 74 56 64
448 31 8 110 60 51 100 39 3 9 98
448 32 8 44 28 127 103 35 39 14 116
448 33 8 117 48 96 49 127 102 10 45
448 34 8 112 108 123 119 113 30 74 39
448 35 8 122 47 37 58 13 87 115 0
448 36 8 43 120 68 9 104 123 30 116
448 37 8 42 121 55 24 99 10 65 79
448 38 8 28 84 8 39 62 96 82 58
448 39 8 61 4 56 18 3 6 120 23
448 40 8 20 121 43 41 83 45 84 33
448 41 8 14 97 20 85 45 102 127 106
448 42 8 101 65 32 93 75 119 5 94
448 43 8 45 4 81 102 87 6 65 127
448 44 8 71 54 121 92 68 20 79 72
448 45 8 1 111 84 127 21 7 32 19
448 46 8 67 114 8 31 75 119 83 101
448 47 8 117 34 32 47 9 123 63 124
1493 0 8 71 34 103 106 41 68 14 118
1493 1 8 3 9 16 75 91 39 20 46
1493 2 8 100 122 8 15 90 115 50 125
1493 3 8 90 10 121 41 105 123 117 59
1493 4 8 105 47 48 104 77 22 111 87
1493 5 8 107 58 105 126 22 97 122 81
1493 6 8 30 52 85 42 110 34 86 25
1493 7 8 110 43 2 98 3 60 39 51
1493 8 8 15 35 127 44 14 46 28 3
1493 9 8 117 111 127 96 102 48 10 80
1493 10 8 70 108 112 39 30 64 23 113
1493 11 8 8 109 37 122 115 29 0 99
1493 12 8 26 43 9 50 97 104 78 116
1493 13 8 36 66 10 95 42 113 64 18
1493 14 8 18 71 105 111 39 34 59 96
1493 15 8 6 61 38 76 18 20 14 126
1493 16 8 119 19 108 41 33 45 84 77
1493 17 8 103 0 126 116 102 65 85 1
1493 18 8 85 30 34 56 52 86 64 74
1493 19 8 98 39 100 115 3 51 60 19
1493 20 8 127 43 103 15 44 42 35 116
1493 21 8 117 111 25 102 127 112 96 35
1493 22 8 13 70 82 39 53 119 108 112
1493 23 8 29 8 99 122 0 37 115 16
1493 24 8 14 9 26 30 43 38 34 115
1493 25 8 109 123 18 36 95 66 76 57
1493 26 8 111 8 18 105 0 88 71 107
1493 27 8 6 61 20 14 16 76 56 60
1493 28 8 119 108 77 44 33 93 19 41
1493 29 8 65 103 0 116 126 66 2 102
1493 30 8 56 34 74 85 118 30 52 42
1493 31 8 110 100 98 28 60 9 51 39
1493 32 8 44 15 116 35 127 103 43 27
1493 33 8 117 127 102 96 111 25 22 10
1493 34 8 103 70 112 108 39 119 95 110
1493 35 8 8 109 122 37 16 115 116 98
1493 36 8 26 38 43 63 30 116 97 9
1493 37 8 109 123 95 66 10 36 113 102
1493 38 8 18 105 111 96 8 0 34 88
1493 39 8 20 107 61 6 18 120 56 90
1493 40 8 119 77 29 108 44 51 114 84
1493 41 8 65 0 63 85 126 2 66 102
1493 42 8 75 126 18 98 55 102 24 36
1493 43 8 121 47 45 49 81 127 87 56
1493 44 8 110 80 121 72 92 13 98 48
1493 45 8 47 83 5 1 84 103 87 22
1493 46 8 1 10 45 75 98 82 124 84
1493 47 8 127 31 90 15 11 21 82 27
13 0 8 65 98 43 73 72 45 66 44
13 1 8 18 94 38 127 26 50 75 46
13 2 8 84 88 38 93 100 40 57 108
13 3 8 2 6 89 31 124 123 38 41
13 4 8 106 76 124 115 48 47 85 104
13 5 8 126 61 125 66 58 22 8 13
13 6 8 52 83 105 30 85 42 8 110
13 7 8 110 49 43 51 112 3 31 60
13 8 8 84 121 44 35 116 15 46 103
13 9 8 117 9 110 127 1 96 111 49
13 10 8 112 39 105 61 113 53 64 30
13 11 8 61 122 24 49 8 115 125 37
13 12 8 99 30 15 97 56 116 104 63
13 13 8 6 15 28 64 101 95 10 73
13 14 8 20 48 90 17 34 107 88 104
13 15 8 85 101 10 95 23 16 18 8
13 16 8 124 45 8 73 83 33 17 39
13 17 8 69 19 17 42 105 21 99 103
13 18 8 105 52 56 83 34 30 8 85
13 19 8 49 110 51 3 43 31 112 60
13 20 8 84 121 103 116 35 44 46 65
13 21 8 9 117 110 127 125 96 111 10
13 22 8 53 61 105 39 112 56 30 13
13 23 8 61 24 49 1 122 23 125 37
13 24 8 99 15 116 96 56 30 97 50
13 25 8 6 58 15 28 73 23 64 2
13 26 8 20 90 48 17 88 8 11 111
13 27 8 85 101 10 103 70 23 61 16
13 28 8 45 124 73 8 83 81 17 55
13 29 8 1 69 19 42 48 21 18 103
13 30 8 105 52 34 56 83 30 8 42
13 31 8 49 112 51 110 60 31 9 3
13 32 8 121 65 84 103 44 116 46 127
13 33 8 125 9 110 96 117 49 127 45
13 34 8 105 53 61 112 56 78 39 13
13 35 8 125 61 24 49 37 23 89 122
13 36 8 99 15 97 96 116 63 9 56
13 37 8 58 15 6 28 23 10 25 73
13 38 8 20 17 48 90 107 86 8 34
13 39 8 101 85 103 61 23 10 120 70
13 40 8 124 45 73 8 65 17 81 105
13 41 8 42 69 48 19 21 18 1 102
13 42 8 32 64 31 36 114 123 115 74
13 43 8 77 88 43 45 102 78 112 104
13 44 8 53 73 0 90 121 92 98 107
13 45 8 27 101 94 2 1 22 21 84
13 46 8 38 11 31 84 75 98 60 114
13 47 8 73 57 20 105 9 86 63 78
358 0 8 103 104 49 50 32 78 72 6
358 1 8 9 6 58 23 51 95 19 77
358 2 8 51 84 122 100 93 127 2 14
358 3 8 2 39 38 4 64 29 124 100
358 4 8 56 23 48 25 50 124 7 47
358 5 8 107 47 82 22 74 75 12 97
358 6 8 52 79 42 25 127 8 56 30
358 7 8 110 2 51 31 9 3 125 60
358 8 8 109 36 44 46 116 61 3 86
358 9 8 65 96 1 45 52 39 49 127
358 10 8 35 112 39 23 113 8 36 13
358 11 8 67 107 9 104 98 115 37 81
358 12 8 63 104 71 97 116 75 50 52
358 13 8 98 2 21 73 23 76 101 119
358 14 8 80 79 90 88 115 34 76 75
358 15 8 60 95 10 13 16 8 18 120
358 16 8 45 7 124 55 11 83 17 15
358 17 8 39 15 52 69 17 22 46 89
358 18 8 79 52 8 25 42 34 63 56
358 19 8 110 51 9 31 28 39 60 100
358 20 8 36 44 46 116 103 109 3 11
358 21 8 96 65 45 117 111 1 39 49
358 22 8 53 112 35 13 39 123 113 59
358 23 8 115 107 37 89 67 39 4 0
358 24 8 50 116 104 97 63 75 9 42
358 25 8 98 21 73 23 2 16 76 101
358 26 8 90 80 8 79 111 88 34 115
358 27 8 95 120 61 60 18 16 10 6
358 28 8 45 7 11 83 55 15 24 124
358 29 8 39 17 15 46 52 18 103 69
358 30 8 52 79 34 42 25 30 56 63
358 31 8 110 51 9 31 60 39 100 2
358 32 8 44 36 109 103 46 86 3 127
358 33 8 96 65 49 1 52 45 127 117
358 34 8 35 13 112 113 39 53 18 64
358 35 8 115 37 98 89 107 8 105 122
358 36 8 97 63 116 26 50 75 9 52
358 37 8 2 98 76 10 21 82 16 101
358 38 8 80 79 34 75 107 88 115 90
358 39 8 13 60 95 8 120 61 18 82
358 40 8 45 7 11 65 83 15 17 55
358 41 8 39 52 46 106 18 17 15 85
358 42 8 2 125 74 37 22 123 24 7
358 43 8 56 19 43 12 112 97 77 78
358 44 8 88 45 99 37 0 44 121 98
358 45 8 58 46 92 112 17 22 53 84
358 46 8 84 105 29 39 30 38 22 103
358 47 8 108 95 111 35 52 6 87 59
1744 0 8 62 111 12 2 126 77 29 22
1744 1 8 58 23 86 3 76 77 42 78
1744 2 8 9 54 51 8 24 93 14 119
1744 3 8 25 38 105 2 16 7 64 4
1744 4 8 47 48 25 22 56 67 118 114
1744 5 8 82 34 47 80 22 126 107 74
1744 6 8 52 79 42 110 30 85 75 56
1744 7 8 60 110 51 87 31 39 50 48
1744 8 8 36 103 46 109 44 105 51 39
1744 9 8 45 1 65 94 96 127 49 52
1744 10 8 108 112 35 39 74 64 113 13
1744 11 8 115 67 87 107 98 37 9 4
1744 12 8 63 97 75 116 104 71 52 50
1744 13 8 98 75 21 73 24 16 64 76
1744 14 8 79 62 8 34 88 28 75 76
1744 15 8 103 95 8 18 16 120 61 87
1744 16 8 45 73 55 83 123 65 17 40
1744 17 8 69 85 48 17 97 15 106 30
1744 18 8 52 42 34 79 30 75 25 56
1744 19 8 60 51 110 87 31 100 39 3
1744 20 8 36 103 127 44 109 46 116 39
1744 21 8 45 65 117 96 127 94 49 111
1744 22 8 112 113 108 53 39 13 35 74
1744 23 8 115 67 89 37 87 8 107 98
1744 24 8 97 9 116 104 63 74 42 75
1744 25 8 21 98 75 16 73 24 64 76
1744 26 8 79 8 90 62 111 28 88 58
1744 27 8 61 23 103 6 56 95 10 18
1744 28 8 73 55 45 123 41 83 17 19
1744 29 8 69 103 48 97 85 1 116 18
1744 30 8 34 56 30 52 85 42 8 74
1744 31 8 60 51 100 98 3 39 28 9
1744 32 8 127 36 44 109 103 116 42 43
1744 33 8 117 45 96 111 65 102 94 127
1744 34 8 108 113 53 13 123 112 39 30
1744 35 8 89 67 37 122 115 98 87 0
1744 36 8 9 63 97 116 30 74 52 114
1744 37 8 98 24 16 21 76 10 75 121
1744 38 8 62 8 79 88 107 28 34 0
1744 39 8 61 103 23 95 6 18 56 98
1744 40 8 123 73 55 45 41 105 20 65
1744 41 8 69 48 97 85 127 58 103 102
1744 42 8 64 75 31 94 101 28 37 119
1744 43 8 45 77 102 21 88 81 4 2
1744 44 8 73 92 53 121 68 79 13 71
1744 45 8 1 111 19 34 84 7 32 21
1744 46 8 114 8 31 119 83 67 101 75
1744 47 8 117 34 9 32 47 63 73 123
807 0 8 103 104 71 61 14 2 92 41
807 1 8 9 3 58 23 62 30 76 116
807 2 8 100 122 51 9 14 54 10 127
807 3 8 38 105 112 39 123 25 37 59
807 4 8 23 48 25 56 47 22 50 0
807 5 8 107 126 47 82 75 34 22 12
807 6 8 30 42 52 110 85 34 86 79
807 7 8 60 2 98 39 110 51 100 28
807 8 8 127 64 109 103 36 42 43 15
807 9 8 117 45 111 102 65 127 22 112
807 10 8 108 70 83 112 39 23 103 56
807 11 8 67 8 115 37 99 9 22 122
807 12 8 26 9 97 104 63 115 53 34
807 13 8 98 21 99 16 36 2 18 44
807 14 8 80 71 58 79 0 8 111 108
807 15 8 61 60 76 6 3 18 14 102
807 16 8 41 60 19 55 93 7 108 94
807 17 8 46 116 15 127 103 52 72 100
807 18 8 90 74 32 30 56 94 27 29
807 19 8 19 115 126 60 98 39 50 44
807 20 8 127 42 126 50 43 46 107 94
807 21 8 117 25 112 45 111 12 102 119
807 22 8 82 70 13 53 23 83 94 10
807 23 8 0 89 67 99 51 122 8 79
807 24 8 115 9 104 26 53 30 74 119
807 25 8 21 64 98 36 44 16 76 49
807 26 8 0 80 111 90 79 8 58 22
807 27 8 61 60 76 56 18 10 67 14
807 28 8 41 60 19 93 15 7 108 55
807 29 8 116 46 103 15 52 127 53 117
807 30 8 90 74 30 76 32 94 56 29
807 31 8 28 126 115 60 42 103 98 97
807 32 8 127 42 126 109 43 107 7 68
807 33 8 117 25 45 112 12 51 119 94
807 34 8 108 70 13 103 53 45 113 35
807 35 8 8 89 0 67 122 86 98 37
807 36 8 26 53 9 115 119 63 30 97
807 37 8 76 16 21 36 2 98 75 44
807 38 8 80 0 8 79 111 52 58 88
807 39 8 61 60 18 76 56 6 35 67
807 40 8 60 15 7 55 41 19 45 108
807 41 8 103 15 52 46 117 127 85 106
807 42 8 24 125 37 73 7 109 22 74
807 43 8 49 102 19 12 43 45 56 127
807 44 8 88 45 99 79 121 92 37 43
807 45 8 58 17 112 46 84 1 34 21
807 46 8 30 29 39 105 84 83 80 119
807 47 8 35 52 95 111 108 6 9 59
2525 0 8 126 97 62 111 29 80 2 124
2525 1 8 107 78 76 86 3 123 20 116
2525 2 8 14 69 119 68 51 9 7 121
2525 3 8 105 25 1 7 38 117 26 112
2525 4 8 0 102 22 39 48 74 77 25
2525 5 8 126 80 30 102 22 107 78 12
2525 6 8 30 85 110 52 34 42 75 80
2525 7 8 98 87 60 110 26 51 94 39
2525 8 8 64 127 24 103 43 36 46 44
2525 9 8 94 117 22 45 105 49 102 127
2525 10 8 108 14 112 39 64 120 83 30
2525 11 8 115 37 8 87 98 9 68 86
2525 12 8 53 9 63 97 104 118 26 42
2525 13 8 44 24 75 98 64 21 77 42
2525 14 8 101 8 62 34 28 58 88 24
2525 15 8 61 34 56 6 95 18 98 60
2525 16 8 60 123 45 84 114 19 40 93
2525 17 8 53 103 85 52 106 12 116 15
2525 18 8 34 85 30 86 52 56 25 42
2525 19 8 87 60 98 26 39 100 3 115
2525 20 8 64 99 127 24 36 44 103 116
2525 21 8 94 117 45 105 111 102 22 127
2525 22 8 14 108 113 39 13 53 112 123
2525 23 8 89 0 115 8 86 37 122 79
2525 24 8 53 9 118 115 104 97 116 63
2525 25 8 44 24 75 21 64 98 79 10
2525 26 8 8 101 111 62 28 39 0 88
2525 27 8 61 34 56 6 76 18 95 98
2525 28 8 123 19 41 60 43 93 84 45
2525 29 8 103 53 116 45 85 97 84 61
2525 30 8 74 90 30 85 34 32 86 56
2525 31 8 28 100 19 60 115 44 87 98
2525 32 8 127 64 99 44 24 43 42 103
2525 33 8 117 94 105 102 111 22 96 45
2525 34 8 108 13 14 120 113 30 39 70
2525 35 8 86 115 122 0 89 37 8 98
2525 36 8 53 9 30 115 97 63 69 116
2525 37 8 24 44 75 10 95 76 98 36
2525 38 8 101 8 62 111 0 88 107 34
2525 39 8 61 56 6 18 76 98 95 35
2525 40 8 123 45 41 18 19 29 114 60
2525 41 8 103 53 85 117 106 102 127 52
2525 42 8 24 55 75 73 28 22 20 76
2525 43 8 49 2 81 121 102 8 45 127
2525 44 8 113 80 37 54 13 121 92 6
2525 45 8 47 83 92 5 84 21 53 127
2525 46 8 45 74 10 96 82 124 84 44
2525 47 8 54 90 27 11 127 31 114 72
504 0 8 61 93 69 21 53 81 70 80
504 1 8 76 83 19 86 107 45 123 20
504 2 8 117 69 14 116 51 68 9 125
504 3 8 26 48 1 76 105 25 7 90
504 4 8 0 91 111 77 39 48 102 22
504 5 8 126 80 111 102 12 56 78 122
504 6 8 30 85 34 52 86 64 80 42
504 7 8 100 72 39 98 60 28 95 110
504 8 8 127 99 44 27 43 103 28 42
504 9 8 117 45 48 22 105 102 94 96
504 10 8 14 83 108 123 13 39 70 64
504 11 8 58 115 0 8 67 13 37 98
504 12 8 69 53 9 68 115 34 97 42
504 13 8 44 24 121 75 25 10 64 55
504 14 8 28 101 8 84 58 111 0 57
504 15 8 3 34 6 61 18 40 56 4
504 16 8 43 121 19 41 20 127 93 84
504 17 8 97 116 103 45 14 53 102 30
504 18 8 90 74 30 85 34 86 94 25
504 19 8 115 39 60 28 19 100 72 95
504 20 8 99 42 127 64 44 28 126 43
504 21 8 117 48 102 45 111 25 105 96
504 22 8 14 13 123 108 83 2 53 113
504 23 8 0 58 47 115 86 122 89 13
504 24 8 69 115 68 9 32 104 34 53
504 25 8 44 55 121 64 107 79 10 25
504 26 8 111 28 0 101 84 8 58 57
504 27 8 3 34 61 6 14 18 4 76
504 28 8 41 43 19 93 121 97 20 84
504 29 8 116 97 45 103 73 102 127 14
504 30 8 90 74 94 32 76 29 30 20
504 31 8 28 115 126 19 44 63 100 68
504 32 8 42 127 99 126 43 28 50 37
504 33 8 25 117 6 12 105 48 102 111
504 34 8 13 14 83 123 66 94 53 108
504 35 8 0 58 47 13 67 115 122 89
504 36 8 69 68 115 119 9 120 32 30
504 37 8 25 121 99 55 79 65 10 44
504 38 8 84 28 0 101 58 111 10 19
504 39 8 34 14 3 100 6 61 23 18
504 40 8 41 121 43 20 19 93 105 84
504 41 8 97 116 14 45 127 61 103 102
504 42 8 119 101 94 65 93 5 109 55
504 43 8 45 4 102 21 6 32 81 79
504 44 8 71 121 79 92 68 15 63 20
504 45 8 1 34 111 84 19 53 127 70
504 46 8 75 67 119 8 114 83 102 115
504 47 8 117 34 47 9 123 88 32 66
2524 0 8 21 62 83 3 112 28 126 124
2524 1 8 90 61 114 60 7 67 29 68
2524 2 8 15 44 73 71 76 23 120 119
2524 3 8 24 32 90 37 120 62 40 77
2524 4 8 93 82 5 84 54 21 37 33
2524 5 8 12 115 56 63 117 95 65 74
2524 6 8 90 103 74 86 70 27 76 32
2524 7 8 28 81 115 126 63 42 103 19
2524 8 8 6 126 42 43 37 7 107 94
2524 9 8 25 112 51 12 40 6 59 73
2524 10 8 41 13 124 95 82 10 86 37
2524 11 8 0 51 97 18 44 101 94 2
2524 12 8 119 103 14 115 32 110 34 74
2524 13 8 127 99 89 109 120 1 27 112
2524 14 8 0 31 108 111 87 47 58 60
2524 15 8 76 3 14 77 18 61 46 48
2524 16 8 41 19 94 23 13 115 52 109
2524 17 8 116 92 100 66 36 0 127 102
2524 18 8 90 74 32 103 76 94 27 20
2524 19 8 115 126 28 63 70 81 19 44
2524 20 8 126 6 94 42 68 107 43 82
2524 21 8 25 51 12 40 112 35 120 77
2524 22 8 41 124 13 82 2 86 95 37
2524 23 8 97 0 51 18 16 116 101 41
2524 24 8 103 32 119 14 115 110 34 0
2524 25 8 127 62 89 57 120 49 27 112
2524 26 8 0 71 31 60 47 108 111 109
2524 27 8 14 46 77 61 31 18 48 76
2524 28 8 41 23 94 19 13 93 109 115
2524 29 8 116 92 100 36 66 84 73 127
2524 30 8 90 74 103 32 94 20 76 118
2524 31 8 63 126 115 28 44 19 42 68
2524 32 8 6 94 126 42 127 107 43 20
2524 33 8 51 25 6 40 82 35 12 117
2524 34 8 124 41 95 82 13 71 37 2
2524 35 8 51 18 97 94 0 73 16 68
2524 36 8 103 115 119 14 32 110 112 17
2524 37 8 127 89 120 1 62 49 45 64
2524 38 8 31 0 87 47 102 108 64 109
2524 39 8 14 46 77 126 54 100 61 18
2524 40 8 23 94 41 13 109 100 19 93
2524 41 8 116 92 100 81 30 66 127 6
2524 42 8 109 86 94 18 90 28 5 8
2524 43 8 74 45 102 32 21 127 79 75
2524 44 8 23 92 121 79 72 63 15 96
2524 45 8 26 1 34 7 76 103 84 21
2524 46 8 96 51 119 75 83 4 102 8
2524 47 8 121 26 21 15 114 82 30 59
10126 0 8 112 86 41 83 23 105 28 79
10126 1 8 104 14 29 101 66 98 38 13
10126 2 8 23 49 76 59 64 73 71 60
10126 3 8 29 90 73 24 40 70 51 106
10126 4 8 93 5 54 82 51 1 27 84
10126 5 8 115 56 12 87 0 15 63 48
10126 6 8 103 90 27 32 86 76 74 94
10126 7 8 115 28 39 126 42 19 63 54
10126 8 8 42 126 127 94 6 37 107 43
10126 9 8 51 25 38 6 112 35 41 106
10126 10 8 13 82 95 124 2 41 10 40
10126 11 8 0 51 94 55 97 16 100 111
10126 12 8 103 115 34 14 109 119 32 50
10126 13 8 109 41 57 123 1 25 99 62
10126 14 8 18 111 0 31 71 109 15 47
10126 15 8 61 14 6 18 20 38 54 76
10126 16 8 94 41 108 19 44 77 53 97
10126 17 8 116 0 64 103 102 100 65 127
10126 18 8 90 74 32 86 103 30 94 106
10126 19 8 115 39 19 126 28 100 44 98
10126 20 8 42 127 126 94 6 46 76 43
10126 21 8 25 35 117 6 102 51 38 12
10126 22 8 13 82 2 95 41 124 40 30
10126 23 8 0 16 97 94 42 55 116 99
10126 24 8 14 32 38 103 115 0 34 74
10126 25 8 123 109 57 112 41 62 1 10
10126 26 8 18 60 111 71 102 47 0 109
10126 27 8 61 20 77 18 6 14 54 126
10126 28 8 44 94 108 77 41 19 110 93
10126 29 8 0 116 65 103 63 64 73 100
10126 30 8 118 74 103 30 90 56 34 25
10126 31 8 100 39 3 60 115 31 98 44
10126 32 8 127 94 44 20 42 6 101 103
10126 33 8 35 25 41 106 117 38 96 6
10126 34 8 95 124 13 82 53 40 112 2
10126 35 8 97 16 94 42 55 37 0 115
10126 36 8 103 38 0 14 115 9 34 97
10126 37 8 123 109 57 41 62 10 127 112
10126 38 8 18 102 60 111 47 0 71 107
10126 39 8 61 20 107 6 126 18 77 54
10126 40 8 77 108 44 29 94 110 23 93
10126 41 8 65 0 63 122 64 85 103 102
10126 42 8 24 126 49 90 75 18 55 20
10126 43 8 121 74 47 65 56 49 102 125
10126 44 8 110 13 80 121 11 92 79 72
10126 45 8 5 47 26 83 87 34 7 84
10126 46 8 10 96 45 1 123 75 124 83
10126 47 8 127 31 15 11 90 82 21 121
323 0 8 83 120 31 63 107 81 111 101
323 1 8 8 41 34 2 13 61 14 49
323 2 8 53 67 88 84 10 123 41 69
323 3 8 89 73 6 35 34 90 79 85
323 4 8 79 93 76 106 48 85 124 102
323 5 8 42 125 126 63 61 108 22 56
323 6 8 85 105 30 86 83 25 52 34
323 7 8 49 39 100 98 3 110 51 31
323 8 8 127 66 44 84 42 35 121 104
323 9 8 117 98 110 9 102 105 111 22
323 10 8 73 83 13 61 64 2 105 108
323 11 8 26 94 49 61 0 115 9 37
323 12 8 107 115 104 34 99 74 69 97
323 13 8 6 80 64 28 10 25 34 36
323 14 8 10 48 79 111 58 57 38 84
323 15 8 85 61 6 3 23 100 18 14
323 16 8 124 8 94 41 19 43 60 84
323 17 8 19 116 72 69 30 103 97 15
323 18 8 34 85 56 90 74 30 25 105
323 19 8 39 49 115 100 60 98 19 28
323 20 8 127 84 66 121 42 44 103 116
323 21 8 9 117 102 110 25 111 98 96
323 22 8 73 13 105 61 53 2 108 39
323 23 8 61 26 49 0 24 122 115 29
323 24 8 115 99 15 107 34 104 74 9
323 25 8 6 80 64 28 15 10 73 40
323 26 8 48 10 79 111 0 58 8 90
323 27 8 61 85 23 18 14 6 3 10
323 28 8 41 8 124 19 43 15 93 60
323 29 8 116 19 103 127 97 15 69 73
323 30 8 74 90 105 76 56 94 29 30
323 31 8 126 115 49 28 63 60 98 100
323 32 8 127 42 126 66 121 107 99 68
323 33 8 25 117 98 9 6 51 66 110
323 34 8 73 13 105 53 83 61 108 90
323 35 8 26 0 49 61 24 37 94 122
323 36 8 107 115 99 79 15 9 119 124
323 37 8 80 6 83 28 65 10 16 64
323 38 8 10 0 48 79 58 8 80 96
323 39 8 23 61 85 18 3 14 6 76
323 40 8 41 8 124 15 60 19 43 18
323 41 8 19 116 69 83 15 103 127 97
323 42 8 21 94 119 7 5 125 93 64
323 43 8 45 88 102 19 12 49 32 21
323 44 8 121 0 88 79 92 99 68 63
323 45 8 111 84 1 34 17 127 53 103
323 46 8 75 114 8 83 119 30 67 31
323 47 8 117 111 9 32 47 73 34 123
8286 0 8 62 112 124 23 28 105 68 86
8286 1 8 90 8 114 78 67 68 101 13
8286 2 8 44 24 71 76 119 23 126 73
8286 3 8 24 29 12 90 3 73 37 62
8286 4 8 93 82 5 54 84 37 12 21
8286 5 8 115 56 12 96 63 65 15 117
8286 6 8 90 74 94 103 32 86 76 27
8286 7 8 115 42 28 68 63 70 54 126
8286 8 8 126 42 20 7 37 107 6 43
8286 9 8 25 112 12 79 51 40 120 6
8286 10 8 41 95 13 124 86 92 10 109
8286 11 8 0 92 51 97 44 18 64 81
8286 12 8 103 119 14 110 67 115 32 74
8286 13 8 99 127 120 89 27 83 109 57
8286 14 8 0 31 58 60 87 111 109 108
8286 15 8 14 3 18 61 76 77 96 48
8286 16 8 41 19 94 13 6 52 109 110
8286 17 8 116 92 127 100 66 0 35 54
8286 18 8 90 74 94 32 76 20 86 103
8286 19 8 115 68 42 63 44 70 126 28
8286 20 8 126 42 94 7 68 112 6 20
8286 21 8 25 12 51 112 40 120 79 35
8286 22 8 41 13 124 86 95 2 82 109
8286 23 8 97 0 92 116 64 18 81 51
8286 24 8 103 32 115 119 110 124 14 0
8286 25 8 127 120 57 1 27 64 89 93
8286 26 8 0 31 87 60 102 47 71 109
8286 27 8 14 46 77 31 18 76 48 61
8286 28 8 41 94 109 19 6 13 93 23
8286 29 8 116 92 100 54 36 66 127 73
8286 30 8 74 90 94 32 103 20 76 86
8286 31 8 44 63 126 115 68 28 42 97
8286 32 8 126 94 42 37 20 68 43 22
8286 33 8 25 79 51 82 40 12 6 35
8286 34 8 41 124 95 92 82 43 13 10
8286 35 8 92 51 97 18 116 81 0 64
8286 36 8 119 67 103 115 110 32 29 112
8286 37 8 120 89 127 1 45 93 27 64
8286 38 8 31 0 87 102 58 55 47 108
8286 39 8 14 46 77 126 54 100 51 18
8286 40 8 41 109 6 94 13 100 19 93
8286 41 8 122 116 92 100 54 81 127 66
8286 42 8 94 86 109 106 90 5 18 8
8286 43 8 45 102 74 32 80 79 21 127
8286 44 8 92 23 79 121 72 68 15 63
8286 45 8 76 7 26 34 1 84 103 19
8286 46 8 96 51 119 83 75 4 102 8
8286 47 8 121 26 21 15 114 30 82 9
8692 0 8 112 27 3 67 86 77 105 122
8692 1 8 104 101 14 13 38 30 66 36
8692 2 8 49 44 23 76 71 73 64 60
8692 3 8 24 73 90 12 3 119 11 40
8692 4 8 93 5 82 84 12 27 6 54
8692 5 8 12 115 96 63 87 117 56 6
8692 6 8 90 103 74 32 94 88 86 76
8692 7 8 115 68 42 28 63 81 97 126
8692 8 8 6 42 126 127 37 94 43 7
8692 9 8 25 51 79 112 6 12 63 38
8692 10 8 13 95 41 82 124 92 42 10
8692 11 8 0 92 51 94 55 97 16 81
8692 12 8 103 115 14 119 109 34 27 38
8692 13 8 109 123 99 57 41 112 27 25
8692 14 8 18 0 111 87 31 109 15 108
8692 15 8 14 61 38 6 20 31 76 18
8692 16 8 94 41 19 23 44 77 108 97
8692 17 8 0 116 100 65 64 103 73 63
8692 18 8 90 74 94 32 103 86 59 20
8692 19 8 115 19 98 28 44 68 63 126
8692 20 8 42 127 126 94 6 82 43 50
8692 21 8 25 35 79 117 6 102 12 112
8692 22 8 13 82 41 95 2 124 42 40
8692 23 8 92 97 16 0 94 81 42 121
8692 24 8 14 103 38 115 0 32 34 109
8692 25 8 123 109 57 112 41 64 62 93
8692 26 8 18 60 111 0 71 109 102 31
8692 27 8 20 61 14 6 18 77 31 126
8692 28 8 44 108 94 77 23 41 19 93
8692 29 8 0 116 65 103 63 73 26 100
8692 30 8 118 74 88 56 30 90 103 85
8692 31 8 100 98 31 3 44 39 9 60
8692 32 8 127 6 44 20 94 27 42 116
8692 33 8 79 35 25 117 41 102 96 106
8692 34 8 95 124 13 82 41 2 112 53
8692 35 8 92 97 16 94 42 37 81 0
8692 36 8 38 103 0 14 34 115 9 67
8692 37 8 123 109 57 41 112 10 127 95
8692 38 8 18 102 60 111 47 0 107 71
8692 39 8 61 20 107 6 126 18 77 76
8692 40 8 23 77 44 108 94 29 93 114
8692 41 8 65 0 63 85 64 122 103 102
8692 42 8 126 24 49 75 90 18 20 55
8692 43 8 121 74 47 65 45 56 16 49
8692 44 8 13 110 80 121 92 79 11 72
8692 45 8 26 5 47 83 103 7 87 53
8692 46 8 1 10 96 45 75 123 98 83
8692 47 8 127 15 31 11 82 21 90 121
13 0 8 65 98 43 73 72 45 1 114
13 1 8 18 94 38 127 26 43 50 49
13 2 8 84 88 38 93 57 40 82 18
13 3 8 6 89 31 2 124 34 41 35
13 4 8 106 76 124 115 85 48 93 47
13 5 8 61 125 66 126 8 22 64 97
13 6 8 83 105 85 52 30 8 56 42
13 7 8 49 112 100 60 39 110 98 51
13 8 8 84 127 121 44 103 35 116 46
13 9 8 9 117 110 127 102 125 96 111
13 10 8 105 61 13 56 112 53 39 2
13 11 8 61 49 24 125 37 122 115 0
13 12 8 99 15 115 104 97 96 34 56
13 13 8 6 15 28 10 64 23 73 36
13 14 8 20 48 90 111 17 104 107 57
13 15 8 85 61 101 6 103 18 10 14
13 16 8 124 8 73 19 41 39 45 17
13 17 8 69 42 19 116 103 48 105 99
13 18 8 56 105 8 83 34 30 85 52
13 19 8 49 3 60 39 98 51 112 115
13 20 8 84 121 127 116 103 65 44 42
13 21 8 117 9 110 125 111 127 96 102
13 22 8 13 53 61 105 56 39 19 112
13 23 8 61 49 24 122 0 29 37 23
13 24 8 99 15 56 97 115 96 30 9
13 25 8 6 15 58 28 64 23 73 2
13 26 8 20 90 48 17 111 0 8 88
13 27 8 61 85 10 101 103 70 16 76
13 28 8 124 73 8 41 19 81 55 45
13 29 8 42 69 19 48 103 116 1 21
13 30 8 56 105 8 83 30 74 34 90
13 31 8 49 112 60 98 3 115 126 51
13 32 8 121 127 65 84 116 42 43 46
13 33 8 125 117 9 110 111 96 102 49
13 34 8 105 53 61 56 13 78 112 39
13 35 8 61 24 125 49 23 37 0 89
13 36 8 99 15 96 97 9 56 63 116
13 37 8 15 58 6 28 23 25 10 64
13 38 8 20 17 48 90 8 107 0 86
13 39 8 61 85 101 103 23 10 70 76
13 40 8 124 8 73 41 17 81 45 105
13 41 8 42 69 48 19 127 21 112 102
13 42 8 64 31 32 94 36 24 7 114
13 43 8 77 102 88 45 43 127 79 117
13 44 8 53 73 92 90 0 121 43 79
13 45 8 101 1 34 27 111 94 7 84
13 46 8 31 11 114 119 8 38 75 83
13 47 8 73 57 105 20 9 63 86 124
362 0 8 50 49 106 27 78 32 72 6
362 1 8 6 99 9 95 23 49 62 42
362 2 8 45 122 2 57 87 111 93 47
362 3 8 94 4 2 64 37 16 87 39
362 4 8 50 56 124 48 93 118 30 53
362 5 8 51 105 47 12 22 68 74 8
362 6 8 30 86 34 42 110 52 90 74
362 7 8 60 98 3 28 115 63 126 39
362 8 8 2 127 36 109 42 107 43 126
362 9 8 117 65 45 112 12 51 111 96
362 10 8 83 123 88 108 23 13 112 113
362 11 8 67 9 89 37 115 98 87 0
362 12 8 114 115 71 9 104 97 110 34
362 13 8 12 98 66 21 64 23 61 16
362 14 8 90 8 105 96 0 71 58 107
362 15 8 61 72 103 4 76 18 23 14
362 16 8 51 55 41 60 19 121 17 93
362 17 8 2 66 116 127 35 39 48 103
362 18 8 90 74 32 30 8 94 27 34
362 19 8 60 115 126 28 19 63 42 3
362 20 8 126 2 127 42 36 107 109 68
362 21 8 117 45 65 12 25 119 112 120
362 22 8 123 83 13 88 86 53 45 14
362 23 8 89 0 67 37 51 64 79 122
362 24 8 9 115 104 114 119 110 97 74
362 25 8 12 66 98 21 64 23 82 119
362 26 8 90 0 105 8 111 96 118 107
362 27 8 61 72 103 18 76 4 67 56
362 28 8 41 51 55 93 121 19 43 3
362 29 8 116 127 2 66 35 39 103 45
362 30 8 90 74 30 32 76 94 56 34
362 31 8 60 126 103 42 28 115 54 63
362 32 8 2 127 126 42 107 36 109 7
362 33 8 117 45 65 12 25 51 119 120
362 34 8 123 88 45 13 14 113 83 66
362 35 8 89 67 0 122 37 87 44 47
362 36 8 114 9 115 119 104 110 120 24
362 37 8 12 82 66 98 113 61 23 55
362 38 8 105 8 90 96 0 88 107 118
362 39 8 61 4 72 3 76 67 18 115
362 40 8 51 41 121 43 105 93 55 19
362 41 8 2 66 39 127 35 126 20 103
362 42 8 98 94 93 102 18 119 73 76
362 43 8 102 45 81 79 21 6 40 117
362 44 8 92 68 48 121 43 79 63 20
362 45 8 1 34 111 19 7 70 84 21
362 46 8 44 119 8 114 83 31 4 75
362 47 8 36 47 123 120 9 88 63 66
1584 0 8 112 23 105 91 22 79 30 28
1584 1 8 29 90 48 68 101 85 67 25
1584 2 8 59 71 76 24 64 126 102 74
1584 3 8 24 12 43 37 36 90 77 27
1584 4 8 82 50 54 5 38 27 84 21
1584 5 8 115 12 56 10 15 65 0 6
1584 6 8 90 103 94 74 118 76 32 27
1584 7 8 103 28 55 30 42 115 68 126
1584 8 8 126 7 107 20 42 112 49 127
1584 9 8 51 40 25 12 112 30 120 77
1584 10 8 41 86 124 95 45 109 51 93
1584 11 8 114 44 18 22 0 42 51 101
1584 12 8 114 103 119 110 115 76 9 32
1584 13 8 89 12 120 99 127 18 57 115
1584 14 8 0 47 25 60 71 64 87 46
1584 15 8 61 76 46 54 96 77 18 104
1584 16 8 41 13 110 19 52 115 6 3
1584 17 8 116 92 115 64 127 36 0 66
1584 18 8 90 32 94 103 74 76 27 86
1584 19 8 103 115 55 126 68 70 28 42
1584 20 8 126 20 107 112 94 42 49 7
1584 21 8 40 77 120 112 12 25 51 62
1584 22 8 124 41 23 86 45 110 65 2
1584 23 8 97 42 18 114 78 22 44 101
1584 24 8 103 119 110 25 0 115 76 32
1584 25 8 89 127 18 120 57 62 12 27
1584 26 8 0 71 47 25 60 87 64 46
1584 27 8 61 46 104 37 126 76 72 54
1584 28 8 41 13 60 115 19 6 93 110
1584 29 8 92 115 116 36 127 100 46 64
1584 30 8 90 74 94 32 118 103 20 27
1584 31 8 103 28 115 55 126 68 30 97
1584 32 8 126 20 7 2 49 107 42 94
1584 33 8 40 51 12 77 120 112 25 117
1584 34 8 86 41 23 124 65 111 88 45
1584 35 8 18 22 44 78 64 73 114 97
1584 36 8 119 114 103 115 110 29 25 112
1584 37 8 12 127 120 89 82 18 62 61
1584 38 8 73 0 87 47 71 46 64 25
1584 39 8 46 61 72 104 126 77 27 14
1584 40 8 41 100 6 13 60 109 19 110
1584 41 8 92 115 36 127 122 116 46 54
1584 42 8 94 86 77 90 109 8 106 70
1584 43 8 102 45 79 74 125 12 40 21
1584 44 8 23 92 99 79 63 43 68 11
1584 45 8 76 34 1 7 21 84 26 28
1584 46 8 51 96 4 83 119 81 31 102
1584 47 8 121 114 21 26 15 98 9 127
27947 0 8 87 124 86 36 30 17 112 122
27947 1 8 52 104 38 101 32 25 63 103
27947 2 8 67 49 71 126 76 59 44 102
27947 3 8 24 126 46 43 12 90 70 27
27947 4 8 82 5 54 84 50 21 33 1
27947 5 8 12 115 0 56 65 15 87 95
27947 6 8 103 90 94 74 76 27 32 67
27947 7 8 55 28 42 103 81 68 126 115
27947 8 8 7 42 126 94 50 107 112 127
27947 9 8 38 40 25 51 120 12 119 112
27947 10 8 124 41 82 51 33 93 66 45
27947 11 8 51 73 44 0 22 81 34 55
27947 12 8 103 119 110 13 115 49 29 32
27947 13 8 89 1 127 27 18 12 99 120
27947 14 8 87 71 0 31 24 5 46 30
27947 15 8 61 46 76 106 31 67 48 18
27947 16 8 41 19 115 100 13 93 52 3
27947 17 8 116 92 100 66 115 127 0 26
27947 18 8 90 94 103 74 76 32 20 59
27947 19 8 19 28 115 68 7 126 55 97
27947 20 8 126 42 94 7 50 127 107 112
27947 21 8 38 25 40 51 120 12 119 77
27947 22 8 23 71 82 124 51 41 66 109
27947 23 8 73 51 97 22 55 34 18 81
27947 24 8 103 115 110 25 119 112 29 0
27947 25 8 89 62 127 18 1 120 12 57
27947 26 8 71 87 0 31 47 15 60 90
27947 27 8 61 46 126 106 31 18 76 48
27947 28 8 41 93 13 19 94 115 60 28
27947 29 8 92 116 100 127 36 46 115 66
27947 30 8 103 90 94 74 76 32 27 118
27947 31 8 28 19 126 42 115 54 68 97
27947 32 8 94 42 126 127 7 107 2 50
27947 33 8 38 51 40 117 25 12 119 106
27947 34 8 51 23 71 41 82 124 88 33
27947 35 8 73 51 22 18 55 44 81 89
27947 36 8 119 103 115 29 114 110 25 112
27947 37 8 127 62 12 18 120 89 82 1
27947 38 8 87 0 73 71 47 60 64 31
27947 39 8 46 126 61 27 76 77 72 106
27947 40 8 41 13 93 100 60 94 19 109
27947 41 8 122 92 36 127 115 46 116 66
27947 42 8 94 86 109 106 77 18 90 98
27947 43 8 102 74 45 79 16 12 21 80
27947 44 8 92 68 23 79 121 63 99 43
27947 45 8 1 34 26 7 76 111 19 84
27947 46 8 83 4 96 51 119 114 8 81
27947 47 8 26 21 121 15 9 82 120 127
1614 0 8 112 83 23 36 122 86 79 105
1614 1 8 104 29 101 103 13 67 66 85
1614 2 8 44 76 23 71 126 59 49 102
1614 3 8 90 92 43 70 27 12 32 127
1614 4 8 54 50 82 5 93 27 84 33
1614 5 8 12 10 87 0 48 115 56 95
1614 6 8 103 90 74 118 94 67 32 76
1614 7 8 55 19 28 68 42 126 115 122
1614 8 8 127 42 126 94 50 7 20 2
1614 9 8 51 40 106 25 117 12 119 38
1614 10 8 109 51 82 88 124 95 13 2
1614 11 8 51 55 22 0 42 44 73 122
1614 12 8 103 115 119 0 110 26 17 9
1614 13 8 57 41 89 12 18 62 109 27
1614 14 8 71 0 90 87 24 108 60 47
1614 15 8 61 20 76 79 18 126 46 14
1614 16 8 44 110 93 41 60 19 108 77
1614 17 8 116 46 0 64 100 127 28 52
1614 18 8 90 103 74 94 32 59 67 76
1614 19 8 19 28 115 68 44 126 97 42
1614 20 8 42 94 126 50 127 7 20 43
1614 21 8 25 40 117 51 12 35 112 119
1614 22 8 23 13 82 109 124 71 88 2
1614 23 8 42 55 22 73 97 51 0 99
1614 24 8 0 103 115 25 119 38 127 14
1614 25 8 57 18 62 109 12 41 123 89
1614 26 8 71 60 0 90 87 111 47 80
1614 27 8 61 126 20 76 60 46 18 31
1614 28 8 93 110 60 44 41 108 19 15
1614 29 8 46 52 116 15 127 64 103 100
1614 30 8 90 74 118 103 94 32 30 8
1614 31 8 28 115 103 126 68 50 19 42
1614 32 8 127 42 126 20 94 2 107 7
1614 33 8 117 106 51 12 40 112 35 119
1614 34 8 23 109 53 51 45 124 103 95
1614 35 8 55 22 89 42 73 0 122 97
1614 36 8 115 0 119 26 25 103 9 110
1614 37 8 16 41 57 18 12 82 21 62
1614 38 8 0 80 60 71 87 47 8 52
1614 39 8 60 61 76 18 20 126 35 67
1614 40 8 15 44 41 60 110 108 55 93
1614 41 8 52 36 15 46 127 64 103 117
1614 42 8 49 7 125 109 73 24 90 74
1614 43 8 102 19 12 43 49 45 125 40
1614 44 8 88 45 99 13 92 79 43 63
1614 45 8 112 46 17 34 1 7 84 58
1614 46 8 83 30 39 29 105 81 119 75
1614 47 8 35 52 95 111 59 127 9 108
10868 0 8 120 29 126 12 77 116 3 67
10868 1 8 86 107 78 76 14 91 69 3
10868 2 8 44 87 119 14 116 69 15 125
10868 3 8 7 26 90 89 13 79 11 16
10868 4 8 0 91 39 118 54 74 82 25
10868 5 8 70 80 12 100 56 111 95 117
10868 6 8 90 74 30 86 94 76 32 27
10868 7 8 87 115 103 28 60 126 42 50
10868 8 8 127 24 51 7 42 43 126 46
10868 9 8 51 117 94 112 12 45 48 119
10868 10 8 83 14 101 120 108 23 74 86
10868 11 8 87 86 0 71 89 67 47 68
10868 12 8 115 53 9 104 119 124 106 110
10868 13 8 24 44 64 21 16 121 75 12
10868 14 8 62 28 0 58 118 25 96 87
10868 15 8 61 18 76 115 4 56 67 14
10868 16 8 123 41 20 60 121 19 43 73
10868 17 8 97 116 84 14 127 20 53 103
10868 18 8 90 74 32 94 30 86 76 27
10868 19 8 115 87 60 28 126 103 68 42
10868 20 8 24 127 42 126 51 46 7 107
10868 21 8 51 117 94 12 45 48 119 112
10868 22 8 14 101 74 83 120 86 13 45
10868 23 8 87 0 89 47 71 64 86 79
10868 24 8 115 119 124 53 68 9 110 76
10868 25 8 24 44 121 64 75 21 65 107
10868 26 8 62 0 28 58 87 96 118 111
10868 27 8 61 56 115 4 76 18 67 104
10868 28 8 41 123 20 121 43 19 3 73
10868 29 8 116 127 97 84 14 28 20 109
10868 30 8 90 74 94 32 13 86 27 76
10868 31 8 115 28 103 126 68 42 30 60
10868 32 8 126 24 127 42 51 107 7 46
10868 33 8 51 12 117 48 94 77 112 119
10868 34 8 101 86 45 14 120 83 74 51
10868 35 8 87 0 71 47 44 89 10 34
10868 36 8 115 119 124 110 120 101 9 68
10868 37 8 24 121 85 55 44 49 64 42
10868 38 8 0 62 28 118 96 27 58 87
10868 39 8 115 61 18 98 4 104 76 56
10868 40 8 41 20 121 123 43 36 19 3
10868 41 8 97 14 127 84 20 28 116 109
10868 42 8 65 101 109 94 93 5 119 28
10868 43 8 79 45 102 4 6 117 40 21
10868 44 8 13 71 92 63 68 43 121 79
10868 45 8 34 1 127 111 7 103 84 21
10868 46 8 67 83 8 119 114 31 102 4
10868 47 8 34 117 9 32 63 47 59 66
264 0 8 106 27 50 110 49 61 48 0
264 1 8 99 91 39 75 113 20 116 109
264 2 8 45 122 87 7 14 69 50 10
264 3 8 94 26 7 90 12 76 79 122
264 4 8 0 118 54 111 82 38 77 39
264 5 8 105 51 100 70 12 56 102 111
264 6 8 90 86 74 13 94 30 27 76
264 7 8 103 42 60 126 115 68 28 30
264 8 8 126 2 107 42 28 127 7 43
264 9 8 51 48 117 12 112 119 30 120
264 10 8 14 83 23 101 110 86 2 123
264 11 8 47 87 10 67 0 13 44 34
264 12 8 115 68 124 120 119 110 47 76
264 13 8 66 12 113 119 85 99 55 44
264 14 8 96 105 0 118 58 87 84 71
264 15 8 61 115 4 56 3 18 76 67
264 16 8 41 51 121 43 109 53 19 3
264 17 8 116 35 2 66 127 109 28 126
264 18 8 98 90 74 76 94 120 55 111
264 19 8 113 126 115 19 42 70 60 44
264 20 8 126 2 127 42 28 107 24 10
264 21 8 51 25 48 77 117 119 120 38
264 22 8 14 83 123 110 2 66 84 51
264 23 8 87 110 13 67 10 51 0 47
264 24 8 115 47 124 120 110 119 32 101
264 25 8 12 119 66 85 113 55 49 27
264 26 8 96 87 105 0 27 118 84 108
264 27 8 61 115 14 67 18 56 4 76
264 28 8 41 121 51 53 19 43 3 93
264 29 8 116 66 127 35 2 109 126 28
264 30 8 90 74 94 13 98 32 76 29
264 31 8 113 126 115 42 28 19 68 63
264 32 8 126 42 2 127 28 107 10 7
264 33 8 51 25 77 12 117 119 48 120
264 34 8 14 51 110 123 86 45 66 84
264 35 8 44 13 87 0 10 47 110 34
264 36 8 115 110 119 120 124 47 68 69
264 37 8 12 66 85 113 119 49 99 55
264 38 8 0 105 96 118 87 84 58 55
264 39 8 115 61 18 14 98 67 76 56
264 40 8 41 51 121 53 19 43 123 3
264 41 8 2 66 35 127 109 126 116 28
264 42 8 109 98 94 102 93 18 119 5
264 43 8 79 45 6 102 81 15 117 21
264 44 8 68 63 48 92 79 121 43 20
264 45 8 34 1 111 7 70 84 20 21
264 46 8 119 8 4 83 114 44 31 75
264 47 8 36 120 47 9 123 59 7 88
1849 0 8 30 112 23 105 22 125 86 36
1849 1 8 29 48 68 90 114 67 101 85
1849 2 8 44 126 23 76 71 59 74 73
1849 3 8 32 70 92 76 24 77 90 27
1849 4 8 82 27 54 93 5 10 38 84
1849 5 8 10 56 12 87 115 117 65 48
1849 6 8 90 76 74 86 94 16 123 32
1849 7 8 115 103 126 42 28 67 70 68
1849 8 8 20 126 107 42 2 127 43 10
1849 9 8 51 25 77 120 112 66 119 12
1849 10 8 109 41 95 110 111 86 2 45
1849 11 8 116 0 42 6 44 62 117 51
1849 12 8 115 101 110 119 0 103 57 59
1849 13 8 12 99 85 41 57 109 123 1
1849 14 8 0 87 18 60 24 102 58 108
1849 15 8 61 20 107 14 18 31 56 96
1849 16 8 41 110 108 77 52 19 53 6
1849 17 8 116 0 64 127 63 65 52 109
1849 18 8 74 90 86 94 103 76 32 27
1849 19 8 115 126 2 63 44 28 19 70
1849 20 8 126 20 42 127 2 14 107 94
1849 21 8 51 25 77 35 40 12 120 66
1849 22 8 109 41 95 86 13 110 2 45
1849 23 8 42 97 116 0 101 117 6 51
1849 24 8 115 0 101 103 110 119 38 25
1849 25 8 57 12 41 123 109 85 89 1
1849 26 8 60 0 102 18 87 47 24 111
1849 27 8 20 61 31 18 107 56 60 76
1849 28 8 110 108 41 77 44 29 19 53
1849 29 8 116 64 127 0 65 28 63 52
1849 30 8 90 74 118 86 13 94 103 76
1849 31 8 115 2 103 126 63 42 28 44
1849 32 8 126 2 42 127 107 20 14 27
1849 33 8 51 77 25 12 117 112 119 40
1849 34 8 109 86 110 41 45 2 103 111
1849 35 8 6 42 97 116 0 44 79 22
1849 36 8 115 101 110 119 0 76 38 103
1849 37 8 57 41 12 85 123 109 115 64
1849 38 8 0 60 102 18 52 46 25 111
1849 39 8 20 61 76 107 18 67 104 57
1849 40 8 29 77 110 108 41 44 3 6
1849 41 8 65 63 64 0 127 84 115 116
1849 42 8 109 49 90 20 75 126 94 24
1849 43 8 102 125 47 8 121 45 127 60
1849 44 8 110 92 63 11 13 84 80 121
1849 45 8 34 83 47 7 76 84 5 1
1849 46 8 10 83 96 45 82 119 124 75
1849 47 8 11 127 31 90 121 15 9 27
438 0 8 107 120 63 71 70 93 69 92
438 1 8 116 83 91 106 53 41 14 24
438 2 8 116 117 87 122 44 7 69 59
438 3 8 26 89 1 106 11 13 90 76
438 4 8 91 118 0 39 47 77 105 82
438 5 8 111 70 56 12 80 100 82 125
438 6 8 86 74 90 30 75 13 76 79
438 7 8 103 115 60 42 126 72 28 50
438 8 8 27 126 64 127 2 39 46 107
438 9 8 51 45 43 101 48 117 112 12
438 10 8 14 83 101 23 86 104 22 123
438 11 8 58 71 86 0 47 10 6 44
438 12 8 115 53 119 69 110 76 104 100
438 13 8 121 44 85 24 12 79 64 25
438 14 8 28 0 87 118 79 58 96 80
438 15 8 61 18 112 76 60 56 4 67
438 16 8 4 41 121 20 19 3 53 60
438 17 8 97 116 53 127 14 109 45 28
438 18 8 90 74 94 76 13 86 98 32
438 19 8 126 115 60 72 70 42 68 19
438 20 8 127 126 42 99 64 107 2 27
438 21 8 51 117 45 120 77 119 43 12
438 22 8 14 83 45 22 101 80 84 51
438 23 8 58 71 89 86 0 10 20 64
438 24 8 115 110 53 9 69 119 68 120
438 25 8 44 121 64 85 79 107 25 24
438 26 8 87 0 28 96 118 79 25 101
438 27 8 61 4 56 18 76 67 104 108
438 28 8 4 41 121 3 53 20 19 40
438 29 8 116 127 53 97 28 56 45 14
438 30 8 90 74 13 76 94 32 86 29
438 31 8 126 115 42 54 28 103 68 70
438 32 8 126 127 42 107 7 112 27 64
438 33 8 51 120 12 117 25 77 45 119
438 34 8 14 83 65 101 2 45 51 104
438 35 8 58 67 44 86 71 6 0 64
438 36 8 115 119 110 95 9 60 13 69
438 37 8 44 85 79 121 107 25 24 64
438 38 8 0 96 118 25 28 79 55 87
438 39 8 61 76 104 115 67 18 4 57
438 40 8 41 4 36 121 3 20 40 53
438 41 8 127 45 97 28 53 14 56 20
438 42 8 109 94 59 101 93 73 65 75
438 43 8 79 102 4 117 81 40 21 45
438 44 8 63 68 71 43 92 121 79 54
438 45 8 34 111 103 7 1 49 84 21
438 46 8 67 8 114 31 83 119 44 28
438 47 8 117 34 104 9 32 27 47 59
264 0 8 106 27 50 0 110 48 49 70
264 1 8 116 99 91 25 126 113 39 24
264 2 8 45 122 7 87 50 70 74 41
264 3 8 76 26 106 94 10 1 79 90
264 4 8 118 0 54 82 77 38 93 111
264 5 8 105 51 111 70 12 56 6 54
264 6 8 90 86 74 94 76 32 13 27
264 7 8 42 103 126 72 115 28 60 70
264 8 8 126 107 2 42 7 27 28 112
264 9 8 51 45 48 120 12 101 119 30
264 10 8 83 14 23 2 93 101 45 33
264 11 8 67 58 10 47 44 0 86 34
264 12 8 115 68 119 110 69 47 120 60
264 13 8 99 66 113 12 85 25 107 119
264 14 8 96 105 0 87 118 25 58 108
264 15 8 61 4 3 76 115 67 46 56
264 16 8 41 4 51 121 53 109 3 52
264 17 8 35 116 2 66 127 28 53 126
264 18 8 90 74 98 76 94 120 29 32
264 19 8 126 113 115 42 70 54 19 72
264 20 8 126 2 127 42 107 112 7 99
264 21 8 51 77 120 25 119 12 38 117
264 22 8 83 14 51 2 80 66 45 93
264 23 8 67 10 58 44 34 64 82 110
264 24 8 115 110 47 119 69 9 120 60
264 25 8 12 66 113 25 44 119 85 27
264 26 8 96 87 105 0 118 25 55 108
264 27 8 61 115 108 67 14 104 18 4
264 28 8 53 41 4 51 121 3 19 93
264 29 8 116 66 127 35 2 109 28 126
264 30 8 90 74 13 76 94 29 32 98
264 31 8 126 42 115 113 54 28 68 37
264 32 8 2 126 127 42 7 107 112 10
264 33 8 51 25 77 120 12 119 117 38
264 34 8 51 14 2 65 104 83 45 93
264 35 8 44 64 67 34 58 10 0 118
264 36 8 115 110 119 95 13 32 60 9
264 37 8 12 66 113 85 44 107 25 69
264 38 8 0 105 96 118 25 55 87 58
264 39 8 61 67 76 108 18 115 104 4
264 40 8 53 41 51 4 3 121 36 66
264 41 8 127 2 35 66 109 28 126 116
264 42 8 109 98 94 102 93 73 76 18
264 43 8 79 102 117 81 15 6 21 40
264 44 8 63 68 48 121 43 92 20 79
264 45 8 34 111 7 1 78 84 20 21
264 46 8 8 114 31 83 44 119 4 28
264 47 8 36 120 9 47 59 123 7 104
738 0 8 30 126 97 28 22 112 29 62
738 1 8 85 116 48 29 101 99 90 11
738 2 8 126 76 112 71 59 102 24 44
738 3 8 76 77 43 106 92 79 90 44
738 4 8 38 54 82 87 27 84 93 10
738 5 8 54 56 12 69 70 48 15 117
738 6 8 90 27 86 55 2 74 76 32
738 7 8 103 42 30 115 54 126 28 68
738 8 8 126 49 2 107 7 42 112 63
738 9 8 51 30 120 119 12 33 104 101
738 10 8 45 2 109 93 41 86 40 104
738 11 8 50 44 0 4 78 101 68 64
738 12 8 115 110 119 76 25 95 32 118
738 13 8 12 41 64 102 25 107 91 27
738 14 8 96 0 25 123 71 47 111 125
738 15 8 61 67 76 18 56 20 38 37
738 16 8 6 41 51 77 110 85 66 19
738 17 8 127 126 116 28 76 20 0 80
738 18 8 90 32 94 74 27 86 76 29
738 19 8 115 103 28 30 126 42 67 54
738 20 8 126 42 2 107 127 7 112 14
738 21 8 117 12 25 51 120 33 112 30
738 22 8 45 13 2 109 86 65 41 83
738 23 8 64 50 78 0 20 79 101 104
738 24 8 115 119 76 118 74 30 110 9
738 25 8 12 99 64 44 27 25 41 102
738 26 8 0 96 111 25 47 58 118 52
738 27 8 61 76 56 18 104 67 48 102
738 28 8 41 6 110 51 19 111 29 4
738 29 8 126 116 127 28 20 0 64 115
738 30 8 90 32 74 86 27 76 30 94
738 31 8 103 115 126 30 28 56 42 54
738 32 8 126 2 107 127 42 112 7 49
738 33 8 51 12 120 117 77 33 119 25
738 34 8 45 109 2 65 110 118 86 9
738 35 8 50 64 44 68 78 79 17 65
738 36 8 115 95 119 118 110 101 76 32
738 37 8 12 102 41 24 66 52 89 61
738 38 8 47 96 0 62 64 25 68 74
738 39 8 61 37 104 18 77 76 100 87
738 40 8 6 41 111 101 110 51 4 53
738 41 8 126 28 115 11 64 13 93 116
738 42 8 8 114 109 70 28 66 89 98
738 43 8 18 125 16 72 2 113 94 102
738 44 8 63 23 113 34 84 5 19 11
738 45 8 76 86 34 7 116 28 119 48
738 46 8 96 120 83 51 74 113 119 53
738 47 8 94 114 54 7 65 14 45 110
315 0 8 68 107 69 18 31 81 93 53
315 1 8 85 75 83 116 29 99 89 91
315 2 8 126 59 45 90 44 123 117 69
315 3 8 10 76 77 90 26 43 79 106
315 4 8 91 54 111 87 38 0 82 84
315 5 8 54 105 111 70 56 12 102 100
315 6 8 90 86 74 27 2 76 13 94
315 7 8 103 126 42 30 115 68 28 67
315 8 8 126 107 28 2 7 42 49 112
315 9 8 51 30 120 77 101 48 12 119
315 10 8 83 45 14 101 23 2 93 104
315 11 8 102 50 10 13 47 44 0 31
315 12 8 115 68 110 118 120 119 47 76
315 13 8 85 113 121 99 12 25 64 107
315 14 8 96 84 87 118 0 25 55 94
315 15 8 61 115 19 50 56 3 4 112
315 16 8 51 121 41 43 4 53 3 6
315 17 8 126 116 109 127 35 97 28 2
315 18 8 98 90 76 74 94 120 27 32
315 19 8 113 126 115 42 19 54 70 72
315 20 8 126 42 127 28 107 2 112 14
315 21 8 51 77 120 119 12 48 43 25
315 22 8 14 83 45 51 93 70 110 2
315 23 8 102 50 10 64 44 13 78 101
315 24 8 115 47 110 119 118 120 49 69
315 25 8 85 113 25 121 44 66 12 27
315 26 8 87 96 84 0 25 118 94 55
315 27 8 61 115 18 14 56 104 67 37
315 28 8 41 51 121 53 3 43 19 4
315 29 8 126 116 127 35 28 109 83 2
315 30 8 90 74 13 98 76 94 32 27
315 31 8 126 113 115 42 68 54 28 70
315 32 8 126 42 127 28 107 14 2 112
315 33 8 51 77 120 12 25 101 119 43
315 34 8 14 45 51 83 2 104 65 86
315 35 8 102 50 44 34 10 64 13 78
315 36 8 115 119 110 95 47 13 118 60
315 37 8 85 113 66 107 102 27 25 121
315 38 8 96 84 0 25 118 87 55 70
315 39 8 67 115 37 61 104 19 76 108
315 40 8 41 51 36 3 121 101 4 66
315 41 8 126 28 127 35 2 116 20 109
315 42 8 109 94 41 98 93 102 46 119
315 43 8 79 102 117 40 6 21 3 4
315 44 8 63 68 43 71 92 121 48 79
315 45 8 34 111 103 7 78 49 1 21
315 46 8 8 114 31 83 119 67 28 4
315 47 8 9 59 36 103 99 47 117 34
1584 0 8 23 105 112 91 79 62 36 30
1584 1 8 85 90 29 101 60 68 7 59
1584 2 8 59 71 24 76 44 126 102 74
1584 3 8 24 12 40 43 90 92 41 77
1584 4 8 82 5 54 27 38 119 21 84
1584 5 8 56 115 12 10 87 48 54 117
1584 6 8 90 74 103 27 94 2 32 123
1584 7 8 103 55 28 30 115 126 68 42
1584 8 8 20 126 7 49 107 112 42 63
1584 9 8 51 77 40 30 120 12 25 88
1584 10 8 41 86 51 45 109 95 111 93
1584 11 8 78 42 114 44 34 22 51 101
1584 12 8 103 115 110 76 119 0 101 95
1584 13 8 85 99 127 89 57 41 25 50
1584 14 8 0 46 47 87 25 60 64 96
1584 15 8 54 61 104 20 27 76 46 37
1584 16 8 41 13 53 110 6 77 52 19
1584 17 8 115 116 92 64 0 127 63 54
1584 18 8 90 94 74 32 103 76 27 98
1584 19 8 115 55 68 28 103 126 70 113
1584 20 8 126 20 7 42 127 107 112 6
1584 21 8 51 77 40 12 120 25 30 62
1584 22 8 41 51 86 111 109 2 65 124
1584 23 8 42 34 18 22 97 78 114 64
1584 24 8 103 115 119 101 25 110 0 95
1584 25 8 85 89 127 18 57 120 27 62
1584 26 8 87 0 47 60 25 71 46 64
1584 27 8 54 61 37 104 46 31 18 90
1584 28 8 13 41 53 6 85 19 115 110
1584 29 8 92 115 116 127 36 28 100 54
1584 30 8 90 74 94 103 13 20 32 27
1584 31 8 55 28 126 115 68 103 30 42
1584 32 8 126 7 20 42 112 127 14 107
1584 33 8 51 40 77 12 120 30 25 104
1584 34 8 41 51 111 86 124 23 93 65
1584 35 8 18 97 64 34 44 22 78 114
1584 36 8 115 119 103 110 29 25 101 95
1584 37 8 85 127 89 120 18 27 62 45
1584 38 8 0 46 47 87 25 60 73 64
1584 39 8 54 37 46 27 104 126 61 67
1584 40 8 41 6 13 100 3 110 53 85
1584 41 8 92 115 127 28 116 122 64 36
1584 42 8 109 94 90 86 8 46 106 19
1584 43 8 79 102 74 45 40 21 117 125
1584 44 8 23 63 92 68 43 21 84 17
1584 45 8 76 34 103 7 1 21 49 19
1584 46 8 51 96 83 119 4 28 8 88
1584 47 8 121 26 21 114 15 9 59 14
7332 0 8 112 97 23 125 36 41 70 83
7332 1 8 52 104 29 101 25 118 13 38
7332 2 8 76 115 23 71 44 49 67 126
7332 3 8 92 90 97 40 70 27 77 43
7332 4 8 82 54 27 5 21 1 84 38
7332 5 8 10 48 56 87 15 12 65 101
7332 6 8 90 2 76 74 94 27 16 103
7332 7 8 103 126 55 42 70 28 115 68
7332 8 8 20 126 112 7 42 107 127 14
7332 9 8 51 30 77 120 40 106 104 38
7332 10 8 51 70 109 45 93 86 104 2
7332 11 8 76 55 78 44 104 42 64 73
7332 12 8 109 115 103 110 119 101 95 13
7332 13 8 85 41 36 57 12 89 1 99
7332 14 8 87 46 18 0 25 47 94 108
7332 15 8 61 54 27 20 76 107 104 19
7332 16 8 110 53 41 109 77 3 46 19
7332 17 8 116 0 63 64 115 28 127 65
7332 18 8 90 98 76 94 74 32 2 29
7332 19 8 113 103 126 115 70 55 68 42
7332 20 8 126 127 14 10 2 42 107 7
7332 21 8 51 38 77 120 12 40 30 119
7332 22 8 51 70 109 45 41 110 93 111
7332 23 8 64 76 55 34 78 44 42 118
7332 24 8 109 115 101 110 103 119 95 0
7332 25 8 85 36 89 41 57 25 12 62
7332 26 8 87 0 46 25 47 18 60 71
7332 27 8 61 27 46 104 20 31 107 54
7332 28 8 41 110 44 77 109 108 53 3
7332 29 8 0 63 64 127 115 116 65 28
7332 30 8 90 74 118 2 94 13 20 76
7332 31 8 103 126 115 68 28 70 42 113
7332 32 8 126 20 127 14 42 107 112 2
7332 33 8 51 38 77 40 106 12 120 104
7332 34 8 109 70 51 86 124 45 2 95
7332 35 8 55 97 42 64 44 76 34 73
7332 36 8 109 115 110 101 119 0 103 38
7332 37 8 36 85 57 41 123 109 64 89
7332 38 8 0 60 18 46 87 25 52 47
7332 39 8 20 107 61 18 67 90 104 76
7332 40 8 77 44 110 29 3 108 41 36
7332 41 8 0 63 65 64 115 127 28 56
7332 42 8 109 49 126 25 90 59 94 46
7332 43 8 102 49 125 47 8 117 79 60
7332 44 8 110 63 43 13 37 92 84 17
7332 45 8 34 83 7 47 112 5 46 119
7332 46 8 10 82 124 123 83 1 119 96
7332 47 8 11 127 31 90 9 15 95 82
429 0 8 120 84 103 2 80 0 14 74
429 1 8 83 58 3 2 53 66 116 42
429 2 8 122 116 10 84 117 100 67 115
429 3 8 10 89 64 76 90 12 41 36
429 4 8 79 10 91 124 38 54 82 23
429 5 8 111 107 125 70 54 56 12 47
429 6 8 86 90 74 123 27 30 8 56
429 7 8 103 50 115 28 126 42 95 117
429 8 8 109 126 127 107 2 42 43 14
429 9 8 43 51 117 30 112 101 12 77
429 10 8 83 23 101 2 86 73 70 45
429 11 8 79 26 49 78 47 61 10 9
429 12 8 115 53 76 110 124 119 104 9
429 13 8 6 79 64 36 121 85 12 95
429 14 8 80 0 79 118 28 87 25 58
429 15 8 61 60 90 76 18 104 56 85
429 16 8 55 60 15 41 124 91 52 4
429 17 8 15 52 72 116 127 69 115 97
429 18 8 13 90 86 74 27 32 94 76
429 19 8 115 126 103 70 28 95 50 68
429 20 8 126 127 42 109 64 107 14 2
429 21 8 51 43 77 117 12 120 112 101
429 22 8 73 70 86 101 45 14 51 2
429 23 8 64 79 0 101 26 78 61 44
429 24 8 115 110 53 76 124 119 109 9
429 25 8 79 6 64 121 36 85 21 44
429 26 8 0 79 80 87 25 118 48 55
429 27 8 61 60 90 56 104 18 76 67
429 28 8 41 60 15 55 3 124 52 36
429 29 8 52 15 127 116 115 69 28 109
429 30 8 90 74 13 94 20 123 32 86
429 31 8 115 103 126 28 68 70 42 63
429 32 8 126 64 127 109 42 14 107 7
429 33 8 51 77 43 12 112 101 88 117
429 34 8 86 101 45 51 70 73 104 40
429 35 8 79 64 0 44 86 34 26 126
429 36 8 115 110 119 53 124 76 95 101
429 37 8 79 36 85 21 115 6 95 64
429 38 8 0 80 79 52 27 25 58 55
429 39 8 90 18 60 61 76 67 104 35
429 40 8 60 15 55 41 3 36 7 18
429 41 8 52 127 15 46 115 69 117 28
429 42 8 109 37 125 7 59 73 46 94
429 43 8 102 12 19 49 117 40 79 43
429 44 8 63 88 99 73 45 43 92 17
429 45 8 34 17 112 46 1 7 58 84
429 46 8 29 39 105 30 83 119 4 84
429 47 8 52 108 35 95 111 59 9 6
12322 0 8 126 3 116 29 112 124 62 28
12322 1 8 78 107 114 123 76 91 116 67
12322 2 8 119 7 44 71 15 73 14 66
12322 3 8 26 7 90 10 11 16 25 79
12322 4 8 91 10 39 0 54 82 124 84
12322 5 8 56 70 80 47 12 95 78 111
12322 6 8 90 30 123 74 27 86 32 67
12322 7 8 103 87 28 115 42 68 126 30
12322 8 8 24 51 39 126 64 7 127 59
12322 9 8 51 112 43 117 94 12 22 48
12322 10 8 23 83 101 86 14 120 40 104
12322 11 8 87 79 47 0 44 110 10 82
12322 12 8 115 53 124 76 119 110 120 101
12322 13 8 24 85 64 121 44 79 75 49
12322 14 8 0 62 28 58 118 27 25 55
12322 15 8 56 115 18 61 76 104 35 4
12322 16 8 20 43 123 60 41 19 121 3
12322 17 8 109 97 14 20 116 84 127 54
12322 18 8 90 74 94 32 86 75 30 27
12322 19 8 115 87 68 28 103 126 60 81
12322 20 8 24 126 14 42 51 127 46 64
12322 21 8 51 43 77 12 48 112 94 117
12322 22 8 14 101 86 83 74 120 107 108
12322 23 8 87 47 0 79 110 86 71 101
12322 24 8 115 124 53 76 110 101 68 119
12322 25 8 24 85 44 121 79 64 75 55
12322 26 8 0 62 28 58 27 118 55 96
12322 27 8 56 115 61 104 4 18 76 31
12322 28 8 41 43 123 20 121 85 18 19
12322 29 8 97 20 109 116 14 84 127 83
12322 30 8 90 74 94 75 13 123 86 32
12322 31 8 115 103 28 68 126 63 70 30
12322 32 8 126 14 24 51 42 39 127 7
12322 33 8 51 12 77 112 48 94 43 101
12322 34 8 86 101 83 45 120 14 51 107
12322 35 8 87 79 71 47 0 86 110 34
12322 36 8 115 124 119 76 120 110 53 68
12322 37 8 24 85 121 49 42 55 65 64
12322 38 8 0 62 28 58 96 118 27 55
12322 39 8 98 18 115 104 56 4 61 76
12322 40 8 41 20 123 121 43 36 18 52
12322 41 8 84 14 97 20 127 117 83 28
12322 42 8 65 101 109 93 5 94 28 32
12322 43 8 79 4 102 6 45 81 60 127
12322 44 8 13 71 68 92 63 54 20 43
12322 45 8 34 1 111 7 103 127 84 28
12322 46 8 67 83 8 114 119 31 44 4
12322 47 8 34 117 32 9 59 47 63 54
279 0 8 106 57 61 66 110 92 71 127
279 1 8 48 91 105 9 39 17 54 126
279 2 8 90 122 7 15 92 62 10 44
279 3 8 26 7 90 11 97 12 39 109
279 4 8 63 77 82 39 54 111 47 10
279 5 8 51 105 117 12 56 70 102 65
279 6 8 90 123 74 94 86 13 32 27
279 7 8 103 115 126 68 28 30 70 42
279 8 8 126 28 107 51 7 42 112 24
279 9 8 51 48 32 77 112 12 30 120
279 10 8 23 86 83 101 14 45 80 104
279 11 8 109 47 10 87 44 110 79 34
279 12 8 115 120 124 68 110 119 76 60
279 13 8 99 85 66 113 55 65 42 49
279 14 8 16 105 0 58 118 96 25 27
279 15 8 61 56 115 4 18 104 3 76
279 16 8 12 43 119 41 19 52 18 3
279 17 8 35 116 109 2 20 127 66 115
279 18 8 90 94 74 32 86 120 98 75
279 19 8 115 68 126 70 113 28 103 63
279 20 8 126 28 42 14 107 6 127 24
279 21 8 51 77 12 48 32 112 62 25
279 22 8 83 86 14 101 74 80 51 123
279 23 8 109 47 101 87 82 10 110 67
279 24 8 124 115 110 120 76 119 68 47
279 25 8 85 66 113 55 42 31 49 79
279 26 8 105 0 16 96 118 87 27 58
279 27 8 115 61 56 104 90 18 14 50
279 28 8 12 43 119 41 85 19 52 18
279 29 8 116 109 35 127 2 115 83 20
279 30 8 90 94 74 86 13 20 123 75
279 31 8 115 28 103 68 126 30 63 113
279 32 8 126 14 28 42 7 127 109 49
279 33 8 51 77 12 32 25 62 112 48
279 34 8 86 14 101 83 45 110 103 51
279 35 8 109 116 34 47 0 44 82 79
279 36 8 115 119 124 110 120 76 68 32
279 37 8 85 66 113 65 42 99 55 64
279 38 8 105 0 16 58 96 118 25 55
279 39 8 115 98 104 18 56 61 4 67
279 40 8 119 41 12 43 19 36 52 85
279 41 8 35 2 66 127 20 109 117 28
279 42 8 109 27 102 93 94 18 5 119
279 43 8 79 29 6 102 45 40 117 95
279 44 8 68 63 48 20 92 61 43 72
279 45 8 34 111 1 7 70 80 84 58
279 46 8 8 83 114 119 31 115 4 102
279 47 8 36 47 120 123 59 88 9 66
5306 0 8 67 77 105 68 17 79 36 28
5306 1 8 48 101 16 114 75 68 67 99
5306 2 8 90 74 70 71 73 68 44 121
5306 3 8 77 73 90 62 27 79 43 122
5306 4 8 82 87 10 77 54 116 51 93
5306 5 8 117 12 56 65 71 15 116 105
5306 6 8 90 123 86 74 94 32 75 55
5306 7 8 103 115 28 126 68 42 30 67
5306 8 8 126 4 107 43 68 54 42 7
5306 9 8 51 77 112 32 12 30 88 28
5306 10 8 86 41 95 104 33 96 101 23
5306 11 8 50 116 0 101 16 44 78 79
5306 12 8 115 76 110 103 119 32 25 124
5306 13 8 85 102 113 99 42 65 64 74
5306 14 8 64 16 0 58 96 99 118 25
5306 15 8 56 61 31 18 104 115 50 96
5306 16 8 43 52 41 13 51 109 18 19
5306 17 8 35 116 66 2 109 83 20 61
5306 18 8 90 86 74 55 94 75 32 98
5306 19 8 115 126 68 63 70 103 28 25
5306 20 8 126 4 14 42 68 107 46 127
5306 21 8 51 77 32 112 12 33 73 105
5306 22 8 41 86 110 2 96 95 33 80
5306 23 8 116 101 50 97 79 0 114 34
5306 24 8 115 110 76 101 103 124 32 119
5306 25 8 85 102 113 1 127 89 42 64
5306 26 8 0 64 87 96 16 99 114 37
5306 27 8 61 31 104 56 115 18 46 90
5306 28 8 109 41 13 43 51 53 52 18
5306 29 8 116 109 35 66 127 83 2 92
5306 30 8 90 74 55 94 20 13 75 27
5306 31 8 115 126 28 103 113 63 70 68
5306 32 8 126 4 14 42 127 68 107 7
5306 33 8 51 77 32 12 25 33 112 40
5306 34 8 86 41 33 110 2 104 45 96
5306 35 8 116 50 114 0 101 97 34 18
5306 36 8 115 110 119 101 103 76 124 32
5306 37 8 85 102 127 42 120 1 64 89
5306 38 8 64 0 16 58 96 55 87 118
5306 39 8 46 104 77 54 18 56 98 76
5306 40 8 109 41 13 51 43 52 19 18
5306 41 8 35 127 92 66 2 109 116 6
5306 42 8 109 86 98 18 5 94 102 27
5306 43 8 16 79 6 102 60 40 45 29
5306 44 8 68 72 92 20 63 48 79 61
5306 45 8 34 7 111 70 1 84 28 103
5306 46 8 8 114 83 119 51 31 4 75
5306 47 8 26 120 59 21 66 9 47 15
1584 0 8 112 79 105 23 91 36 30 28
1584 1 8 103 29 13 25 101 67 14 39
1584 2 8 59 76 71 44 22 24 102 67
1584 3 8 40 12 92 90 62 27 43 78
1584 4 8 82 27 54 77 5 116 21 10
1584 5 8 12 117 48 56 65 87 10 30
1584 6 8 90 123 74 32 94 27 86 2
1584 7 8 103 28 115 55 30 81 126 68
1584 8 8 126 20 107 7 112 49 18 63
1584 9 8 51 77 32 40 30 112 120 88
1584 10 8 86 84 51 95 109 41 104 110
1584 11 8 114 34 116 76 101 44 42 55
1584 12 8 115 109 103 101 76 110 119 38
1584 13 8 85 41 99 57 74 42 109 115
1584 14 8 87 0 16 18 47 46 5 99
1584 15 8 107 50 61 31 20 54 104 90
1584 16 8 77 41 29 52 110 19 6 53
1584 17 8 0 115 64 116 65 63 109 6
1584 18 8 90 98 94 32 74 27 86 75
1584 19 8 115 68 113 28 103 70 126 63
1584 20 8 18 126 14 42 10 20 127 7
1584 21 8 51 77 40 12 32 112 39 120
1584 22 8 84 86 51 41 109 110 2 95
1584 23 8 116 114 101 42 55 97 34 22
1584 24 8 115 101 103 110 109 0 119 76
1584 25 8 85 123 41 57 109 89 18 42
1584 26 8 87 47 0 18 60 16 46 71
1584 27 8 61 50 20 107 90 104 31 54
1584 28 8 77 29 110 53 41 44 85 52
1584 29 8 115 0 64 65 63 127 116 109
1584 30 8 90 74 118 75 94 123 13 20
1584 31 8 115 103 28 126 113 68 63 55
1584 32 8 126 18 14 20 127 27 107 42
1584 33 8 51 77 40 12 39 112 32 106
1584 34 8 84 86 109 51 95 110 2 124
1584 35 8 97 55 114 42 116 44 34 16
1584 36 8 115 119 101 38 0 103 110 109
1584 37 8 85 41 109 123 57 64 42 89
1584 38 8 0 18 47 60 46 52 111 25
1584 39 8 20 107 90 18 104 76 61 46
1584 40 8 29 44 77 110 41 6 85 52
1584 41 8 115 0 63 64 65 127 122 84
1584 42 8 90 49 126 109 59 94 75 8
1584 43 8 47 125 74 102 49 8 79 45
1584 44 8 110 23 92 63 13 72 84 17
1584 45 8 34 7 83 76 47 1 5 84
1584 46 8 96 1 10 124 83 82 119 123
1584 47 8 127 31 121 11 15 90 21 9
315 0 8 68 107 31 81 69 66 53 73
315 1 8 75 83 29 103 67 13 85 101
315 2 8 123 59 117 67 120 10 24 74
315 3 8 10 90 12 62 95 27 26 121
315 4 8 111 82 91 77 10 47 34 105
315 5 8 111 117 56 70 12 65 30 116
315 6 8 123 86 90 75 74 27 94 32
315 7 8 103 115 28 126 72 68 30 70
315 8 8 28 126 107 51 10 27 43 63
315 9 8 51 77 48 43 112 105 30 12
315 10 8 23 84 86 14 101 104 123 51
315 11 8 13 102 47 10 117 79 101 76
315 12 8 115 120 110 119 124 109 76 57
315 13 8 85 121 55 99 31 64 7 42
315 14 8 84 87 0 118 58 28 101 99
315 15 8 50 115 61 34 90 31 4 18
315 16 8 20 121 43 52 41 19 18 53
315 17 8 116 97 115 14 109 6 61 127
315 18 8 86 90 13 74 32 75 98 94
315 19 8 115 72 68 126 63 28 25 113
315 20 8 28 126 127 107 10 42 27 14
315 21 8 51 77 43 48 39 105 11 12
315 22 8 84 14 86 123 2 29 101 51
315 23 8 102 13 117 47 79 101 10 110
315 24 8 115 120 124 110 76 69 47 52
315 25 8 85 55 121 42 79 31 95 64
315 26 8 84 87 0 101 118 28 99 58
315 27 8 50 115 61 34 4 18 90 14
315 28 8 41 20 43 121 52 53 19 18
315 29 8 116 97 14 115 127 109 45 6
315 30 8 90 74 13 86 94 32 27 75
315 31 8 115 28 63 103 126 68 67 30
315 32 8 28 126 14 42 127 107 43 68
315 33 8 51 43 48 77 12 25 105 112
315 34 8 14 86 123 101 84 51 2 45
315 35 8 102 13 47 79 10 0 58 101
315 36 8 115 120 119 68 110 69 124 76
315 37 8 85 121 55 99 79 107 42 64
315 38 8 84 0 118 28 58 101 96 25
315 39 8 115 34 4 18 61 76 3 57
315 40 8 41 20 121 43 36 52 85 114
315 41 8 97 45 14 127 28 61 116 20
315 42 8 41 101 65 109 94 5 119 93
315 43 8 45 102 79 4 6 127 40 21
315 44 8 92 71 68 63 72 113 54 79
315 45 8 34 1 127 7 21 84 111 85
315 46 8 67 83 119 4 102 31 75 114
315 47 8 34 117 99 55 32 9 27 63
279 0 8 106 57 101 127 110 103 48 71
279 1 8 48 75 103 25 91 39 52 126
279 2 8 90 123 92 74 10 16 59 67
279 3 8 10 12 127 97 108 73 95 3
279 4 8 111 63 82 114 29 19 93 54
279 5 8 51 105 12 8 56 9 41 65
279 6 8 90 94 70 74 32 27 59 58
279 7 8 28 115 81 30 68 63 72 103
279 8 8 28 126 7 42 43 38 107 22
279 9 8 112 51 12 32 6 25 14 30
279 10 8 92 103 23 86 69 123 126 13
279 11 8 109 13 102 0 121 51 7 23
279 12 8 115 119 110 120 68 14 65 29
279 13 8 99 66 55 65 113 89 115 42
279 14 8 0 16 58 71 118 84 25 111
279 15 8 76 18 3 4 96 35 46 61
279 16 8 19 41 119 85 52 93 80 115
279 17 8 116 35 100 66 127 2 117 92
279 18 8 90 74 94 59 70 32 86 20
279 19 8 28 81 115 68 126 63 97 103
279 20 8 126 46 42 7 49 43 14 82
279 21 8 112 12 62 25 88 113 118 120
279 22 8 83 119 45 86 62 101 13 33
279 23 8 67 0 122 126 101 29 69 114
279 24 8 76 119 115 58 124 30 43 74
279 25 8 115 99 65 107 27 104 89 66
279 26 8 0 58 118 25 30 111 39 99
279 27 8 35 76 56 23 3 18 48 57
279 28 8 19 41 85 114 119 93 36 18
279 29 8 116 72 127 117 100 23 66 35
279 30 8 90 74 94 70 59 32 75 123
279 31 8 28 103 81 115 68 97 30 42
279 32 8 9 126 7 43 49 46 109 28
279 33 8 12 112 62 25 32 117 104 113
279 34 8 45 86 101 103 123 7 66 108
279 35 8 4 109 0 116 34 102 36 126
279 36 8 92 119 115 110 124 69 74 26
279 37 8 20 66 113 125 55 115 2 61
279 38 8 105 16 0 84 118 96 101 125
279 39 8 34 115 98 4 50 100 18 61
279 40 8 119 12 41 43 85 19 115 51
279 41 8 35 2 66 127 61 116 20 126
279 42 8 27 102 94 18 41 93 109 5
279 43 8 45 29 6 79 102 40 65 127
279 44 8 68 92 48 72 79 63 121 20
279 45 8 1 34 111 7 84 70 58 21
279 46 8 8 83 114 4 119 31 102 75
279 47 8 36 120 47 123 88 9 66 59
1849 0 8 30 112 105 23 79 86 36 125
1849 1 8 48 16 68 9 101 60 67 29
1849 2 8 44 76 126 71 23 74 59 92
1849 3 8 70 32 92 73 3 27 12 127
1849 4 8 82 27 93 5 54 38 10 51
1849 5 8 10 87 12 56 115 48 6 65
1849 6 8 90 118 74 94 32 123 27 76
1849 7 8 115 2 126 103 28 63 42 70
1849 8 8 20 126 107 42 18 10 43 82
1849 9 8 51 77 41 25 32 66 112 6
1849 10 8 103 109 86 95 111 41 36 96
1849 11 8 42 76 22 117 116 0 36 94
1849 12 8 115 101 26 110 57 119 0 59
1849 13 8 57 85 41 99 109 123 2 1
1849 14 8 18 0 24 16 60 102 35 66
1849 15 8 107 50 20 38 18 61 90 96
1849 16 8 108 41 77 52 110 53 19 11
1849 17 8 116 0 63 64 127 65 113 102
1849 18 8 90 86 74 94 32 27 59 39
1849 19 8 28 115 2 63 81 68 103 30
1849 20 8 20 126 42 14 82 46 124 7
1849 21 8 25 35 12 51 112 77 40 62
1849 22 8 13 41 109 86 95 103 45 2
1849 23 8 42 97 116 101 0 16 22 117
1849 24 8 119 0 38 115 124 103 110 76
1849 25 8 57 109 123 41 18 2 1 27
1849 26 8 60 0 18 102 99 111 16 71
1849 27 8 20 107 18 31 50 61 90 104
1849 28 8 44 77 108 110 41 11 29 85
1849 29 8 0 116 65 63 64 127 115 13
1849 30 8 90 118 74 94 75 86 32 27
1849 31 8 2 115 28 103 68 63 126 30
1849 32 8 126 20 27 42 18 14 127 107
1849 33 8 51 41 77 12 62 112 35 25
1849 34 8 86 95 103 109 45 124 41 35
1849 35 8 42 97 22 16 116 79 101 0
1849 36 8 119 0 38 26 110 115 25 101
1849 37 8 41 57 123 109 115 2 18 95
1849 38 8 0 18 60 111 102 46 52 7
1849 39 8 20 107 90 18 76 35 61 57
1849 40 8 29 44 77 110 108 114 41 85
1849 41 8 0 63 65 64 115 127 84 122
1849 42 8 126 49 90 75 109 20 59 55
1849 43 8 47 102 125 121 8 49 45 56
1849 44 8 110 92 13 80 11 84 17 3
1849 45 8 83 47 34 7 5 1 84 76
1849 46 8 1 10 124 82 45 83 123 96
1849 47 8 127 11 31 90 15 121 82 9
13 0 8 65 43 98 73 72 1 45 70
13 1 8 18 94 38 26 127 43 42 32
13 2 8 84 88 38 57 40 108 93 62
13 3 8 6 89 31 41 124 117 67 2
13 4 8 106 124 76 115 85 44 93 7
13 5 8 125 61 66 8 64 22 12 95
13 6 8 83 105 8 56 30 74 34 27
13 7 8 49 112 98 3 115 39 28 103
13 8 8 127 84 121 42 43 116 126 65
13 9 8 117 9 110 112 12 51 125 119
13 10 8 105 61 53 56 2 13 83 98
13 11 8 49 24 61 125 0 122 23 89
13 12 8 115 99 104 15 9 119 96 56
13 13 8 6 15 23 28 64 12 1 18
13 14 8 90 20 48 0 17 111 11 71
13 15 8 85 61 101 10 76 103 18 14
13 16 8 124 8 73 39 41 19 17 93
13 17 8 69 19 42 116 48 127 21 99
13 18 8 105 56 8 83 86 30 34 90
13 19 8 49 115 112 60 98 34 3 28
13 20 8 127 84 121 65 42 43 116 46
13 21 8 117 9 110 125 112 25 12 102
13 22 8 105 13 61 53 56 62 2 39
13 23 8 61 24 49 0 122 23 89 29
13 24 8 99 15 115 96 119 30 56 9
13 25 8 6 15 58 28 23 64 73 1
13 26 8 90 20 17 48 0 111 11 100
13 27 8 10 85 101 61 103 76 70 18
13 28 8 124 8 73 41 81 55 19 15
13 29 8 19 42 69 48 127 116 21 103
13 30 8 105 90 56 83 8 74 30 32
13 31 8 112 49 103 28 115 98 126 68
13 32 8 121 65 127 84 126 43 42 116
13 33 8 125 117 9 110 112 12 51 25
13 34 8 105 61 56 53 78 45 13 86
13 35 8 24 61 125 49 23 0 122 89
13 36 8 99 15 96 119 9 97 63 115
13 37 8 15 58 6 28 23 115 25 64
13 38 8 90 48 20 17 0 8 52 86
13 39 8 85 101 103 10 23 61 76 18
13 40 8 124 8 73 81 41 36 114 17
13 41 8 48 69 127 42 19 21 56 113
13 42 8 64 31 7 32 36 94 114 5
13 43 8 102 77 88 45 79 117 40 43
13 44 8 53 73 92 0 90 121 43 79
13 45 8 1 101 34 84 7 103 94 111
13 46 8 11 31 83 119 114 75 8 34
13 47 8 73 105 57 20 9 63 86 124
1752 0 8 50 93 21 31 69 75 2 74
1752 1 8 6 124 23 19 83 95 42 58
1752 2 8 7 117 116 68 10 50 92 107
1752 3 8 60 64 2 4 16 39 87 51
1752 4 8 56 111 50 124 107 48 93 95
1752 5 8 2 82 12 47 8 74 108 102
1752 6 8 30 34 94 8 74 90 56 27
1752 7 8 72 98 3 28 115 60 68 16
1752 8 8 127 42 36 28 109 59 116 43
1752 9 8 117 65 45 6 112 12 92 14
1752 10 8 123 113 88 23 83 53 54 66
1752 11 8 67 58 13 125 0 23 9 89
1752 12 8 114 71 104 69 115 9 119 124
1752 13 8 23 98 21 64 121 55 12 91
1752 14 8 121 90 0 8 11 58 118 71
1752 15 8 76 61 4 18 3 14 23 10
1752 16 8 124 19 121 73 41 55 20 15
1752 17 8 45 116 103 48 97 14 127 69
1752 18 8 90 74 94 30 8 56 59 32
1752 19 8 28 72 98 115 19 68 60 81
1752 20 8 42 28 7 127 126 46 43 36
1752 21 8 117 45 112 25 12 65 102 111
1752 22 8 123 83 88 13 103 53 45 86
1752 23 8 0 58 67 89 122 13 121 111
1752 24 8 114 124 104 115 119 9 69 34
1752 25 8 98 77 107 99 55 23 125 121
1752 26 8 121 0 111 90 8 28 58 30
1752 27 8 3 14 76 58 61 4 35 18
1752 28 8 19 41 121 20 93 85 43 73
1752 29 8 116 45 97 127 14 103 100 102
1752 30 8 90 74 94 59 30 32 56 86
1752 31 8 28 72 81 68 19 115 44 98
1752 32 8 28 7 42 36 43 126 127 50
1752 33 8 25 12 117 65 112 48 45 102
1752 34 8 123 88 14 113 103 74 83 13
1752 35 8 58 13 0 122 89 111 47 20
1752 36 8 69 114 119 124 104 36 120 9
1752 37 8 82 98 121 79 55 23 99 77
1752 38 8 121 28 0 90 58 84 10 118
1752 39 8 4 23 3 13 76 18 35 61
1752 40 8 121 41 20 124 19 43 114 73
1752 41 8 45 97 14 127 20 116 102 117
1752 42 8 101 65 119 93 94 5 7 36
1752 43 8 45 38 4 102 79 21 6 127
1752 44 8 92 71 68 79 121 54 20 43
1752 45 8 1 34 111 103 84 127 70 7
1752 46 8 8 114 31 83 74 119 67 75
1752 47 8 117 47 34 123 9 88 32 63
23700 0 8 30 23 77 41 112 79 86 105
23700 1 8 90 68 114 29 101 60 85 122
23700 2 8 115 126 23 76 44 71 59 125
23700 3 8 24 12 79 92 70 60 77 43
23700 4 8 82 5 27 54 84 50 11 93
23700 5 8 12 115 10 56 87 54 65 108
23700 6 8 70 90 103 94 118 59 74 32
23700 7 8 28 103 81 55 30 115 42 118
23700 8 8 7 20 49 126 94 37 43 42
23700 9 8 25 40 112 41 12 30 51 88
23700 10 8 41 95 70 88 45 124 33 40
23700 11 8 51 116 44 0 42 64 111 122
23700 12 8 103 119 110 114 36 109 0 38
23700 13 8 36 57 109 41 123 99 89 27
23700 14 8 0 25 60 31 121 46 18 47
23700 15 8 20 46 76 61 96 18 67 57
23700 16 8 41 19 6 110 77 85 52 114
23700 17 8 116 0 64 100 65 127 28 92
23700 18 8 90 74 94 103 32 86 59 27
23700 19 8 28 115 81 103 68 55 97 30
23700 20 8 7 126 49 94 20 42 107 112
23700 21 8 40 25 12 112 62 30 120 41
23700 22 8 41 45 88 23 95 70 124 109
23700 23 8 42 116 22 97 18 64 51 44
23700 24 8 103 25 119 114 0 110 38 115
23700 25 8 18 57 109 123 41 36 82 127
23700 26 8 0 71 60 25 121 47 18 111
23700 27 8 46 126 20 61 14 31 76 77
23700 28 8 44 6 110 41 85 108 19 60
23700 29 8 116 64 36 0 100 127 65 92
23700 30 8 90 118 74 94 59 32 103 27
23700 31 8 28 103 68 30 115 50 81 42
23700 32 8 20 7 126 94 42 49 14 127
23700 33 8 40 25 12 41 35 112 117 62
23700 34 8 70 88 23 95 124 45 40 109
23700 35 8 42 97 22 111 9 116 51 16
23700 36 8 103 119 0 25 38 52 74 37
23700 37 8 57 36 41 18 123 109 16 62
23700 38 8 60 71 0 18 47 111 73 46
23700 39 8 20 46 76 126 61 107 18 90
23700 40 8 6 44 110 108 77 41 29 19
23700 41 8 36 64 65 54 63 115 0 85
23700 42 8 25 49 126 90 24 59 77 109
23700 43 8 30 45 121 125 38 49 102 75
23700 44 8 110 13 79 92 84 94 80 121
23700 45 8 1 34 5 7 76 47 83 26
23700 46 8 96 10 83 122 45 124 4 109
23700 47 8 127 82 31 11 121 114 15 90
11 0 8 26 65 44 59 0 73 114 24
11 1 8 50 94 124 34 2 26 104 23
11 2 8 84 88 54 87 100 53 41 49
11 3 8 89 60 2 79 6 73 34 38
11 4 8 25 106 124 76 93 85 56 48
11 5 8 108 82 125 12 107 61 56 122
11 6 8 105 30 85 86 8 34 56 74
11 7 8 50 98 103 49 60 28 115 39
11 8 8 84 127 43 109 36 59 42 126
11 9 8 117 112 65 110 45 9 25 12
11 10 8 88 113 61 70 33 13 108 83
11 11 8 0 122 61 9 51 49 98 69
11 12 8 7 104 9 97 115 99 110 63
11 13 8 16 21 64 36 98 6 76 28
11 14 8 121 20 90 8 48 0 58 79
11 15 8 103 76 61 85 60 18 23 35
11 16 8 108 124 55 19 73 41 15 8
11 17 8 69 72 48 116 103 97 127 15
11 18 8 30 56 90 105 8 74 32 86
11 19 8 50 60 49 98 28 115 103 3
11 20 8 127 84 43 36 42 126 7 107
11 21 8 117 9 110 25 45 112 65 12
11 22 8 113 88 103 61 105 53 33 45
11 23 8 89 0 61 122 49 24 98 101
11 24 8 7 9 99 115 104 15 30 97
11 25 8 16 98 64 21 28 6 76 15
11 26 8 20 90 48 0 79 111 8 121
11 27 8 61 60 76 10 103 85 56 23
11 28 8 124 55 41 15 19 73 108 8
11 29 8 69 48 116 103 97 127 19 117
11 30 8 90 56 105 30 74 32 8 94
11 31 8 50 60 28 103 49 126 34 68
11 32 8 121 127 84 126 109 42 43 103
11 33 8 117 45 110 9 12 112 65 25
11 34 8 113 53 105 61 108 123 39 62
11 35 8 67 61 24 89 49 98 0 122
11 36 8 7 99 9 15 119 12 63 97
11 37 8 16 15 6 28 21 76 98 64
11 38 8 20 8 48 0 90 52 28 79
11 39 8 103 23 85 61 76 18 95 4
11 40 8 124 73 8 55 41 36 45 20
11 41 8 69 48 72 19 127 97 42 112
11 42 8 39 64 31 7 32 101 94 36
11 43 8 77 102 88 45 30 43 79 117
11 44 8 53 73 92 121 0 68 43 79
11 45 8 1 111 34 84 94 7 103 32
11 46 8 31 67 114 83 8 119 75 82
11 47 8 117 32 73 9 34 63 111 95
419 0 8 103 106 34 71 21 119 74 22
419 1 8 3 6 9 23 95 42 50 77
419 2 8 100 122 84 50 10 108 54 92
419 3 8 2 112 39 29 67 85 38 34
419 4 8 25 50 56 48 124 23 104 127
419 5 8 107 82 105 126 47 12 102 22
419 6 8 30 42 110 74 94 85 59 25
419 7 8 60 50 98 28 2 115 39 56
419 8 8 15 109 36 127 42 43 68 59
419 9 8 117 22 45 112 65 63 12 111
419 10 8 23 108 113 88 103 86 37 84
419 11 8 8 9 109 67 98 0 22 51
419 12 8 26 12 104 29 119 114 9 11
419 13 8 66 21 16 98 99 76 64 34
419 14 8 58 0 79 8 105 96 71 87
419 15 8 76 72 61 60 18 35 67 96
419 16 8 119 19 60 41 93 55 51 15
419 17 8 116 2 46 100 35 66 127 52
419 18 8 90 30 94 32 74 86 59 27
419 19 8 28 115 19 68 97 81 103 126
419 20 8 126 42 7 43 50 68 46 49
419 21 8 117 12 112 25 120 119 45 104
419 22 8 13 82 62 45 33 86 2 65
419 23 8 0 122 8 67 22 51 34 44
419 24 8 119 26 9 115 30 76 104 14
419 25 8 66 16 98 76 21 27 64 125
419 26 8 0 111 105 90 79 8 80 58
419 27 8 61 60 76 72 48 35 18 56
419 28 8 119 60 41 19 15 124 55 108
419 29 8 46 116 15 103 2 66 127 52
419 30 8 90 56 74 30 32 94 86 59
419 31 8 60 28 50 103 115 126 98 97
419 32 8 36 15 109 127 42 43 126 7
419 33 8 117 112 45 12 22 65 25 119
419 34 8 108 103 113 53 88 45 13 86
419 35 8 8 109 98 122 89 0 67 37
419 36 8 26 9 12 58 114 119 115 97
419 37 8 16 76 66 98 21 113 115 64
419 38 8 105 80 79 8 0 96 52 88
419 39 8 60 61 35 72 56 18 76 95
419 40 8 119 60 15 55 51 41 45 18
419 41 8 15 46 2 66 117 52 103 35
419 42 8 73 125 18 98 77 102 7 37
419 43 8 49 12 19 102 43 45 81 6
419 44 8 88 99 45 48 121 92 72 79
419 45 8 58 17 112 46 111 84 21 1
419 46 8 30 81 105 31 39 75 29 114
419 47 8 111 120 95 35 9 66 52 47
2578 0 8 104 2 97 63 41 111 120 17
2578 1 8 3 107 86 123 34 23 116 16
2578 2 8 9 100 14 8 54 51 116 92
2578 3 8 25 38 105 16 39 112 2 76
2578 4 8 0 25 22 124 23 74 48 56
2578 5 8 34 82 80 107 126 12 22 47
2578 6 8 30 42 110 52 85 56 123 86
2578 7 8 60 87 98 50 110 39 34 51
2578 8 8 64 15 103 36 39 59 43 46
2578 9 8 117 45 94 22 112 127 1 102
2578 10 8 97 108 113 83 64 39 112 7
2578 11 8 9 8 67 98 122 115 86 37
2578 12 8 118 53 104 12 71 9 97 116
2578 13 8 21 16 44 75 64 98 77 84
2578 14 8 80 8 79 88 58 111 90 34
2578 15 8 60 23 61 18 95 76 38 11
2578 16 8 60 7 15 45 19 40 55 113
2578 17 8 15 53 52 103 85 69 54 72
2578 18 8 30 56 8 42 34 86 85 52
2578 19 8 60 87 98 50 34 39 51 28
2578 20 8 36 64 127 103 39 124 116 43
2578 21 8 117 94 45 127 102 22 65 112
2578 22 8 108 113 97 53 39 112 83 103
2578 23 8 8 86 0 122 89 98 37 29
2578 24 8 53 104 118 97 9 116 63 12
2578 25 8 21 44 75 98 64 16 76 73
2578 26 8 79 80 8 111 58 39 0 90
2578 27 8 60 56 76 23 61 10 35 95
2578 28 8 60 7 15 19 45 41 123 85
2578 29 8 15 103 53 52 116 85 117 127
2578 30 8 30 56 90 74 86 75 32 42
2578 31 8 60 98 103 87 28 50 34 115
2578 32 8 36 64 43 39 127 103 126 42
2578 33 8 117 94 45 112 22 12 127 102
2578 34 8 108 97 53 113 83 39 62 45
2578 35 8 8 67 98 86 0 122 89 37
2578 36 8 53 9 118 12 97 119 30 58
2578 37 8 44 75 21 98 16 76 115 64
2578 38 8 80 79 0 8 52 58 111 88
2578 39 8 60 76 61 35 56 18 23 95
2578 40 8 7 15 60 41 45 18 19 36
2578 41 8 15 52 46 117 103 85 127 53
2578 42 8 37 73 125 7 22 24 74 59
2578 43 8 49 102 12 19 43 45 127 40
2578 44 8 45 88 92 37 79 113 0 43
2578 45 8 58 112 17 46 84 1 7 34
2578 46 8 39 105 29 30 84 83 80 75
2578 47 8 35 95 52 111 108 9 6 59
3076 0 8 62 12 126 116 29 70 79 3
3076 1 8 58 107 123 3 86 76 78 116
3076 2 8 87 24 9 119 14 100 7 15
3076 3 8 26 7 76 105 38 25 16 79
3076 4 8 0 25 118 91 22 77 124 47
3076 5 8 82 80 126 102 34 47 12 111
3076 6 8 30 42 110 75 34 52 56 85
3076 7 8 60 50 87 98 39 51 34 3
3076 8 8 39 127 15 103 46 24 36 106
3076 9 8 117 45 22 94 112 127 1 49
3076 10 8 83 108 113 97 64 39 101 74
3076 11 8 67 8 87 9 98 0 127 58
3076 12 8 9 12 104 53 97 118 116 124
3076 13 8 24 21 44 16 75 64 121 98
3076 14 8 28 62 8 79 58 0 111 55
3076 15 8 23 61 76 103 4 18 56 60
3076 16 8 123 15 20 121 73 60 45 19
3076 17 8 53 69 97 20 85 14 15 72
3076 18 8 30 86 90 8 9 56 94 75
3076 19 8 60 50 98 115 87 103 34 28
3076 20 8 39 36 127 43 42 126 24 14
3076 21 8 45 117 112 94 22 12 51 48
3076 22 8 113 83 101 108 107 53 62 45
3076 23 8 67 0 8 47 122 89 98 86
3076 24 8 9 104 12 76 68 115 53 118
3076 25 8 21 16 44 98 65 64 75 79
3076 26 8 28 0 79 58 39 118 62 111
3076 27 8 4 23 76 61 56 60 18 103
3076 28 8 15 41 19 123 85 121 124 36
3076 29 8 97 116 127 15 69 20 53 52
3076 30 8 90 74 32 94 86 59 30 75
3076 31 8 103 28 115 60 68 30 97 34
3076 32 8 126 7 109 39 49 42 43 107
3076 33 8 45 12 117 112 51 62 94 88
3076 34 8 101 45 53 83 86 65 74 123
3076 35 8 67 122 0 89 98 87 47 126
3076 36 8 119 9 104 76 115 53 30 124
3076 37 8 24 98 115 21 44 75 121 6
3076 38 8 0 62 28 79 58 80 10 8
3076 39 8 76 23 18 61 103 60 56 35
3076 40 8 15 123 20 41 36 121 55 124
3076 41 8 69 127 15 97 48 17 117 14
3076 42 8 7 101 65 74 64 94 75 37
3076 43 8 102 19 4 45 43 77 40 117
3076 44 8 45 92 73 13 71 0 43 53
3076 45 8 1 46 112 34 84 7 17 103
3076 46 8 83 39 105 82 119 4 67 75
3076 47 8 95 32 35 34 117 9 52 59
429 0 8 84 103 2 80 61 70 14 120
429 1 8 58 3 83 76 23 123 113 42
429 2 8 122 117 84 24 9 87 100 10
429 3 8 26 105 38 39 7 76 90 109
429 4 8 0 91 25 47 124 77 22 118
429 5 8 107 82 126 111 102 34 12 80
429 6 8 30 123 42 85 75 86 110 56
429 7 8 50 60 103 98 28 115 39 95
429 8 8 109 39 43 126 59 7 103 42
429 9 8 45 117 112 12 22 88 65 119
429 10 8 83 23 108 101 97 113 64 86
429 11 8 67 9 47 8 0 98 58 101
429 12 8 68 9 12 104 58 124 115 76
429 13 8 121 21 65 16 44 64 99 98
429 14 8 0 28 79 58 52 39 118 8
429 15 8 76 103 4 18 61 56 35 67
429 16 8 55 15 19 41 20 67 73 124
429 17 8 69 97 127 48 116 45 20 117
429 18 8 90 86 30 32 74 27 94 75
429 19 8 115 28 103 68 30 81 97 60
429 20 8 126 109 39 7 43 49 46 68
429 21 8 112 12 45 117 62 22 120 104
429 22 8 62 101 45 83 86 107 108 123
429 23 8 0 122 67 47 126 101 98 89
429 24 8 76 119 104 115 68 9 30 110
429 25 8 16 21 65 121 64 98 115 79
429 26 8 0 79 28 58 39 118 111 25
429 27 8 103 56 4 61 76 23 60 18
429 28 8 55 15 41 124 19 36 20 85
429 29 8 97 127 48 69 116 45 117 113
429 30 8 90 74 32 86 94 75 27 59
429 31 8 28 103 115 68 30 97 81 60
429 32 8 109 126 49 39 7 42 43 68
429 33 8 45 12 112 62 51 48 117 88
429 34 8 123 101 86 45 65 53 83 108
429 35 8 67 122 89 47 0 98 126 44
429 36 8 119 114 104 76 99 120 9 110
429 37 8 16 98 121 115 21 6 55 28
429 38 8 0 79 28 48 118 52 25 58
429 39 8 103 4 23 76 85 18 104 115
429 40 8 124 55 20 36 73 114 41 85
429 41 8 48 69 127 97 20 28 113 19
429 42 8 64 37 101 93 7 94 46 31
429 43 8 102 79 45 77 117 88 40 4
429 44 8 73 92 53 68 43 71 63 121
429 45 8 1 34 84 111 7 103 94 127
429 46 8 67 83 31 114 8 119 4 102
429 47 8 117 34 32 9 73 63 59 124
1817 0 8 34 63 106 71 50 21 51 17
1817 1 8 9 23 85 75 3 95 116 16
1817 2 8 8 122 90 100 54 65 7 50
1817 3 8 94 112 39 29 12 64 10 97
1817 4 8 87 50 56 82 22 4 54 25
1817 5 8 105 54 12 47 70 107 95 34
1817 6 8 86 123 90 32 19 94 59 27
1817 7 8 103 28 30 115 68 42 81 67
1817 8 8 109 7 49 39 126 14 43 42
1817 9 8 30 45 12 51 101 112 88 117
1817 10 8 83 45 101 123 86 93 104 88
1817 11 8 50 47 9 67 10 44 0 126
1817 12 8 118 114 119 76 68 95 104 9
1817 13 8 66 113 16 64 99 21 98 107
1817 14 8 96 0 84 118 58 25 52 79
1817 15 8 4 76 61 56 72 37 115 67
1817 16 8 55 51 60 119 41 19 36 85
1817 17 8 126 2 35 116 127 20 45 97
1817 18 8 90 86 32 9 94 27 74 19
1817 19 8 103 28 115 30 68 81 97 95
1817 20 8 7 49 126 39 42 112 107 28
1817 21 8 12 30 48 45 62 112 101 120
1817 22 8 123 45 101 86 93 88 65 104
1817 23 8 50 47 126 10 44 0 101 58
1817 24 8 76 119 114 118 68 115 9 95
1817 25 8 66 113 64 107 55 115 98 102
1817 26 8 0 84 96 118 25 101 58 64
1817 27 8 72 37 4 61 115 56 104 76
1817 28 8 119 55 51 41 114 85 36 101
1817 29 8 126 2 45 35 127 116 28 20
1817 30 8 90 74 59 32 94 19 86 115
1817 31 8 28 103 68 30 115 81 97 95
1817 32 8 49 7 126 14 28 109 39 112
1817 33 8 48 62 12 30 51 101 77 45
1817 34 8 123 88 45 101 86 93 65 100
1817 35 8 50 10 47 44 34 126 122 79
1817 36 8 119 114 118 120 68 36 104 115
1817 37 8 66 113 99 102 107 55 98 115
1817 38 8 84 0 96 118 68 25 58 64
1817 39 8 37 4 115 72 104 87 113 57
1817 40 8 51 119 101 36 85 41 67 43
1817 41 8 35 126 2 127 28 66 23 113
1817 42 8 38 98 102 93 29 94 46 18
1817 43 8 79 45 102 40 117 86 81 95
1817 44 8 48 68 92 63 43 91 20 21
1817 45 8 1 34 111 7 84 70 66 32
1817 46 8 8 4 114 31 83 119 44 115
1817 47 8 36 120 47 123 88 66 9 59
3019 0 8 87 23 41 28 112 124 79 36
3019 1 8 85 16 89 29 59 101 88 68
3019 2 8 76 23 52 71 126 67 69 68
3019 3 8 5 12 104 92 77 40 93 106
3019 4 8 82 50 27 10 54 84 4 102
3019 5 8 30 71 12 48 54 56 10 65
3019 6 8 90 94 70 27 32 74 109 86
3019 7 8 28 103 81 30 97 115 42 55
3019 8 8 49 7 20 125 63 14 46 126
3019 9 8 51 30 62 88 77 112 12 40
3019 10 8 45 109 88 95 86 93 104 100
3019 11 8 34 42 44 126 16 0 97 64
3019 12 8 76 119 114 101 7 0 36 103
3019 13 8 41 123 57 84 115 85 109 99
3019 14 8 0 101 47 25 46 68 60 18
3019 15 8 20 37 76 72 61 96 113 57
3019 16 8 114 77 110 60 19 29 41 85
3019 17 8 64 0 11 116 115 46 65 23
3019 18 8 90 19 94 115 86 27 59 74
3019 19 8 28 103 115 81 97 68 30 111
3019 20 8 49 126 20 7 63 42 43 112
3019 21 8 62 40 30 77 12 112 51 88
3019 22 8 45 88 109 93 95 100 86 111
3019 23 8 97 42 116 34 126 44 101 118
3019 24 8 119 25 0 114 103 76 38 115
3019 25 8 57 123 109 41 115 84 36 102
3019 26 8 60 0 47 101 71 25 68 7
3019 27 8 20 37 31 61 72 104 60 76
3019 28 8 60 110 44 41 114 108 55 36
3019 29 8 46 15 11 115 36 64 127 52
3019 30 8 90 118 115 74 32 19 94 86
3019 31 8 103 28 68 115 50 97 126 63
3019 32 8 126 49 20 7 39 14 42 43
3019 33 8 62 12 77 30 40 88 101 35
3019 34 8 45 86 109 95 88 65 101 124
3019 35 8 97 42 126 22 122 44 64 8
3019 36 8 119 0 25 12 7 103 76 95
3019 37 8 41 57 16 115 64 18 76 95
3019 38 8 0 60 47 71 52 80 46 25
3019 39 8 60 20 76 18 78 104 90 37
3019 40 8 60 15 110 44 55 108 36 41
3019 41 8 36 15 115 46 64 52 11 117
3019 42 8 49 125 7 90 8 73 46 74
3019 43 8 102 19 12 125 49 40 117 45
3019 44 8 88 45 99 13 92 23 11 73
3019 45 8 46 17 112 1 34 84 7 76
3019 46 8 29 81 30 39 83 105 45 119
3019 47 8 127 95 35 52 111 31 9 15
594 0 8 76 17 120 118 92 16 6 24
594 1 8 34 85 105 12 103 115 66 2
594 2 8 90 77 100 51 65 14 115 41
594 3 8 73 13 104 112 93 16 12 5
594 4 8 63 38 50 23 82 87 77 22
594 5 8 105 54 30 12 107 71 102 122
594 6 8 19 115 86 90 123 13 32 94
594 7 8 103 28 2 30 50 115 68 97
594 8 8 49 126 64 14 47 7 24 15
594 9 8 30 62 101 77 51 112 12 48
594 10 8 86 88 101 23 45 83 93 69
594 11 8 109 86 44 47 50 126 10 64
594 12 8 125 7 76 114 119 110 104 124
594 13 8 113 66 64 99 65 115 2 16
594 14 8 0 105 118 58 25 101 111 55
594 15 8 72 4 104 37 56 115 18 61
594 16 8 60 119 114 55 43 41 36 19
594 17 8 35 2 20 115 116 66 127 113
594 18 8 90 86 13 32 115 19 27 123
594 19 8 115 28 68 103 2 70 126 50
594 20 8 126 49 39 14 112 64 42 28
594 21 8 62 30 12 77 101 48 112 120
594 22 8 101 86 88 45 93 69 110 107
594 23 8 109 47 50 20 86 116 101 44
594 24 8 114 76 125 7 119 115 68 124
594 25 8 113 66 64 115 65 2 55 77
594 26 8 0 118 105 58 25 101 64 39
594 27 8 72 4 104 115 56 60 37 18
594 28 8 119 36 41 60 43 85 11 55
594 29 8 35 2 20 115 127 66 116 91
594 30 8 90 32 123 13 74 94 27 19
594 31 8 28 68 115 103 2 30 97 124
594 32 8 126 49 39 64 7 28 42 14
594 33 8 12 101 62 77 48 30 88 112
594 34 8 86 88 101 103 45 65 35 93
594 35 8 109 47 50 10 116 122 86 44
594 36 8 125 119 114 68 7 104 124 26
594 37 8 66 99 113 2 107 65 64 102
594 38 8 0 105 118 58 25 96 64 68
594 39 8 4 104 72 115 113 98 18 76
594 40 8 119 43 41 36 51 85 67 11
594 41 8 35 2 66 127 20 11 115 117
594 42 8 27 102 93 18 29 94 98 46
594 43 8 79 29 45 102 40 91 117 6
594 44 8 48 68 92 63 20 43 21 91
594 45 8 1 111 34 7 70 84 115 21
594 46 8 8 114 83 4 31 119 115 102
594 47 8 36 120 47 123 88 66 9 59
2550 0 8 112 62 7 97 79 125 28 0
2550 1 8 77 29 88 85 114 78 101 105
2550 2 8 44 76 23 71 6 119 66 24
2550 3 8 40 13 92 90 93 77 104 97
2550 4 8 82 27 50 10 54 1 84 5
2550 5 8 48 12 87 117 10 70 65 101
2550 6 8 123 90 70 19 118 32 94 2
2550 7 8 28 103 81 30 124 55 115 68
2550 8 8 7 49 20 126 112 43 6 63
2550 9 8 30 51 112 88 12 62 28 40
2550 10 8 86 95 109 65 88 93 49 41
2550 11 8 34 42 44 97 64 68 126 55
2550 12 8 76 0 119 38 103 114 110 101
2550 13 8 123 115 57 109 41 99 85 48
2550 14 8 0 46 64 25 18 47 60 52
2550 15 8 20 72 104 96 76 18 61 113
2550 16 8 6 77 41 60 19 52 36 3
2550 17 8 64 0 46 116 65 36 84 115
2550 18 8 90 94 74 32 123 27 19 20
2550 19 8 28 68 115 55 103 124 63 70
2550 20 8 126 20 7 49 42 112 68 24
2550 21 8 12 40 62 112 77 101 51 30
2550 22 8 86 109 88 41 93 65 124 95
2550 23 8 42 68 97 116 55 64 44 41
2550 24 8 0 119 103 38 114 25 76 115
2550 25 8 57 109 115 123 45 41 85 64
2550 26 8 0 60 47 64 25 71 7 52
2550 27 8 104 20 72 54 46 96 61 37
2550 28 8 6 60 44 41 85 110 77 36
2550 29 8 46 36 64 15 84 52 115 127
2550 30 8 90 118 74 94 123 32 20 27
2550 31 8 28 68 103 115 50 126 70 124
2550 32 8 126 20 49 7 39 42 112 68
2550 33 8 12 40 62 101 77 30 106 120
2550 34 8 86 124 95 65 109 69 41 93
2550 35 8 42 97 68 44 55 122 126 64
2550 36 8 0 103 25 119 12 101 110 115
2550 37 8 41 57 16 115 64 76 18 123
2550 38 8 0 60 52 71 47 46 25 80
2550 39 8 60 20 104 76 18 54 90 46
2550 40 8 60 6 44 15 110 55 108 23
2550 41 8 15 36 52 46 64 127 117 115
2550 42 8 49 125 90 7 73 46 126 94
2550 43 8 102 49 19 12 125 45 74 40
2550 44 8 88 99 45 13 92 43 23 84
2550 45 8 17 34 7 112 1 46 58 84
2550 46 8 29 81 30 39 105 83 119 96
2550 47 8 127 111 52 35 95 15 9 31
13798 0 8 116 120 126 29 77 2 12 3
13798 1 8 107 53 78 86 76 58 104 77
13798 2 8 15 14 69 119 9 116 121 24
13798 3 8 26 1 89 13 90 7 105 97
13798 4 8 0 74 39 82 54 91 22 1
13798 5 8 102 80 12 56 126 125 23 65
13798 6 8 123 90 32 94 27 67 86 30
13798 7 8 103 87 28 115 30 50 42 70
13798 8 8 126 27 64 39 42 59 49 10
13798 9 8 94 51 101 88 77 112 12 45
13798 10 8 86 101 83 14 104 45 69 67
13798 11 8 86 44 126 87 10 0 34 58
13798 12 8 76 53 115 119 104 110 12 95
13798 13 8 44 24 64 75 16 27 85 115
13798 14 8 0 62 28 118 52 58 25 55
13798 15 8 56 76 104 96 61 113 18 67
13798 16 8 41 60 123 111 19 29 3 67
13798 17 8 53 97 116 84 127 14 113 117
13798 18 8 90 32 123 27 94 30 74 86
13798 19 8 103 28 115 87 68 67 34 126
13798 20 8 126 42 64 39 27 14 6 112
13798 21 8 94 112 101 12 51 62 77 120
13798 22 8 101 45 37 86 14 120 65 2
13798 23 8 86 126 122 44 97 0 101 71
13798 24 8 53 115 76 119 104 95 110 52
13798 25 8 24 44 64 75 115 121 107 77
13798 26 8 62 0 28 118 52 25 58 39
13798 27 8 56 76 104 115 4 61 67 60
13798 28 8 41 123 111 36 29 20 85 19
13798 29 8 97 127 53 84 14 116 85 65
13798 30 8 90 32 74 27 94 123 30 13
13798 31 8 28 103 87 115 68 126 95 67
13798 32 8 126 39 27 42 64 112 24 49
13798 33 8 94 12 45 101 51 120 77 104
13798 34 8 101 14 45 86 120 65 83 104
13798 35 8 86 122 44 126 71 15 68 0
13798 36 8 53 115 119 76 95 110 30 63
13798 37 8 24 44 25 49 64 95 75 115
13798 38 8 62 0 52 25 111 82 21 8
13798 39 8 56 76 98 18 104 61 67 115
13798 40 8 111 123 29 41 36 85 77 3
13798 41 8 53 84 127 117 85 28 65 115
13798 42 8 20 75 28 94 46 109 73 65
13798 43 8 2 102 45 79 81 117 40 60
13798 44 8 13 63 92 80 79 84 72 17
13798 45 8 34 1 47 7 83 21 86 119
13798 46 8 96 74 10 45 83 119 4 102
13798 47 8 90 54 27 11 127 31 9 59
389 0 8 81 69 93 61 31 53 92 0
389 1 8 83 39 91 76 41 20 46 86
389 2 8 117 15 69 116 9 68 24 66
389 3 8 26 1 90 7 105 76 97 39
389 4 8 91 0 82 111 39 54 74 105
389 5 8 102 12 80 111 56 82 65 70
389 6 8 123 90 32 94 2 19 76 27
389 7 8 103 28 72 95 81 115 68 42
389 8 8 126 27 99 39 28 49 42 112
389 9 8 48 51 101 77 112 88 12 45
389 10 8 86 83 14 101 123 23 93 104
389 11 8 47 58 15 10 34 13 44 86
389 12 8 119 120 69 76 115 110 60 106
389 13 8 85 99 55 121 25 44 107 24
389 14 8 118 28 0 25 58 87 84 52
389 15 8 115 4 56 112 104 96 76 108
389 16 8 121 20 41 36 52 19 43 3
389 17 8 97 14 116 20 109 61 115 127
389 18 8 90 27 94 74 123 32 76 20
389 19 8 28 115 103 68 70 72 95 67
389 20 8 126 42 99 49 112 28 27 39
389 21 8 48 77 101 62 120 12 51 112
389 22 8 14 101 83 123 86 93 65 122
389 23 8 58 10 47 86 13 34 15 44
389 24 8 69 115 120 119 76 68 110 95
389 25 8 121 55 107 25 85 44 115 24
389 26 8 118 28 0 25 43 7 84 127
389 27 8 115 4 104 105 108 112 56 96
389 28 8 41 20 121 36 114 85 2 3
389 29 8 97 14 45 127 20 61 116 91
389 30 8 90 74 13 32 20 94 115 19
389 31 8 28 95 126 103 68 115 70 97
389 32 8 126 49 28 112 99 14 7 39
389 33 8 51 48 12 101 30 77 120 45
389 34 8 86 101 83 14 123 100 93 65
389 35 8 58 10 67 44 47 13 34 122
389 36 8 119 120 69 60 104 110 68 115
389 37 8 25 55 121 107 85 99 64 24
389 38 8 0 28 118 84 25 10 58 96
389 39 8 115 104 4 53 23 67 18 108
389 40 8 121 20 41 36 114 3 85 43
389 41 8 97 14 127 61 45 20 28 113
389 42 8 65 101 93 94 119 32 46 5
389 43 8 79 4 102 45 40 117 65 81
389 44 8 71 92 68 63 54 43 17 121
389 45 8 1 34 7 111 103 84 21 127
389 46 8 67 83 31 8 114 119 4 102
389 47 8 117 34 32 9 27 63 47 59
279 0 8 106 57 101 103 110 127 118 14
279 1 8 48 39 20 91 75 126 9 95
279 2 8 90 122 92 10 15 69 67 74
279 3 8 26 97 90 117 94 32 39 85
279 4 8 63 82 111 23 107 102 54 77
279 5 8 51 105 12 102 108 65 23 27
279 6 8 90 123 32 94 74 19 121 13
279 7 8 28 103 115 95 68 30 72 81
279 8 8 28 126 49 99 42 68 112 54
279 9 8 48 30 77 32 51 112 88 12
279 10 8 86 23 123 83 101 14 49 36
279 11 8 109 47 10 13 44 111 75 34
279 12 8 76 60 120 119 68 110 25 69
279 13 8 66 55 25 99 113 107 85 65
279 14 8 105 118 0 16 96 25 58 84
279 15 8 115 4 104 56 96 105 76 23
279 16 8 12 119 43 41 114 19 36 93
279 17 8 35 2 20 116 66 115 113 61
279 18 8 90 32 94 27 19 86 39 20
279 19 8 28 115 103 68 97 30 63 81
279 20 8 126 49 28 42 7 68 99 112
279 21 8 48 62 12 77 112 32 30 101
279 22 8 83 86 101 14 123 93 45 65
279 23 8 109 47 126 10 111 13 34 87
279 24 8 76 119 115 68 120 60 110 104
279 25 8 66 113 115 55 25 107 99 27
279 26 8 105 118 0 7 16 25 101 84
279 27 8 115 104 4 34 56 57 105 96
279 28 8 12 119 41 114 36 85 43 19
279 29 8 35 2 115 127 20 116 126 66
279 30 8 90 74 13 32 20 19 94 115
279 31 8 28 103 95 68 115 81 126 30
279 32 8 126 28 49 7 14 112 68 42
279 33 8 51 12 32 62 77 48 30 101
279 34 8 86 14 101 123 83 13 100 103
279 35 8 109 47 10 13 44 116 126 34
279 36 8 119 120 60 68 115 110 69 104
279 37 8 66 113 55 107 25 99 65 115
279 38 8 105 16 118 0 96 10 25 58
279 39 8 115 104 4 34 53 98 57 100
279 40 8 119 12 41 36 43 114 85 67
279 41 8 2 35 66 127 20 61 28 90
279 42 8 27 102 93 94 29 18 46 5
279 43 8 29 79 102 45 40 117 6 65
279 44 8 68 48 63 92 43 20 61 17
279 45 8 1 111 34 70 7 84 21 66
279 46 8 8 83 114 31 119 4 115 102
279 47 8 36 47 123 120 88 66 9 59
3681 0 8 77 34 17 7 67 21 79 63
3681 1 8 16 75 48 88 114 45 39 20
3681 2 8 90 8 65 100 121 69 71 70
3681 3 8 77 93 10 90 97 112 73 43
3681 4 8 87 105 10 82 102 4 107 22
3681 5 8 71 122 105 12 30 97 108 96
3681 6 8 90 19 32 123 94 70 74 55
3681 7 8 103 28 81 30 115 111 97 118
3681 8 8 4 49 126 7 112 42 14 54
3681 9 8 62 30 32 88 77 51 12 112
3681 10 8 86 13 100 101 93 23 49 96
3681 11 8 50 44 122 34 126 1 91 111
3681 12 8 76 60 119 25 36 110 49 74
3681 13 8 102 113 107 115 25 85 99 63
3681 14 8 64 0 101 118 16 25 96 46
3681 15 8 54 115 104 105 37 76 96 34
3681 16 8 114 51 13 41 119 36 19 52
3681 17 8 35 61 126 2 116 115 91 66
3681 18 8 90 32 115 19 27 94 74 111
3681 19 8 115 28 103 111 97 68 55 30
3681 20 8 4 126 49 42 7 112 68 81
3681 21 8 62 77 12 51 27 30 32 101
3681 22 8 15 100 101 13 93 86 127 33
3681 23 8 97 50 126 34 101 116 114 44
3681 24 8 76 25 115 36 119 103 110 95
3681 25 8 102 113 115 89 123 85 18 127
3681 26 8 64 101 0 7 25 16 96 118
3681 27 8 115 54 37 31 104 4 34 105
3681 28 8 51 13 114 41 119 36 115 85
3681 29 8 35 61 2 126 66 92 91 20
3681 30 8 90 13 115 32 74 19 55 20
3681 31 8 28 68 103 115 95 126 97 81
3681 32 8 4 126 49 7 14 42 112 68
3681 33 8 51 12 30 77 32 101 62 48
3681 34 8 33 100 13 86 93 65 101 15
3681 35 8 50 116 97 10 126 34 44 111
3681 36 8 119 60 103 115 25 68 30 36
3681 37 8 102 113 107 127 66 85 64 99
3681 38 8 64 118 0 96 25 16 58 101
3681 39 8 104 4 37 54 113 98 53 115
3681 40 8 51 13 41 119 36 43 85 114
3681 41 8 35 2 127 126 61 66 28 20
3681 42 8 98 102 94 38 86 18 29 93
3681 43 8 79 16 102 40 45 117 29 6
3681 44 8 68 63 48 92 43 20 21 17
3681 45 8 1 111 34 7 70 84 21 115
3681 46 8 8 114 83 119 31 4 115 102
3681 47 8 120 47 26 123 36 88 9 66
1584 0 8 112 105 23 79 91 36 30 28
1584 1 8 29 16 59 113 101 85 68 77
1584 2 8 59 76 71 24 126 44 96 49
1584 3 8 93 40 92 12 70 126 43 90
1584 4 8 82 27 10 38 54 84 5 102
1584 5 8 122 48 12 10 117 30 71 56
1584 6 8 90 123 118 32 2 94 74 70
1584 7 8 28 103 55 30 81 115 42 97
1584 8 8 20 49 7 112 126 107 10 42
1584 9 8 51 30 41 77 62 120 40 88
1584 10 8 86 109 95 93 13 49 44 100
1584 11 8 42 34 114 44 35 1 126 118
1584 12 8 0 38 119 103 76 110 101 13
1584 13 8 57 115 41 109 85 123 25 99
1584 14 8 46 18 0 25 60 87 64 47
1584 15 8 20 104 54 96 107 76 105 37
1584 16 8 77 41 110 114 19 44 120 29
1584 17 8 64 0 115 91 65 63 116 10
1584 18 8 90 27 94 32 111 70 74 19
1584 19 8 28 81 55 115 103 68 30 97
1584 20 8 49 126 20 7 42 112 68 107
1584 21 8 62 40 12 41 77 120 30 112
1584 22 8 109 65 124 110 86 93 127 41
1584 23 8 42 34 22 55 97 44 91 114
1584 24 8 119 0 38 103 25 110 76 115
1584 25 8 57 115 123 109 18 41 89 22
1584 26 8 60 18 47 25 0 46 71 64
1584 27 8 20 54 37 46 104 126 107 78
1584 28 8 44 77 110 41 29 108 85 6
1584 29 8 0 115 64 65 63 91 92 122
1584 30 8 90 118 32 74 19 20 94 27
1584 31 8 28 55 103 115 68 126 81 63
1584 32 8 20 126 49 27 7 112 68 42
1584 33 8 40 12 41 30 77 106 120 51
1584 34 8 124 109 23 95 86 65 127 93
1584 35 8 42 97 55 9 22 114 116 44
1584 36 8 38 103 0 25 119 110 13 115
1584 37 8 41 109 123 57 18 115 64 127
1584 38 8 18 60 0 47 46 111 52 25
1584 39 8 20 107 90 54 76 104 22 46
1584 40 8 77 29 44 110 108 6 41 85
1584 41 8 115 65 63 0 64 122 127 54
1584 42 8 90 49 126 59 46 94 75 8
1584 43 8 102 47 125 74 8 49 40 45
1584 44 8 110 23 92 43 11 80 17 63
1584 45 8 7 47 83 76 1 34 84 5
1584 46 8 1 10 83 123 124 119 45 96
1584 47 8 127 31 15 11 121 90 21 9
323 0 8 83 120 31 63 107 66 69 43
323 1 8 41 8 34 26 42 2 126 104
323 2 8 53 67 88 84 10 62 92 41
323 3 8 89 93 6 97 122 12 85 127
323 4 8 79 76 106 124 82 29 107 40
323 5 8 42 125 12 122 23 61 108 27
323 6 8 105 90 83 123 27 32 74 94
323 7 8 103 49 28 95 115 30 68 126
323 8 8 66 126 84 49 14 42 112 107
323 9 8 98 77 51 112 12 120 30 110
323 10 8 73 86 101 83 23 90 49 36
323 11 8 26 44 49 61 22 126 111 65
323 12 8 107 76 115 79 119 110 13 69
323 13 8 6 80 25 107 64 115 85 27
323 14 8 10 0 118 48 79 52 58 25
323 15 8 23 85 115 104 108 96 76 56
323 16 8 8 124 41 36 3 71 52 19
323 17 8 19 97 127 116 72 10 115 76
323 18 8 90 94 27 32 19 74 76 2
323 19 8 28 95 115 103 68 70 126 67
323 20 8 126 66 42 112 49 7 12 99
323 21 8 98 101 120 12 48 77 62 104
323 22 8 73 90 101 65 86 93 83 2
323 23 8 26 126 47 34 44 10 58 61
323 24 8 107 115 76 69 119 95 110 23
323 25 8 80 6 64 25 107 55 115 121
323 26 8 10 0 118 79 25 48 127 96
323 27 8 115 85 104 108 4 105 23 96
323 28 8 8 41 124 36 20 85 2 126
323 29 8 19 97 127 20 10 116 90 14
323 30 8 90 74 19 20 94 32 13 27
323 31 8 28 95 68 103 70 126 124 81
323 32 8 126 49 66 112 7 14 42 99
323 33 8 98 12 101 48 51 77 30 62
323 34 8 73 90 101 86 65 83 123 93
323 35 8 26 47 10 126 44 34 49 122
323 36 8 119 107 79 23 60 68 30 115
323 37 8 6 80 25 118 55 83 107 115
323 38 8 10 0 118 28 48 25 79 96
323 39 8 115 104 85 4 23 76 53 113
323 40 8 8 41 20 124 36 85 67 43
323 41 8 97 19 20 127 90 14 28 69
323 42 8 21 94 101 29 93 5 7 46
323 43 8 79 40 102 45 4 88 117 60
323 44 8 92 71 68 63 0 43 54 72
323 45 8 1 34 7 111 84 103 21 127
323 46 8 67 83 8 119 4 114 31 102
323 47 8 117 34 32 9 59 47 63 123
279 0 8 106 57 103 127 110 71 48 118
279 1 8 8 48 9 34 25 3 95 126
279 2 8 90 122 53 10 92 67 69 74
279 3 8 29 94 64 26 12 122 97 39
279 4 8 79 63 82 83 23 54 38 111
279 5 8 51 96 105 42 12 47 122 27
279 6 8 90 123 43 32 19 74 88 27
279 7 8 95 103 28 115 30 72 68 63
279 8 8 126 66 49 28 99 112 107 42
279 9 8 79 98 32 77 30 48 101 12
279 10 8 86 23 73 107 123 83 101 90
279 11 8 26 109 10 69 47 92 1 13
279 12 8 107 119 60 68 79 120 76 110
279 13 8 66 55 99 25 80 107 83 65
279 14 8 118 10 0 16 105 25 96 58
279 15 8 115 4 23 104 105 108 96 56
279 16 8 119 12 41 43 8 126 52 19
279 17 8 35 2 20 116 115 90 91 10
279 18 8 90 32 94 19 74 27 70 9
279 19 8 28 95 103 68 70 30 115 81
279 20 8 126 49 112 7 42 99 28 66
279 21 8 48 12 77 62 30 79 101 98
279 22 8 86 123 101 73 14 83 28 93
279 23 8 47 1 10 26 111 109 34 92
279 24 8 119 68 60 107 69 120 76 95
279 25 8 66 55 107 115 113 25 80 64
279 26 8 118 0 10 7 105 16 25 43
279 27 8 115 104 4 105 108 96 42 57
279 28 8 119 12 41 85 114 36 67 126
279 29 8 35 2 115 20 116 10 127 45
279 30 8 90 74 19 94 32 20 59 115
279 31 8 28 95 124 68 103 30 81 70
279 32 8 126 49 28 7 112 42 14 31
279 33 8 62 30 12 101 77 48 79 32
279 34 8 14 101 73 123 86 107 103 65
279 35 8 109 26 47 10 92 1 34 69
279 36 8 119 68 120 107 60 30 69 110
279 37 8 66 55 99 107 113 80 25 83
279 38 8 10 105 16 118 0 25 96 58
279 39 8 115 104 4 53 34 113 98 57
279 40 8 119 12 41 43 85 36 67 114
279 41 8 2 35 20 66 127 90 28 23
279 42 8 27 102 94 93 29 46 18 5
279 43 8 79 29 45 40 102 117 86 65
279 44 8 68 48 63 92 43 91 20 61
279 45 8 1 34 111 7 70 84 115 21
279 46 8 83 4 8 119 114 31 102 44
279 47 8 36 120 47 123 88 59 9 66
1482 0 8 17 67 77 112 79 34 36 28
1482 1 8 16 8 48 75 116 76 59 114
1482 2 8 90 8 65 121 71 70 100 54
1482 3 8 77 29 93 90 73 112 12 43
1482 4 8 87 82 83 10 105 102 54 119
1482 5 8 96 105 122 12 117 100 71 30
1482 6 8 90 19 88 123 55 94 32 70
1482 7 8 103 28 30 81 70 115 97 63
1482 8 8 4 49 126 112 42 7 63 107
1482 9 8 30 79 62 77 32 88 12 101
1482 10 8 86 107 101 23 13 100 103 93
1482 11 8 50 92 69 1 122 44 111 10
1482 12 8 76 60 36 119 107 30 25 80
1482 13 8 113 102 107 115 99 25 83 55
1482 14 8 64 10 101 118 0 96 16 7
1482 15 8 115 104 4 90 54 105 34 113
1482 16 8 114 51 13 119 126 41 109 43
1482 17 8 35 2 115 91 126 66 113 20
1482 18 8 90 115 94 19 32 55 27 74
1482 19 8 28 103 115 30 68 95 70 126
1482 20 8 126 4 49 112 42 7 107 63
1482 21 8 79 62 30 77 12 48 101 28
1482 22 8 103 101 93 86 100 127 33 41
1482 23 8 1 50 92 111 126 34 91 122
1482 24 8 76 67 36 119 60 107 30 95
1482 25 8 102 113 115 64 55 22 2 66
1482 26 8 64 7 101 118 96 0 25 10
1482 27 8 115 104 4 54 96 34 105 31
1482 28 8 51 114 13 41 119 126 85 115
1482 29 8 35 2 126 115 91 66 92 116
1482 30 8 90 94 74 19 32 115 20 70
1482 31 8 28 68 30 103 124 95 115 70
1482 32 8 4 49 126 7 112 31 42 14
1482 33 8 30 62 79 77 12 101 33 48
1482 34 8 33 41 103 107 86 101 93 100
1482 35 8 1 50 92 34 116 10 126 47
1482 36 8 119 68 60 103 67 26 36 30
1482 37 8 102 113 127 99 66 107 85 64
1482 38 8 64 118 0 96 25 10 68 58
1482 39 8 4 104 54 46 113 98 115 37
1482 40 8 51 13 109 41 119 85 67 43
1482 41 8 35 2 126 127 66 23 90 92
1482 42 8 98 94 102 29 86 46 38 18
1482 43 8 79 16 40 45 102 117 29 86
1482 44 8 68 48 63 92 43 91 21 20
1482 45 8 1 34 111 7 70 66 84 21
1482 46 8 4 8 114 119 83 31 102 51
1482 47 8 120 26 36 59 47 123 88 9
1946 0 8 112 97 79 36 125 19 28 70
1946 1 8 16 29 104 59 113 101 77 68
1946 2 8 44 76 23 71 6 126 66 96
1946 3 8 93 40 92 70 77 43 27 90
1946 4 8 82 27 10 102 5 54 84 119
1946 5 8 12 96 48 122 87 10 108 71
1946 6 8 90 118 70 19 32 123 88 74
1946 7 8 28 55 103 124 81 30 115 68
1946 8 8 20 49 7 126 112 54 31 37
1946 9 8 30 51 77 62 79 41 25 28
1946 10 8 86 95 93 109 41 49 44 96
1946 11 8 1 42 92 44 64 35 97 126
1946 12 8 38 0 103 119 76 110 67 74
1946 13 8 57 115 41 109 123 99 22 85
1946 14 8 18 0 46 25 7 60 64 87
1946 15 8 20 104 54 96 105 57 46 107
1946 16 8 6 77 41 44 85 19 114 67
1946 17 8 0 91 64 116 65 63 36 10
1946 18 8 90 94 27 32 74 19 70 59
1946 19 8 28 55 115 68 103 30 81 124
1946 20 8 126 20 49 7 42 112 63 68
1946 21 8 77 62 30 40 79 41 12 28
1946 22 8 41 93 65 109 86 40 15 111
1946 23 8 1 42 92 97 64 34 126 91
1946 24 8 38 0 119 67 103 25 36 110
1946 25 8 109 123 57 115 41 22 89 85
1946 26 8 18 60 0 64 46 25 47 7
1946 27 8 20 46 104 54 107 126 37 96
1946 28 8 6 44 77 23 41 85 13 108
1946 29 8 0 63 64 65 92 116 91 36
1946 30 8 118 90 74 88 94 32 20 19
1946 31 8 28 55 103 68 30 126 81 115
1946 32 8 20 126 49 27 7 112 68 4
1946 33 8 79 41 12 40 30 62 77 104
1946 34 8 124 41 95 109 86 65 127 111
1946 35 8 92 1 42 97 55 64 44 68
1946 36 8 38 119 0 103 25 67 3 110
1946 37 8 109 123 57 41 127 18 85 115
1946 38 8 18 0 60 46 47 25 52 111
1946 39 8 107 20 46 104 76 22 90 126
1946 40 8 6 77 44 29 23 110 13 41
1946 41 8 0 63 65 64 127 115 122 84
1946 42 8 90 49 126 94 46 59 20 75
1946 43 8 45 79 47 102 40 74 125 117
1946 44 8 110 92 23 63 72 13 84 43
1946 45 8 7 1 34 76 83 47 21 84
1946 46 8 1 83 119 4 10 96 45 123
1946 47 8 127 121 31 11 15 21 82 26
13 0 8 65 43 98 73 72 100 45 1
13 1 8 18 94 38 26 43 104 42 127
13 2 8 84 88 38 57 40 93 20 18
13 3 8 6 89 31 41 124 85 97 67
13 4 8 124 106 76 115 85 89 40 121
13 5 8 61 125 66 8 22 64 12 106
13 6 8 83 105 8 56 30 123 90 32
13 7 8 49 112 103 115 28 98 39 126
13 8 8 84 121 127 42 126 43 59 49
13 9 8 117 9 110 112 12 119 51 88
13 10 8 105 61 56 2 53 45 97 86
13 11 8 49 125 61 24 0 122 44 23
13 12 8 99 15 96 119 115 104 9 110
13 13 8 6 28 15 23 64 115 125 12
13 14 8 90 20 48 0 17 111 52 71
13 15 8 85 76 101 10 61 18 35 103
13 16 8 124 8 19 39 73 41 115 85
13 17 8 69 19 42 116 99 21 127 48
13 18 8 105 83 90 27 30 32 56 8
13 19 8 49 115 34 103 28 112 98 67
13 20 8 84 121 43 127 126 42 7 65
13 21 8 125 117 9 110 112 12 25 119
13 22 8 105 61 13 53 62 2 119 39
13 23 8 61 24 49 122 23 0 29 125
13 24 8 99 15 30 115 96 9 119 104
13 25 8 6 58 15 28 23 64 115 125
13 26 8 20 17 90 48 0 111 11 100
13 27 8 85 101 10 76 103 61 70 23
13 28 8 124 8 73 81 41 19 39 55
13 29 8 19 42 21 69 48 1 116 103
13 30 8 105 56 83 90 30 74 8 32
13 31 8 112 49 98 28 103 19 60 126
13 32 8 65 121 84 127 42 43 116 126
13 33 8 125 117 9 110 112 12 102 127
13 34 8 105 56 78 61 53 13 39 112
13 35 8 125 24 61 23 49 0 122 37
13 36 8 99 15 96 9 97 63 56 119
13 37 8 15 58 23 28 6 25 118 10
13 38 8 17 20 90 48 8 0 107 86
13 39 8 23 101 85 103 61 10 76 70
13 40 8 124 8 73 41 81 105 17 45
13 41 8 42 69 19 48 127 21 1 102
13 42 8 64 31 94 32 115 114 119 7
13 43 8 45 102 77 88 21 43 40 79
13 44 8 92 53 73 121 0 90 79 68
13 45 8 1 101 111 34 84 103 27 19
13 46 8 11 31 114 119 75 8 83 4
13 47 8 73 105 57 20 9 63 86 124
2055 0 8 21 63 2 50 75 125 103 116
2055 1 8 58 23 6 3 26 95 42 99
2055 2 8 84 88 8 54 93 122 100 127
2055 3 8 64 16 38 2 4 91 124 109
2055 4 8 124 25 56 76 48 22 79 93
2055 5 8 82 47 22 61 125 34 8 13
2055 6 8 83 30 42 52 56 105 8 110
2055 7 8 60 50 98 49 51 39 110 3
2055 8 8 36 84 109 46 103 127 116 59
2055 9 8 117 9 65 110 45 8 127 1
2055 10 8 113 61 112 108 23 39 105 56
2055 11 8 9 67 61 8 98 26 125 127
2055 12 8 97 15 104 9 12 116 71 124
2055 13 8 23 98 21 6 64 28 16 73
2055 14 8 79 48 8 90 73 88 52 17
2055 15 8 103 85 61 10 18 76 23 95
2055 16 8 124 73 55 45 7 17 19 65
2055 17 8 69 48 99 97 13 72 73 117
2055 18 8 83 30 8 56 105 86 34 42
2055 19 8 60 49 98 50 115 3 28 39
2055 20 8 36 84 127 116 121 46 43 103
2055 21 8 117 9 65 110 45 112 127 22
2055 22 8 53 108 61 105 113 112 13 73
2055 23 8 61 49 89 24 0 122 37 29
2055 24 8 9 104 15 99 97 116 12 115
2055 25 8 98 6 23 21 28 64 16 15
2055 26 8 79 90 48 8 11 111 58 0
2055 27 8 61 103 85 10 56 76 23 35
2055 28 8 124 73 55 15 41 19 8 52
2055 29 8 69 97 48 127 116 117 19 103
2055 30 8 105 56 30 90 86 8 83 74
2055 31 8 60 49 103 28 98 115 50 63
2055 32 8 36 109 121 84 43 126 127 42
2055 33 8 117 9 45 110 112 65 12 104
2055 34 8 105 53 61 123 113 108 45 86
2055 35 8 67 61 24 122 49 0 89 98
2055 36 8 99 9 15 97 119 63 58 114
2055 37 8 98 23 16 6 28 21 115 64
2055 38 8 79 48 90 0 8 52 107 88
2055 39 8 23 103 76 87 61 85 18 10
2055 40 8 124 73 8 55 41 17 45 36
2055 41 8 69 48 19 127 72 49 102 112
2055 42 8 64 37 31 7 32 94 36 5
2055 43 8 102 77 88 45 81 30 43 79
2055 44 8 53 73 92 0 121 68 79 63
2055 45 8 1 111 84 34 103 94 7 32
2055 46 8 31 114 8 119 75 67 83 44
2055 47 8 117 32 9 73 34 63 124 111
11 0 8 44 26 65 59 93 47 66 118
11 1 8 23 50 58 94 124 37 26 95
11 2 8 84 88 93 54 127 87 40 107
11 3 8 2 39 82 124 16 29 38 64
11 4 8 124 56 25 48 106 93 50 23
11 5 8 82 47 22 12 8 107 74 13
11 6 8 30 56 74 90 25 94 42 32
11 7 8 60 28 98 3 115 50 39 104
11 8 8 109 42 36 127 126 59 43 46
11 9 8 45 65 117 112 14 12 34 39
11 10 8 23 83 113 37 123 108 88 16
11 11 8 67 9 127 0 8 98 34 101
11 12 8 104 9 114 12 58 119 68 115
11 13 8 98 21 23 16 65 99 64 115
11 14 8 0 58 20 79 8 52 39 90
11 15 8 76 4 103 35 61 23 18 3
11 16 8 19 124 55 41 93 15 73 67
11 17 8 116 69 127 72 97 117 48 100
11 18 8 90 32 27 74 30 94 59 86
11 19 8 28 115 81 103 34 98 19 68
11 20 8 126 43 7 42 46 49 50 39
11 21 8 112 117 25 12 45 113 62 104
11 22 8 62 119 83 33 45 13 101 39
11 23 8 122 0 67 126 29 101 51 34
11 24 8 58 30 76 119 124 115 104 9
11 25 8 115 65 99 107 125 104 23 76
11 26 8 0 111 58 20 90 39 30 52
11 27 8 76 23 3 35 56 61 48 6
11 28 8 41 19 93 124 60 15 85 55
11 29 8 116 127 72 117 100 69 103 48
11 30 8 90 74 94 59 32 20 70 30
11 31 8 28 97 19 81 103 68 115 42
11 32 8 50 42 7 126 109 9 43 127
11 33 8 117 12 112 45 25 104 119 102
11 34 8 13 123 45 83 108 88 66 73
11 35 8 122 4 67 0 90 89 79 121
11 36 8 114 9 119 99 107 15 30 92
11 37 8 15 6 23 16 98 28 58 82
11 38 8 20 48 0 90 10 17 111 28
11 39 8 23 85 103 101 76 61 4 3
11 40 8 124 8 41 73 105 20 93 19
11 41 8 69 72 19 48 127 42 97 53
11 42 8 64 39 94 31 7 93 32 101
11 43 8 77 88 102 45 79 40 43 81
11 44 8 53 92 73 0 121 68 79 43
11 45 8 1 111 34 103 84 32 7 94
11 46 8 114 8 31 119 75 83 4 67
11 47 8 117 9 73 32 34 63 124 47
369 0 8 93 31 21 69 120 53 54 9
369 1 8 23 124 19 83 6 58 77 72
369 2 8 7 117 116 47 68 10 9 72
369 3 8 64 60 2 112 29 16 38 111
369 4 8 56 111 124 25 107 48 44 110
369 5 8 82 2 108 47 102 12 22 8
369 6 8 30 94 25 42 27 34 8 56
369 7 8 72 98 28 103 115 60 3 16
369 8 8 28 36 109 127 59 42 43 46
369 9 8 65 45 117 112 48 14 12 95
369 10 8 123 88 83 113 23 36 13 45
369 11 8 58 67 13 9 127 0 98 125
369 12 8 114 104 71 69 119 9 124 97
369 13 8 98 23 21 121 55 64 16 77
369 14 8 121 8 58 0 28 118 90 11
369 15 8 76 4 18 61 3 35 23 13
369 16 8 121 19 73 20 124 15 41 55
369 17 8 45 116 97 14 103 69 20 73
369 18 8 90 30 86 74 94 32 27 59
369 19 8 28 72 98 115 34 68 103 60
369 20 8 28 36 43 46 126 7 42 127
369 21 8 45 117 112 65 48 25 12 118
369 22 8 123 83 88 108 53 113 86 13
369 23 8 58 0 67 89 122 13 47 111
369 24 8 114 124 104 9 69 119 115 52
369 25 8 98 55 77 107 121 79 23 99
369 26 8 121 0 111 28 58 8 11 90
369 27 8 3 76 23 14 35 115 61 18
369 28 8 121 19 41 85 20 73 124 84
369 29 8 45 116 97 127 14 102 28 23
369 30 8 90 74 94 59 32 70 86 39
369 31 8 28 72 68 103 30 81 56 115
369 32 8 28 36 7 126 42 37 43 127
369 33 8 12 65 117 25 45 112 48 104
369 34 8 88 123 45 14 83 113 86 74
369 35 8 58 13 0 111 89 122 67 20
369 36 8 69 114 119 124 9 36 120 104
369 37 8 98 82 79 121 23 55 77 115
369 38 8 121 0 28 90 118 84 58 88
369 39 8 23 13 4 76 3 115 18 35
369 40 8 121 20 41 124 114 36 43 73
369 41 8 45 97 14 127 20 102 28 117
369 42 8 65 101 119 93 94 36 5 75
369 43 8 38 45 4 102 79 117 21 40
369 44 8 92 71 68 79 121 113 54 43
369 45 8 1 111 34 84 127 7 32 103
369 46 8 74 114 8 31 83 67 119 75
369 47 8 117 34 47 9 32 123 55 63
3110 0 8 77 41 62 125 23 116 19 29
3110 1 8 23 58 116 53 60 6 3 95
3110 2 8 8 54 87 9 68 100 47 53
3110 3 8 64 112 2 16 38 29 106 91
3110 4 8 124 25 56 22 118 48 76 104
3110 5 8 82 47 22 34 13 126 108 103
3110 6 8 30 8 56 52 42 34 83 80
3110 7 8 98 3 60 51 16 95 39 50
3110 8 8 36 127 46 116 35 14 109 59
3110 9 8 45 117 65 114 112 8 9 96
3110 10 8 83 113 73 123 53 13 108 112
3110 11 8 67 127 8 9 26 125 0 115
3110 12 8 104 118 71 97 9 107 116 12
3110 13 8 98 16 21 102 64 6 23 77
3110 14 8 8 79 11 90 111 88 0 48
3110 15 8 23 103 61 18 10 87 3 76
3110 16 8 111 73 55 124 19 17 8 6
3110 17 8 69 48 53 99 97 116 72 105
3110 18 8 30 56 8 86 34 83 12 59
3110 19 8 98 60 16 95 3 28 115 39
3110 20 8 36 116 35 127 46 14 42 103
3110 21 8 45 117 65 114 96 9 112 111
3110 22 8 53 83 123 13 113 73 108 30
3110 23 8 89 0 67 37 127 26 61 122
3110 24 8 104 9 97 118 71 116 56 115
3110 25 8 98 21 6 16 64 32 23 77
3110 26 8 11 90 79 111 48 0 8 88
3110 27 8 23 10 103 87 85 76 61 18
3110 28 8 124 111 73 55 41 19 8 15
3110 29 8 69 116 48 97 45 1 103 127
3110 30 8 56 105 8 30 90 74 86 94
3110 31 8 49 60 95 98 28 16 103 63
3110 32 8 36 84 127 121 116 42 109 43
3110 33 8 117 45 9 110 65 114 12 112
3110 34 8 123 53 105 13 61 113 83 73
3110 35 8 67 89 61 49 24 0 122 26
3110 36 8 99 9 107 118 97 119 15 116
3110 37 8 16 98 6 21 28 23 102 79
3110 38 8 79 48 8 90 111 0 88 52
3110 39 8 23 87 76 103 18 10 61 6
3110 40 8 111 73 8 124 41 55 45 105
3110 41 8 69 53 48 103 127 17 102 19
3110 42 8 64 31 114 94 119 32 115 37
3110 43 8 30 38 45 77 102 88 46 75
3110 44 8 73 53 92 79 63 121 13 94
3110 45 8 1 34 7 94 19 84 127 85
3110 46 8 122 119 83 74 4 102 38 97
3110 47 8 79 54 82 44 114 55 99 103
11 0 8 26 44 65 59 70 114 73 66
11 1 8 23 50 58 94 124 34 26 42
11 2 8 84 87 88 54 49 100 18 93
11 3 8 2 39 64 29 82 66 112 108
11 4 8 56 124 25 118 23 53 50 106
11 5 8 82 47 107 102 12 22 42 51
11 6 8 30 86 123 90 32 94 27 74
11 7 8 103 30 28 95 81 60 115 42
11 8 8 109 126 49 42 7 107 43 59
11 9 8 45 112 117 88 12 39 104 30
11 10 8 83 123 86 23 45 13 104 37
11 11 8 67 34 0 9 51 44 126 127
11 12 8 119 68 9 110 76 114 29 104
11 13 8 99 16 115 21 65 98 107 121
11 14 8 0 58 118 20 79 25 52 111
11 15 8 76 103 4 3 23 61 46 18
11 16 8 19 55 41 124 73 93 114 80
11 17 8 97 116 127 69 100 48 92 91
11 18 8 90 94 32 27 74 70 86 20
11 19 8 28 115 30 81 68 19 103 97
11 20 8 126 7 42 49 43 46 50 21
11 21 8 112 12 117 45 25 62 120 104
11 22 8 83 13 123 45 86 101 2 33
11 23 8 67 0 47 126 90 101 34 122
11 24 8 119 9 68 76 115 124 104 110
11 25 8 107 121 65 55 98 64 115 125
11 26 8 0 111 20 58 28 79 118 25
11 27 8 3 23 76 61 103 14 4 58
11 28 8 41 93 19 55 124 121 85 73
11 29 8 116 127 97 48 69 100 45 23
11 30 8 90 74 94 59 20 32 70 86
11 31 8 28 19 81 115 63 44 103 68
11 32 8 109 7 42 126 50 43 127 68
11 33 8 117 25 12 45 112 48 68 104
11 34 8 13 123 83 66 88 73 45 14
11 35 8 67 122 90 0 89 26 79 47
11 36 8 119 9 114 107 104 120 68 99
11 37 8 6 15 16 121 55 28 79 98
11 38 8 20 0 28 10 48 90 118 79
11 39 8 23 85 76 4 103 3 61 115
11 40 8 41 8 124 105 20 93 73 19
11 41 8 97 127 69 19 48 42 72 90
11 42 8 94 64 119 39 101 93 29 21
11 43 8 45 102 88 40 77 79 4 21
11 44 8 92 68 53 121 0 73 63 71
11 45 8 1 111 34 84 103 19 7 115
11 46 8 4 114 119 67 83 8 31 75
11 47 8 117 34 9 32 73 47 123 63
304 0 8 93 69 107 120 31 21 53 80
304 1 8 23 60 83 6 42 113 39 91
304 2 8 117 68 116 123 47 125 67 66
304 3 8 64 106 112 2 16 29 10 39
304 4 8 102 56 111 25 50 124 48 79
304 5 8 82 2 108 47 12 102 22 95
304 6 8 30 43 86 34 90 94 85 74
304 7 8 72 28 98 39 115 81 103 30
304 8 8 28 127 36 42 99 43 109 46
304 9 8 45 117 105 65 112 12 39 96
304 10 8 123 83 88 13 23 113 14 66
304 11 8 58 67 13 9 0 94 34 121
304 12 8 114 71 69 104 119 68 9 120
304 13 8 121 98 55 21 16 64 77 117
304 14 8 28 84 90 58 118 0 101 8
304 15 8 34 3 4 100 76 18 23 61
304 16 8 121 73 20 19 41 43 55 80
304 17 8 30 97 45 116 14 103 102 53
304 18 8 86 30 90 74 94 8 59 32
304 19 8 28 72 98 115 95 60 81 63
304 20 8 28 36 127 42 99 43 46 7
304 21 8 117 45 65 48 105 112 25 12
304 22 8 123 83 88 13 14 53 113 108
304 23 8 58 0 47 89 13 67 122 90
304 24 8 114 9 104 69 68 124 119 120
304 25 8 55 121 98 107 64 79 77 65
304 26 8 28 0 111 58 84 90 101 8
304 27 8 3 34 100 23 14 4 76 58
304 28 8 41 121 19 20 43 93 85 73
304 29 8 116 45 97 30 127 102 14 100
304 30 8 90 74 94 32 59 20 39 86
304 31 8 28 72 68 44 63 19 115 81
304 32 8 42 28 126 7 127 43 37 99
304 33 8 25 12 117 105 45 48 65 112
304 34 8 123 88 83 14 13 53 45 66
304 35 8 58 13 0 47 67 89 111 122
304 36 8 69 119 114 68 104 120 9 36
304 37 8 79 121 55 99 98 82 107 65
304 38 8 28 0 84 101 10 58 111 90
304 39 8 34 100 23 4 3 76 18 14
304 40 8 121 41 20 43 19 105 124 93
304 41 8 30 45 97 14 127 116 90 102
304 42 8 119 101 94 93 7 65 5 29
304 43 8 45 4 102 79 40 86 21 81
304 44 8 92 71 68 121 79 63 91 98
304 45 8 1 111 34 84 7 19 103 70
304 46 8 67 114 4 8 75 83 31 119
304 47 8 117 34 47 123 9 88 32 55
264 0 8 106 27 110 50 101 48 49 78
264 1 8 99 60 75 39 23 91 37 46
264 2 8 45 122 68 92 126 7 123 10
264 3 8 94 106 64 71 32 3 87 12
264 4 8 56 102 111 82 95 34 124 50
264 5 8 51 105 108 12 74 2 85 95
264 6 8 86 90 32 94 27 74 70 20
264 7 8 72 28 115 103 30 67 95 81
264 8 8 2 28 43 126 42 99 7 107
264 9 8 45 112 117 105 12 65 48 51
264 10 8 83 123 88 13 23 14 54 66
264 11 8 94 13 58 67 0 111 51 9
264 12 8 68 114 119 120 104 9 71 69
264 13 8 12 66 99 119 55 113 64 97
264 14 8 96 118 105 0 58 84 71 22
264 15 8 3 4 100 76 34 61 15 18
264 16 8 51 121 19 43 41 85 80 52
264 17 8 66 116 30 2 35 45 127 102
264 18 8 90 94 74 86 32 59 20 70
264 19 8 28 115 81 72 19 63 68 44
264 20 8 2 42 28 126 7 43 127 46
264 21 8 117 45 48 112 12 25 65 43
264 22 8 83 123 13 88 14 86 45 20
264 23 8 47 111 90 0 94 58 67 13
264 24 8 114 68 9 119 104 120 115 124
264 25 8 12 55 107 66 64 113 79 77
264 26 8 0 105 111 118 96 84 58 108
264 27 8 3 23 4 100 14 76 34 58
264 28 8 41 51 19 121 93 43 85 105
264 29 8 116 66 35 2 127 30 45 126
264 30 8 90 74 94 32 59 20 70 39
264 31 8 28 19 68 63 44 115 81 30
264 32 8 2 42 126 7 28 50 43 127
264 33 8 25 12 117 45 105 48 112 66
264 34 8 83 88 123 14 13 66 45 2
264 35 8 47 94 13 67 111 58 90 0
264 36 8 119 69 68 114 9 104 120 36
264 37 8 12 66 99 113 79 107 82 55
264 38 8 105 0 96 10 58 84 118 111
264 39 8 100 4 34 76 23 115 3 61
264 40 8 41 51 121 43 93 19 85 105
264 41 8 2 66 30 35 127 45 90 126
264 42 8 93 98 119 94 102 18 29 5
264 43 8 45 102 79 81 40 21 6 86
264 44 8 92 68 48 121 79 63 91 20
264 45 8 1 111 34 84 70 7 19 115
264 46 8 4 114 8 119 83 31 75 44
264 47 8 47 123 36 120 88 9 63 66
64074 0 8 77 67 64 82 3 68 36 79
64074 1 8 99 90 114 48 71 101 75 68
64074 2 8 121 71 90 74 70 23 120 73
64074 3 8 24 77 43 106 79 97 12 37
64074 4 8 5 82 84 54 87 93 12 6
64074 5 8 12 115 65 30 0 56 15 122
64074 6 8 103 55 70 90 18 94 59 76
64074 7 8 28 81 55 103 115 42 19 67
64074 8 8 4 7 94 107 43 50 42 117
64074 9 8 25 112 40 39 88 120 119 12
64074 10 8 124 33 13 82 51 41 45 37
64074 11 8 51 97 34 44 0 73 114 41
64074 12 8 103 110 119 29 114 67 74 49
64074 13 8 89 127 12 120 49 115 1 102
64074 14 8 87 0 71 31 111 46 64 25
64074 15 8 76 46 61 54 96 126 27 106
64074 16 8 93 13 115 19 41 100 109 23
64074 17 8 92 116 100 66 118 35 36 23
64074 18 8 103 90 94 55 27 70 32 59
64074 19 8 28 81 115 19 103 55 63 30
64074 20 8 94 50 7 126 43 4 42 107
64074 21 8 112 25 40 39 12 62 119 28
64074 22 8 124 82 13 2 119 45 41 33
64074 23 8 97 51 18 73 34 100 101 114
64074 24 8 103 25 119 32 110 114 127 38
64074 25 8 127 89 62 120 12 57 27 49
64074 26 8 71 87 0 111 15 60 31 64
64074 27 8 46 76 126 61 31 89 54 125
64074 28 8 93 13 41 100 109 19 115 111
64074 29 8 92 100 116 36 127 66 30 26
64074 30 8 90 103 32 74 94 55 59 27
64074 31 8 28 81 19 97 115 63 103 68
64074 32 8 94 50 7 42 4 126 43 127
64074 33 8 25 40 39 12 82 117 112 7
64074 34 8 124 82 13 71 41 33 9 43
64074 35 8 18 51 97 73 94 25 30 34
64074 36 8 119 103 29 25 127 112 32 110
64074 37 8 127 120 12 89 49 62 102 1
64074 38 8 87 0 64 31 71 73 16 22
64074 39 8 46 100 27 126 14 106 89 77
64074 40 8 41 13 109 93 100 19 51 111
64074 41 8 116 92 100 127 30 66 35 118
64074 42 8 94 86 98 106 119 18 29 8
64074 43 8 16 45 102 79 40 86 21 20
64074 44 8 68 92 79 121 91 23 119 43
64074 45 8 1 34 111 84 7 21 26 19
64074 46 8 4 51 83 8 114 119 31 102
64074 47 8 26 21 15 120 9 121 82 63
29728 0 8 112 64 67 68 86 79 91 36
29728 1 8 38 36 104 113 52 101 20 17
29728 2 8 49 74 23 71 60 44 5 4
29728 3 8 73 3 43 71 123 29 108 94
29728 4 8 5 6 127 93 82 84 37 54
29728 5 8 12 115 46 35 0 65 63 95
29728 6 8 103 70 90 59 111 94 32 74
29728 7 8 28 81 115 19 55 30 63 15
29728 8 8 50 7 94 37 42 43 4 10
29728 9 8 25 112 40 12 106 39 34 51
29728 10 8 13 82 124 10 41 33 95 92
29728 11 8 51 55 97 34 0 100 22 36
29728 12 8 119 14 115 103 109 111 32 110
29728 13 8 1 127 89 27 12 120 112 57
29728 14 8 87 0 60 71 31 111 102 15
29728 15 8 125 76 61 14 89 31 48 126
29728 16 8 93 19 94 115 41 13 85 100
29728 17 8 116 92 100 26 66 23 118 105
29728 18 8 90 103 59 74 94 32 70 27
29728 19 8 28 81 115 19 67 68 30 55
29728 20 8 94 50 43 42 7 126 127 20
29728 21 8 25 112 40 35 12 102 6 68
29728 22 8 82 124 13 2 41 95 103 5
29728 23 8 97 55 42 0 22 51 100 94
29728 24 8 103 14 25 0 119 127 111 32
29728 25 8 127 112 27 57 1 89 93 120
29728 26 8 87 0 15 71 111 30 60 31
29728 27 8 125 58 89 48 61 76 126 54
29728 28 8 93 19 41 94 13 100 115 85
29728 29 8 100 92 116 73 26 105 30 66
29728 30 8 90 74 103 59 94 32 70 118
29728 31 8 28 81 19 115 56 100 9 44
29728 32 8 50 94 7 42 10 43 127 4
29728 33 8 25 106 40 12 117 82 39 23
29728 34 8 82 71 41 124 9 13 10 2
29728 35 8 51 55 34 81 22 97 94 73
29728 36 8 119 127 14 111 32 92 25 17
29728 37 8 1 89 127 120 112 93 27 12
29728 38 8 87 0 31 49 15 16 92 102
29728 39 8 125 89 27 14 77 46 126 100
29728 40 8 93 94 100 41 13 109 19 4
29728 41 8 100 116 92 26 122 30 49 6
29728 42 8 106 94 86 98 119 70 66 30
29728 43 8 16 45 80 91 102 72 75 86
29728 44 8 119 79 72 68 92 121 15 11
29728 45 8 1 26 34 7 21 89 84 3
29728 46 8 51 4 102 83 119 122 14 75
29728 47 8 21 26 121 30 15 82 120 58
3922 0 8 112 122 105 95 23 125 91 86
3922 1 8 38 101 40 13 36 29 67 104
3922 2 8 49 76 23 44 60 71 5 126
3922 3 8 70 3 32 43 106 92 73 24
3922 4 8 5 127 27 84 6 82 93 1
3922 5 8 12 115 87 46 10 108 35 0
3922 6 8 103 90 70 59 32 118 18 74
3922 7 8 28 81 55 115 19 103 67 30
3922 8 8 50 43 94 7 127 20 10 42
3922 9 8 25 112 40 39 41 51 12 106
3922 10 8 13 82 124 10 88 109 95 51
3922 11 8 51 94 122 34 55 0 42 111
3922 12 8 103 109 0 119 14 38 115 110
3922 13 8 57 12 109 41 1 123 62 89
3922 14 8 87 111 71 18 60 0 15 31
3922 15 8 126 76 20 61 54 48 6 111
3922 16 8 93 44 108 19 77 41 94 110
3922 17 8 0 26 116 100 64 63 30 1
3922 18 8 103 90 27 32 59 94 74 70
3922 19 8 28 81 19 115 98 67 63 55
3922 20 8 50 94 43 42 127 7 126 2
3922 21 8 117 25 112 35 40 102 68 7
3922 22 8 13 82 124 88 2 95 53 109
3922 23 8 97 42 122 94 51 16 0 111
3922 24 8 38 0 103 114 25 32 9 52
3922 25 8 109 123 57 12 62 41 64 89
3922 26 8 111 60 71 18 15 0 87 102
3922 27 8 126 20 61 76 6 54 125 14
3922 28 8 93 44 108 77 110 19 41 94
3922 29 8 26 0 65 64 116 36 100 92
3922 30 8 118 103 30 56 74 90 32 86
3922 31 8 50 19 28 98 100 103 60 44
3922 32 8 50 94 20 127 43 2 35 44
3922 33 8 35 117 41 40 106 7 25 102
3922 34 8 13 124 82 88 95 2 39 109
3922 35 8 97 94 42 73 55 111 16 122
3922 36 8 103 0 25 38 9 14 7 52
3922 37 8 57 41 62 123 109 12 16 127
3922 38 8 87 60 71 111 18 102 0 52
3922 39 8 20 126 76 61 107 18 100 60
3922 40 8 93 108 44 77 110 55 41 29
3922 41 8 36 26 64 122 65 63 48 30
3922 42 8 90 49 126 24 106 64 77 59
3922 43 8 121 30 45 102 125 75 56 49
3922 44 8 110 13 92 11 121 73 79 80
3922 45 8 1 5 7 26 47 84 34 83
3922 46 8 71 10 124 83 119 123 45 82
3922 47 8 127 31 15 82 121 21 11 90
320 0 8 107 113 26 119 100 72 70 31
320 1 8 94 35 70 18 106 127 104 37
320 2 8 75 87 53 88 93 111 67 123
320 3 8 89 31 6 16 3 32 124 123
320 4 8 79 85 124 93 106 30 118 127
320 5 8 42 12 108 33 35 41 8 74
320 6 8 56 74 59 86 94 34 82 90
320 7 8 8 28 123 3 44 115 81 9
320 8 8 127 50 2 99 42 116 43 10
320 9 8 117 25 111 66 68 106 59 125
320 10 8 73 13 88 83 53 16 2 82
320 11 8 26 90 51 104 94 122 111 9
320 12 8 104 9 127 109 111 71 114 36
320 13 8 47 64 12 6 79 127 1 32
320 14 8 125 111 73 87 71 90 15 121
320 15 8 126 3 15 38 111 61 125 16
320 16 8 93 108 19 84 8 124 17 105
320 17 8 59 72 26 42 116 99 53 1
320 18 8 56 8 25 83 32 30 74 90
320 19 8 3 8 28 9 98 123 75 100
320 20 8 50 127 116 42 35 2 90 43
320 21 8 117 25 102 111 66 7 23 112
320 22 8 13 73 53 2 40 20 88 103
320 23 8 26 94 122 79 99 37 104 51
320 24 8 9 34 114 127 109 30 60 111
320 25 8 47 12 64 6 125 79 43 1
320 26 8 125 111 90 88 107 30 87 48
320 27 8 6 61 85 10 16 14 18 125
320 28 8 93 8 41 124 19 84 105 97
320 29 8 59 42 53 69 26 99 116 100
320 30 8 56 34 30 105 25 74 58 32
320 31 8 8 100 19 123 28 44 56 9
320 32 8 50 127 99 35 84 42 121 2
320 33 8 117 25 7 96 111 68 9 102
320 34 8 73 13 16 2 94 88 57 61
320 35 8 26 49 79 104 99 90 94 61
320 36 8 9 127 107 99 15 34 36 111
320 37 8 47 6 79 93 28 32 15 12
320 38 8 125 87 48 107 0 20 49 10
320 39 8 61 85 89 101 58 40 10 48
320 40 8 93 105 124 8 41 108 85 65
320 41 8 59 72 53 42 90 69 19 80
320 42 8 39 92 21 94 64 119 29 30
320 43 8 46 45 41 102 88 77 86 40
320 44 8 53 64 92 91 63 121 96 79
320 45 8 1 101 19 34 7 84 32 85
320 46 8 4 119 11 83 54 123 3 102
320 47 8 2 73 125 39 101 20 42 65
49 0 8 49 72 78 75 32 6 58 19
49 1 8 28 35 101 36 122 6 19 59
49 2 8 2 71 111 107 46 102 5 60
49 3 8 103 3 43 37 74 24 53 87
49 4 8 82 54 37 30 84 53 93 12
49 5 8 12 8 74 95 65 64 103 63
49 6 8 90 94 70 32 76 39 59 27
49 7 8 28 115 81 30 9 42 3 68
49 8 8 127 7 42 116 38 50 98 126
49 9 8 25 112 12 64 10 7 96 117
49 10 8 53 13 86 78 55 69 51 33
49 11 8 0 51 122 7 125 53 89 23
49 12 8 56 119 9 114 115 14 74 49
49 13 8 65 40 42 23 91 115 58 125
49 14 8 0 52 111 58 39 90 71 107
49 15 8 76 18 61 56 35 3 10 80
49 16 8 19 41 50 115 93 85 55 80
49 17 8 116 117 35 103 127 92 100 102
49 18 8 90 30 110 74 32 94 85 86
49 19 8 28 98 34 115 81 68 19 103
49 20 8 43 42 106 126 7 46 103 59
49 21 8 112 117 127 12 113 25 102 118
49 22 8 83 62 108 39 119 5 45 13
49 23 8 67 0 122 101 21 125 29 28
49 24 8 58 104 124 63 115 9 74 30
49 25 8 65 99 107 76 125 104 77 27
49 26 8 0 58 111 90 10 8 39 52
49 27 8 35 56 23 76 18 61 3 48
49 28 8 19 41 50 93 60 15 85 121
49 29 8 72 116 117 103 127 39 90 26
49 30 8 90 74 32 110 94 30 59 70
49 31 8 28 98 81 103 97 115 42 68
49 32 8 9 43 7 42 126 116 46 106
49 33 8 112 117 12 113 102 127 33 83
49 34 8 108 119 7 86 5 33 88 39
49 35 8 0 4 78 114 111 28 21 34
49 36 8 58 119 124 92 95 74 43 115
49 37 8 20 61 104 115 76 52 83 27
49 38 8 125 0 92 33 90 16 78 30
49 39 8 80 0 25 11 75 48 104 87
49 40 8 82 41 93 42 35 105 100 19
49 41 8 39 99 59 92 88 73 105 116
49 42 8 94 92 111 4 112 106 33 21
49 43 8 82 45 41 46 86 102 20 21
49 44 8 91 96 62 64 92 63 11 59
49 45 8 1 19 7 48 34 90 88 56
49 46 8 4 79 54 26 43 3 119 35
49 47 8 61 42 39 0 53 17 124 80
9745 0 8 89 111 4 101 33 6 46 24
9745 1 8 56 104 101 28 59 36 90 102
9745 2 8 46 60 23 111 5 49 71 74
9745 3 8 24 114 70 43 92 103 3 28
9745 4 8 5 95 84 30 127 82 37 6
9745 5 8 12 115 0 46 35 87 65 10
9745 6 8 103 70 90 94 59 5 32 18
9745 7 8 28 55 81 19 115 103 30 42
9745 8 8 50 94 7 43 10 42 20 49
9745 9 8 25 112 40 39 51 12 88 120
9745 10 8 124 82 51 13 10 33 104 71
9745 11 8 51 97 34 73 100 25 44 0
9745 12 8 103 119 110 0 29 49 109 67
9745 13 8 89 1 57 62 12 112 127 109
9745 14 8 61 71 0 26 85 46 15 45
9745 15 8 126 76 54 61 125 80 46 96
9745 16 8 93 115 44 100 19 28 41 108
9745 17 8 26 0 116 100 92 63 54 118
9745 18 8 103 90 94 70 27 59 32 43
9745 19 8 28 81 19 115 55 7 63 103
9745 20 8 50 94 43 7 42 126 127 54
9745 21 8 112 25 40 7 68 51 12 39
9745 22 8 82 124 13 2 119 71 51 88
9745 23 8 73 97 51 100 34 42 25 55
9745 24 8 103 0 127 4 25 38 119 49
9745 25 8 62 89 57 127 112 1 123 12
9745 26 8 71 15 61 26 0 60 85 18
9745 27 8 80 54 126 76 125 61 20 46
9745 28 8 93 44 41 108 19 28 94 13
9745 29 8 26 92 100 0 116 36 63 59
9745 30 8 103 90 118 32 74 94 27 70
9745 31 8 28 19 81 100 97 123 55 126
9745 32 8 50 94 43 42 20 126 127 7
9745 33 8 40 7 117 25 35 41 112 68
9745 34 8 82 124 71 13 55 95 2 40
9745 35 8 73 97 51 25 42 30 100 94
9745 36 8 119 0 112 103 25 127 29 38
9745 37 8 62 47 127 57 112 89 12 120
9745 38 8 61 85 71 33 0 15 18 46
9745 39 8 80 126 54 61 107 76 20 125
9745 40 8 93 108 44 94 41 77 100 13
9745 41 8 26 63 92 36 0 65 39 64
9745 42 8 106 69 90 24 126 77 33 17
9745 43 8 82 30 122 75 121 47 45 56
9745 44 8 59 11 67 110 94 79 92 49
9745 45 8 23 86 1 7 77 90 26 5
9745 46 8 9 123 122 4 3 51 71 37
9745 47 8 82 44 14 12 42 15 98 58
701 0 8 65 80 99 98 102 100 89 13
701 1 8 50 94 80 18 84 26 2 56
701 2 8 84 88 49 54 111 53 40 47
701 3 8 89 6 31 2 99 36 3 16
701 4 8 25 106 85 124 99 37 93 102
701 5 8 125 108 12 42 61 66 82 75
701 6 8 105 30 56 8 86 83 94 32
701 7 8 50 49 98 28 115 60 103 67
701 8 8 127 84 2 43 109 42 121 107
701 9 8 117 110 112 111 65 66 45 9
701 10 8 13 83 61 88 105 113 108 53
701 11 8 94 122 61 49 9 0 115 98
701 12 8 7 104 9 99 12 97 34 115
701 13 8 16 12 21 64 6 2 28 63
701 14 8 111 20 90 48 73 58 11 71
701 15 8 103 61 60 38 76 85 126 18
701 16 8 108 55 124 73 15 19 60 8
701 17 8 69 48 72 30 97 103 116 127
701 18 8 30 90 56 86 32 105 8 94
701 19 8 50 98 28 60 115 49 39 103
701 20 8 127 84 43 42 126 103 121 68
701 21 8 117 9 110 112 111 127 102 45
701 22 8 13 61 88 105 53 108 39 113
701 23 8 122 61 0 49 24 89 29 101
701 24 8 9 7 99 104 15 115 76 34
701 25 8 16 6 28 21 64 15 2 77
701 26 8 111 20 48 79 90 11 58 0
701 27 8 61 103 60 76 85 56 23 55
701 28 8 124 55 15 41 73 108 8 60
701 29 8 69 97 48 19 127 116 103 42
701 30 8 90 105 30 56 86 32 27 75
701 31 8 50 60 103 28 115 49 63 126
701 32 8 126 127 121 84 43 109 39 103
701 33 8 117 45 110 112 9 12 88 119
701 34 8 108 13 105 61 53 123 39 113
701 35 8 67 61 24 49 122 98 0 89
701 36 8 99 7 9 12 15 119 63 76
701 37 8 16 6 15 28 21 115 76 64
701 38 8 20 0 48 8 52 28 90 118
701 39 8 23 103 85 76 61 4 18 104
701 40 8 124 8 36 55 73 41 20 67
701 41 8 48 69 72 19 127 97 113 42
701 42 8 64 39 31 101 29 7 94 36
701 43 8 40 77 102 88 45 30 79 117
701 44 8 53 92 73 63 68 0 43 121
701 45 8 1 84 111 94 7 34 103 127
701 46 8 67 119 4 31 114 8 83 102
701 47 8 117 32 73 9 34 63 109 124
279 0 8 106 57 14 103 110 74 71 92
279 1 8 9 48 6 50 95 3 42 8
279 2 8 90 122 92 10 84 74 111 100
279 3 8 39 2 29 112 94 85 46 32
279 4 8 50 63 25 23 82 56 108 110
279 5 8 51 105 12 107 82 114 47 65
279 6 8 123 90 94 30 32 86 18 70
279 7 8 28 103 81 50 115 30 60 68
279 8 8 109 7 68 126 107 43 127 54
279 9 8 112 45 32 117 88 12 30 28
279 10 8 23 83 86 123 101 104 108 106
279 11 8 109 34 9 67 106 0 44 75
279 12 8 119 114 68 9 110 12 29 71
279 13 8 66 16 99 21 113 115 65 49
279 14 8 16 105 118 0 58 52 71 90
279 15 8 72 76 4 103 61 56 96 104
279 16 8 119 55 12 41 60 19 36 52
279 17 8 35 2 66 20 116 115 127 113
279 18 8 90 27 111 94 32 19 86 123
279 19 8 28 81 115 103 30 95 63 124
279 20 8 126 49 7 39 43 68 42 107
279 21 8 112 62 45 12 120 28 48 88
279 22 8 101 83 45 123 65 86 14 104
279 23 8 34 47 109 67 126 87 101 10
279 24 8 76 114 115 9 68 119 104 110
279 25 8 66 115 16 21 113 107 55 65
279 26 8 105 118 16 0 25 101 45 52
279 27 8 72 4 61 115 103 104 56 76
279 28 8 119 41 12 55 36 67 15 114
279 29 8 2 35 127 66 20 116 113 91
279 30 8 90 32 27 94 74 19 86 123
279 31 8 28 81 115 103 30 68 63 97
279 32 8 109 126 7 49 39 42 68 43
279 33 8 32 12 48 45 101 112 51 117
279 34 8 86 123 101 83 65 88 104 103
279 35 8 109 67 34 47 126 122 10 44
279 36 8 114 119 120 68 104 9 110 95
279 37 8 66 113 55 99 115 107 16 98
279 38 8 105 16 0 118 58 25 8 96
279 39 8 72 115 4 104 103 61 76 113
279 40 8 119 12 41 43 36 67 55 85
279 41 8 2 35 66 20 127 113 23 28
279 42 8 27 29 93 102 18 94 46 5
279 43 8 29 79 40 102 45 117 6 86
279 44 8 68 63 48 92 20 91 43 21
279 45 8 1 111 84 70 34 7 58 14
279 46 8 4 8 119 114 31 83 115 102
279 47 8 36 120 47 123 88 66 9 59
8177 0 8 67 79 126 3 28 36 68 29
8177 1 8 48 16 101 90 11 99 114 59
8177 2 8 71 90 121 70 119 44 120 68
8177 3 8 24 77 43 112 90 11 126 79
8177 4 8 50 82 87 84 10 5 54 120
8177 5 8 12 115 65 56 100 117 101 16
8177 6 8 70 55 90 18 103 111 94 59
8177 7 8 28 81 55 103 30 46 115 68
8177 8 8 4 7 107 54 20 68 117 126
8177 9 8 40 30 25 112 28 51 32 88
8177 10 8 41 96 86 65 95 124 88 93
8177 11 8 34 97 114 42 44 40 51 50
8177 12 8 114 103 110 119 95 0 115 101
8177 13 8 99 89 127 120 115 113 102 85
8177 14 8 64 46 0 16 71 60 25 45
8177 15 8 46 61 54 72 96 104 76 57
8177 16 8 13 41 19 115 111 52 51 120
8177 17 8 35 92 116 66 46 23 36 115
8177 18 8 103 90 55 111 27 94 70 32
8177 19 8 28 81 115 55 103 124 46 30
8177 20 8 4 126 7 20 94 49 107 42
8177 21 8 40 28 112 62 12 25 120 30
8177 22 8 124 41 110 65 2 96 93 37
8177 23 8 34 97 42 116 18 114 68 78
8177 24 8 103 114 119 25 0 110 95 38
8177 25 8 127 89 57 120 62 27 109 123
8177 26 8 71 25 0 64 60 46 45 16
8177 27 8 46 72 104 126 54 61 37 96
8177 28 8 13 41 85 111 93 19 115 126
8177 29 8 92 23 36 35 116 100 127 115
8177 30 8 90 118 70 32 74 55 111 59
8177 31 8 28 81 55 103 115 30 124 68
8177 32 8 7 4 49 126 117 20 97 43
8177 33 8 40 12 30 32 62 28 51 25
8177 34 8 124 41 88 86 65 111 37 93
8177 35 8 34 18 116 97 114 30 22 50
8177 36 8 119 114 25 103 29 95 110 52
8177 37 8 127 120 89 102 18 45 49 115
8177 38 8 64 87 0 16 25 82 46 73
8177 39 8 46 104 72 54 51 126 37 113
8177 40 8 13 41 100 111 51 67 85 60
8177 41 8 92 23 127 35 113 66 2 116
8177 42 8 8 29 86 94 98 46 77 102
8177 43 8 16 86 40 79 45 102 80 72
8177 44 8 91 63 68 92 72 21 43 23
8177 45 8 1 34 7 111 14 84 21 26
8177 46 8 4 51 119 83 114 8 31 102
8177 47 8 26 21 15 121 120 9 59 114
1584 0 8 112 23 36 105 79 91 30 122
1584 1 8 97 109 29 101 46 38 59 103
1584 2 8 76 71 59 49 24 44 23 126
1584 3 8 40 12 92 70 126 90 43 24
1584 4 8 82 5 27 50 84 54 38 1
1584 5 8 12 48 10 87 65 117 56 115
1584 6 8 70 103 90 111 18 123 118 2
1584 7 8 28 55 81 103 30 115 46 68
1584 8 8 20 7 112 94 49 19 107 126
1584 9 8 51 40 32 112 30 88 28 120
1584 10 8 51 86 95 109 104 65 88 93
1584 11 8 34 42 114 55 44 22 73 51
1584 12 8 103 0 109 101 119 38 110 115
1584 13 8 57 41 99 89 109 115 85 123
1584 14 8 46 71 0 45 18 16 60 87
1584 15 8 20 61 46 104 72 111 54 76
1584 16 8 60 77 44 110 6 29 41 19
1584 17 8 46 64 0 115 116 63 23 54
1584 18 8 103 90 70 111 19 27 94 32
1584 19 8 28 81 55 115 103 124 30 97
1584 20 8 7 20 49 126 112 42 117 94
1584 21 8 40 112 62 12 30 120 51 77
1584 22 8 51 109 88 124 86 111 65 104
1584 23 8 34 42 55 97 22 73 114 64
1584 24 8 0 25 38 103 119 76 110 101
1584 25 8 57 109 123 41 18 89 115 62
1584 26 8 60 71 18 0 46 25 47 87
1584 27 8 20 46 61 104 126 76 54 113
1584 28 8 60 44 110 77 108 41 29 85
1584 29 8 46 64 115 15 52 0 127 36
1584 30 8 118 90 32 19 74 123 27 94
1584 31 8 28 103 115 81 124 50 68 55
1584 32 8 20 126 49 7 117 68 127 39
1584 33 8 40 106 12 112 62 51 32 88
1584 34 8 124 109 65 95 86 23 53 104
1584 35 8 42 55 97 34 126 22 44 98
1584 36 8 0 12 119 103 25 9 52 110
1584 37 8 41 57 16 115 18 64 123 76
1584 38 8 60 71 0 52 47 46 80 25
1584 39 8 60 20 76 61 78 18 90 104
1584 40 8 60 44 110 15 55 108 67 6
1584 41 8 15 64 46 36 115 52 122 113
1584 42 8 49 125 90 7 73 46 59 126
1584 43 8 19 49 12 125 102 40 8 45
1584 44 8 88 45 99 92 13 43 63 23
1584 45 8 1 17 112 46 84 7 5 34
1584 46 8 30 81 39 105 29 83 4 119
1584 47 8 127 95 52 35 111 31 59 9
374 0 8 120 104 16 107 53 111 66 31
374 1 8 107 86 34 42 104 126 33 76
374 2 8 87 14 116 10 7 67 100 120
374 3 8 89 76 13 41 105 91 97 12
374 4 8 0 23 118 74 25 82 77 102
374 5 8 80 107 12 23 82 125 56 122
374 6 8 30 86 123 32 90 111 27 94
374 7 8 87 50 103 28 60 115 81 67
374 8 8 64 127 7 39 68 107 126 58
374 9 8 94 117 45 101 112 30 32 88
374 10 8 83 23 14 101 108 86 13 104
374 11 8 86 9 122 34 106 67 36 98
374 12 8 53 9 12 104 115 76 119 110
374 13 8 44 16 75 21 64 43 107 61
374 14 8 80 73 58 79 118 0 71 111
374 15 8 61 60 76 96 104 56 4 126
374 16 8 60 40 7 15 41 53 19 3
374 17 8 53 15 52 97 113 127 116 115
374 18 8 90 30 86 27 32 9 75 123
374 19 8 28 115 103 87 50 60 81 124
374 20 8 64 127 126 43 68 42 7 39
374 21 8 117 94 112 12 51 45 62 120
374 22 8 14 13 101 108 86 104 45 65
374 23 8 0 122 86 101 126 47 34 79
374 24 8 53 76 9 115 104 110 52 119
374 25 8 44 21 75 64 16 65 79 115
374 26 8 80 79 0 111 118 28 58 8
374 27 8 61 60 4 76 56 104 96 18
374 28 8 60 40 41 7 15 36 19 3
374 29 8 53 127 15 97 52 116 113 117
374 30 8 90 32 86 74 27 94 75 20
374 31 8 28 103 115 60 81 68 124 63
374 32 8 126 64 7 49 127 43 68 42
374 33 8 12 94 117 112 51 101 45 62
374 34 8 101 2 14 108 104 86 65 13
374 35 8 86 67 122 126 98 0 44 34
374 36 8 53 9 119 32 12 76 104 30
374 37 8 44 75 21 115 16 65 64 76
374 38 8 80 0 79 8 58 52 25 118
374 39 8 60 61 76 18 78 56 104 23
374 40 8 40 15 7 60 41 36 67 85
374 41 8 53 52 15 117 127 113 103 85
374 42 8 73 125 37 7 59 94 46 22
374 43 8 102 40 81 43 49 4 117 45
374 44 8 54 37 45 92 63 43 80 21
374 45 8 1 112 46 84 34 7 80 21
374 46 8 82 124 39 105 83 44 119 4
374 47 8 95 35 90 32 34 52 27 9
1075 0 8 93 97 62 2 21 19 111 61
1075 1 8 116 86 83 58 76 23 53 107
1075 2 8 87 8 9 69 117 59 116 54
1075 3 8 26 76 1 16 38 105 90 106
1075 4 8 118 0 91 22 77 74 25 82
1075 5 8 82 80 126 34 111 22 12 2
1075 6 8 86 30 123 42 110 75 85 27
1075 7 8 60 103 28 95 115 50 98 87
1075 8 8 64 127 39 99 103 27 2 42
1075 9 8 117 45 48 22 94 101 33 127
1075 10 8 83 108 80 14 2 13 16 23
1075 11 8 86 58 67 98 34 127 0 101
1075 12 8 9 118 53 60 12 97 104 32
1075 13 8 44 75 21 64 24 121 102 79
1075 14 8 111 28 79 8 0 118 58 88
1075 15 8 61 87 4 23 60 56 18 76
1075 16 8 4 40 60 41 20 52 43 121
1075 17 8 53 97 127 85 45 117 14 15
1075 18 8 86 30 90 13 75 94 32 27
1075 19 8 60 115 28 103 50 95 68 63
1075 20 8 64 127 126 39 68 42 15 43
1075 21 8 117 45 94 48 12 112 22 33
1075 22 8 108 13 14 80 2 101 113 86
1075 23 8 86 101 47 122 0 98 79 89
1075 24 8 9 53 76 118 60 104 12 115
1075 25 8 44 21 75 79 121 64 102 55
1075 26 8 111 28 79 0 8 99 118 11
1075 27 8 61 4 87 76 18 23 56 104
1075 28 8 4 41 43 40 52 20 85 123
1075 29 8 53 97 127 116 45 85 20 47
1075 30 8 90 86 74 32 94 13 20 30
1075 31 8 60 115 103 126 28 63 68 70
1075 32 8 64 126 127 39 107 68 42 43
1075 33 8 117 12 45 48 33 112 62 94
1075 34 8 2 13 101 14 83 80 86 108
1075 35 8 67 86 58 122 0 47 8 101
1075 36 8 32 9 76 104 118 53 119 68
1075 37 8 44 121 24 75 65 79 99 102
1075 38 8 0 28 79 111 10 118 58 25
1075 39 8 4 23 18 87 104 61 76 115
1075 40 8 4 41 20 36 40 67 121 85
1075 41 8 97 53 45 127 117 14 113 85
1075 42 8 101 73 94 75 37 65 22 7
1075 43 8 102 4 40 79 45 81 117 21
1075 44 8 92 54 71 63 43 72 68 121
1075 45 8 1 34 7 84 111 21 127 19
1075 46 8 67 83 119 31 102 114 8 82
1075 47 8 34 117 32 9 63 27 104 126
279 0 8 106 57 127 118 103 110 48 14
279 1 8 48 116 9 20 62 44 91 126
279 2 8 90 122 87 69 7 70 59 92
279 3 8 76 26 94 37 39 10 64 90
279 4 8 118 63 0 77 82 23 111 54
279 5 8 51 105 12 70 102 122 126 82
279 6 8 86 30 90 123 94 111 32 27
279 7 8 103 60 28 115 95 81 30 68
279 8 8 28 7 49 126 99 127 107 64
279 9 8 45 117 48 32 30 51 101 28
279 10 8 83 2 23 86 14 80 123 13
279 11 8 109 67 47 34 86 10 75 79
279 12 8 60 9 68 32 115 119 76 124
279 13 8 66 113 44 99 55 107 65 79
279 14 8 16 105 111 118 0 25 58 10
279 15 8 4 61 23 104 96 90 3 115
279 16 8 4 119 12 43 41 53 79 52
279 17 8 2 35 53 47 20 116 66 127
279 18 8 86 90 27 94 32 75 70 74
279 19 8 28 115 81 103 124 60 68 63
279 20 8 126 49 127 28 64 7 68 42
279 21 8 48 62 112 32 12 45 117 101
279 22 8 2 101 14 86 80 13 83 123
279 23 8 47 34 101 86 79 109 126 0
279 24 8 9 76 68 60 32 115 119 124
279 25 8 66 44 55 113 79 115 107 65
279 26 8 105 0 25 16 118 99 111 101
279 27 8 4 61 104 90 96 115 113 76
279 28 8 4 41 119 85 43 12 67 79
279 29 8 2 35 127 116 113 20 53 71
279 30 8 90 86 74 94 32 20 27 75
279 31 8 115 28 103 68 63 30 126 124
279 32 8 126 49 7 42 68 39 127 107
279 33 8 12 32 51 62 48 77 30 101
279 34 8 2 86 83 101 14 65 13 80
279 35 8 109 67 47 126 101 0 86 34
279 36 8 32 119 9 68 76 104 60 110
279 37 8 66 99 113 107 65 55 115 79
279 38 8 105 0 16 118 96 10 58 25
279 39 8 4 104 115 61 18 76 113 57
279 40 8 119 4 41 12 43 36 67 85
279 41 8 2 35 66 127 20 90 117 113
279 42 8 27 94 102 93 18 29 73 46
279 43 8 29 79 102 40 45 6 21 117
279 44 8 48 68 92 63 43 20 72 21
279 45 8 1 111 34 7 70 84 21 19
279 46 8 8 119 114 83 31 102 115 4
279 47 8 47 36 123 120 88 9 66 63
5306 0 8 67 77 105 68 17 79 36 28
5306 1 8 48 16 101 90 68 75 114 99
5306 2 8 90 70 74 71 68 44 66 121
5306 3 8 77 73 43 76 90 62 112 79
5306 4 8 82 87 10 54 14 84 34 102
5306 5 8 12 117 71 56 65 122 96 116
5306 6 8 90 86 123 94 70 32 59 74
5306 7 8 28 103 81 115 30 117 67 68
5306 8 8 4 107 126 7 43 68 54 49
5306 9 8 51 112 30 32 28 88 12 77
5306 10 8 41 2 86 95 104 96 13 33
5306 11 8 34 50 101 0 126 16 44 79
5306 12 8 76 32 115 110 25 119 103 9
5306 13 8 102 113 99 115 65 74 107 85
5306 14 8 64 0 58 16 111 101 99 96
5306 15 8 61 76 96 113 104 56 90 77
5306 16 8 13 43 51 109 52 67 19 41
5306 17 8 35 2 66 116 47 61 113 30
5306 18 8 86 90 27 75 32 55 94 19
5306 19 8 28 115 81 103 124 63 68 30
5306 20 8 126 4 43 7 68 46 49 14
5306 21 8 112 62 51 32 12 40 73 28
5306 22 8 2 41 95 104 86 13 96 40
5306 23 8 79 34 50 101 16 104 97 116
5306 24 8 32 76 119 115 25 103 52 124
5306 25 8 18 127 102 113 115 123 109 120
5306 26 8 64 0 99 25 111 73 16 58
5306 27 8 61 46 104 77 96 31 113 90
5306 28 8 13 41 109 43 52 85 79 19
5306 29 8 35 92 2 116 66 127 47 113
5306 30 8 90 74 32 86 94 20 27 75
5306 31 8 28 115 103 63 81 30 68 126
5306 32 8 126 4 7 68 49 43 46 107
5306 33 8 77 12 40 51 33 32 73 112
5306 34 8 41 2 86 33 95 23 124 104
5306 35 8 50 97 18 101 116 0 16 9
5306 36 8 32 119 103 115 25 110 76 9
5306 37 8 102 127 120 65 18 113 45 64
5306 38 8 64 0 58 96 16 73 99 118
5306 39 8 46 77 18 104 61 76 37 4
5306 40 8 41 109 13 51 43 67 52 85
5306 41 8 2 35 66 127 92 113 6 116
5306 42 8 98 18 86 94 102 27 5 29
5306 43 8 16 79 102 40 45 6 87 29
5306 44 8 92 68 72 48 20 63 43 21
5306 45 8 1 111 70 34 7 84 21 80
5306 46 8 8 114 119 31 4 115 102 83
5306 47 8 26 120 47 123 88 66 9 36
1584 0 8 112 79 105 23 91 36 30 19
1584 1 8 103 29 13 25 101 67 14 36
1584 2 8 76 59 71 49 24 44 102 115
1584 3 8 40 12 92 70 43 90 27 62
1584 4 8 82 27 5 84 119 54 10 14
1584 5 8 48 12 117 10 65 87 56 96
1584 6 8 90 123 118 70 18 32 94 86
1584 7 8 28 103 81 55 115 30 104 68
1584 8 8 20 18 7 107 112 49 126 54
1584 9 8 51 30 40 112 77 88 32 28
1584 10 8 2 86 84 109 104 95 51 96
1584 11 8 34 114 55 44 42 101 126 104
1584 12 8 101 115 103 32 110 109 76 38
1584 13 8 41 85 57 109 123 74 99 115
1584 14 8 87 18 0 47 45 46 25 16
1584 15 8 61 20 90 96 104 27 50 46
1584 16 8 77 41 53 29 110 52 6 79
1584 17 8 0 64 115 65 116 63 113 54
1584 18 8 90 86 32 27 74 123 111 94
1584 19 8 115 28 81 103 124 63 126 55
1584 20 8 126 20 127 68 117 42 107 49
1584 21 8 51 40 112 77 12 62 32 35
1584 22 8 2 84 86 95 109 51 13 104
1584 23 8 42 34 101 114 55 22 16 97
1584 24 8 32 119 38 25 76 103 0 110
1584 25 8 109 18 57 123 41 115 89 125
1584 26 8 18 60 47 111 0 71 87 25
1584 27 8 20 61 104 90 46 77 126 31
1584 28 8 44 77 110 29 53 41 85 4
1584 29 8 0 64 65 115 122 63 127 116
1584 30 8 118 90 86 74 32 94 13 27
1584 31 8 115 103 28 60 63 34 126 55
1584 32 8 20 27 126 18 127 68 15 42
1584 33 8 40 35 112 62 51 32 12 106
1584 34 8 2 23 95 109 124 84 13 65
1584 35 8 42 97 9 55 16 22 79 92
1584 36 8 38 0 32 25 103 119 110 9
1584 37 8 41 123 109 57 18 115 95 64
1584 38 8 18 111 47 60 0 52 46 25
1584 39 8 20 90 107 76 18 78 35 61
1584 40 8 77 110 44 29 114 108 6 85
1584 41 8 0 115 64 65 63 122 113 15
1584 42 8 90 49 126 59 73 24 75 7
1584 43 8 49 125 102 47 74 40 8 121
1584 44 8 110 92 23 13 37 80 45 72
1584 45 8 7 76 1 84 112 83 46 47
1584 46 8 1 82 124 10 39 105 83 96
1584 47 8 127 31 15 95 90 121 11 35
13 0 8 65 43 73 98 100 72 1 45
13 1 8 18 94 38 26 127 42 43 104
13 2 8 84 88 38 57 93 40 18 108
13 3 8 6 89 31 124 41 2 76 117
13 4 8 106 124 76 115 85 7 48 44
13 5 8 61 125 66 8 64 22 126 122
13 6 8 83 105 8 56 30 86 42 27
13 7 8 49 103 112 60 115 98 75 28
13 8 8 84 121 127 103 107 65 2 68
13 9 8 117 9 110 51 104 112 125 127
13 10 8 61 105 13 2 113 86 36 64
13 11 8 61 49 24 122 125 0 101 98
13 12 8 15 99 9 12 104 96 32 115
13 13 8 6 28 15 64 23 95 10 118
13 14 8 111 48 20 90 17 0 52 55
13 15 8 85 101 61 76 10 18 103 38
13 16 8 124 8 39 19 73 41 85 4
13 17 8 19 69 42 105 21 116 48 99
13 18 8 105 83 30 56 86 90 8 32
13 19 8 49 112 60 115 98 103 34 28
13 20 8 84 121 127 43 103 65 126 42
13 21 8 9 117 125 110 112 127 12 25
13 22 8 13 105 61 2 56 39 53 62
13 23 8 61 24 49 122 23 29 0 101
13 24 8 99 15 9 115 96 76 34 97
13 25 8 58 6 15 28 23 64 125 118
13 26 8 20 17 48 90 111 0 11 100
13 27 8 101 85 10 103 70 76 61 18
13 28 8 124 8 73 81 39 19 41 55
13 29 8 19 42 69 21 48 1 103 116
13 30 8 105 56 83 30 8 90 32 42
13 31 8 112 49 98 60 100 103 34 28
13 32 8 65 121 84 127 116 43 103 35
13 33 8 125 9 110 117 112 127 102 104
13 34 8 105 56 61 78 13 53 39 112
13 35 8 125 61 24 23 49 122 37 0
13 36 8 99 15 96 63 97 9 79 107
13 37 8 58 15 23 28 6 118 25 115
13 38 8 17 20 90 48 86 8 107 0
13 39 8 85 101 103 23 10 61 70 76
13 40 8 124 8 73 81 17 41 105 45
13 41 8 42 48 19 69 21 127 113 103
13 42 8 64 31 32 114 94 115 36 7
13 43 8 102 45 77 88 40 43 21 46
13 44 8 92 53 73 0 90 91 121 43
13 45 8 1 101 111 34 84 2 7 27
13 46 8 11 31 114 119 8 75 83 34
13 47 8 73 105 57 20 9 63 124 86
1988 0 8 2 63 50 21 103 75 14 34
1988 1 8 23 6 58 26 41 3 42 126
1988 2 8 84 88 8 54 93 53 47 81
1988 3 8 64 16 38 4 124 2 6 39
1988 4 8 25 124 56 76 48 106 22 79
1988 5 8 82 47 61 125 22 126 13 34
1988 6 8 83 30 42 105 52 85 56 8
1988 7 8 95 49 98 60 51 39 103 115
1988 8 8 84 36 103 121 109 127 59 116
1988 9 8 9 127 110 117 65 112 104 1
1988 10 8 39 113 61 64 73 108 105 13
1988 11 8 26 61 9 98 122 49 125 8
1988 12 8 63 15 107 104 97 79 99 116
1988 13 8 6 76 98 23 21 28 64 118
1988 14 8 79 48 111 8 90 10 52 34
1988 15 8 85 103 56 76 95 18 61 10
1988 16 8 124 8 45 73 7 55 19 17
1988 17 8 19 69 48 117 103 97 17 85
1988 18 8 83 30 105 42 8 56 85 110
1988 19 8 95 49 98 60 39 51 34 112
1988 20 8 84 36 103 121 127 116 43 35
1988 21 8 9 127 117 110 65 102 112 125
1988 22 8 13 61 39 105 108 53 113 73
1988 23 8 122 26 61 24 49 29 98 37
1988 24 8 99 15 63 107 97 104 116 9
1988 25 8 76 6 28 98 21 23 64 15
1988 26 8 79 111 48 90 8 10 39 0
1988 27 8 85 103 56 76 95 23 10 6
1988 28 8 124 45 8 55 73 19 84 41
1988 29 8 19 69 103 117 97 48 17 116
1988 30 8 30 105 42 56 85 83 34 110
1988 31 8 95 49 98 60 28 51 103 100
1988 32 8 36 103 121 43 84 109 127 44
1988 33 8 117 127 9 110 102 65 45 112
1988 34 8 113 123 105 61 39 108 53 13
1988 35 8 122 61 49 24 67 37 98 0
1988 36 8 99 63 15 97 9 30 116 74
1988 37 8 76 6 98 23 28 21 10 77
1988 38 8 48 79 90 8 107 88 34 52
1988 39 8 23 103 85 95 56 6 61 76
1988 40 8 124 8 73 45 55 65 17 105
1988 41 8 19 69 48 102 127 112 1 18
1988 42 8 32 64 31 37 115 94 93 7
1988 43 8 77 88 102 45 43 20 40 21
1988 44 8 53 92 73 0 121 68 98 43
1988 45 8 1 111 84 32 19 2 21 27
1988 46 8 114 8 31 119 75 101 83 38
1988 47 8 117 73 9 32 63 124 111 34
1584 0 8 23 62 105 91 112 79 30 36
1584 1 8 90 8 23 68 78 101 29 28
1584 2 8 59 71 24 76 126 119 44 64
1584 3 8 24 112 12 37 29 43 40 90
1584 4 8 50 82 5 54 84 27 21 38
1584 5 8 12 115 56 65 96 10 117 15
1584 6 8 90 118 70 103 94 18 32 27
1584 7 8 28 103 55 81 115 30 42 68
1584 8 8 7 20 49 107 126 112 42 127
1584 9 8 112 40 25 12 30 88 120 77
1584 10 8 41 88 86 124 104 95 45 10
1584 11 8 18 22 122 114 51 44 0 34
1584 12 8 114 26 9 119 103 110 76 43
1584 13 8 76 89 127 120 18 82 115 77
1584 14 8 0 111 60 52 71 112 39 107
1584 15 8 76 61 72 87 18 14 6 56
1584 16 8 19 41 60 13 115 94 55 50
1584 17 8 92 116 46 100 99 36 66 103
1584 18 8 30 118 90 74 32 56 83 42
1584 19 8 98 19 34 39 28 60 115 126
1584 20 8 103 127 42 43 94 35 22 106
1584 21 8 117 112 111 25 7 102 127 47
1584 22 8 82 23 13 119 127 88 62 5
1584 23 8 122 29 0 42 22 1 37 99
1584 24 8 30 26 9 43 49 67 14 34
1584 25 8 18 76 125 127 77 63 91 23
1584 26 8 111 71 90 15 0 107 30 8
1584 27 8 61 126 76 6 89 72 48 16
1584 28 8 93 100 19 41 60 55 94 13
1584 29 8 92 122 103 100 46 116 69 66
1584 30 8 56 74 90 30 103 32 34 87
1584 31 8 28 19 126 60 100 44 39 63
1584 32 8 94 35 42 127 22 43 126 103
1584 33 8 117 47 102 40 25 7 82 112
1584 34 8 23 82 88 41 127 9 13 33
1584 35 8 22 9 18 37 25 0 111 30
1584 36 8 114 9 25 26 28 14 30 43
1584 37 8 18 127 82 76 120 89 61 77
1584 38 8 87 73 0 64 30 92 15 107
1584 39 8 46 77 72 25 87 61 48 89
1584 40 8 100 41 13 93 6 19 94 35
1584 41 8 92 54 122 115 116 81 99 100
1584 42 8 8 94 106 86 77 70 28 112
1584 43 8 45 74 102 80 18 41 16 21
1584 44 8 23 92 79 72 11 63 119 99
1584 45 8 76 1 7 34 19 21 103 26
1584 46 8 4 51 83 96 119 102 28 17
1584 47 8 121 114 21 26 98 15 30 9
27947 0 8 87 124 86 36 30 17 112 66
27947 1 8 52 38 104 32 101 25 63 103
27947 2 8 49 67 71 126 59 76 44 102
27947 3 8 24 126 43 46 12 90 40 70
27947 4 8 82 5 50 54 84 21 1 93
27947 5 8 12 115 0 56 87 65 15 95
27947 6 8 103 90 70 94 27 98 76 18
27947 7 8 28 81 55 103 42 115 30 68
27947 8 8 7 94 112 49 107 42 50 126
27947 9 8 38 40 12 25 112 120 119 51
27947 10 8 41 124 82 51 86 33 93 45
27947 11 8 51 73 0 44 34 81 114 101
27947 12 8 119 103 110 114 49 13 29 76
27947 13 8 89 1 127 27 120 62 18 57
27947 14 8 0 87 71 31 60 30 25 24
27947 15 8 76 46 110 48 67 58 106 61
27947 16 8 19 41 13 93 94 100 115 67
27947 17 8 100 92 116 36 23 66 127 91
27947 18 8 90 74 76 103 94 32 111 70
27947 19 8 28 81 19 126 115 68 55 103
27947 20 8 126 94 7 50 43 42 68 112
27947 21 8 38 40 12 112 25 120 35 119
27947 22 8 82 124 23 71 41 45 86 66
27947 23 8 73 18 22 97 0 51 44 42
27947 24 8 119 103 25 29 110 49 114 0
27947 25 8 127 18 120 62 45 89 57 27
27947 26 8 71 0 87 60 30 15 111 31
27947 27 8 126 76 46 58 48 89 61 110
27947 28 8 93 41 19 13 94 50 60 100
27947 29 8 92 100 116 36 46 127 26 103
27947 30 8 90 74 103 118 32 76 94 30
27947 31 8 28 19 126 42 54 81 115 97
27947 32 8 94 50 126 42 7 43 20 127
27947 33 8 38 40 117 12 25 82 35 112
27947 34 8 71 23 82 41 124 88 13 33
27947 35 8 73 18 22 0 51 81 9 69
27947 36 8 114 119 103 25 9 29 26 112
27947 37 8 18 62 127 120 76 1 82 112
27947 38 8 87 73 0 71 31 64 22 60
27947 39 8 46 126 76 61 77 106 18 48
27947 40 8 93 41 13 100 60 19 94 23
27947 41 8 122 92 116 36 100 46 26 127
27947 42 8 94 86 106 18 77 8 125 90
27947 43 8 45 102 74 79 21 86 16 12
27947 44 8 92 79 121 99 68 43 23 63
27947 45 8 1 34 103 7 19 26 84 111
27947 46 8 4 83 119 96 51 8 114 31
27947 47 8 26 21 15 121 9 82 127 111
4119 0 8 112 83 23 36 86 122 79 105
4119 1 8 104 29 101 103 13 67 78 85
4119 2 8 115 44 23 76 71 126 59 49
4119 3 8 90 92 70 43 27 32 12 127
4119 4 8 50 54 5 93 82 27 1 84
4119 5 8 12 87 10 0 56 115 48 95
4119 6 8 103 90 118 74 94 32 70 27
4119 7 8 28 19 55 115 81 42 68 122
4119 8 8 42 127 50 94 20 7 126 43
4119 9 8 117 25 112 40 106 12 38 119
4119 10 8 88 82 70 13 124 109 95 51
4119 11 8 122 51 55 0 22 73 42 44
4119 12 8 119 103 26 0 30 114 37 14
4119 13 8 76 57 41 109 36 18 62 89
4119 14 8 71 60 0 111 24 90 87 47
4119 15 8 20 76 61 126 18 72 6 67
4119 16 8 60 19 41 108 93 44 110 77
4119 17 8 46 116 103 64 0 100 15 52
4119 18 8 30 90 74 103 27 32 118 94
4119 19 8 19 98 115 28 34 50 126 39
4119 20 8 42 43 94 126 127 50 20 36
4119 21 8 117 112 35 25 40 102 12 65
4119 22 8 88 82 13 70 39 95 109 113
4119 23 8 122 0 22 42 55 29 99 69
4119 24 8 26 0 63 30 25 114 74 43
4119 25 8 76 57 18 98 109 16 36 41
4119 26 8 111 60 71 0 90 8 80 47
4119 27 8 76 126 60 56 61 20 6 35
4119 28 8 60 19 108 41 93 44 110 45
4119 29 8 46 103 15 117 116 52 64 127
4119 30 8 118 30 90 74 56 103 42 85
4119 31 8 50 98 103 126 60 28 19 34
4119 32 8 20 127 43 94 42 103 126 14
4119 33 8 117 35 106 112 127 102 40 12
4119 34 8 108 70 23 53 113 39 107 124
4119 35 8 42 22 55 122 98 0 69 115
4119 36 8 0 26 25 63 9 30 103 97
4119 37 8 76 16 36 57 18 41 62 77
4119 38 8 60 80 8 71 0 111 47 52
4119 39 8 20 56 61 60 6 126 76 18
4119 40 8 108 44 110 60 55 15 93 41
4119 41 8 64 36 103 46 15 117 52 122
4119 42 8 49 125 73 24 25 90 7 22
4119 43 8 19 12 49 121 125 102 43 45
4119 44 8 13 88 99 45 80 11 92 121
4119 45 8 5 17 112 46 58 84 21 7
4119 46 8 30 29 105 39 84 10 80 124
4119 47 8 127 111 95 35 52 31 15 82
2578 0 8 120 104 2 97 63 41 0 126
2578 1 8 107 86 123 53 34 3 76 116
2578 2 8 9 14 8 116 54 51 92 24
2578 3 8 25 89 13 105 38 16 39 85
2578 4 8 25 0 124 22 23 74 48 93
2578 5 8 34 82 80 126 107 75 125 12
2578 6 8 30 42 85 110 52 56 86 75
2578 7 8 87 50 98 60 95 51 39 34
2578 8 8 64 39 127 103 43 36 61 59
2578 9 8 117 94 112 45 127 65 22 102
2578 10 8 108 97 113 107 70 39 64 13
2578 11 8 9 98 122 86 69 67 0 115
2578 12 8 63 118 53 104 97 9 26 30
2578 13 8 76 21 44 75 16 98 36 2
2578 14 8 80 8 79 111 39 34 58 71
2578 15 8 60 61 56 95 76 6 18 55
2578 16 8 60 7 15 45 11 19 100 55
2578 17 8 15 103 52 85 117 17 54 53
2578 18 8 42 30 85 110 8 56 52 75
2578 19 8 87 95 98 60 50 34 51 39
2578 20 8 36 64 39 127 103 43 106 14
2578 21 8 94 117 45 127 65 102 112 22
2578 22 8 108 113 107 97 39 53 112 103
2578 23 8 122 0 98 86 37 29 8 115
2578 24 8 53 63 104 97 118 116 30 26
2578 25 8 75 21 76 44 98 64 2 65
2578 26 8 79 80 39 111 58 8 0 10
2578 27 8 56 76 60 23 61 35 6 18
2578 28 8 7 15 19 60 41 45 11 84
2578 29 8 15 103 117 52 116 85 127 97
2578 30 8 30 90 74 110 85 42 75 56
2578 31 8 98 103 28 60 34 126 87 115
2578 32 8 43 39 64 14 42 127 126 103
2578 33 8 117 94 112 22 102 127 45 12
2578 34 8 108 107 113 97 53 62 45 39
2578 35 8 0 122 67 98 86 37 69 8
2578 36 8 53 118 9 30 63 97 76 119
2578 37 8 44 75 76 21 2 16 98 65
2578 38 8 80 0 79 8 58 39 52 34
2578 39 8 56 60 76 61 18 35 6 23
2578 40 8 7 15 60 41 18 45 19 55
2578 41 8 15 52 117 46 103 85 127 106
2578 42 8 37 125 7 73 24 22 74 109
2578 43 8 102 19 12 43 49 45 21 127
2578 44 8 88 45 37 92 79 0 121 113
2578 45 8 112 17 46 84 58 1 7 21
2578 46 8 39 105 30 29 84 80 83 75
2578 47 8 35 95 52 111 108 9 6 59
387 0 8 16 97 126 118 18 53 111 89
387 1 8 107 34 123 86 116 42 3 20
387 2 8 14 87 9 7 54 10 120 108
387 3 8 76 105 85 1 38 25 100 39
387 4 8 0 23 22 118 74 93 89 48
387 5 8 80 34 126 107 82 12 95 22
387 6 8 30 110 42 85 86 52 25 74
387 7 8 60 98 87 50 28 115 95 39
387 8 8 64 127 39 43 42 103 35 50
387 9 8 117 94 45 22 112 127 102 63
387 10 8 108 97 23 107 113 39 14 70
387 11 8 9 98 86 67 122 0 69 115
387 12 8 63 53 9 118 104 116 30 12
387 13 8 76 75 44 21 98 36 77 65
387 14 8 80 8 58 79 39 88 0 34
387 15 8 61 60 95 6 76 56 18 23
387 16 8 40 60 7 19 15 45 41 93
387 17 8 53 52 117 15 103 116 85 97
387 18 8 85 30 42 110 74 90 86 52
387 19 8 98 87 60 28 95 19 115 34
387 20 8 64 36 127 124 39 43 42 103
387 21 8 94 117 45 112 127 102 22 113
387 22 8 108 107 113 39 97 14 83 64
387 23 8 0 122 98 86 29 89 8 37
387 24 8 53 104 63 118 116 58 9 42
387 25 8 75 76 44 21 98 65 64 77
387 26 8 80 8 79 111 0 39 58 82
387 27 8 76 60 56 61 6 35 23 18
387 28 8 40 19 7 41 60 45 15 84
387 29 8 53 103 117 116 52 15 127 97
387 30 8 74 90 30 110 85 32 42 94
387 31 8 28 98 60 19 126 87 115 103
387 32 8 64 43 127 42 39 126 103 14
387 33 8 117 94 102 112 22 127 12 45
387 34 8 108 107 2 83 113 14 30 45
387 35 8 0 86 122 67 98 8 69 37
387 36 8 53 9 30 118 119 104 63 32
387 37 8 75 44 65 76 21 10 98 77
387 38 8 80 79 0 8 58 39 88 10
387 39 8 61 56 76 6 23 18 60 35
387 40 8 40 7 41 15 60 19 18 45
387 41 8 53 117 103 52 15 127 85 106
387 42 8 73 37 125 22 59 24 94 7
387 43 8 102 81 43 49 45 21 4 127
387 44 8 37 54 121 45 92 79 80 43
387 45 8 1 84 80 112 46 34 7 21
387 46 8 44 82 124 75 105 39 80 83
387 47 8 32 95 90 34 27 35 9 117
803 0 8 34 125 63 7 62 116 61 66
803 1 8 99 123 76 107 3 113 34 86
803 2 8 8 9 54 14 50 70 7 72
803 3 8 76 1 105 38 62 117 121 85
803 4 8 0 22 87 74 29 105 93 37
803 5 8 90 80 126 122 34 24 12 81
803 6 8 110 30 85 42 55 75 74 90
803 7 8 98 60 87 39 115 28 95 50
803 8 8 39 64 43 59 106 127 42 103
803 9 8 22 112 117 94 33 127 113 8
803 10 8 108 97 107 39 113 23 64 122
803 11 8 9 122 86 98 0 69 50 115
803 12 8 63 118 53 104 30 9 29 12
803 13 8 76 44 102 75 65 21 98 77
803 14 8 82 8 58 111 39 0 34 80
803 15 8 60 76 95 61 87 35 6 56
803 16 8 7 40 60 19 45 51 41 84
803 17 8 117 53 52 103 85 116 15 122
803 18 8 110 85 30 42 74 90 86 55
803 19 8 98 60 95 87 115 28 39 34
803 20 8 64 39 43 36 106 127 42 124
803 21 8 33 117 94 127 22 112 45 113
803 22 8 108 107 113 39 64 62 97 53
803 23 8 122 0 86 98 8 47 29 50
803 24 8 53 118 104 63 30 58 115 116
803 25 8 102 75 44 21 65 76 98 64
803 26 8 82 111 0 58 8 39 10 80
803 27 8 56 76 35 61 23 87 60 6
803 28 8 7 41 40 19 43 51 60 45
803 29 8 116 117 53 103 52 127 85 20
803 30 8 90 74 110 30 32 94 85 86
803 31 8 28 98 126 115 103 60 42 63
803 32 8 64 39 43 126 42 127 46 14
803 33 8 33 117 112 22 12 94 113 127
803 34 8 108 107 83 45 2 101 62 113
803 35 8 0 86 122 8 50 98 79 69
803 36 8 118 53 9 119 76 104 30 115
803 37 8 102 44 65 75 66 76 64 10
803 38 8 82 0 58 8 80 111 39 10
803 39 8 87 56 61 76 35 18 23 6
803 40 8 7 40 41 51 19 60 18 4
803 41 8 53 117 103 127 85 126 52 106
803 42 8 37 73 22 94 123 125 98 59
803 43 8 81 102 45 21 6 49 127 79
803 44 8 37 121 79 92 80 54 63 81
803 45 8 1 80 84 34 112 7 111 20
803 46 8 44 75 82 124 80 83 119 31
803 47 8 99 90 27 35 9 95 32 59
4586 0 8 77 62 17 34 67 125 91 68
4586 1 8 99 113 114 67 7 46 116 76
4586 2 8 70 73 8 90 121 71 9 23
4586 3 8 77 121 90 76 1 62 79 41
4586 4 8 0 116 87 22 54 37 74 29
4586 5 8 126 56 48 12 90 122 78 80
4586 6 8 30 85 90 55 110 27 74 32
4586 7 8 28 103 98 39 115 60 42 30
4586 8 8 59 43 4 127 39 64 42 27
4586 9 8 117 22 33 112 127 113 102 119
4586 10 8 108 107 2 95 97 45 39 33
4586 11 8 0 122 86 16 98 101 8 44
4586 12 8 63 53 76 30 38 32 118 58
4586 13 8 102 44 65 123 76 95 64 107
4586 14 8 82 8 39 0 58 111 64 52
4586 15 8 76 61 56 18 35 33 67 6
4586 16 8 109 40 19 29 77 41 51 53
4586 17 8 65 117 103 0 116 127 85 53
4586 18 8 30 90 85 42 32 110 27 74
4586 19 8 98 115 60 34 103 28 19 42
4586 20 8 14 42 39 127 64 4 43 103
4586 21 8 117 33 112 127 22 102 94 12
4586 22 8 108 107 45 95 39 2 113 101
4586 23 8 0 122 16 86 98 8 101 97
4586 24 8 118 53 38 32 63 115 30 76
4586 25 8 102 123 109 44 64 76 95 75
4586 26 8 111 82 0 64 18 8 58 52
4586 27 8 76 20 56 77 87 61 18 35
4586 28 8 109 77 41 19 29 44 45 40
4586 29 8 0 65 116 103 85 127 117 53
4586 30 8 30 90 55 74 42 118 85 110
4586 31 8 103 60 98 34 39 126 42 115
4586 32 8 127 14 39 64 4 42 43 103
4586 33 8 33 117 22 127 35 112 94 102
4586 34 8 95 108 2 107 113 33 53 39
4586 35 8 16 97 86 122 0 98 37 8
4586 36 8 38 103 9 30 63 53 97 116
4586 37 8 102 95 123 109 24 64 10 108
4586 38 8 82 111 18 64 0 8 52 62
4586 39 8 20 87 61 76 18 107 77 33
4586 40 8 109 77 29 44 41 108 111 13
4586 41 8 65 0 85 63 103 102 84 115
4586 42 8 126 75 20 24 73 32 55 98
4586 43 8 16 121 47 102 45 21 127 49
4586 44 8 110 80 121 13 92 79 23 43
4586 45 8 47 5 83 87 84 34 21 19
4586 46 8 10 1 75 83 96 45 123 124
4586 47 8 127 15 31 90 11 21 9 26
476 0 8 83 63 110 107 31 120 11 41
476 1 8 34 41 8 113 2 13 46 25
476 2 8 53 67 54 88 8 70 10 62
476 3 8 121 76 62 89 85 6 59 109
476 4 8 79 76 29 124 106 121 0 107
476 5 8 42 125 90 122 126 12 22 56
476 6 8 110 30 85 42 105 75 55 8
476 7 8 95 98 49 60 103 39 34 51
476 8 8 66 84 103 14 127 64 106 59
476 9 8 98 117 127 22 113 110 112 9
476 10 8 73 108 97 39 64 23 2 90
476 11 8 9 26 98 122 61 0 71 49
476 12 8 107 63 79 104 118 9 115 97
476 13 8 6 65 80 77 102 64 76 95
476 14 8 10 79 125 58 39 82 8 48
476 15 8 23 85 56 87 35 61 76 18
476 16 8 8 40 124 45 19 15 60 84
476 17 8 19 117 53 15 103 85 72 97
476 18 8 85 110 30 42 8 75 52 55
476 19 8 95 98 60 39 34 51 115 103
476 20 8 66 39 14 64 103 106 127 84
476 21 8 127 98 117 22 102 33 113 9
476 22 8 108 73 107 39 53 113 64 2
476 23 8 26 98 122 0 47 61 37 29
476 24 8 107 63 104 79 118 97 116 58
476 25 8 6 80 65 64 79 21 77 44
476 26 8 10 39 79 58 8 0 111 48
476 27 8 56 85 23 76 6 35 61 87
476 28 8 8 19 41 43 45 124 15 40
476 29 8 19 117 53 103 116 15 20 85
476 30 8 74 30 110 90 85 32 42 75
476 31 8 98 28 103 95 126 60 34 115
476 32 8 64 66 14 43 39 42 127 103
476 33 8 98 117 112 22 102 113 127 33
476 34 8 73 108 83 62 53 2 90 107
476 35 8 26 0 122 69 98 86 79 49
476 36 8 107 79 76 9 63 99 30 119
476 37 8 6 80 65 83 21 64 10 77
476 38 8 10 58 0 79 8 48 80 39
476 39 8 23 56 76 61 85 35 18 6
476 40 8 8 40 41 124 15 60 18 19
476 41 8 19 53 117 15 103 69 127 52
476 42 8 21 73 125 22 7 37 94 24
476 43 8 102 81 19 88 49 43 45 12
476 44 8 0 37 45 88 121 92 79 43
476 45 8 17 84 80 112 1 46 34 21
476 46 8 44 75 39 124 105 82 30 29
476 47 8 95 32 35 111 9 27 90 52
614 0 8 104 29 97 101 2 111 16 6
614 1 8 8 107 34 20 58 116 123 23
614 2 8 14 7 116 119 9 51 67 10
614 3 8 41 29 76 1 7 105 37 64
614 4 8 0 91 22 23 79 29 105 124
614 5 8 96 80 47 107 12 122 126 34
614 6 8 110 30 85 75 42 74 123 86
614 7 8 87 98 95 103 39 28 100 115
614 8 8 39 43 64 59 127 24 35 14
614 9 8 79 22 112 94 45 117 102 127
614 10 8 107 108 83 23 14 97 73 39
614 11 8 69 26 87 92 0 98 47 9
614 12 8 107 53 63 68 58 79 118 104
614 13 8 65 75 44 24 98 121 83 77
614 14 8 10 28 58 8 79 80 39 0
614 15 8 56 76 23 61 6 35 60 18
614 16 8 43 40 121 19 60 7 41 84
614 17 8 20 14 117 97 103 116 127 85
614 18 8 30 110 85 90 42 74 75 27
614 19 8 98 87 39 115 95 19 28 126
614 20 8 14 64 39 127 43 42 106 126
614 21 8 117 22 112 94 102 127 45 79
614 22 8 108 107 73 83 39 62 53 101
614 23 8 0 122 92 47 78 98 86 69
614 24 8 107 53 68 104 63 58 115 118
614 25 8 65 75 44 21 64 76 79 121
614 26 8 10 0 58 8 28 39 79 111
614 27 8 56 76 61 23 35 4 6 18
614 28 8 41 43 19 121 40 7 20 123
614 29 8 20 116 103 127 117 97 14 45
614 30 8 90 74 30 32 110 94 106 75
614 31 8 28 98 126 103 42 115 97 54
614 32 8 14 43 126 42 64 39 127 7
614 33 8 117 112 12 102 22 94 45 113
614 34 8 107 108 83 45 14 53 86 101
614 35 8 78 69 122 0 86 92 47 87
614 36 8 53 9 68 104 119 76 30 118
614 37 8 65 75 44 24 121 99 98 79
614 38 8 0 58 28 10 8 62 96 79
614 39 8 56 76 23 61 18 98 6 4
614 40 8 43 41 121 40 20 19 7 18
614 41 8 20 14 97 117 127 103 85 102
614 42 8 65 101 22 93 94 5 37 125
614 43 8 102 4 81 87 45 6 21 79
614 44 8 20 71 121 54 92 79 43 68
614 45 8 19 1 80 103 84 34 111 70
614 46 8 44 75 8 114 31 83 67 115
614 47 8 117 34 47 32 123 9 88 66
2155 0 8 50 34 67 77 41 62 17 68
2155 1 8 99 75 7 76 114 123 116 8
2155 2 8 90 8 69 70 121 15 24 9
2155 3 8 41 77 97 29 62 1 90 122
2155 4 8 0 87 22 105 77 54 86 29
2155 5 8 96 54 105 122 12 126 80 56
2155 6 8 30 85 55 75 123 110 90 88
2155 7 8 103 98 39 28 115 67 42 95
2155 8 8 39 14 59 64 4 43 42 103
2155 9 8 22 117 112 79 33 127 104 94
2155 10 8 107 108 23 39 64 45 97 86
2155 11 8 50 92 78 69 0 86 98 47
2155 12 8 118 63 25 68 53 76 104 123
2155 13 8 65 102 113 44 75 66 107 64
2155 14 8 96 10 58 8 82 39 111 52
2155 15 8 56 61 76 38 18 6 35 87
2155 16 8 43 51 40 19 111 18 119 45
2155 17 8 20 2 35 117 126 85 103 66
2155 18 8 30 85 110 42 75 90 27 55
2155 19 8 98 39 34 95 60 115 103 28
2155 20 8 14 64 39 127 43 106 103 42
2155 21 8 117 22 127 33 112 94 102 79
2155 22 8 107 108 39 101 113 62 53 64
2155 23 8 122 50 47 92 0 86 98 69
2155 24 8 118 68 104 63 53 76 123 115
2155 25 8 65 102 113 75 44 79 66 76
2155 26 8 58 96 8 82 39 0 111 10
2155 27 8 56 76 61 4 23 35 18 6
2155 28 8 43 41 19 51 111 119 18 40
2155 29 8 20 116 35 2 66 127 103 117
2155 30 8 90 74 30 32 94 27 75 110
2155 31 8 28 103 126 98 115 42 97 54
2155 32 8 14 43 126 42 64 39 127 4
2155 33 8 117 33 112 12 22 119 102 79
2155 34 8 107 108 86 110 83 45 101 53
2155 35 8 78 50 47 0 122 69 92 86
2155 36 8 118 68 9 119 104 76 30 124
2155 37 8 102 65 99 113 66 64 42 44
2155 38 8 0 82 96 58 8 64 10 39
2155 39 8 61 76 56 98 18 87 4 37
2155 40 8 41 43 51 111 13 119 19 18
2155 41 8 2 35 127 66 126 20 117 103
2155 42 8 18 98 102 94 93 22 5 76
2155 43 8 102 16 45 79 6 21 40 87
2155 44 8 48 20 92 121 79 43 68 13
2155 45 8 1 103 70 111 84 7 34 80
2155 46 8 8 114 75 83 31 115 4 119
2155 47 8 47 123 26 9 88 66 36 120
77235 0 8 86 112 67 77 64 105 79 36
77235 1 8 29 68 114 7 67 101 16 85
77235 2 8 23 59 76 71 115 44 73 5
77235 3 8 40 41 121 92 77 73 32 70
77235 4 8 27 93 5 84 54 82 116 37
77235 5 8 12 117 48 56 122 96 10 95
77235 6 8 90 94 74 59 70 32 18 103
77235 7 8 28 81 103 115 67 19 30 42
77235 8 8 43 20 127 6 14 7 107 42
77235 9 8 112 117 51 104 40 25 12 102
77235 10 8 95 109 107 70 45 41 86 13
77235 11 8 78 16 0 92 122 82 8 79
77235 12 8 38 103 95 74 110 119 76 43
77235 13 8 123 109 41 36 1 65 57 12
77235 14 8 18 47 111 0 58 39 60 8
77235 15 8 76 56 61 20 77 6 67 18
77235 16 8 77 19 41 110 29 109 40 93
77235 17 8 0 65 116 64 103 127 117 23
77235 18 8 30 90 74 32 94 27 59 15
77235 19 8 28 19 81 98 34 115 103 3
77235 20 8 14 43 127 42 126 7 20 6
77235 21 8 117 112 35 12 102 40 118 68
77235 22 8 95 109 45 41 62 70 39 2
77235 23 8 0 122 16 92 78 97 42 69
77235 24 8 38 0 119 103 115 32 76 116
77235 25 8 109 123 57 41 76 36 1 64
77235 26 8 18 47 111 60 0 8 88 30
77235 27 8 76 20 56 77 61 6 58 31
77235 28 8 77 44 19 29 110 41 109 108
77235 29 8 65 0 103 116 64 85 63 84
77235 30 8 118 30 74 56 90 32 85 42
77235 31 8 98 103 28 34 3 19 63 100
77235 32 8 20 43 27 14 127 116 103 39
77235 33 8 35 117 112 127 102 79 22 106
77235 34 8 95 109 70 107 108 110 39 124
77235 35 8 92 16 97 42 78 122 0 98
77235 36 8 38 0 103 63 97 30 25 116
77235 37 8 123 109 41 36 57 95 77 1
77235 38 8 18 111 47 60 102 52 0 8
77235 39 8 20 107 90 61 76 6 56 35
77235 40 8 77 29 44 109 110 108 40 23
77235 41 8 65 0 63 85 64 122 115 103
77235 42 8 126 49 25 75 24 59 90 32
77235 43 8 121 47 125 49 74 8 45 102
77235 44 8 13 110 80 37 121 92 11 79
77235 45 8 47 5 83 87 84 26 7 89
77235 46 8 1 10 124 96 82 45 123 44
77235 47 8 127 31 11 90 15 82 27 121
13 0 8 65 43 73 98 100 72 1 114
13 1 8 18 94 38 26 127 43 50 46
13 2 8 84 88 38 57 40 93 18 108
13 3 8 6 89 41 31 124 2 85 117
13 4 8 124 106 76 115 85 44 48 29
13 5 8 61 125 66 8 126 22 64 58
13 6 8 83 105 30 8 56 85 42 52
13 7 8 98 49 112 103 51 3 39 34
13 8 8 84 121 103 14 127 59 116 35
13 9 8 9 117 110 127 104 102 112 125
13 10 8 39 61 105 113 97 107 108 112
13 11 8 61 122 24 49 98 125 9 0
13 12 8 15 99 63 96 104 97 116 30
13 13 8 6 28 15 23 76 77 64 36
13 14 8 20 48 90 17 111 8 107 52
13 15 8 85 101 56 61 10 6 76 18
13 16 8 124 8 39 45 73 17 19 33
13 17 8 69 19 103 42 99 117 21 85
13 18 8 105 83 30 8 56 42 85 52
13 19 8 49 112 34 60 51 39 98 3
13 20 8 84 121 103 127 116 14 65 35
13 21 8 117 9 125 110 127 102 96 10
13 22 8 61 105 39 112 56 53 113 108
13 23 8 61 49 24 122 37 125 23 29
13 24 8 99 15 96 97 116 30 63 79
13 25 8 6 58 15 28 23 73 64 77
13 26 8 20 17 90 48 88 86 11 111
13 27 8 85 101 10 70 103 23 61 56
13 28 8 124 8 45 73 81 39 17 19
13 29 8 1 19 69 42 21 48 103 83
13 30 8 105 83 56 30 34 8 52 42
13 31 8 112 49 51 60 3 98 39 31
13 32 8 65 121 84 103 116 44 127 46
13 33 8 125 9 110 117 96 127 49 102
13 34 8 105 61 53 78 56 112 39 113
13 35 8 125 61 24 49 23 37 0 122
13 36 8 99 15 96 97 116 63 9 79
13 37 8 58 15 6 23 28 10 25 77
13 38 8 20 17 48 90 107 86 8 34
13 39 8 101 103 85 23 10 61 70 6
13 40 8 124 73 8 45 17 81 65 105
13 41 8 42 69 48 19 21 1 18 102
13 42 8 32 64 31 114 115 36 74 7
13 43 8 77 88 45 43 102 31 78 127
13 44 8 53 73 0 90 121 107 92 98
13 45 8 101 1 27 2 84 94 22 21
13 46 8 11 38 75 84 34 31 97 98
13 47 8 73 105 57 20 86 9 109 63
10696 0 8 2 21 63 75 77 97 126 12
10696 1 8 58 6 23 53 116 95 3 69
10696 2 8 9 8 54 93 14 127 47 51
10696 3 8 38 64 4 16 2 59 39 25
10696 4 8 56 124 25 22 48 47 79 67
10696 5 8 47 34 82 13 22 126 68 12
10696 6 8 30 42 52 110 85 56 79 8
10696 7 8 60 51 110 95 98 34 39 31
10696 8 8 36 109 103 46 39 14 59 35
10696 9 8 45 65 127 1 117 96 102 52
10696 10 8 108 97 113 112 39 64 74 30
10696 11 8 9 67 98 37 107 69 26 115
10696 12 8 63 118 97 116 52 104 107 79
10696 13 8 98 21 73 23 77 102 76 6
10696 14 8 79 8 34 88 75 90 80 107
10696 15 8 87 95 23 103 8 56 60 61
10696 16 8 45 7 65 73 55 15 124 17
10696 17 8 69 15 85 48 53 97 17 99
10696 18 8 52 30 42 8 83 34 85 110
10696 19 8 60 51 110 3 95 39 98 34
10696 20 8 36 103 39 127 116 14 46 3
10696 21 8 45 65 117 127 96 102 49 22
10696 22 8 113 108 112 53 97 39 73 83
10696 23 8 37 67 8 122 98 0 69 89
10696 24 8 97 104 116 118 9 63 107 79
10696 25 8 98 21 73 75 65 64 6 77
10696 26 8 79 8 39 58 111 90 28 88
10696 27 8 23 56 61 103 87 76 6 95
10696 28 8 73 55 45 15 19 7 124 41
10696 29 8 69 97 103 48 117 85 116 53
10696 30 8 30 56 42 34 85 74 8 90
10696 31 8 60 98 28 51 103 19 34 95
10696 32 8 36 109 127 43 103 116 44 39
10696 33 8 117 45 102 112 65 127 96 22
10696 34 8 108 113 123 53 112 39 83 30
10696 35 8 67 37 69 0 122 98 89 26
10696 36 8 9 118 97 30 63 52 116 104
10696 37 8 98 6 21 77 16 10 76 75
10696 38 8 8 79 10 88 0 107 28 48
10696 39 8 23 61 103 87 76 6 95 56
10696 40 8 7 73 8 55 41 45 105 124
10696 41 8 69 48 53 19 127 97 85 103
10696 42 8 64 37 94 31 7 101 115 119
10696 43 8 45 77 102 88 86 21 81 43
10696 44 8 92 73 53 0 79 121 68 91
10696 45 8 1 111 84 19 103 34 7 27
10696 46 8 119 4 114 31 8 75 83 67
10696 47 8 117 34 9 32 73 47 63 124
807 0 8 103 104 71 2 14 92 41 63
807 1 8 9 3 23 113 58 116 123 95
807 2 8 100 122 51 9 14 54 10 7
807 3 8 39 112 38 64 105 29 2 123
807 4 8 23 56 25 48 0 22 50 105
807 5 8 107 47 126 82 34 12 75 22
807 6 8 30 42 85 110 52 79 86 88
807 7 8 2 60 98 95 100 51 39 50
807 8 8 64 109 36 103 127 43 39 61
807 9 8 117 45 127 102 22 65 104 112
807 10 8 108 70 103 39 83 112 97 23
807 11 8 8 98 67 9 37 69 122 115
807 12 8 26 63 9 97 52 104 53 12
807 13 8 98 21 2 77 36 99 16 75
807 14 8 79 80 8 111 58 71 10 39
807 15 8 61 60 23 6 76 56 126 95
807 16 8 60 55 45 19 7 15 11 41
807 17 8 15 46 103 52 116 122 85 53
807 18 8 30 85 42 86 52 56 74 32
807 19 8 98 60 34 50 39 19 95 115
807 20 8 127 35 64 43 36 39 103 42
807 21 8 117 45 111 112 102 127 25 68
807 22 8 108 83 70 103 113 107 53 62
807 23 8 122 0 8 67 47 29 86 69
807 24 8 26 104 9 115 30 53 63 97
807 25 8 98 65 21 44 64 2 75 76
807 26 8 80 79 58 0 10 90 39 111
807 27 8 61 76 56 60 23 35 10 6
807 28 8 41 60 19 15 7 11 55 108
807 29 8 15 46 103 52 116 117 127 53
807 30 8 90 74 30 32 56 94 110 76
807 31 8 28 103 126 98 42 115 60 97
807 32 8 126 43 42 39 109 127 7 64
807 33 8 117 112 45 12 113 119 102 94
807 34 8 108 70 103 53 45 83 35 62
807 35 8 0 8 67 69 122 98 86 89
807 36 8 26 53 9 119 58 115 63 76
807 37 8 2 21 98 16 76 75 36 77
807 38 8 80 0 79 8 58 52 10 111
807 39 8 60 76 61 35 56 18 6 23
807 40 8 15 7 60 55 41 19 18 11
807 41 8 15 46 52 117 103 127 17 85
807 42 8 125 37 7 73 24 74 22 94
807 43 8 102 19 12 49 43 45 21 40
807 44 8 45 88 99 43 92 79 37 121
807 45 8 46 112 17 1 84 58 34 7
807 46 8 39 105 30 29 84 83 80 75
807 47 8 35 95 52 111 9 108 6 59
990 0 8 7 126 62 111 29 116 97 0
990 1 8 78 107 76 86 77 91 123 3
990 2 8 15 119 51 67 14 117 125 9
990 3 8 105 7 25 26 90 112 11 53
990 4 8 0 91 39 74 22 105 48 25
990 5 8 102 80 126 12 47 95 56 122
990 6 8 30 79 34 85 42 74 64 52
990 7 8 98 87 28 39 103 50 115 3
990 8 8 99 39 43 127 24 51 42 64
990 9 8 45 117 94 112 102 22 48 12
990 10 8 83 108 14 35 39 120 107 113
990 11 8 87 98 8 67 122 0 115 86
990 12 8 53 63 104 68 9 97 52 12
990 13 8 24 44 75 98 77 21 65 64
990 14 8 28 62 58 8 0 39 10 111
990 15 8 76 61 3 4 56 23 98 18
990 16 8 123 121 43 20 41 19 60 52
990 17 8 20 97 14 116 103 127 45 53
990 18 8 90 30 74 32 94 27 86 9
990 19 8 28 115 87 34 98 19 103 95
990 20 8 99 42 24 127 39 43 126 7
990 21 8 45 117 94 112 12 48 51 22
990 22 8 83 14 107 113 108 101 62 53
990 23 8 122 0 87 47 86 69 67 89
990 24 8 68 53 115 104 9 52 119 30
990 25 8 24 44 107 75 64 65 98 21
990 26 8 0 28 62 58 10 39 118 111
990 27 8 76 4 61 23 56 3 18 67
990 28 8 41 19 121 43 123 20 93 85
990 29 8 20 116 97 127 45 14 103 23
990 30 8 90 74 76 32 94 30 15 29
990 31 8 28 126 42 54 103 97 81 19
990 32 8 126 99 7 42 43 68 24 39
990 33 8 117 12 45 112 94 51 120 119
990 34 8 83 14 45 101 65 120 53 69
990 35 8 67 87 47 69 122 71 0 58
990 36 8 119 68 9 104 53 115 95 69
990 37 8 24 25 121 99 44 75 65 107
990 38 8 62 0 28 58 10 118 96 8
990 39 8 4 23 76 98 61 115 3 18
990 40 8 41 121 123 20 43 19 36 85
990 41 8 127 14 20 97 117 84 23 103
990 42 8 94 65 93 101 119 29 28 5
990 43 8 102 4 79 45 40 81 86 21
990 44 8 63 71 68 92 43 79 121 91
990 45 8 1 111 19 103 34 7 84 49
990 46 8 114 4 8 119 31 83 44 67
990 47 8 117 9 34 47 123 63 88 32
264 0 8 106 27 50 110 49 61 48 118
264 1 8 99 91 62 75 39 46 44 76
264 2 8 45 122 7 15 67 10 50 120
264 3 8 94 7 90 105 3 26 79 32
264 4 8 4 0 54 77 39 82 111 118
264 5 8 51 105 102 12 56 95 70 126
264 6 8 90 30 86 94 74 32 59 70
264 7 8 28 81 103 115 30 42 68 67
264 8 8 2 7 43 42 99 126 107 68
264 9 8 45 117 112 12 51 48 28 119
264 10 8 83 14 23 110 101 65 17 33
264 11 8 67 34 47 87 0 78 58 121
264 12 8 68 95 119 9 115 110 76 69
264 13 8 12 66 25 107 65 44 99 113
264 14 8 0 96 58 105 118 25 10 30
264 15 8 76 4 61 3 56 23 18 67
264 16 8 41 121 51 19 43 52 120 93
264 17 8 2 116 66 20 127 35 91 100
264 18 8 90 74 94 32 27 76 20 19
264 19 8 28 115 126 81 103 19 97 42
264 20 8 126 7 42 2 68 107 49 112
264 21 8 12 45 120 112 117 51 25 119
264 22 8 83 65 14 101 45 110 86 93
264 23 8 67 47 78 69 122 44 0 34
264 24 8 115 119 68 104 110 9 76 95
264 25 8 12 107 66 64 115 25 27 44
264 26 8 0 105 96 118 25 10 30 111
264 27 8 61 76 4 67 48 56 108 104
264 28 8 41 19 121 51 93 43 3 85
264 29 8 116 66 2 127 35 20 45 23
264 30 8 90 74 94 32 76 20 59 15
264 31 8 28 54 42 81 126 103 97 115
264 32 8 126 2 7 49 112 42 107 68
264 33 8 12 120 51 117 112 119 45 25
264 34 8 83 14 65 45 110 69 101 66
264 35 8 67 78 47 44 34 122 69 0
264 36 8 119 68 9 115 95 110 104 69
264 37 8 12 66 99 113 65 25 107 44
264 38 8 105 0 96 58 118 10 8 25
264 39 8 4 76 61 98 56 115 3 104
264 40 8 41 51 121 43 19 123 36 85
264 41 8 2 66 127 35 20 117 126 23
264 42 8 94 98 93 102 18 29 119 22
264 43 8 79 102 81 45 21 40 86 117
264 44 8 63 48 68 92 79 43 20 121
264 45 8 1 111 34 7 19 70 84 49
264 46 8 4 8 114 31 119 44 83 115
264 47 8 47 123 36 120 9 88 63 66
2155 0 8 50 34 77 41 67 22 17 68
2155 1 8 99 75 48 7 116 76 126 16
2155 2 8 8 90 69 70 15 9 121 24
2155 3 8 77 97 105 62 1 59 90 76
2155 4 8 87 22 105 0 77 4 20 48
2155 5 8 122 105 126 102 54 80 95 12
2155 6 8 30 85 55 42 86 75 52 90
2155 7 8 103 98 39 34 28 115 51 100
2155 8 8 39 2 43 103 59 4 18 42
2155 9 8 117 22 112 127 104 102 94 33
2155 10 8 108 23 107 39 64 110 101 83
2155 11 8 50 98 47 9 69 86 78 0
2155 12 8 68 118 63 104 25 76 12 53
2155 13 8 65 102 12 44 77 113 75 64
2155 14 8 96 58 39 8 82 10 111 0
2155 15 8 56 76 61 98 4 3 18 23
2155 16 8 43 51 19 111 123 41 45 18
2155 17 8 2 20 35 66 116 103 85 126
2155 18 8 30 90 85 110 42 32 74 75
2155 19 8 34 28 98 115 95 103 39 60
2155 20 8 39 43 14 42 2 127 64 126
2155 21 8 117 33 22 45 112 94 127 102
2155 22 8 107 108 101 39 113 62 83 45
2155 23 8 122 50 86 0 47 98 8 69
2155 24 8 118 104 76 68 63 123 53 115
2155 25 8 102 12 65 44 113 98 75 64
2155 26 8 96 58 82 0 39 8 111 64
2155 27 8 56 76 4 61 23 18 35 98
2155 28 8 43 41 19 51 111 85 109 119
2155 29 8 116 66 2 35 20 127 103 117
2155 30 8 90 74 30 32 94 20 27 59
2155 31 8 28 103 126 115 42 97 81 54
2155 32 8 43 126 2 42 39 7 4 14
2155 33 8 117 33 112 12 119 22 102 104
2155 34 8 110 83 107 108 86 45 53 69
2155 35 8 50 47 122 0 78 69 16 86
2155 36 8 118 68 119 9 104 30 76 100
2155 37 8 102 12 65 66 99 113 64 25
2155 38 8 0 82 58 96 64 8 105 10
2155 39 8 98 76 4 61 18 56 37 3
2155 40 8 41 51 43 111 13 119 19 123
2155 41 8 2 66 35 127 20 126 117 103
2155 42 8 98 18 102 94 93 29 22 5
2155 43 8 102 16 45 79 6 21 40 86
2155 44 8 48 20 92 121 68 79 43 63
2155 45 8 1 111 70 84 7 34 80 19
2155 46 8 8 114 83 31 4 115 75 119
2155 47 8 47 123 120 9 88 26 66 36
5486 0 8 12 112 23 77 116 41 28 29
5486 1 8 29 16 114 88 7 85 67 68
5486 2 8 86 15 76 23 69 73 59 71
5486 3 8 77 62 90 40 59 92 121 106
5486 4 8 77 27 116 105 4 48 82 93
5486 5 8 122 12 56 102 48 95 117 78
5486 6 8 30 90 74 110 32 94 27 59
5486 7 8 98 28 34 115 39 103 16 3
5486 8 8 127 43 42 2 15 126 14 59
5486 9 8 117 22 112 51 102 127 118 12
5486 10 8 95 109 108 110 62 107 39 64
5486 11 8 0 16 122 78 8 82 101 9
5486 12 8 38 76 25 63 100 95 119 30
5486 13 8 12 123 65 41 25 109 64 107
5486 14 8 47 58 8 39 18 0 111 94
5486 15 8 56 20 76 61 18 38 98 35
5486 16 8 77 29 19 18 41 110 123 33
5486 17 8 65 116 0 103 64 85 117 72
5486 18 8 30 90 110 8 74 75 85 42
5486 19 8 98 115 34 39 28 3 60 19
5486 20 8 127 14 43 2 42 103 46 39
5486 21 8 117 22 33 127 112 102 51 118
5486 22 8 95 108 107 109 53 62 39 2
5486 23 8 122 16 0 8 98 69 86 29
5486 24 8 115 38 76 104 63 32 52 30
5486 25 8 123 109 12 41 77 98 76 102
5486 26 8 47 111 18 8 58 0 62 82
5486 27 8 20 56 76 61 77 31 35 98
5486 28 8 29 77 19 110 44 41 18 123
5486 29 8 65 0 103 116 85 64 84 117
5486 30 8 30 56 118 74 8 110 90 42
5486 31 8 98 103 34 115 28 39 60 3
5486 32 8 39 43 2 20 116 127 103 106
5486 33 8 117 35 112 22 127 102 104 33
5486 34 8 95 109 110 108 107 53 62 113
5486 35 8 16 97 122 98 0 42 69 37
5486 36 8 38 0 103 97 63 76 58 30
5486 37 8 41 123 109 95 57 12 64 77
5486 38 8 47 111 18 0 60 8 82 52
5486 39 8 20 76 107 35 18 90 77 61
5486 40 8 29 77 44 110 6 41 18 23
5486 41 8 65 0 115 64 63 85 103 61
5486 42 8 126 49 90 75 24 20 8 59
5486 43 8 121 125 74 102 47 49 45 127
5486 44 8 13 110 80 79 92 121 37 72
5486 45 8 47 83 5 86 7 34 84 1
5486 46 8 96 10 45 123 124 82 1 83
5486 47 8 127 31 11 90 15 121 82 114
311 0 8 11 81 120 93 31 84 61 118
311 1 8 19 83 123 91 41 76 113 88
311 2 8 117 116 15 10 69 9 123 59
311 3 8 91 26 10 59 90 121 89 106
311 4 8 91 77 111 105 79 0 39 124
311 5 8 111 102 122 126 34 56 78 12
311 6 8 30 110 85 64 79 75 74 52
311 7 8 72 98 39 34 103 28 115 43
311 8 8 28 39 51 43 2 42 27 127
311 9 8 43 48 117 22 112 51 102 104
311 10 8 23 74 108 83 62 123 14 64
311 11 8 58 47 13 9 0 78 98 122
311 12 8 124 68 69 120 104 25 100 76
311 13 8 65 121 79 55 99 64 12 25
311 14 8 28 58 0 39 80 8 101 47
311 15 8 76 56 4 3 18 61 35 90
311 16 8 121 15 43 20 19 41 18 123
311 17 8 45 97 15 116 20 14 52 72
311 18 8 90 30 32 94 9 27 74 86
311 19 8 28 115 72 34 98 103 81 39
311 20 8 28 39 43 126 42 14 46 68
311 21 8 117 112 43 48 12 22 33 51
311 22 8 107 74 101 108 62 123 83 45
311 23 8 58 47 122 13 0 98 69 86
311 24 8 68 104 76 120 124 115 43 100
311 25 8 65 121 79 55 107 64 75 77
311 26 8 0 28 58 39 111 80 8 118
311 27 8 4 76 56 61 35 18 90 60
311 28 8 15 41 19 121 43 20 85 4
311 29 8 116 45 97 15 20 127 52 14
311 30 8 90 74 32 94 30 59 27 20
311 31 8 28 103 115 81 97 126 68 30
311 32 8 28 126 39 7 43 42 46 68
311 33 8 112 12 43 117 51 48 25 45
311 34 8 74 86 101 83 45 123 14 107
311 35 8 58 47 13 0 122 67 69 34
311 36 8 124 119 68 104 69 120 100 76
311 37 8 79 121 65 99 115 55 64 42
311 38 8 0 58 28 80 84 79 10 111
311 39 8 35 76 23 60 18 78 4 56
311 40 8 121 15 41 20 19 36 7 43
311 41 8 45 15 127 97 14 52 117 72
311 42 8 65 7 101 21 94 74 37 29
311 43 8 102 4 19 43 45 40 79 117
311 44 8 45 92 79 71 88 43 0 113
311 45 8 1 112 46 84 17 34 7 111
311 46 8 39 83 105 29 30 119 75 4
311 47 8 95 35 52 9 111 32 117 59
1614 0 8 83 62 112 23 86 79 36 105
1614 1 8 78 123 68 90 91 88 60 37
1614 2 8 44 119 23 71 15 73 126 10
1614 3 8 120 7 11 90 91 26 10 121
1614 4 8 91 39 93 105 54 84 82 21
1614 5 8 70 117 12 56 95 111 65 80
1614 6 8 90 74 94 30 118 32 70 79
1614 7 8 28 87 103 115 81 68 126 42
1614 8 8 24 51 42 7 43 127 46 6
1614 9 8 112 12 43 117 48 25 51 119
1614 10 8 95 41 120 23 37 101 74 86
1614 11 8 71 47 0 87 16 82 110 68
1614 12 8 124 68 119 120 100 76 115 110
1614 13 8 24 99 79 65 121 64 85 37
1614 14 8 0 62 28 58 27 39 111 118
1614 15 8 76 18 4 115 56 35 61 98
1614 16 8 41 19 20 123 43 52 121 18
1614 17 8 116 84 97 14 20 127 45 109
1614 18 8 90 74 30 94 32 86 27 13
1614 19 8 115 28 19 81 34 68 126 98
1614 20 8 24 42 51 126 46 39 14 6
1614 21 8 112 12 117 48 43 25 51 22
1614 22 8 41 95 120 101 107 86 62 74
1614 23 8 47 87 0 71 69 16 110 68
1614 24 8 124 68 76 115 120 104 119 100
1614 25 8 24 65 121 55 79 64 107 77
1614 26 8 62 0 28 58 39 111 118 27
1614 27 8 56 4 115 76 46 61 35 18
1614 28 8 41 20 43 19 123 121 85 109
1614 29 8 84 116 97 20 127 14 117 45
1614 30 8 90 74 94 32 86 13 123 75
1614 31 8 28 103 115 68 30 126 42 67
1614 32 8 24 126 51 42 7 39 14 43
1614 33 8 12 112 48 51 117 25 43 104
1614 34 8 86 120 83 45 101 41 74 37
1614 35 8 87 47 71 0 122 69 68 110
1614 36 8 119 124 68 120 104 76 110 115
1614 37 8 24 121 99 55 65 49 42 64
1614 38 8 0 62 28 58 118 96 111 25
1614 39 8 4 115 98 104 56 76 3 18
1614 40 8 41 20 121 43 123 36 19 85
1614 41 8 84 20 127 97 14 117 116 23
1614 42 8 94 101 65 93 5 28 119 32
1614 43 8 79 4 102 45 6 40 117 86
1614 44 8 13 71 68 92 43 79 23 20
1614 45 8 1 34 111 103 84 7 70 21
1614 46 8 8 114 83 4 31 67 119 115
1614 47 8 117 47 34 123 9 88 59 66
279 0 8 106 57 70 110 71 61 50 14
279 1 8 91 48 9 14 105 57 109 24
279 2 8 90 122 15 44 62 10 67 59
279 3 8 90 7 11 120 26 94 91 10
279 4 8 63 39 105 111 77 93 82 54
279 5 8 51 105 70 12 117 56 111 65
279 6 8 90 30 94 74 123 86 32 59
279 7 8 28 103 115 81 68 30 126 42
279 8 8 28 126 51 24 42 7 39 68
279 9 8 112 48 32 12 51 43 106 117
279 10 8 23 86 101 83 14 37 110 123
279 11 8 47 109 87 13 34 0 71 116
279 12 8 68 124 119 120 25 110 76 29
279 13 8 99 66 55 65 113 107 49 79
279 14 8 0 16 58 105 118 25 71 96
279 15 8 4 76 115 56 18 104 61 3
279 16 8 41 119 19 12 43 52 85 3
279 17 8 35 116 2 127 66 20 109 100
279 18 8 90 94 74 32 27 76 67 59
279 19 8 28 115 68 126 81 42 103 19
279 20 8 126 42 28 7 49 112 68 107
279 21 8 12 112 120 25 48 62 119 32
279 22 8 83 86 101 14 45 123 65 110
279 23 8 109 47 87 67 0 34 69 101
279 24 8 119 115 76 68 120 124 110 104
279 25 8 66 55 107 113 99 65 49 42
279 26 8 0 105 16 118 25 58 62 30
279 27 8 115 4 104 56 61 76 90 67
279 28 8 119 41 12 43 19 85 36 3
279 29 8 116 35 2 127 20 66 109 115
279 30 8 90 74 94 32 123 86 59 27
279 31 8 28 115 103 81 68 30 42 97
279 32 8 126 28 7 42 49 109 68 112
279 33 8 51 32 12 48 25 112 120 104
279 34 8 86 110 101 45 123 103 83 14
279 35 8 109 116 47 87 44 13 34 10
279 36 8 119 68 120 124 104 110 115 76
279 37 8 66 99 42 113 55 65 49 115
279 38 8 105 16 0 58 118 96 84 25
279 39 8 4 115 98 104 56 76 57 18
279 40 8 119 41 12 43 36 19 85 114
279 41 8 2 35 20 66 127 117 116 28
279 42 8 27 94 93 102 18 29 5 119
279 43 8 29 79 102 45 6 40 117 21
279 44 8 48 68 20 92 43 79 63 121
279 45 8 1 111 34 70 84 7 21 103
279 46 8 8 114 31 83 4 119 115 75
279 47 8 47 123 36 88 120 9 66 59
8500 0 8 30 112 23 41 77 79 28 36
8500 1 8 68 48 90 16 29 101 114 14
8500 2 8 126 76 71 44 23 59 62 121
8500 3 8 24 12 79 70 92 40 77 43
8500 4 8 5 27 82 54 84 93 12 14
8500 5 8 12 115 87 56 117 10 65 54
8500 6 8 70 90 103 118 94 59 32 74
8500 7 8 28 81 103 55 115 30 42 68
8500 8 8 20 7 49 126 46 107 94 42
8500 9 8 25 112 32 51 40 12 30 41
8500 10 8 41 95 45 86 110 109 103 93
8500 11 8 116 42 22 51 44 0 34 64
8500 12 8 103 119 110 109 0 76 26 38
8500 13 8 99 57 41 123 109 115 85 27
8500 14 8 0 60 16 25 18 30 58 47
8500 15 8 76 20 46 18 61 57 96 104
8500 16 8 41 6 19 77 110 13 52 85
8500 17 8 0 116 64 65 127 100 92 63
8500 18 8 90 103 74 94 27 32 86 59
8500 19 8 28 115 103 55 30 68 81 126
8500 20 8 7 20 126 49 94 42 112 107
8500 21 8 40 112 25 12 62 32 120 35
8500 22 8 41 95 45 86 110 23 109 103
8500 23 8 116 22 42 51 18 64 16 44
8500 24 8 103 119 0 25 38 110 109 76
8500 25 8 57 18 109 123 41 115 127 27
8500 26 8 60 0 16 71 18 25 47 30
8500 27 8 46 20 126 76 31 61 77 107
8500 28 8 6 44 13 41 110 108 19 77
8500 29 8 92 116 0 65 127 64 54 66
8500 30 8 90 118 74 94 32 59 103 27
8500 31 8 28 103 115 30 68 97 42 126
8500 32 8 20 7 126 49 42 46 27 43
8500 33 8 32 40 12 112 35 25 51 62
8500 34 8 95 41 86 45 23 110 103 124
8500 35 8 116 97 22 42 18 16 0 9
8500 36 8 103 25 119 38 0 76 26 110
8500 37 8 123 18 57 109 41 127 115 120
8500 38 8 18 60 0 16 111 71 47 73
8500 39 8 46 107 20 126 76 90 104 35
8500 40 8 6 44 77 29 41 108 110 13
8500 41 8 0 65 63 115 64 127 84 92
8500 42 8 90 126 49 75 94 18 86 106
8500 43 8 45 102 125 79 74 47 40 121
8500 44 8 110 23 92 43 13 79 121 72
8500 45 8 1 76 47 34 7 83 84 103
8500 46 8 10 83 45 8 4 114 119 31
8500 47 8 127 121 15 21 31 9 26 90
11 0 8 65 44 26 59 66 73 118 114
11 1 8 50 94 18 124 104 26 34 2
11 2 8 88 84 53 49 10 18 93 54
11 3 8 89 6 31 122 59 2 12 79
11 4 8 106 76 79 124 44 93 40 85
11 5 8 125 42 61 122 12 66 56 22
11 6 8 30 83 105 8 110 74 42 90
11 7 8 103 49 34 98 28 39 115 50
11 8 8 84 121 43 103 2 42 14 127
11 9 8 117 9 110 112 127 12 102 22
11 10 8 105 61 108 73 62 39 86 64
11 11 8 0 61 49 71 98 24 122 9
11 12 8 104 15 99 63 76 97 58 115
11 13 8 6 28 12 64 77 15 95 65
11 14 8 48 20 39 90 0 111 86 17
11 15 8 85 56 76 38 61 18 10 23
11 16 8 124 8 108 19 45 17 33 18
11 17 8 72 19 69 103 117 85 116 17
11 18 8 30 8 105 42 56 110 83 85
11 19 8 49 98 34 39 3 60 112 103
11 20 8 84 121 103 127 14 116 2 43
11 21 8 117 9 110 127 112 22 102 103
11 22 8 53 105 61 108 39 2 62 112
11 23 8 61 49 122 24 0 29 37 8
11 24 8 99 15 104 115 30 97 76 63
11 25 8 6 15 28 77 12 64 73 58
11 26 8 20 48 90 111 58 17 80 88
11 27 8 85 56 10 23 61 76 101 60
11 28 8 124 108 8 19 15 41 45 60
11 29 8 19 72 69 53 103 117 116 15
11 30 8 105 56 30 8 110 74 42 83
11 31 8 49 98 103 112 34 60 3 51
11 32 8 121 84 43 116 39 14 106 103
11 33 8 117 9 110 112 45 127 125 113
11 34 8 73 53 105 61 108 62 112 39
11 35 8 26 24 61 122 49 0 37 98
11 36 8 99 15 97 107 63 58 9 52
11 37 8 6 15 79 28 80 115 21 77
11 38 8 20 48 111 80 0 8 10 52
11 39 8 23 85 76 35 61 101 56 18
11 40 8 108 8 124 15 18 41 45 19
11 41 8 72 53 19 15 69 117 17 85
11 42 8 39 126 7 73 74 24 31 32
11 43 8 88 43 77 19 49 102 45 127
11 44 8 53 45 0 37 88 73 92 121
11 45 8 112 46 84 17 1 7 34 21
11 46 8 105 39 82 123 124 84 75 83
11 47 8 95 35 73 32 90 52 9 27
1075 0 8 21 93 2 120 97 62 111 63
1075 1 8 116 83 6 23 53 58 41 95
1075 2 8 87 8 116 117 53 54 69 59
1075 3 8 64 89 26 1 2 16 38 29
1075 4 8 118 79 76 91 77 124 22 48
1075 5 8 82 47 111 125 42 22 122 102
1075 6 8 30 52 42 56 110 86 75 85
1075 7 8 95 98 60 3 34 39 103 51
1075 8 8 99 14 39 35 103 2 127 42
1075 9 8 45 117 43 112 48 102 22 104
1075 10 8 83 73 123 108 23 13 113 112
1075 11 8 67 26 58 79 9 65 0 122
1075 12 8 107 104 118 68 97 52 60 63
1075 13 8 79 6 98 21 121 64 12 25
1075 14 8 79 28 58 111 8 39 0 10
1075 15 8 23 3 76 87 61 4 56 18
1075 16 8 124 4 8 19 41 121 43 15
1075 17 8 53 97 45 72 116 69 20 127
1075 18 8 30 90 74 94 32 8 27 86
1075 19 8 28 95 115 98 19 34 60 68
1075 20 8 39 99 42 127 43 126 14 36
1075 21 8 45 117 112 12 48 22 102 43
1075 22 8 83 73 107 53 113 108 123 101
1075 23 8 122 47 0 67 26 58 69 86
1075 24 8 104 68 107 115 9 118 52 100
1075 25 8 79 6 65 107 21 64 98 44
1075 26 8 28 0 79 58 111 39 10 118
1075 27 8 23 76 4 61 56 3 18 87
1075 28 8 41 15 19 4 124 43 8 121
1075 29 8 116 97 45 127 53 20 15 103
1075 30 8 90 74 94 32 30 76 20 86
1075 31 8 28 103 126 97 115 42 68 54
1075 32 8 126 42 7 39 43 99 127 68
1075 33 8 45 12 117 112 119 104 25 51
1075 34 8 83 73 53 45 101 123 65 108
1075 35 8 67 26 122 0 58 69 47 79
1075 36 8 119 107 9 104 52 100 118 30
1075 37 8 6 79 98 25 65 115 121 21
1075 38 8 0 79 10 28 58 111 80 48
1075 39 8 23 76 87 61 18 60 35 78
1075 40 8 41 8 15 4 124 20 121 19
1075 41 8 53 127 69 97 15 45 117 19
1075 42 8 7 94 101 37 21 74 65 64
1075 43 8 102 4 45 19 43 88 79 81
1075 44 8 43 92 45 79 0 71 63 68
1075 45 8 1 111 34 19 46 84 112 7
1075 46 8 82 114 31 83 4 119 39 105
1075 47 8 117 95 9 32 34 35 63 52
13482 0 8 67 68 17 86 34 62 79 105
13482 1 8 90 99 114 68 101 75 13 104
13482 2 8 70 71 74 126 90 23 59 121
13482 3 8 24 77 5 43 37 29 122 90
13482 4 8 87 54 93 82 5 84 21 12
13482 5 8 12 115 56 65 24 95 15 101
13482 6 8 90 55 94 70 103 32 74 76
13482 7 8 28 81 42 126 68 103 115 97
13482 8 8 42 7 4 126 107 68 112 49
13482 9 8 25 40 120 112 12 88 119 51
13482 10 8 41 33 124 2 95 82 15 104
13482 11 8 97 44 51 50 34 0 122 114
13482 12 8 110 95 119 103 29 13 115 32
13482 13 8 120 102 1 127 107 27 89 99
13482 14 8 0 25 31 64 87 30 111 82
13482 15 8 76 46 54 67 108 48 106 104
13482 16 8 41 19 13 109 51 66 2 52
13482 17 8 92 116 100 36 35 66 127 91
13482 18 8 90 76 74 55 32 94 27 15
13482 19 8 19 126 81 28 42 70 54 115
13482 20 8 42 126 4 7 112 68 107 94
13482 21 8 40 12 25 120 112 119 88 33
13482 22 8 41 33 124 82 2 110 93 40
13482 23 8 18 97 44 50 116 51 34 78
13482 24 8 103 119 110 32 115 95 52 25
13482 25 8 127 120 102 45 64 1 27 89
13482 26 8 0 64 87 71 82 30 25 111
13482 27 8 46 76 54 48 67 108 58 61
13482 28 8 41 109 19 13 93 51 94 50
13482 29 8 92 116 36 100 127 66 35 2
13482 30 8 90 74 76 94 32 15 20 55
13482 31 8 28 42 54 126 19 81 97 80
13482 32 8 42 126 4 7 112 107 68 49
13482 33 8 40 12 25 120 51 119 82 33
13482 34 8 41 33 124 2 82 69 95 40
13482 35 8 18 97 44 51 50 78 59 30
13482 36 8 119 103 29 110 95 32 115 25
13482 37 8 120 127 45 102 1 89 64 25
13482 38 8 87 0 64 82 73 25 71 66
13482 39 8 46 54 27 87 76 67 14 106
13482 40 8 41 109 13 19 51 93 100 66
13482 41 8 92 116 127 35 2 100 28 66
13482 42 8 94 86 119 98 29 18 5 109
13482 43 8 79 16 102 45 21 86 40 3
13482 44 8 68 63 92 79 43 91 121 95
13482 45 8 1 34 7 19 103 111 49 78
13482 46 8 51 4 119 83 114 8 31 28
13482 47 8 26 21 9 15 63 121 82 127
52970 0 8 112 67 23 3 77 12 86 116
52970 1 8 36 101 104 29 52 13 59 66
52970 2 8 76 115 71 69 49 23 102 32
52970 3 8 122 92 126 40 27 24 11 121
52970 4 8 54 5 27 82 84 4 24 49
52970 5 8 12 48 115 52 65 117 15 56
52970 6 8 90 70 94 76 18 32 103 59
52970 7 8 81 28 103 55 42 54 115 68
52970 8 8 6 7 112 42 68 126 20 107
52970 9 8 40 51 120 112 119 104 25 106
52970 10 8 70 65 95 37 109 93 124 45
52970 11 8 44 55 34 78 97 68 0 51
52970 12 8 103 119 38 110 95 13 109 115
52970 13 8 49 123 109 36 41 99 57 27
52970 14 8 18 0 25 87 47 31 71 60
52970 15 8 20 76 108 46 67 104 54 61
52970 16 8 41 77 19 23 29 2 109 110
52970 17 8 64 0 127 84 116 65 76 100
52970 18 8 90 76 74 32 94 2 27 70
52970 19 8 81 28 115 54 70 103 42 126
52970 20 8 126 6 7 112 42 68 107 20
52970 21 8 40 120 12 112 51 25 28 101
52970 22 8 124 2 65 70 41 110 93 95
52970 23 8 97 55 44 42 18 68 78 34
52970 24 8 103 119 38 0 110 115 95 52
52970 25 8 123 49 109 57 41 45 36 115
52970 26 8 60 0 47 18 71 25 87 51
52970 27 8 20 46 54 76 108 67 104 31
52970 28 8 41 44 23 77 110 29 19 36
52970 29 8 36 84 0 64 127 65 116 92
52970 30 8 90 118 74 76 32 20 94 15
52970 31 8 54 103 28 42 126 81 80 70
52970 32 8 6 126 20 7 112 42 107 68
52970 33 8 40 120 12 106 51 112 119 104
52970 34 8 124 65 95 70 109 37 53 2
52970 35 8 97 55 42 68 16 44 78 73
52970 36 8 103 0 38 119 25 52 110 13
52970 37 8 41 123 57 49 109 36 62 115
52970 38 8 18 60 47 71 0 111 25 46
52970 39 8 20 76 107 54 46 57 67 35
52970 40 8 23 77 44 29 110 41 109 108
52970 41 8 0 65 64 63 127 84 115 36
52970 42 8 126 49 25 90 94 59 75 24
52970 43 8 102 125 49 74 121 47 45 8
52970 44 8 13 110 63 92 84 80 43 37
52970 45 8 83 7 47 1 34 84 49 21
52970 46 8 10 124 45 82 96 119 83 123
52970 47 8 127 31 90 11 15 9 121 21
323 0 8 83 120 31 63 0 107 70 111
323 1 8 41 8 34 26 42 2 24 39
323 2 8 53 67 10 88 62 123 107 41
323 3 8 89 79 122 12 6 114 97 3
323 4 8 79 93 76 124 85 106 29 54
323 5 8 42 125 12 96 95 56 117 22
323 6 8 30 105 90 74 86 94 32 83
323 7 8 28 49 103 98 3 95 115 81
323 8 8 66 42 84 127 14 43 7 68
323 9 8 98 117 112 110 9 119 12 104
323 10 8 73 83 70 61 90 2 62 13
323 11 8 26 78 9 49 61 0 122 111
323 12 8 107 79 104 52 95 115 76 9
323 13 8 80 6 64 65 36 83 25 107
323 14 8 10 58 0 48 111 79 39 118
323 15 8 76 23 85 3 61 18 56 14
323 16 8 8 124 41 43 19 15 121 67
323 17 8 19 127 97 20 116 72 15 103
323 18 8 90 30 74 76 86 32 27 94
323 19 8 115 28 126 95 19 81 42 54
323 20 8 126 66 42 127 7 68 39 107
323 21 8 98 117 12 120 9 112 119 48
323 22 8 73 83 101 90 65 2 105 110
323 23 8 26 47 122 61 0 78 49 69
323 24 8 107 115 119 104 76 52 110 100
323 25 8 80 6 64 107 65 25 79 83
323 26 8 10 0 118 79 58 48 25 87
323 27 8 85 108 4 23 76 67 14 3
323 28 8 41 8 124 19 2 43 15 121
323 29 8 19 97 127 20 116 90 45 10
323 30 8 90 76 74 20 94 32 15 29
323 31 8 28 126 54 42 70 68 81 80
323 32 8 126 7 66 49 112 42 68 107
323 33 8 98 12 120 51 112 117 119 104
323 34 8 73 83 90 65 45 101 69 93
323 35 8 26 47 44 78 69 49 34 58
323 36 8 107 119 68 79 104 110 23 115
323 37 8 6 80 83 118 65 25 64 115
323 38 8 10 0 48 58 96 118 79 28
323 39 8 23 85 76 4 108 104 67 115
323 40 8 41 8 124 43 36 3 20 15
323 41 8 19 127 20 97 90 23 69 117
323 42 8 94 21 93 7 29 119 101 46
323 43 8 102 79 88 40 45 117 21 4
323 44 8 63 92 0 43 68 71 79 20
323 45 8 1 103 111 7 34 19 49 70
323 46 8 8 119 114 4 31 83 75 44
323 47 8 117 47 9 123 34 88 63 32
1584 0 8 23 112 105 62 91 79 30 19
1584 1 8 8 90 101 68 78 29 36 67
1584 2 8 59 71 24 76 119 44 102 74
1584 3 8 24 12 37 29 43 90 126 27
1584 4 8 82 54 5 84 38 27 21 93
1584 5 8 12 96 115 56 65 117 101 15
1584 6 8 90 70 74 94 103 32 18 118
1584 7 8 28 103 81 55 68 42 30 115
1584 8 8 7 49 20 112 126 42 107 63
1584 9 8 12 120 40 112 30 79 25 88
1584 10 8 41 86 95 65 45 124 93 109
1584 11 8 92 44 78 42 34 18 114 126
1584 12 8 103 119 76 110 29 95 0 32
1584 13 8 99 120 115 127 83 57 85 27
1584 14 8 0 47 60 25 31 64 30 87
1584 15 8 46 76 104 77 61 96 48 108
1584 16 8 41 13 19 110 126 6 120 52
1584 17 8 92 115 116 64 127 36 100 66
1584 18 8 90 74 76 32 94 20 19 103
1584 19 8 55 103 28 81 126 115 70 68
1584 20 8 126 20 112 7 49 107 42 68
1584 21 8 40 120 12 112 30 25 79 62
1584 22 8 41 65 93 110 124 111 23 109
1584 23 8 18 42 22 116 78 34 92 44
1584 24 8 103 119 25 0 110 52 95 115
1584 25 8 127 18 57 120 89 115 85 83
1584 26 8 60 0 47 25 71 64 87 73
1584 27 8 46 104 31 126 76 14 77 54
1584 28 8 41 13 6 19 94 85 109 93
1584 29 8 92 115 36 116 127 66 54 35
1584 30 8 90 74 20 76 32 118 94 59
1584 31 8 28 103 126 81 70 55 54 68
1584 32 8 126 20 7 49 112 68 107 42
1584 33 8 40 12 120 79 30 112 88 28
1584 34 8 41 23 124 65 111 86 45 95
1584 35 8 18 92 97 69 9 78 116 42
1584 36 8 119 103 25 29 110 67 95 112
1584 37 8 127 18 120 115 64 45 62 65
1584 38 8 0 60 73 47 58 64 71 87
1584 39 8 46 126 104 54 76 78 77 113
1584 40 8 41 13 6 109 110 100 67 19
1584 41 8 92 115 127 122 36 54 0 66
1584 42 8 94 90 86 29 8 18 7 34
1584 43 8 102 79 40 45 74 21 125 16
1584 44 8 23 63 92 43 68 79 91 20
1584 45 8 1 7 76 103 34 84 111 19
1584 46 8 4 83 51 8 119 114 31 96
1584 47 8 26 121 21 15 9 114 127 63
33592 0 8 112 23 67 12 77 124 36 86
33592 1 8 52 104 29 25 101 14 107 67
33592 2 8 76 69 71 49 115 126 119 24
33592 3 8 97 40 43 12 122 92 27 126
33592 4 8 1 27 82 5 54 84 14 21
33592 5 8 12 48 117 56 96 15 30 65
33592 6 8 90 32 123 76 2 94 59 103
33592 7 8 103 28 81 30 42 55 115 97
33592 8 8 6 126 7 20 112 49 42 63
33592 9 8 51 79 12 40 88 120 77 106
33592 10 8 95 86 37 70 65 41 93 45
33592 11 8 92 44 55 78 68 34 114 97
33592 12 8 103 76 110 119 38 95 13 67
33592 13 8 123 109 41 115 49 99 57 36
33592 14 8 18 0 47 25 31 87 71 101
33592 15 8 20 104 67 46 108 61 96 57
33592 16 8 41 77 19 29 3 126 52 23
33592 17 8 0 116 64 84 127 65 91 76
33592 18 8 90 32 27 74 76 86 94 2
33592 19 8 115 28 103 55 126 42 70 54
33592 20 8 6 126 112 42 107 20 7 68
33592 21 8 40 120 12 62 79 112 88 119
33592 22 8 124 37 95 65 41 93 70 86
33592 23 8 92 97 42 55 68 44 114 78
33592 24 8 103 38 0 119 25 110 67 109
33592 25 8 123 57 109 49 41 115 89 36
33592 26 8 60 18 47 71 0 87 25 101
33592 27 8 20 46 31 126 104 61 76 77
33592 28 8 44 77 23 41 29 110 19 108
33592 29 8 0 65 84 64 127 63 116 36
33592 30 8 118 90 88 74 32 30 20 76
33592 31 8 103 28 115 126 34 54 42 97
33592 32 8 20 6 126 27 42 7 107 88
33592 33 8 79 40 106 12 35 104 117 112
33592 34 8 95 124 70 37 65 40 53 45
33592 35 8 92 97 55 42 16 68 78 44
33592 36 8 38 0 103 119 25 110 67 58
33592 37 8 123 109 57 41 36 49 115 95
33592 38 8 18 111 60 47 0 71 52 46
33592 39 8 20 107 76 35 46 90 61 18
33592 40 8 77 44 29 23 110 109 41 108
33592 41 8 65 0 64 63 115 127 84 85
33592 42 8 126 49 90 25 75 59 24 55
33592 43 8 47 102 74 49 125 121 8 45
33592 44 8 110 13 80 37 92 84 43 121
33592 45 8 83 47 7 87 34 84 1 5
33592 46 8 10 124 1 45 82 83 123 119
33592 47 8 127 31 90 15 11 9 21 82
1939 0 8 65 100 53 1 98 73 102 99
1939 1 8 18 70 127 94 119 15 5 82
1939 2 8 80 38 84 57 88 93 40 39
1939 3 8 6 89 124 31 2 75 41 16
1939 4 8 124 106 76 115 85 111 48 121
1939 5 8 61 125 13 66 9 8 22 37
1939 6 8 83 105 78 8 52 56 42 30
1939 7 8 49 112 75 51 101 39 3 110
1939 8 8 84 65 121 103 116 9 35 46
1939 9 8 9 110 117 125 127 10 104 96
1939 10 8 105 61 56 112 39 78 53 98
1939 11 8 125 61 49 24 37 122 23 98
1939 12 8 96 15 99 97 56 63 116 79
1939 13 8 6 28 15 77 19 73 42 58
1939 14 8 20 48 17 90 100 107 111 88
1939 15 8 85 101 10 70 16 18 8 95
1939 16 8 124 8 39 45 17 73 65 81
1939 17 8 69 21 19 42 99 17 48 1
1939 18 8 83 105 8 30 56 78 52 34
1939 19 8 112 49 60 51 34 3 75 39
1939 20 8 84 121 103 65 116 46 9 35
1939 21 8 125 9 117 110 127 96 49 10
1939 22 8 61 105 56 53 78 112 39 13
1939 23 8 61 24 49 125 23 37 92 7
1939 24 8 99 96 15 56 79 97 23 9
1939 25 8 58 19 15 6 28 23 118 73
1939 26 8 17 100 20 90 48 86 11 88
1939 27 8 85 101 70 10 103 56 23 18
1939 28 8 81 124 8 73 45 39 17 65
1939 29 8 21 42 19 1 69 48 83 55
1939 30 8 105 78 83 56 30 8 52 34
1939 31 8 112 49 51 75 101 3 39 31
1939 32 8 65 121 116 84 103 46 3 44
1939 33 8 125 9 110 104 96 117 49 127
1939 34 8 78 105 56 53 61 112 39 86
1939 35 8 125 23 24 61 49 37 7 0
1939 36 8 99 96 15 97 56 116 79 63
1939 37 8 58 15 19 28 23 6 118 42
1939 38 8 17 100 90 20 48 86 107 8
1939 39 8 101 10 70 85 103 23 18 120
1939 40 8 81 124 73 45 8 17 65 83
1939 41 8 42 69 21 48 19 83 18 17
1939 42 8 32 64 31 6 36 56 7 114
1939 43 8 77 71 88 31 43 78 102 112
1939 44 8 53 73 90 0 121 107 92 98
1939 45 8 101 27 94 2 22 1 21 84
1939 46 8 38 11 34 84 75 31 98 97
1939 47 8 73 125 105 20 2 101 9 86
14190 0 8 21 75 126 124 62 60 3 34
14190 1 8 58 23 6 127 125 119 45 78
14190 2 8 93 127 9 47 54 8 51 119
14190 3 8 16 4 59 38 107 82 124 2
14190 4 8 124 56 25 22 58 48 47 104
14190 5 8 13 82 68 22 47 12 30 78
14190 6 8 52 8 30 42 79 56 110 12
14190 7 8 110 51 31 75 60 95 87 48
14190 8 8 118 36 116 46 105 103 24 44
14190 9 8 65 1 96 84 52 99 127 49
14190 10 8 113 112 3 26 39 53 6 74
14190 11 8 107 63 125 31 52 67 87 69
14190 12 8 75 24 97 116 63 104 96 80
14190 13 8 84 98 73 23 21 76 26 64
14190 14 8 76 34 79 62 90 22 88 101
14190 15 8 95 8 103 51 16 10 70 18
14190 16 8 65 45 73 83 17 124 7 55
14190 17 8 69 58 48 54 17 18 99 106
14190 18 8 52 83 79 42 8 30 44 75
14190 19 8 110 51 31 60 95 75 39 34
14190 20 8 118 36 46 116 103 3 57 105
14190 21 8 65 96 127 1 45 64 49 9
14190 22 8 113 112 39 53 30 35 26 78
14190 23 8 107 37 8 87 63 69 65 125
14190 24 8 116 97 75 104 63 79 50 56
14190 25 8 84 98 73 21 76 23 42 6
14190 26 8 90 79 88 8 62 34 48 6
14190 27 8 95 51 10 56 103 87 18 8
14190 28 8 65 45 73 83 124 17 55 123
14190 29 8 69 54 18 1 17 48 58 85
14190 30 8 52 42 30 34 56 105 110 75
14190 31 8 51 110 60 31 9 49 39 95
14190 32 8 36 103 118 46 116 84 109 44
14190 33 8 65 127 96 49 1 45 9 117
14190 34 8 53 112 113 39 64 61 105 26
14190 35 8 107 37 8 61 98 67 89 63
14190 36 8 97 116 63 24 75 52 15 9
14190 37 8 84 98 76 73 23 10 21 77
14190 38 8 34 107 62 88 90 101 22 75
14190 39 8 51 95 87 8 103 56 120 18
14190 40 8 65 45 17 73 123 83 55 111
14190 41 8 58 18 69 48 85 49 17 112
14190 42 8 2 8 32 64 28 31 58 36
14190 43 8 2 77 30 94 121 78 56 88
14190 44 8 94 113 73 107 53 82 3 11
14190 45 8 86 94 87 2 54 21 1 53
14190 46 8 122 74 97 17 84 103 38 37
14190 47 8 114 79 44 54 82 6 58 55
11 0 8 44 26 59 65 18 101 83 73
11 1 8 23 50 127 58 62 124 94 26
11 2 8 84 93 88 127 54 47 18 87
11 3 8 2 82 38 124 16 39 112 64
11 4 8 56 25 124 48 106 58 76 22
11 5 8 82 13 22 68 107 47 126 97
11 6 8 30 52 42 83 8 56 105 110
11 7 8 51 60 110 31 95 75 49 39
11 8 8 109 103 36 116 46 59 84 127
11 9 8 65 117 45 127 9 96 1 49
11 10 8 113 112 39 53 123 26 13 64
11 11 8 67 98 37 107 115 8 69 122
11 12 8 63 97 116 9 104 75 74 77
11 13 8 21 98 76 42 23 73 77 16
11 14 8 20 79 8 88 90 34 48 17
11 15 8 95 56 103 23 61 18 85 6
11 16 8 73 45 124 65 55 17 83 8
11 17 8 69 48 85 103 72 97 17 42
11 18 8 30 42 52 8 34 56 83 85
11 19 8 60 51 95 39 98 3 31 100
11 20 8 36 103 127 116 109 35 57 44
11 21 8 117 65 45 111 127 102 96 9
11 22 8 113 112 39 123 53 108 13 30
11 23 8 37 67 122 0 69 115 4 29
11 24 8 104 9 97 116 63 74 34 79
11 25 8 98 76 21 77 73 42 6 64
11 26 8 90 20 111 8 88 79 48 10
11 27 8 61 85 6 10 56 23 16 103
11 28 8 124 73 93 45 55 19 8 41
11 29 8 1 103 42 69 116 48 19 97
11 30 8 30 56 34 105 42 74 85 52
11 31 8 60 28 9 19 49 100 51 95
11 32 8 109 36 103 127 44 84 121 101
11 33 8 117 111 96 102 9 65 45 127
11 34 8 113 123 13 105 61 53 112 18
11 35 8 67 37 61 49 122 24 115 69
11 36 8 99 9 97 15 116 63 2 114
11 37 8 15 23 58 76 28 6 10 98
11 38 8 20 90 48 17 8 107 88 34
11 39 8 85 23 103 101 95 10 61 120
11 40 8 8 124 73 45 17 105 65 114
11 41 8 69 19 42 48 18 1 72 112
11 42 8 32 64 39 31 36 115 74 7
11 43 8 77 88 45 43 102 78 127 21
11 44 8 53 73 0 121 107 92 98 79
11 45 8 1 27 2 84 94 111 22 32
11 46 8 31 84 75 114 38 8 119 97
11 47 8 73 117 32 9 111 86 63 95
358 0 8 103 104 49 50 78 6 32 92
358 1 8 9 23 58 6 62 77 30 3
358 2 8 51 122 93 127 100 2 84 47
358 3 8 2 38 112 39 124 29 64 18
358 4 8 48 56 23 25 104 58 50 124
358 5 8 107 22 13 82 126 97 75 8
358 6 8 52 79 42 30 38 12 56 25
358 7 8 110 51 2 31 75 60 95 9
358 8 8 109 46 36 103 61 116 105 44
358 9 8 65 1 96 52 84 49 99 127
358 10 8 112 113 35 39 26 122 103 13
358 11 8 107 37 98 67 9 115 125 43
358 12 8 75 104 63 97 116 50 59 71
358 13 8 76 98 2 73 21 101 77 16
358 14 8 80 79 90 34 88 7 115 76
358 15 8 95 8 13 60 120 18 16 10
358 16 8 45 7 83 65 11 55 17 24
358 17 8 39 15 17 52 22 58 106 69
358 18 8 52 79 8 25 42 44 71 64
358 19 8 110 31 9 51 125 28 39 75
358 20 8 36 3 46 116 44 103 86 57
358 21 8 96 65 49 1 127 52 80 102
358 22 8 53 112 113 39 35 13 103 30
358 23 8 37 107 39 115 8 69 29 89
358 24 8 116 104 75 97 63 50 74 43
358 25 8 98 73 76 23 21 2 42 101
358 26 8 90 80 8 88 79 111 34 75
358 27 8 95 120 60 10 18 8 16 56
358 28 8 45 7 83 11 65 24 55 15
358 29 8 39 17 18 15 46 52 22 1
358 30 8 52 79 42 34 25 30 44 63
358 31 8 110 51 31 9 2 60 39 34
358 32 8 36 44 109 103 46 86 3 116
358 33 8 65 96 1 52 49 127 111 45
358 34 8 35 112 113 13 53 39 18 64
358 35 8 37 115 107 69 98 8 89 105
358 36 8 97 116 63 75 26 9 52 74
358 37 8 2 98 76 10 21 101 16 73
358 38 8 80 34 79 75 107 88 7 115
358 39 8 13 95 8 60 120 18 1 121
358 40 8 45 7 11 83 65 15 17 55
358 41 8 39 17 52 18 106 46 15 103
358 42 8 2 125 74 37 22 123 7 24
358 43 8 56 19 43 12 112 97 77 78
358 44 8 88 45 99 37 0 98 44 6
358 45 8 58 46 92 17 112 22 84 63
358 46 8 84 105 30 29 39 38 22 103
358 47 8 95 35 111 108 52 6 87 59
1265 0 8 111 104 2 97 83 22 120 63
1265 1 8 123 86 3 76 77 107 34 58
1265 2 8 9 51 14 47 24 93 100 10
1265 3 8 105 38 25 39 2 59 112 16
1265 4 8 23 48 25 22 56 124 104 67
1265 5 8 34 126 13 80 107 82 22 97
1265 6 8 52 79 42 110 30 38 10 44
1265 7 8 34 110 87 51 31 50 60 45
1265 8 8 36 46 39 109 103 116 105 33
1265 9 8 52 65 1 94 96 45 118 49
1265 10 8 112 74 35 113 39 26 64 122
1265 11 8 107 37 9 98 67 87 105 43
1265 12 8 116 104 97 63 75 52 100 53
1265 13 8 75 98 21 73 76 44 2 101
1265 14 8 80 79 88 34 6 75 76 8
1265 15 8 95 8 60 18 13 120 10 98
1265 16 8 45 15 83 7 65 17 11 91
1265 17 8 15 17 52 85 106 58 18 22
1265 18 8 79 52 42 110 30 25 75 8
1265 19 8 110 51 34 31 87 39 9 125
1265 20 8 36 46 3 116 80 39 103 57
1265 21 8 65 52 118 96 45 94 49 64
1265 22 8 113 74 112 53 35 39 30 62
1265 23 8 8 39 37 107 89 98 69 43
1265 24 8 116 100 104 97 63 50 75 118
1265 25 8 21 98 75 73 76 16 42 2
1265 26 8 80 6 88 79 8 90 58 34
1265 27 8 120 95 56 18 60 10 23 8
1265 28 8 83 45 15 7 11 18 73 17
1265 29 8 15 17 52 85 83 106 18 58
1265 30 8 79 34 30 52 42 75 110 25
1265 31 8 110 51 34 9 31 3 39 60
1265 32 8 46 36 3 116 109 103 39 44
1265 33 8 52 96 49 118 45 65 94 1
1265 34 8 74 53 113 35 62 112 30 45
1265 35 8 67 37 89 98 69 39 8 122
1265 36 8 100 116 97 30 104 9 118 80
1265 37 8 75 98 2 21 44 42 10 76
1265 38 8 80 75 79 88 34 58 6 39
1265 39 8 120 13 18 60 95 78 56 23
1265 40 8 15 7 45 83 11 18 17 65
1265 41 8 17 52 15 106 85 18 117 58
1265 42 8 37 2 7 74 125 22 123 32
1265 43 8 43 19 112 12 78 56 97 77
1265 44 8 45 88 113 0 37 121 98 6
1265 45 8 46 112 22 17 63 85 58 84
1265 46 8 105 39 29 84 30 38 80 22
1265 47 8 35 95 52 108 111 6 59 9
1779 0 8 62 126 97 3 124 29 111 36
1779 1 8 123 58 78 45 76 86 88 107
1779 2 8 24 119 15 51 9 47 23 32
1779 3 8 105 7 90 120 119 38 16 25
1779 4 8 104 39 48 47 91 4 22 56
1779 5 8 13 80 126 78 70 74 22 82
1779 6 8 52 79 30 42 110 25 10 80
1779 7 8 110 34 51 87 31 9 39 16
1779 8 8 51 46 24 39 36 80 3 105
1779 9 8 52 96 1 118 94 65 45 49
1779 10 8 74 112 113 39 26 62 35 120
1779 11 8 87 37 39 98 71 43 47 105
1779 12 8 100 116 104 63 75 97 50 68
1779 13 8 24 75 101 73 121 42 44 76
1779 14 8 62 28 88 6 75 34 58 76
1779 15 8 98 120 95 8 18 13 56 82
1779 16 8 123 83 45 20 73 17 43 65
1779 17 8 58 97 14 85 84 17 106 123
1779 18 8 79 52 25 42 34 8 30 110
1779 19 8 110 9 51 31 87 34 125 39
1779 20 8 46 51 3 24 36 86 39 44
1779 21 8 96 52 65 118 45 64 1 49
1779 22 8 74 112 53 113 30 26 107 20
1779 23 8 87 39 71 37 8 89 43 69
1779 24 8 100 116 104 75 97 50 63 68
1779 25 8 24 75 42 98 73 21 121 64
1779 26 8 62 28 88 8 6 75 34 111
1779 27 8 120 98 56 95 18 8 10 115
1779 28 8 123 83 45 20 73 43 17 84
1779 29 8 58 84 97 85 14 17 83 18
1779 30 8 34 79 52 30 42 8 63 25
1779 31 8 9 110 51 31 34 39 3 28
1779 32 8 46 24 51 103 36 3 44 116
1779 33 8 96 52 49 118 1 45 65 48
1779 34 8 74 53 112 113 120 13 62 86
1779 35 8 87 71 37 39 47 89 98 16
1779 36 8 100 116 120 97 68 30 104 9
1779 37 8 24 42 121 55 49 98 75 10
1779 38 8 62 28 88 34 75 8 96 39
1779 39 8 120 98 56 18 4 95 61 23
1779 40 8 123 20 83 45 43 18 114 84
1779 41 8 84 14 58 97 85 20 106 83
1779 42 8 32 75 28 65 101 2 8 123
1779 43 8 4 47 87 81 78 2 45 104
1779 44 8 13 121 54 80 71 98 110 92
1779 45 8 87 47 22 94 1 84 80 27
1779 46 8 45 98 1 67 75 127 17 80
1779 47 8 32 117 34 90 127 9 27 86
421 0 8 2 61 93 31 63 120 97 69
421 1 8 58 83 45 105 88 26 123 53
421 2 8 122 117 9 24 47 15 51 8
421 3 8 90 105 7 112 59 120 38 16
421 4 8 91 47 4 48 22 104 105 67
421 5 8 34 13 111 70 126 82 80 107
421 6 8 30 52 79 42 110 10 75 80
421 7 8 51 34 110 95 31 39 60 16
421 8 8 109 39 46 103 59 51 80 36
421 9 8 45 96 1 52 118 65 10 49
421 10 8 74 112 113 39 23 83 86 123
421 11 8 47 67 37 98 58 87 39 82
421 12 8 68 104 116 63 100 97 75 120
421 13 8 42 121 21 77 75 73 64 76
421 14 8 28 79 88 75 58 34 8 107
421 15 8 56 103 95 120 4 18 8 98
421 16 8 45 55 83 73 20 15 33 17
421 17 8 97 85 69 45 48 58 17 20
421 18 8 42 52 30 34 110 79 25 8
421 19 8 51 110 60 39 9 95 31 34
421 20 8 103 36 109 46 39 3 14 44
421 21 8 45 96 65 127 49 117 10 118
421 22 8 113 39 74 112 107 53 108 123
421 23 8 37 98 87 8 89 69 122 39
421 24 8 116 104 97 63 100 68 118 74
421 25 8 42 21 98 77 75 76 121 64
421 26 8 79 8 88 39 28 111 34 58
421 27 8 56 95 103 61 4 120 6 18
421 28 8 45 55 73 83 20 15 19 33
421 29 8 69 85 117 97 48 103 17 45
421 30 8 34 30 42 52 75 110 85 8
421 31 8 60 51 39 9 103 95 34 31
421 32 8 109 103 36 39 46 44 127 43
421 33 8 117 45 104 96 49 127 10 102
421 34 8 113 123 39 112 108 45 53 119
421 35 8 67 37 122 98 69 87 111 47
421 36 8 9 116 43 104 97 63 30 114
421 37 8 77 98 121 42 21 55 10 76
421 38 8 79 28 88 8 107 34 75 39
421 39 8 103 95 23 4 56 61 120 18
421 40 8 55 45 20 73 83 105 84 7
421 41 8 69 48 97 85 20 112 45 102
421 42 8 64 37 101 32 31 36 115 94
421 43 8 45 77 4 102 20 43 81 21
421 44 8 73 121 92 68 71 98 53 91
421 45 8 1 111 84 32 21 7 27 103
421 46 8 114 8 31 119 101 75 67 4
421 47 8 117 34 9 32 47 63 124 123
1052 0 8 104 103 7 61 2 14 101 63
1052 1 8 9 3 95 58 123 76 105 116
1052 2 8 100 122 68 92 7 10 14 67
1052 3 8 41 39 112 90 105 59 99 12
1052 4 8 23 104 48 105 47 102 56 20
1052 5 8 107 100 13 12 126 8 105 76
1052 6 8 30 42 52 80 44 34 9 12
1052 7 8 3 28 39 98 31 51 9 95
1052 8 8 109 35 127 59 14 103 46 42
1052 9 8 96 117 10 102 65 92 45 127
1052 10 8 39 112 113 123 13 23 86 108
1052 11 8 67 37 82 78 98 0 39 115
1052 12 8 68 116 104 43 63 97 74 9
1052 13 8 42 66 77 99 21 76 65 10
1052 14 8 8 88 96 58 80 79 107 39
1052 15 8 56 6 3 4 61 18 120 95
1052 16 8 19 93 7 55 33 45 84 41
1052 17 8 103 116 20 82 126 35 23 123
1052 18 8 30 34 42 56 85 8 64 74
1052 19 8 28 98 9 19 39 31 60 3
1052 20 8 103 127 116 43 44 35 42 14
1052 21 8 102 117 111 96 104 25 10 112
1052 22 8 53 39 18 83 5 112 13 103
1052 23 8 67 37 0 122 115 121 99 78
1052 24 8 9 104 116 43 4 115 30 49
1052 25 8 112 42 77 76 106 99 104 125
1052 26 8 111 8 90 88 3 107 10 109
1052 27 8 6 61 16 10 48 76 40 56
1052 28 8 93 19 45 84 7 97 105 41
1052 29 8 103 116 1 82 72 73 69 46
1052 30 8 34 56 8 30 74 85 64 68
1052 31 8 28 100 19 9 44 60 98 51
1052 32 8 35 44 43 116 14 103 109 127
1052 33 8 102 111 117 96 104 45 10 25
1052 34 8 113 103 13 94 108 112 39 18
1052 35 8 78 37 4 8 122 69 67 111
1052 36 8 9 43 116 118 97 2 30 74
1052 37 8 77 98 66 16 76 75 21 10
1052 38 8 80 79 96 8 88 105 107 75
1052 39 8 56 6 60 120 61 95 18 76
1052 40 8 7 55 45 83 15 18 84 40
1052 41 8 20 85 103 46 69 52 15 117
1052 42 8 22 125 37 2 24 36 76 32
1052 43 8 30 12 19 56 85 49 27 78
1052 44 8 88 99 45 113 121 79 5 73
1052 45 8 19 58 17 112 46 21 94 34
1052 46 8 84 81 29 30 105 39 103 80
1052 47 8 111 6 52 108 79 35 95 114
594 0 8 76 17 111 16 66 118 29 47
594 1 8 34 76 107 116 3 20 91 123
594 2 8 14 77 9 51 100 7 121 115
594 3 8 41 105 112 38 39 25 76 114
594 4 8 23 105 22 48 20 124 104 26
594 5 8 100 80 107 13 126 22 12 34
594 6 8 52 30 42 110 25 8 80 86
594 7 8 87 51 110 31 39 95 9 34
594 8 8 39 103 46 14 59 2 118 35
594 9 8 94 96 1 10 45 95 92 49
594 10 8 112 23 39 74 113 6 30 64
594 11 8 47 37 39 9 78 87 98 70
594 12 8 116 68 43 104 63 5 53 25
594 13 8 42 75 77 126 44 12 73 20
594 14 8 80 96 79 88 8 58 75 107
594 15 8 56 120 60 95 18 4 8 90
594 16 8 40 45 7 83 43 51 33 24
594 17 8 20 85 123 97 14 126 103 83
594 18 8 34 52 42 30 25 75 64 26
594 19 8 51 110 39 9 87 31 34 60
594 20 8 14 46 103 39 3 36 2 44
594 21 8 96 94 45 49 127 118 10 102
594 22 8 113 74 112 39 53 30 107 64
594 23 8 78 37 98 87 39 69 89 47
594 24 8 116 104 118 100 63 68 50 74
594 25 8 75 42 77 21 98 76 64 65
594 26 8 8 39 88 96 79 58 28 80
594 27 8 56 61 95 6 120 76 23 18
594 28 8 45 43 40 7 83 19 51 84
594 29 8 20 103 85 97 126 117 14 116
594 30 8 34 30 42 85 75 110 52 64
594 31 8 51 60 39 9 103 100 98 3
594 32 8 103 14 39 127 44 36 46 35
594 33 8 94 117 96 49 102 45 10 104
594 34 8 108 113 39 112 45 107 83 30
594 35 8 78 122 98 37 69 67 8 115
594 36 8 9 30 116 43 104 53 118 68
594 37 8 75 77 44 65 10 98 42 21
594 38 8 8 96 79 58 80 39 88 34
594 39 8 56 61 6 120 18 95 4 3
594 40 8 40 7 43 45 20 83 84 18
594 41 8 20 103 14 97 117 85 102 106
594 42 8 22 37 101 125 93 65 5 123
594 43 8 81 4 87 45 6 102 127 85
594 44 8 71 20 121 54 92 98 79 81
594 45 8 19 1 80 84 22 111 21 70
594 46 8 67 84 44 80 75 98 115 31
594 47 8 117 34 32 47 66 123 9 88
264 0 8 106 27 50 0 48 110 49 43
264 1 8 99 76 77 123 7 39 62 105
264 2 8 45 14 122 7 92 100 120 47
264 3 8 41 105 94 112 39 114 97 90
264 4 8 105 23 48 22 77 0 104 20
264 5 8 105 51 100 13 80 126 12 95
264 6 8 30 52 86 80 34 110 42 44
264 7 8 39 51 31 98 9 110 28 103
264 8 8 2 39 103 35 46 59 42 117
264 9 8 10 117 96 94 49 102 22 95
264 10 8 23 39 112 74 113 108 64 86
264 11 8 78 47 37 39 9 87 98 67
264 12 8 68 116 43 63 9 104 118 74
264 13 8 12 66 42 77 113 75 119 44
264 14 8 96 8 105 88 58 39 107 75
264 15 8 56 120 18 95 6 61 4 40
264 16 8 51 43 40 45 83 33 121 84
264 17 8 2 66 20 35 103 116 85 126
264 18 8 34 30 42 52 85 75 8 64
264 19 8 60 9 39 51 98 3 31 28
264 20 8 2 103 127 46 14 36 39 35
264 21 8 117 45 96 102 49 10 127 104
264 22 8 113 39 108 112 107 45 13 30
264 23 8 78 37 98 8 122 69 0 47
264 24 8 104 116 9 68 118 43 63 97
264 25 8 12 66 77 42 98 75 21 113
264 26 8 8 105 111 88 96 39 58 10
264 27 8 56 61 6 4 76 23 95 18
264 28 8 43 51 19 45 93 41 84 40
264 29 8 103 66 2 35 20 116 117 126
264 30 8 34 30 74 90 85 42 32 75
264 31 8 60 28 9 39 100 98 19 103
264 32 8 2 127 103 43 44 14 36 39
264 33 8 117 102 96 10 104 49 22 45
264 34 8 108 113 45 53 83 107 39 30
264 35 8 78 67 122 69 37 47 0 50
264 36 8 9 68 104 116 30 118 43 123
264 37 8 12 66 65 113 77 99 44 75
264 38 8 105 96 58 8 88 39 0 10
264 39 8 61 56 6 4 3 120 18 98
264 40 8 51 43 40 121 41 18 84 119
264 41 8 66 2 20 117 35 103 126 102
264 42 8 22 93 98 18 102 123 76 94
264 43 8 81 6 87 45 102 127 85 21
264 44 8 20 48 121 92 81 79 98 72
264 45 8 1 80 70 111 84 20 22 21
264 46 8 115 44 75 80 8 98 114 55
264 47 8 47 123 120 36 88 66 9 124
3151 0 8 77 116 34 17 67 12 22 62
3151 1 8 99 75 7 48 88 45 16 114
3151 2 8 8 90 70 121 15 9 32 67
3151 3 8 41 77 112 90 62 105 59 16
3151 4 8 105 22 87 77 48 104 124 47
3151 5 8 13 105 102 126 56 24 12 80
3151 6 8 30 55 52 34 110 75 8 25
3151 7 8 51 39 98 34 110 31 103 3
3151 8 8 2 4 103 39 14 46 35 59
3151 9 8 33 117 10 49 96 118 1 22
3151 10 8 112 39 23 64 86 113 30 108
3151 11 8 78 50 37 39 98 0 111 115
3151 12 8 116 104 118 68 43 63 74 76
3151 13 8 102 77 12 42 113 64 75 65
3151 14 8 96 8 39 88 58 82 107 75
3151 15 8 56 120 95 90 18 61 8 4
3151 16 8 51 45 43 83 40 111 24 84
3151 17 8 2 20 85 66 103 35 126 123
3151 18 8 34 30 42 52 75 25 8 110
3151 19 8 51 60 39 9 110 34 31 3
3151 20 8 14 103 46 39 2 4 3 36
3151 21 8 33 96 49 117 45 10 127 94
3151 22 8 112 113 107 39 30 108 74 53
3151 23 8 78 50 37 98 8 122 47 39
3151 24 8 104 118 116 68 63 100 43 74
3151 25 8 102 12 113 42 77 64 98 75
3151 26 8 96 8 39 88 58 64 82 111
3151 27 8 56 4 61 6 76 95 18 120
3151 28 8 43 51 45 111 19 109 84 40
3151 29 8 2 66 103 35 20 126 85 116
3151 30 8 34 30 74 55 42 75 85 32
3151 31 8 60 28 9 39 3 44 100 19
3151 32 8 127 14 4 103 2 35 39 43
3151 33 8 33 117 102 10 96 49 111 22
3151 34 8 113 108 107 33 53 45 86 30
3151 35 8 50 47 78 122 16 37 8 115
3151 36 8 9 68 118 104 116 30 43 76
3151 37 8 102 113 12 99 66 65 77 42
3151 38 8 96 82 58 8 64 0 88 39
3151 39 8 61 4 6 3 56 37 18 120
3151 40 8 51 43 111 41 13 109 84 119
3151 41 8 2 66 35 126 103 20 117 127
3151 42 8 18 98 102 93 22 94 76 86
3151 43 8 45 16 102 6 87 21 81 20
3151 44 8 20 48 121 92 79 13 68 98
3151 45 8 1 70 111 80 84 32 34 21
3151 46 8 115 114 75 8 31 119 83 4
3151 47 8 47 123 120 88 66 26 9 36
943 0 8 112 30 71 7 36 41 79 118
943 1 8 29 85 113 117 88 16 7 71
943 2 8 59 76 23 126 71 66 44 70
943 3 8 77 121 112 40 41 62 92 53
943 4 8 77 27 105 87 54 38 84 48
943 5 8 117 54 12 56 48 126 95 13
943 6 8 30 34 90 85 74 94 27 59
943 7 8 3 103 98 28 39 9 68 115
943 8 8 127 35 2 14 42 59 7 43
943 9 8 117 10 68 119 102 112 59 33
943 10 8 109 95 39 86 112 111 45 2
943 11 8 78 16 122 0 50 37 39 40
943 12 8 9 43 38 104 118 63 32 25
943 13 8 123 12 41 77 42 107 102 109
943 14 8 96 47 8 39 88 58 107 111
943 15 8 56 61 20 37 90 76 6 3
943 16 8 110 77 6 40 41 29 19 45
943 17 8 103 64 126 0 116 65 85 107
943 18 8 30 34 42 90 25 74 32 85
943 19 8 19 60 3 44 34 39 98 28
943 20 8 14 127 2 35 103 42 43 116
943 21 8 117 102 10 33 68 49 35 111
943 22 8 113 109 39 95 112 45 2 53
943 23 8 78 122 16 37 8 97 115 50
943 24 8 9 118 116 38 43 63 104 74
943 25 8 77 12 41 42 109 123 102 64
943 26 8 47 8 88 64 111 18 96 62
943 27 8 61 56 20 6 37 90 76 77
943 28 8 6 110 77 29 45 93 19 40
943 29 8 103 64 85 65 115 0 126 116
943 30 8 34 30 42 118 52 85 74 75
943 31 8 60 3 103 51 34 19 39 100
943 32 8 14 2 103 127 20 35 39 44
943 33 8 117 35 10 49 102 127 96 111
943 34 8 109 95 113 112 107 39 108 45
943 35 8 78 16 97 37 42 122 98 50
943 36 8 9 0 103 97 116 38 30 118
943 37 8 77 41 123 12 109 57 10 95
943 38 8 47 18 60 8 34 88 111 7
943 39 8 90 20 61 6 37 18 56 120
943 40 8 6 110 40 77 44 29 45 83
943 41 8 115 64 85 0 65 103 36 126
943 42 8 59 49 90 24 126 73 8 31
943 43 8 125 121 49 45 74 47 27 75
943 44 8 13 37 110 80 23 121 92 73
943 45 8 76 5 47 1 83 21 26 7
943 46 8 96 124 82 10 84 45 83 1
943 47 8 127 31 11 90 94 15 121 82
315 0 8 68 107 31 69 81 118 53 93
315 1 8 85 29 75 83 117 113 116 16
315 2 8 59 90 123 8 117 86 9 70
315 3 8 77 10 41 121 112 62 94 16
315 4 8 105 87 111 22 77 91 54 10
315 5 8 105 111 102 126 54 117 13 95
315 6 8 30 85 86 110 34 52 64 80
315 7 8 98 103 3 60 34 39 110 28
315 8 8 28 2 127 14 35 39 59 42
315 9 8 117 10 48 112 43 68 119 46
315 10 8 23 39 112 108 86 110 14 107
315 11 8 102 78 50 13 37 47 0 98
315 12 8 68 9 104 43 118 120 74 25
315 13 8 12 77 113 121 55 99 42 107
315 14 8 96 84 8 39 58 107 82 111
315 15 8 56 61 4 3 76 90 6 18
315 16 8 51 43 19 41 121 93 84 45
315 17 8 2 103 116 20 126 66 35 45
315 18 8 30 34 90 85 32 74 42 9
315 19 8 60 19 98 28 39 9 44 115
315 20 8 2 14 127 28 39 42 103 35
315 21 8 117 48 102 45 10 33 43 68
315 22 8 113 123 39 108 107 2 13 112
315 23 8 50 47 102 78 37 13 0 122
315 24 8 9 68 118 32 120 104 43 114
315 25 8 12 113 55 77 107 42 102 66
315 26 8 84 8 96 111 58 39 0 82
315 27 8 4 61 6 3 76 37 58 56
315 28 8 51 19 43 93 41 121 84 50
315 29 8 116 35 2 103 45 66 126 20
315 30 8 74 90 32 30 34 59 94 68
315 31 8 28 19 44 81 60 115 3 68
315 32 8 127 28 42 43 50 2 35 14
315 33 8 117 48 43 102 12 25 111 10
315 34 8 123 14 2 83 88 113 107 45
315 35 8 102 50 47 13 78 79 122 0
315 36 8 68 104 9 120 32 114 118 119
315 37 8 99 66 113 107 65 12 79 55
315 38 8 84 96 58 0 82 118 87 8
315 39 8 4 61 37 3 6 76 18 115
315 40 8 51 41 43 121 93 19 84 85
315 41 8 2 126 35 66 20 127 116 45
315 42 8 41 93 94 98 18 102 119 5
315 43 8 45 102 4 79 21 81 6 86
315 44 8 92 79 68 121 48 71 20 91
315 45 8 1 111 84 34 70 7 19 21
315 46 8 8 114 31 83 4 119 44 115
315 47 8 47 123 88 36 9 120 66 124
1584 0 8 23 112 105 79 91 36 62 30
1584 1 8 29 90 68 85 101 60 7 67
1584 2 8 59 71 76 44 24 102 23 126
1584 3 8 24 12 43 40 92 27 37 41
1584 4 8 82 5 54 27 84 21 38 93
1584 5 8 12 115 56 10 65 117 15 87
1584 6 8 90 118 70 94 32 103 74 59
1584 7 8 28 103 81 55 30 115 42 68
1584 8 8 7 20 49 107 127 126 112 42
1584 9 8 40 112 12 25 30 120 88 119
1584 10 8 41 95 86 124 109 45 17 104
1584 11 8 18 78 22 51 44 114 42 122
1584 12 8 9 103 32 26 119 0 110 114
1584 13 8 127 120 89 18 91 12 57 107
1584 14 8 71 111 0 60 107 87 30 31
1584 15 8 38 61 90 76 54 89 14 48
1584 16 8 115 13 41 19 94 50 93 80
1584 17 8 92 116 100 36 66 1 127 99
1584 18 8 118 30 32 90 27 34 106 58
1584 19 8 39 115 60 19 28 31 34 126
1584 20 8 127 103 35 42 94 20 15 22
1584 21 8 117 47 10 7 111 40 35 25
1584 22 8 82 127 2 23 13 5 88 112
1584 23 8 22 42 37 122 1 79 78 99
1584 24 8 9 26 103 30 0 49 25 32
1584 25 8 18 127 77 57 63 12 91 125
1584 26 8 71 111 107 60 15 30 47 88
1584 27 8 126 61 48 6 89 37 90 76
1584 28 8 100 93 41 115 19 13 94 50
1584 29 8 92 122 100 103 116 66 93 82
1584 30 8 30 34 56 103 74 90 58 52
1584 31 8 60 39 19 28 100 126 115 44
1584 32 8 35 94 127 103 22 42 68 116
1584 33 8 47 117 40 10 7 102 96 25
1584 34 8 23 82 127 13 41 9 2 112
1584 35 8 22 9 37 78 18 79 21 25
1584 36 8 25 28 9 32 29 43 34 14
1584 37 8 127 18 120 89 77 12 91 61
1584 38 8 87 73 30 92 107 0 64 16
1584 39 8 77 46 37 25 14 48 89 58
1584 40 8 100 41 13 6 93 19 109 35
1584 41 8 115 92 122 116 54 100 81 6
1584 42 8 86 8 94 106 30 70 28 19
1584 43 8 45 74 102 80 18 41 16 21
1584 44 8 23 79 92 72 11 119 63 121
1584 45 8 76 1 7 34 21 26 19 28
1584 46 8 4 51 96 83 119 102 28 19
1584 47 8 121 114 21 26 98 15 9 30
27947 0 8 87 124 86 36 30 17 112 66
27947 1 8 52 38 104 101 32 25 63 118
27947 2 8 67 49 71 126 59 76 44 102
27947 3 8 24 126 46 43 12 95 40 90
27947 4 8 5 82 54 84 21 1 93 38
27947 5 8 12 115 0 56 87 15 65 69
27947 6 8 103 90 70 94 118 59 76 32
27947 7 8 28 81 55 103 42 30 115 68
27947 8 8 7 94 50 42 112 107 49 126
27947 9 8 38 12 40 25 120 112 119 51
27947 10 8 41 124 82 71 33 95 93 51
27947 11 8 51 44 73 0 22 34 81 114
27947 12 8 119 103 110 32 13 49 29 38
27947 13 8 89 127 27 1 120 62 18 109
27947 14 8 87 71 0 31 24 30 60 25
27947 15 8 76 48 110 46 58 61 106 67
27947 16 8 41 19 13 93 94 115 100 66
27947 17 8 100 92 116 66 23 36 75 127
27947 18 8 90 74 103 32 76 94 59 20
27947 19 8 28 19 81 115 126 7 68 97
27947 20 8 94 126 50 42 7 68 43 107
27947 21 8 38 25 40 12 117 112 120 119
27947 22 8 82 23 71 124 41 2 13 5
27947 23 8 73 22 18 51 42 100 55 97
27947 24 8 103 119 49 127 32 25 29 112
27947 25 8 127 62 18 120 89 27 112 1
27947 26 8 71 87 0 30 31 15 60 111
27947 27 8 89 58 48 126 46 110 106 76
27947 28 8 93 41 19 13 94 50 28 44
27947 29 8 100 92 116 36 26 75 23 127
27947 30 8 74 90 103 32 59 94 70 76
27947 31 8 28 81 19 126 97 42 54 7
27947 32 8 94 50 7 42 43 20 126 123
27947 33 8 40 12 117 25 38 82 35 7
27947 34 8 71 23 82 124 41 42 43 2
27947 35 8 73 18 22 51 81 78 25 55
27947 36 8 103 119 25 29 112 32 9 43
27947 37 8 62 127 18 120 1 89 27 12
27947 38 8 87 73 0 71 31 64 22 60
27947 39 8 46 126 37 48 77 76 61 27
27947 40 8 93 41 13 100 19 94 109 51
27947 41 8 122 92 116 26 100 36 66 115
27947 42 8 94 86 106 18 8 98 5 90
27947 43 8 45 102 74 79 86 16 21 80
27947 44 8 79 92 121 23 68 91 43 72
27947 45 8 1 84 111 34 26 7 76 21
27947 46 8 4 119 83 51 114 8 31 75
27947 47 8 26 21 15 121 9 127 82 63
1614 0 8 112 83 36 23 122 79 86 105
1614 1 8 29 104 101 13 103 67 98 66
1614 2 8 44 23 76 71 126 59 49 102
1614 3 8 90 92 70 43 27 32 126 85
1614 4 8 54 5 93 84 27 82 1 33
1614 5 8 12 10 87 48 56 95 115 0
1614 6 8 118 103 90 74 94 32 59 70
1614 7 8 28 81 19 42 68 55 115 30
1614 8 8 127 42 50 20 94 7 126 43
1614 9 8 117 25 106 10 40 112 12 119
1614 10 8 95 109 82 42 13 2 124 1
1614 11 8 22 55 122 51 42 0 116 44
1614 12 8 103 0 32 26 38 119 9 14
1614 13 8 41 57 109 123 12 62 91 77
1614 14 8 71 60 18 107 87 0 24 111
1614 15 8 61 20 38 90 76 126 14 6
1614 16 8 44 41 108 93 19 77 110 97
1614 17 8 0 64 116 65 103 63 100 122
1614 18 8 30 90 103 118 74 34 32 27
1614 19 8 19 28 39 115 98 9 44 3
1614 20 8 127 42 2 94 14 20 43 35
1614 21 8 117 35 25 102 40 10 59 68
1614 22 8 13 23 109 95 2 82 42 113
1614 23 8 22 42 55 37 16 122 78 0
1614 24 8 0 38 9 25 103 14 26 32
1614 25 8 57 109 18 123 77 12 41 76
1614 26 8 60 71 18 111 88 47 8 0
1614 27 8 20 126 61 90 6 37 76 56
1614 28 8 44 77 110 93 108 19 29 41
1614 29 8 103 64 65 0 85 116 15 53
1614 30 8 118 30 34 42 85 74 103 56
1614 31 8 19 34 98 28 60 50 39 100
1614 32 8 20 14 103 127 2 44 35 43
1614 33 8 35 117 10 106 102 40 127 96
1614 34 8 95 23 124 109 108 39 112 113
1614 35 8 42 78 97 55 16 22 37 98
1614 36 8 25 0 9 38 103 43 116 30
1614 37 8 41 77 57 123 18 109 12 10
1614 38 8 60 18 8 111 47 88 71 102
1614 39 8 20 90 6 61 60 37 18 76
1614 40 8 44 110 77 40 108 29 55 45
1614 41 8 103 64 0 65 85 117 36 122
1614 42 8 24 49 59 126 90 73 31 125
1614 43 8 49 45 121 125 102 127 43 47
1614 44 8 13 37 110 73 80 45 121 92
1614 45 8 112 1 46 5 47 84 83 21
1614 46 8 124 82 39 105 10 75 80 84
1614 47 8 127 90 95 35 31 15 27 52
1483 0 8 120 29 7 126 116 97 70 111
1483 1 8 11 107 83 76 53 78 14 88
1483 2 8 116 15 121 67 119 23 117 44
1483 3 8 10 89 1 11 26 41 16 13
1483 4 8 105 39 77 10 1 22 48 91
1483 5 8 102 111 126 97 95 12 13 80
1483 6 8 30 55 34 85 64 74 80 52
1483 7 8 98 87 39 103 3 28 31 72
1483 8 8 127 27 2 43 35 24 42 44
1483 9 8 117 43 10 102 94 112 22 127
1483 10 8 108 39 14 86 120 23 112 30
1483 11 8 78 79 68 86 0 122 115 37
1483 12 8 53 43 9 104 63 116 124 74
1483 13 8 79 95 24 77 12 75 64 42
1483 14 8 62 8 39 28 111 88 58 18
1483 15 8 6 90 56 61 3 20 76 37
1483 16 8 77 111 123 45 19 29 40 60
1483 17 8 103 85 65 53 72 0 116 97
1483 18 8 85 30 42 34 52 8 55 56
1483 19 8 87 98 34 19 60 39 51 28
1483 20 8 14 39 103 44 2 64 127 35
1483 21 8 43 117 10 102 94 127 22 96
1483 22 8 39 113 108 107 53 14 112 64
1483 23 8 86 37 78 79 122 98 0 115
1483 24 8 53 104 116 68 63 120 74 9
1483 25 8 24 77 79 95 42 12 55 64
1483 26 8 62 28 8 111 39 58 88 0
1483 27 8 6 4 61 56 76 90 35 20
1483 28 8 111 29 77 19 123 45 20 41
1483 29 8 103 65 53 85 97 116 84 45
1483 30 8 30 85 74 34 90 55 64 42
1483 31 8 28 98 19 9 34 100 87 44
1483 32 8 27 43 39 44 127 14 24 116
1483 33 8 43 117 102 10 94 112 66 96
1483 34 8 14 108 120 107 40 95 113 123
1483 35 8 79 86 122 68 0 37 115 98
1483 36 8 53 124 104 30 9 43 116 119
1483 37 8 24 95 79 77 10 75 109 123
1483 38 8 62 0 111 18 58 8 88 39
1483 39 8 6 20 35 76 90 61 18 87
1483 40 8 111 77 29 41 84 19 44 18
1483 41 8 0 65 102 103 63 85 53 84
1483 42 8 20 75 126 28 24 55 73 66
1483 43 8 45 121 127 102 47 2 81 8
1483 44 8 13 80 110 79 121 92 72 3
1483 45 8 1 47 5 83 84 34 7 28
1483 46 8 10 96 45 74 4 83 75 124
1483 47 8 90 127 11 31 54 27 15 114
304 0 8 69 93 107 61 81 31 120 22
304 1 8 83 60 76 91 39 62 14 75
304 2 8 117 116 67 68 15 123 23 7
304 3 8 26 10 1 106 32 90 121 3
304 4 8 111 102 91 105 10 77 18 120
304 5 8 102 111 122 95 97 12 56 126
304 6 8 30 85 74 64 34 52 86 80
304 7 8 72 98 39 100 28 31 44 3
304 8 8 127 28 27 35 42 43 2 99
304 9 8 105 117 43 10 48 102 59 96
304 10 8 123 23 14 108 13 39 112 40
304 11 8 58 47 13 79 37 86 78 0
304 12 8 69 68 120 43 53 124 25 104
304 13 8 55 79 121 77 12 107 24 95
304 14 8 28 84 58 111 8 39 101 107
304 15 8 3 34 6 4 76 61 100 56
304 16 8 43 121 20 19 84 93 41 94
304 17 8 30 97 116 103 45 102 14 73
304 18 8 85 30 74 90 59 34 64 25
304 19 8 28 98 72 19 39 31 9 81
304 20 8 28 127 42 44 14 43 99 39
304 21 8 117 48 43 102 105 96 25 59
304 22 8 123 14 108 107 39 113 103 13
304 23 8 13 47 58 0 79 37 115 122
304 24 8 68 69 120 104 43 9 124 34
304 25 8 55 121 79 107 77 64 65 42
304 26 8 28 84 111 0 58 8 101 39
304 27 8 4 3 34 6 100 14 61 76
304 28 8 19 43 121 41 93 20 84 50
304 29 8 116 30 97 45 103 102 100 14
304 30 8 74 90 59 32 85 94 30 25
304 31 8 28 81 98 19 9 72 115 44
304 32 8 28 43 42 99 127 50 7 82
304 33 8 25 105 102 43 117 48 12 66
304 34 8 14 123 83 40 13 5 107 108
304 35 8 47 58 13 0 122 79 115 37
304 36 8 69 68 120 104 119 124 36 30
304 37 8 99 79 121 55 107 65 10 77
304 38 8 28 84 58 101 0 10 111 88
304 39 8 3 34 100 4 6 14 23 18
304 40 8 121 43 41 20 19 84 93 18
304 41 8 30 116 97 14 45 102 103 20
304 42 8 119 101 93 5 65 94 55 7
304 43 8 45 4 102 127 86 6 21 81
304 44 8 79 71 121 92 68 98 20 54
304 45 8 1 111 84 127 70 103 34 80
304 46 8 75 67 8 114 115 4 31 83
304 47 8 117 34 47 123 88 66 9 32
5662 0 8 86 95 112 62 91 124 105 87
5662 1 8 90 60 68 114 71 101 13 28
5662 2 8 23 44 71 6 5 64 76 74
5662 3 8 73 24 3 12 106 37 43 90
5662 4 8 93 5 37 84 12 54 53 82
5662 5 8 12 63 115 74 56 65 35 95
5662 6 8 90 103 74 70 59 94 32 86
5662 7 8 28 81 115 6 63 19 30 68
5662 8 8 37 43 42 127 94 7 4 82
5662 9 8 25 112 66 6 12 102 59 68
5662 10 8 41 13 82 95 124 10 92 21
5662 11 8 0 18 51 116 94 121 97 36
5662 12 8 14 119 36 32 115 27 74 43
5662 13 8 127 1 120 99 18 112 91 27
5662 14 8 102 0 31 60 111 109 58 15
5662 15 8 3 14 6 76 18 89 77 125
5662 16 8 94 19 41 13 84 97 115 85
5662 17 8 116 92 102 100 66 1 103 73
5662 18 8 74 90 59 103 94 32 70 86
5662 19 8 28 115 81 98 19 9 68 39
5662 20 8 42 94 43 124 37 7 127 82
5662 21 8 25 102 35 6 112 12 66 95
5662 22 8 41 82 103 95 5 9 66 2
5662 23 8 0 22 116 94 51 97 42 18
5662 24 8 14 25 32 119 103 50 27 124
5662 25 8 127 112 93 27 20 2 120 92
5662 26 8 0 102 111 15 30 31 109 71
5662 27 8 14 125 3 58 48 76 6 18
5662 28 8 19 94 41 93 100 97 84 115
5662 29 8 116 92 100 73 66 26 30 102
5662 30 8 74 90 59 103 94 32 70 25
5662 31 8 28 81 115 56 9 68 98 44
5662 32 8 37 94 42 43 7 4 22 82
5662 33 8 25 6 12 82 66 102 63 112
5662 34 8 41 82 9 103 124 10 21 71
5662 35 8 0 51 94 22 18 116 25 21
5662 36 8 14 119 25 27 32 50 36 17
5662 37 8 127 120 112 1 89 18 27 93
5662 38 8 87 102 0 31 15 73 64 109
5662 39 8 14 77 100 125 46 89 6 126
5662 40 8 94 100 13 93 41 19 84 109
5662 41 8 116 92 122 30 100 102 6 81
5662 42 8 106 86 94 8 30 70 43 119
5662 43 8 80 45 32 99 16 86 74 127
5662 44 8 72 79 15 23 11 121 119 92
5662 45 8 1 76 26 34 84 103 53 21
5662 46 8 51 4 96 102 75 83 14 76
5662 47 8 121 30 26 21 38 114 15 82
6832 0 8 109 112 126 86 122 3 62 79
6832 1 8 13 38 104 14 101 66 25 36
6832 2 8 23 49 76 60 71 64 5 44
6832 3 8 24 73 106 23 90 70 3 16
6832 4 8 93 5 84 37 12 27 6 82
6832 5 8 12 115 63 87 74 35 95 6
6832 6 8 103 90 74 59 94 32 70 118
6832 7 8 28 81 115 98 39 19 68 6
6832 8 8 43 127 42 6 94 10 37 50
6832 9 8 25 112 41 12 102 59 66 6
6832 10 8 95 41 13 82 40 92 10 91
6832 11 8 0 94 51 16 116 122 55 97
6832 12 8 14 103 36 115 119 38 50 74
6832 13 8 123 109 57 112 99 41 27 40
6832 14 8 102 18 60 111 31 0 58 15
6832 15 8 3 14 6 31 20 76 61 18
6832 16 8 94 19 41 108 77 97 93 23
6832 17 8 116 0 26 65 103 100 102 63
6832 18 8 90 74 59 103 85 94 32 30
6832 19 8 28 115 19 98 81 39 9 52
6832 20 8 42 127 94 14 43 6 50 126
6832 21 8 25 35 117 41 102 6 66 59
6832 22 8 95 41 82 40 103 2 5 13
6832 23 8 0 16 42 94 122 116 97 22
6832 24 8 38 0 103 14 25 32 34 36
6832 25 8 123 57 109 112 18 2 77 41
6832 26 8 60 18 102 71 111 0 15 109
6832 27 8 6 20 126 31 61 76 77 14
6832 28 8 94 44 108 93 77 19 41 23
6832 29 8 0 26 116 65 103 73 63 100
6832 30 8 118 103 30 74 85 90 34 25
6832 31 8 28 98 9 100 31 39 19 3
6832 32 8 44 20 43 35 42 6 127 103
6832 33 8 35 41 25 102 10 117 96 127
6832 34 8 95 124 41 103 40 82 39 33
6832 35 8 97 94 16 42 37 115 0 79
6832 36 8 103 38 25 0 14 9 43 116
6832 37 8 123 109 57 77 41 112 18 10
6832 38 8 18 60 102 111 87 71 0 47
6832 39 8 20 107 6 126 90 61 35 18
6832 40 8 93 77 44 94 29 108 23 84
6832 41 8 26 65 0 63 102 122 85 116
6832 42 8 90 126 49 75 24 18 55 23
6832 43 8 121 45 74 47 127 49 125 102
6832 44 8 80 110 121 13 79 11 92 98
6832 45 8 1 47 5 26 83 84 103 22
6832 46 8 10 1 75 124 96 98 83 45
6832 47 8 127 15 31 90 21 121 11 82
13 0 8 65 43 98 73 72 45 114 1
13 1 8 18 38 94 26 127 43 24 49
13 2 8 84 88 38 57 93 18 40 47
13 3 8 89 6 31 2 124 41 16 39
13 4 8 106 124 76 115 48 85 44 47
13 5 8 125 61 13 66 126 8 22 97
13 6 8 83 30 105 8 52 56 42 34
13 7 8 49 112 3 51 34 98 110 39
13 8 8 35 84 103 121 2 116 14 46
13 9 8 117 110 9 10 96 127 49 1
13 10 8 112 105 61 39 113 53 86 64
13 11 8 61 49 37 24 98 125 122 0
13 12 8 99 116 15 63 97 104 43 96
13 13 8 6 42 28 77 15 12 64 73
13 14 8 20 48 90 8 88 17 111 107
13 15 8 85 101 10 56 120 6 95 61
13 16 8 124 45 8 73 17 39 83 33
13 17 8 69 42 85 19 17 103 21 48
13 18 8 105 34 52 42 8 30 56 83
13 19 8 49 51 34 60 110 39 9 112
13 20 8 103 121 84 14 35 116 44 46
13 21 8 9 110 117 96 127 125 102 49
13 22 8 53 105 113 61 39 112 13 30
13 23 8 61 49 24 37 122 89 69 39
13 24 8 99 15 116 104 97 96 63 56
13 25 8 15 58 28 6 73 64 42 77
13 26 8 20 17 90 48 88 111 8 100
13 27 8 85 101 10 70 103 6 16 56
13 28 8 124 45 73 8 81 17 65 55
13 29 8 1 69 42 19 103 48 21 18
13 30 8 105 34 52 56 42 83 30 8
13 31 8 49 112 51 9 31 60 110 34
13 32 8 121 65 84 103 44 116 35 127
13 33 8 125 9 110 96 117 45 127 111
13 34 8 105 53 61 112 56 78 39 13
13 35 8 125 24 61 49 37 23 122 89
13 36 8 99 15 97 96 116 63 9 2
13 37 8 15 58 6 28 23 10 25 73
13 38 8 17 20 48 90 107 86 34 8
13 39 8 101 85 103 10 23 120 70 95
13 40 8 124 73 45 8 65 17 81 105
13 41 8 42 69 19 48 1 18 21 102
13 42 8 64 32 31 115 114 36 74 2
13 43 8 77 88 45 43 31 102 78 112
13 44 8 53 73 0 90 107 121 98 92
13 45 8 101 1 27 2 94 84 22 21
13 46 8 11 38 84 75 97 103 34 31
13 47 8 73 57 105 20 86 9 109 85
8670 0 8 21 75 33 37 72 32 78 50
8670 1 8 58 6 23 9 26 95 3 44
8670 2 8 93 127 8 54 9 51 47 100
8670 3 8 38 4 2 94 64 16 124 82
8670 4 8 56 48 22 25 124 47 67 104
8670 5 8 82 13 47 22 123 68 34 126
8670 6 8 52 42 8 38 79 30 110 56
8670 7 8 110 51 60 31 95 62 75 48
8670 8 8 36 109 116 46 105 103 44 8
8670 9 8 65 1 45 96 127 52 99 49
8670 10 8 112 113 26 3 39 6 53 74
8670 11 8 107 67 9 37 98 115 102 8
8670 12 8 75 97 63 116 104 52 80 71
8670 13 8 73 98 21 16 81 64 101 84
8670 14 8 34 76 79 22 88 84 75 115
8670 15 8 8 95 16 120 87 103 70 125
8670 16 8 65 45 58 73 27 17 83 7
8670 17 8 69 49 48 58 17 99 61 85
8670 18 8 52 42 8 79 34 30 25 44
8670 19 8 110 51 60 31 95 9 45 34
8670 20 8 36 103 46 105 44 3 116 57
8670 21 8 65 96 45 127 1 99 64 111
8670 22 8 112 39 53 113 18 66 30 26
8670 23 8 107 115 8 37 89 102 43 36
8670 24 8 75 97 116 104 63 50 118 42
8670 25 8 73 21 98 16 64 101 81 76
8670 26 8 79 88 34 8 90 76 84 39
8670 27 8 95 8 87 120 16 103 6 18
8670 28 8 65 45 83 55 73 17 7 24
8670 29 8 49 69 18 1 17 48 85 106
8670 30 8 52 42 34 44 30 56 85 25
8670 31 8 51 110 60 31 9 100 39 33
8670 32 8 36 103 44 105 46 109 116 95
8670 33 8 65 127 1 96 45 49 117 111
8670 34 8 112 113 53 39 64 26 3 18
8670 35 8 107 37 8 115 98 89 67 43
8670 36 8 97 75 116 52 63 24 9 80
8670 37 8 73 81 98 10 76 101 84 21
8670 38 8 107 34 88 79 90 22 75 76
8670 39 8 8 95 87 10 103 120 70 56
8670 40 8 65 45 17 7 73 83 124 123
8670 41 8 49 18 69 48 58 85 26 1
8670 42 8 58 2 31 32 64 50 66 37
8670 43 8 69 77 30 5 88 124 112 2
8670 44 8 113 73 94 53 19 107 62 96
8670 45 8 94 92 87 98 27 54 2 22
8670 46 8 122 84 103 97 38 44 68 74
8670 47 8 44 73 114 79 90 6 23 85
11 0 8 44 26 111 65 59 4 101 38
11 1 8 23 50 127 37 58 26 49 94
11 2 8 84 93 127 88 54 18 87 47
11 3 8 2 38 82 124 64 16 39 94
11 4 8 56 25 48 124 106 22 118 47
11 5 8 82 22 13 47 34 126 107 97
11 6 8 52 42 30 38 110 8 83 56
11 7 8 60 110 51 31 3 95 100 48
11 8 8 109 36 103 35 44 116 46 105
11 9 8 45 65 127 117 96 1 47 52
11 10 8 112 39 113 83 23 26 122 13
11 11 8 67 107 37 115 98 8 102 9
11 12 8 63 97 104 116 9 75 42 68
11 13 8 21 98 73 16 10 77 59 42
11 14 8 20 8 79 88 34 22 39 17
11 15 8 3 95 23 6 40 61 16 103
11 16 8 45 124 65 73 55 105 93 7
11 17 8 69 103 72 97 85 42 82 48
11 18 8 34 30 52 8 42 56 90 85
11 19 8 19 28 60 9 100 31 98 44
11 20 8 127 44 42 103 35 36 116 50
11 21 8 45 117 102 111 96 65 59 127
11 22 8 113 83 53 13 39 123 18 112
11 23 8 90 67 115 122 0 37 89 69
11 24 8 9 104 97 116 68 115 34 2
11 25 8 64 21 107 98 16 106 10 6
11 26 8 20 8 111 90 79 88 38 0
11 27 8 6 61 23 16 3 40 85 58
11 28 8 93 124 105 19 41 73 55 8
11 29 8 103 1 82 116 69 97 42 73
11 30 8 56 74 30 90 34 68 105 32
11 31 8 28 19 9 31 60 44 100 81
11 32 8 44 109 127 50 36 35 43 116
11 33 8 111 117 102 45 96 65 59 9
11 34 8 113 123 94 83 13 18 53 105
11 35 8 67 37 90 115 89 61 122 49
11 36 8 99 9 97 2 116 15 63 104
11 37 8 15 6 28 76 98 10 16 23
11 38 8 20 48 90 8 17 107 79 88
11 39 8 85 23 95 103 101 120 6 10
11 40 8 65 124 8 45 73 105 17 114
11 41 8 69 19 42 18 48 1 72 103
11 42 8 39 64 31 32 115 2 74 36
11 43 8 77 88 45 43 102 46 78 20
11 44 8 53 73 0 107 121 98 92 79
11 45 8 1 27 84 2 94 32 111 22
11 46 8 84 75 31 97 114 38 101 60
11 47 8 73 117 32 9 86 111 95 63
1290 0 8 21 7 87 62 34 120 17 126
1290 1 8 23 6 58 99 77 26 30 53
1290 2 8 93 127 9 68 8 54 70 24
1290 3 8 2 38 112 64 16 29 93 106
1290 4 8 22 56 48 25 67 47 102 87
1290 5 8 82 13 22 126 34 78 24 47
1290 6 8 52 42 38 110 79 30 112 9
1290 7 8 51 60 110 31 48 87 45 95
1290 8 8 36 103 105 46 44 118 8 109
1290 9 8 1 65 127 96 52 33 45 99
1290 10 8 112 39 113 26 3 64 107 108
1290 11 8 107 115 98 37 67 8 43 9
1290 12 8 75 63 97 116 52 42 80 87
1290 13 8 73 98 102 101 95 21 76 64
1290 14 8 34 76 101 82 79 22 8 88
1290 15 8 8 95 87 16 120 100 103 31
1290 16 8 65 45 83 73 17 40 7 111
1290 17 8 69 54 85 61 17 106 18 99
1290 18 8 52 42 79 34 30 25 44 75
1290 19 8 110 51 60 31 45 95 48 39
1290 20 8 36 103 44 105 46 116 3 39
1290 21 8 65 96 127 45 1 99 111 64
1290 22 8 112 39 113 53 18 64 108 107
1290 23 8 115 8 107 37 98 36 89 43
1290 24 8 97 116 75 104 63 50 118 2
1290 25 8 73 102 21 98 10 64 42 101
1290 26 8 34 8 88 79 101 82 39 90
1290 27 8 95 87 6 16 8 120 10 103
1290 28 8 65 45 73 83 55 7 17 127
1290 29 8 69 1 61 85 18 103 17 48
1290 30 8 52 42 34 30 56 85 44 8
1290 31 8 60 51 100 110 39 31 9 33
1290 32 8 36 103 44 116 127 101 46 84
1290 33 8 65 45 96 117 111 127 49 1
1290 34 8 53 113 112 13 108 39 18 26
1290 35 8 37 115 8 67 89 98 107 16
1290 36 8 97 52 116 9 63 2 75 118
1290 37 8 10 102 98 73 95 21 24 76
1290 38 8 82 101 34 62 107 88 8 64
1290 39 8 87 95 8 103 120 6 56 61
1290 40 8 65 45 111 73 17 114 123 83
1290 41 8 61 85 18 48 58 69 49 54
1290 42 8 8 2 75 20 64 28 31 66
1290 43 8 47 16 77 121 2 30 80 65
1290 44 8 94 72 113 110 80 73 107 11
1290 45 8 5 47 94 87 76 54 83 1
1290 46 8 122 45 96 84 97 123 103 1
1290 47 8 127 114 44 11 31 82 90 79
0 0 8 65 99 98 40 72 73 102 100
0 1 8 127 18 70 94 38 26 103 113
0 2 8 84 93 88 38 127 99 40 47
0 3 8 2 124 38 6 31 16 112 82
0 4 8 48 124 106 115 56 25 76 47
0 5 8 126 22 13 66 61 82 8 97
0 6 8 52 42 83 105 30 38 8 110
0 7 8 51 60 110 49 112 31 48 45
0 8 8 84 109 103 36 44 46 116 121
0 9 8 45 96 65 9 1 127 110 117
0 10 8 112 113 39 105 61 64 13 3
0 11 8 67 107 115 61 37 8 98 24
0 12 8 104 116 97 75 63 9 99 15
0 13 8 73 6 15 10 21 16 64 28
0 14 8 20 34 8 48 17 88 90 79
0 15 8 95 101 85 23 3 16 8 103
0 16 8 73 45 124 65 17 83 8 105
0 17 8 69 42 85 17 103 48 97 18
0 18 8 52 8 34 30 56 42 85 25
0 19 8 51 60 100 39 34 110 9 31
0 20 8 103 44 116 84 36 127 35 39
0 21 8 45 117 111 96 9 65 102 127
0 22 8 113 53 112 39 13 108 83 18
0 23 8 115 90 37 61 89 67 122 49
0 24 8 104 9 97 116 30 63 34 99
0 25 8 64 21 16 73 6 28 98 107
0 26 8 20 48 90 8 111 88 17 79
0 27 8 6 23 61 85 10 101 103 16
0 28 8 124 73 93 55 105 19 45 8
0 29 8 103 1 97 69 42 48 116 82
0 30 8 56 105 74 30 34 90 85 22
0 31 8 28 19 100 49 60 44 9 31
0 32 8 44 127 109 121 84 35 116 43
0 33 8 111 117 45 102 9 96 110 65
0 34 8 123 53 105 13 61 83 113 18
0 35 8 67 90 61 89 49 24 115 122
0 36 8 99 9 15 2 97 30 104 116
0 37 8 15 6 28 58 10 23 16 98
0 38 8 20 48 17 8 90 3 10 107
0 39 8 23 85 101 103 6 61 40 10
0 40 8 105 124 73 8 93 41 45 65
0 41 8 42 69 19 48 1 103 21 112
0 42 8 64 31 94 119 115 39 32 36
0 43 8 45 77 86 102 88 46 21 37
0 44 8 53 73 91 79 92 121 0 90
0 45 8 1 101 84 111 27 2 32 34
0 46 8 11 4 119 75 8 114 31 83
0 47 8 73 57 20 9 105 86 63 124
2619 0 8 50 21 2 103 104 7 75 14
2619 1 8 9 6 23 3 58 95 26 42
2619 2 8 100 122 93 84 68 127 51 54
2619 3 8 2 38 39 41 4 112 108 64
2619 4 8 48 56 23 50 102 25 47 124
2619 5 8 107 100 82 126 22 47 13 12
2619 6 8 30 42 52 85 34 9 86 110
2619 7 8 98 95 100 51 31 60 9 3
2619 8 8 35 109 127 36 42 44 2 99
2619 9 8 45 117 65 102 39 96 127 66
2619 10 8 108 83 13 39 23 123 113 112
2619 11 8 67 115 78 0 122 37 89 8
2619 12 8 104 9 63 34 97 68 118 116
2619 13 8 21 66 98 16 99 10 64 2
2619 14 8 79 80 8 3 0 58 64 15
2619 15 8 3 61 6 23 76 89 40 4
2619 16 8 41 19 93 7 55 85 94 119
2619 17 8 116 100 103 46 82 23 92 126
2619 18 8 90 74 59 94 32 76 68 30
2619 19 8 28 19 81 68 126 115 42 97
2619 20 8 126 42 7 50 43 68 38 94
2619 21 8 12 112 117 25 6 120 59 119
2619 22 8 83 13 71 66 82 5 94 21
2619 23 8 67 0 99 51 100 78 121 34
2619 24 8 115 119 127 32 9 49 14 124
2619 25 8 112 27 92 99 66 93 107 20
2619 26 8 0 111 30 15 80 87 53 66
2619 27 8 58 89 48 3 61 76 6 125
2619 28 8 93 19 41 105 7 60 50 85
2619 29 8 100 116 23 72 46 103 73 82
2619 30 8 74 90 59 70 32 68 94 111
2619 31 8 28 81 19 97 100 9 0 42
2619 32 8 50 7 43 9 123 109 101 127
2619 33 8 111 117 12 102 68 59 7 25
2619 34 8 94 66 71 13 82 21 5 16
2619 35 8 78 67 4 115 8 99 89 121
2619 36 8 9 2 119 24 118 26 4 97
2619 37 8 16 98 76 61 21 10 82 66
2619 38 8 79 80 8 3 88 90 96 105
2619 39 8 6 56 60 61 120 95 40 18
2619 40 8 7 45 55 65 15 19 17 41
2619 41 8 103 46 20 69 52 85 15 102
2619 42 8 125 37 22 2 24 76 74 7
2619 43 8 30 12 19 56 85 45 77 43
2619 44 8 99 88 45 113 5 79 121 61
2619 45 8 19 58 17 112 46 21 1 34
2619 46 8 84 81 29 30 105 39 103 97
2619 47 8 6 111 52 108 35 95 79 71
594 0 8 76 17 111 16 118 66 29 47
594 1 8 86 34 107 3 76 51 109 42
594 2 8 14 77 9 51 87 100 127 93
594 3 8 41 2 38 105 112 25 114 37
594 4 8 23 56 22 0 48 25 124 95
594 5 8 80 107 100 126 22 82 47 122
594 6 8 52 30 42 86 110 85 34 8
594 7 8 87 51 110 31 98 100 39 60
594 8 8 35 36 103 39 18 44 2 118
594 9 8 45 94 65 117 96 127 102 115
594 10 8 112 108 83 39 23 64 42 13
594 11 8 115 67 78 37 9 98 87 107
594 12 8 97 104 63 71 116 53 118 9
594 13 8 75 44 98 21 73 16 126 64
594 14 8 79 8 80 34 88 96 84 24
594 15 8 60 3 56 95 23 6 61 40
594 16 8 7 40 45 43 65 17 105 51
594 17 8 20 14 97 103 85 82 126 53
594 18 8 34 52 30 42 85 56 8 25
594 19 8 87 39 19 95 51 100 9 60
594 20 8 36 127 35 44 103 2 39 42
594 21 8 45 117 94 111 102 65 96 127
594 22 8 83 113 53 108 13 39 112 14
594 23 8 115 78 89 47 37 122 90 0
594 24 8 104 68 9 97 118 116 34 2
594 25 8 44 21 75 64 98 10 107 16
594 26 8 8 79 28 111 39 11 80 88
594 27 8 23 6 61 4 3 56 40 16
594 28 8 93 7 43 40 105 19 41 121
594 29 8 103 97 116 20 82 14 126 53
594 30 8 74 90 34 56 30 32 64 58
594 31 8 28 19 9 44 100 87 31 98
594 32 8 127 36 50 44 43 42 35 101
594 33 8 111 117 94 102 45 96 59 48
594 34 8 83 108 53 13 113 14 94 18
594 35 8 67 90 78 115 89 122 37 69
594 36 8 9 2 30 104 53 116 118 97
594 37 8 75 44 98 10 24 121 21 99
594 38 8 8 79 10 0 28 80 88 96
594 39 8 23 6 4 3 61 56 18 76
594 40 8 105 7 40 41 19 93 20 121
594 41 8 103 14 97 20 117 127 53 1
594 42 8 37 125 101 94 119 93 22 65
594 43 8 45 4 86 102 81 21 46 79
594 44 8 79 91 71 92 121 54 68 63
594 45 8 1 19 111 84 34 7 27 32
594 46 8 4 119 114 8 31 75 67 83
594 47 8 34 117 32 9 47 123 124 63
279 0 8 106 57 0 127 103 71 111 24
279 1 8 48 9 77 86 3 62 91 16
279 2 8 90 122 87 14 100 7 51 92
279 3 8 41 112 105 38 26 2 64 37
279 4 8 63 22 77 56 0 48 23 25
279 5 8 105 51 126 80 82 22 107 122
279 6 8 30 52 42 86 85 34 110 9
279 7 8 95 60 98 100 3 51 110 31
279 8 8 35 99 127 36 28 15 44 39
279 9 8 117 32 45 102 48 6 94 65
279 10 8 83 13 108 23 112 14 80 39
279 11 8 67 109 78 115 90 122 37 8
279 12 8 68 9 104 97 63 118 34 116
279 13 8 66 113 44 64 98 10 21 107
279 14 8 16 105 8 58 111 88 0 101
279 15 8 3 61 4 23 6 76 14 40
279 16 8 119 43 105 93 41 12 19 51
279 17 8 2 66 103 116 35 53 20 100
279 18 8 90 30 32 56 74 94 59 34
279 19 8 19 28 95 60 115 81 68 67
279 20 8 42 50 127 99 43 126 28 7
279 21 8 117 45 32 111 48 12 102 68
279 22 8 83 13 113 123 14 53 94 5
279 23 8 90 122 47 109 115 89 67 0
279 24 8 68 9 127 104 115 32 34 107
279 25 8 64 66 107 113 55 44 93 79
279 26 8 16 105 0 111 10 8 30 109
279 27 8 89 3 61 23 4 58 48 76
279 28 8 93 105 19 41 119 43 12 85
279 29 8 116 100 66 35 2 82 103 23
279 30 8 90 74 32 59 94 68 70 30
279 31 8 28 19 81 97 68 126 42 0
279 32 8 50 7 42 127 43 99 126 101
279 33 8 117 32 111 12 25 102 59 45
279 34 8 83 94 66 13 5 14 123 21
279 35 8 90 109 67 47 115 78 26 122
279 36 8 9 119 127 68 107 2 104 60
279 37 8 66 93 99 113 32 107 79 55
279 38 8 16 105 66 10 0 87 8 88
279 39 8 89 48 4 61 3 6 23 58
279 40 8 119 41 105 93 19 12 43 51
279 41 8 2 66 103 35 23 20 90 127
279 42 8 27 94 119 93 102 29 18 76
279 43 8 86 45 29 102 21 79 40 46
279 44 8 91 79 48 92 63 121 68 43
279 45 8 1 19 84 111 34 7 70 101
279 46 8 4 119 8 114 31 83 75 101
279 47 8 36 47 123 9 120 88 57 66
28263 0 8 75 67 17 68 86 34 79 91
28263 1 8 48 90 28 16 99 101 57 13
28263 2 8 70 46 74 126 71 23 90 64
28263 3 8 24 103 5 37 43 74 77 85
28263 4 8 84 54 60 33 93 21 82 5
28263 5 8 12 115 56 65 15 24 95 0
28263 6 8 90 94 70 103 74 59 32 55
28263 7 8 28 81 68 42 126 115 55 97
28263 8 8 42 7 4 126 107 112 68 49
28263 9 8 40 25 120 12 112 36 82 119
28263 10 8 41 124 33 82 15 43 2 13
28263 11 8 44 18 51 97 50 34 122 41
28263 12 8 24 119 110 103 29 95 13 32
28263 13 8 120 27 1 127 102 92 89 93
28263 14 8 87 0 31 64 25 30 16 82
28263 15 8 46 76 89 48 106 54 58 108
28263 16 8 41 13 19 109 93 50 51 21
28263 17 8 100 92 116 66 36 127 110 23
28263 18 8 90 74 76 55 94 32 43 27
28263 19 8 81 19 28 126 42 70 115 54
28263 20 8 42 126 4 7 112 68 107 94
28263 21 8 12 82 40 120 25 119 112 36
28263 22 8 41 33 43 82 124 2 5 23
28263 23 8 18 44 97 30 50 59 21 51
28263 24 8 24 127 119 25 112 32 110 103
28263 25 8 120 127 27 1 93 18 92 45
28263 26 8 87 64 0 30 73 31 82 16
28263 27 8 46 89 48 58 106 67 76 125
28263 28 8 93 41 109 19 13 50 94 85
28263 29 8 100 92 116 36 127 66 73 82
28263 30 8 74 90 32 94 76 70 59 82
28263 31 8 28 81 19 42 97 126 54 68
28263 32 8 4 42 7 126 22 107 50 68
28263 33 8 82 12 25 40 119 120 33 68
28263 34 8 33 41 43 82 71 124 5 55
28263 35 8 18 30 51 44 59 48 21 25
28263 36 8 112 24 119 29 127 110 49 32
28263 37 8 45 93 120 127 1 92 27 89
28263 38 8 87 0 66 64 16 73 82 55
28263 39 8 46 89 106 48 14 27 54 67
28263 40 8 41 109 93 13 19 100 50 66
28263 41 8 100 116 92 127 81 23 28 66
28263 42 8 94 119 86 29 98 92 76 106
28263 43 8 86 45 79 102 16 21 40 3
28263 44 8 79 91 92 68 43 63 121 96
28263 45 8 1 34 19 7 111 101 14 78
28263 46 8 4 51 119 83 11 8 114 31
28263 47 8 26 21 57 82 9 15 121 98
3234 0 8 105 91 112 23 75 30 122 36
3234 1 8 36 101 29 104 52 13 59 57
3234 2 8 59 71 76 24 49 46 126 44
3234 3 8 126 27 12 43 24 113 90 95
3234 4 8 82 54 84 5 27 21 60 38
3234 5 8 12 115 56 65 0 101 15 6
3234 6 8 90 74 32 94 20 76 103 27
3234 7 8 28 103 42 126 55 68 81 70
3234 8 8 126 42 7 107 112 20 49 94
3234 9 8 40 120 12 25 112 106 30 119
3234 10 8 41 84 86 124 93 43 33 45
3234 11 8 44 55 18 81 51 114 59 41
3234 12 8 119 29 110 24 103 32 13 112
3234 13 8 27 120 127 89 124 93 92 115
3234 14 8 87 31 0 25 47 64 60 30
3234 15 8 48 14 76 89 46 67 104 106
3234 16 8 41 19 13 93 50 6 94 66
3234 17 8 92 100 116 66 115 127 81 36
3234 18 8 90 32 74 103 76 94 27 55
3234 19 8 28 115 126 68 42 19 55 70
3234 20 8 126 94 42 107 7 112 20 49
3234 21 8 40 25 120 12 82 112 119 28
3234 22 8 41 23 43 84 124 82 86 65
3234 23 8 22 18 55 51 81 44 21 42
3234 24 8 119 25 112 24 110 103 29 32
3234 25 8 127 120 27 18 124 93 89 62
3234 26 8 87 0 31 47 30 64 25 73
3234 27 8 46 89 48 104 106 58 14 25
3234 28 8 93 41 19 13 6 50 94 100
3234 29 8 100 92 116 127 115 54 66 36
3234 30 8 90 74 32 94 20 59 103 76
3234 31 8 28 81 126 68 19 42 97 54
3234 32 8 126 7 94 107 68 42 22 50
3234 33 8 82 40 12 106 25 119 120 63
3234 34 8 84 41 43 71 23 5 111 82
3234 35 8 18 55 81 73 51 21 30 44
3234 36 8 29 112 119 24 110 127 32 11
3234 37 8 27 127 120 124 93 45 89 92
3234 38 8 87 0 73 31 64 66 30 16
3234 39 8 46 27 14 89 48 104 77 106
3234 40 8 41 93 100 13 19 6 50 85
3234 41 8 100 92 116 115 127 81 122 54
3234 42 8 94 86 106 8 29 119 76 70
3234 43 8 45 102 79 74 86 21 40 18
3234 44 8 23 79 92 43 63 91 121 68
3234 45 8 1 76 34 19 7 21 101 84
3234 46 8 4 51 83 96 119 11 28 102
3234 47 8 121 57 21 114 15 26 9 82
6222 0 8 72 6 49 78 122 47 37 18
6222 1 8 52 104 32 101 14 25 96 38
6222 2 8 2 49 71 77 115 53 107 111
6222 3 8 43 27 79 90 73 97 12 32
6222 4 8 92 54 1 82 127 12 30 29
6222 5 8 12 56 17 6 65 35 95 98
6222 6 8 90 55 74 94 76 27 87 32
6222 7 8 28 115 81 42 126 54 68 8
6222 8 8 42 102 127 126 22 7 66 38
6222 9 8 82 12 106 25 112 38 7 98
6222 10 8 16 82 41 55 33 73 71 94
6222 11 8 81 59 26 99 21 52 18 44
6222 12 8 24 32 127 9 119 115 49 65
6222 13 8 124 127 47 93 27 91 89 52
6222 14 8 0 87 71 125 111 49 107 38
6222 15 8 89 38 48 61 14 58 70 49
6222 16 8 19 50 41 93 115 97 105 85
6222 17 8 92 100 116 82 99 123 34 73
6222 18 8 56 90 74 118 8 32 58 87
6222 19 8 19 28 31 3 59 16 9 115
6222 20 8 127 42 101 116 22 85 126 90
6222 21 8 111 117 7 102 82 96 25 106
6222 22 8 82 23 53 13 94 5 16 2
6222 23 8 81 99 22 30 121 55 96 100
6222 24 8 127 24 9 49 32 14 30 115
6222 25 8 127 47 112 106 89 91 64 92
6222 26 8 87 15 111 3 0 30 109 92
6222 27 8 89 0 48 25 58 61 40 32
6222 28 8 93 82 19 41 35 100 94 105
6222 29 8 100 92 99 116 82 103 122 73
6222 30 8 74 32 90 30 56 87 82 58
6222 31 8 28 19 56 100 44 81 31 16
6222 32 8 53 50 94 22 127 43 42 35
6222 33 8 82 117 106 7 23 111 102 96
6222 34 8 82 9 16 71 127 2 33 94
6222 35 8 81 30 99 22 55 37 79 104
6222 36 8 24 127 112 32 29 119 2 115
6222 37 8 61 52 89 127 120 93 92 124
6222 38 8 49 33 87 92 0 64 31 73
6222 39 8 25 0 46 77 51 89 33 48
6222 40 8 41 82 35 19 6 93 109 50
6222 41 8 92 99 39 122 116 100 54 115
6222 42 8 94 8 106 4 25 70 92 86
6222 43 8 18 102 45 79 16 74 80 21
6222 44 8 92 62 79 23 63 43 91 42
6222 45 8 1 7 34 76 19 48 21 101
6222 46 8 4 26 119 83 54 96 79 33
6222 47 8 39 61 42 17 80 106 53 23
1306 0 8 124 17 22 0 89 87 86 33
1306 1 8 52 104 32 38 101 63 14 25
1306 2 8 49 67 71 126 76 59 60 44
1306 3 8 126 43 24 90 27 46 12 95
1306 4 8 82 54 5 84 33 127 21 60
1306 5 8 12 0 115 15 65 95 87 101
1306 6 8 103 90 76 74 98 94 18 59
1306 7 8 28 55 81 42 68 126 113 54
1306 8 8 42 7 10 126 94 50 107 112
1306 9 8 38 40 120 119 25 12 11 36
1306 10 8 84 41 124 82 59 92 33 93
1306 11 8 81 51 73 44 55 34 114 104
1306 12 8 103 119 29 13 109 11 110 24
1306 13 8 27 89 127 1 62 124 93 69
1306 14 8 87 31 0 71 24 30 46 5
1306 15 8 110 48 106 46 76 67 14 108
1306 16 8 19 41 13 93 28 100 94 50
1306 17 8 100 92 116 23 26 91 66 81
1306 18 8 90 74 103 76 111 18 32 98
1306 19 8 28 81 19 7 55 68 97 42
1306 20 8 94 50 126 7 42 107 112 68
1306 21 8 38 12 40 120 25 112 119 82
1306 22 8 71 82 23 124 84 41 43 92
1306 23 8 73 51 81 55 34 22 18 44
1306 24 8 119 103 29 112 127 109 110 49
1306 25 8 62 127 89 27 120 18 124 20
1306 26 8 87 71 0 31 15 30 22 25
1306 27 8 110 89 48 46 126 58 106 27
1306 28 8 93 13 41 19 50 94 28 85
1306 29 8 100 92 36 116 81 26 127 23
1306 30 8 74 103 90 76 59 94 32 70
1306 31 8 28 81 19 7 126 42 54 68
1306 32 8 94 50 7 126 42 43 10 20
1306 33 8 38 40 12 82 25 106 119 7
1306 34 8 71 82 23 124 43 41 84 59
1306 35 8 73 18 55 81 51 22 34 30
1306 36 8 29 119 112 103 24 127 109 32
1306 37 8 62 127 120 27 89 18 124 1
1306 38 8 87 31 0 73 71 16 22 66
1306 39 8 46 27 126 48 89 58 14 77
1306 40 8 41 93 13 19 100 94 50 85
1306 41 8 100 122 92 116 81 127 23 26
1306 42 8 94 86 106 8 18 76 29 90
1306 43 8 45 102 74 79 86 21 16 40
1306 44 8 92 79 121 23 43 91 68 63
1306 45 8 1 34 84 7 26 111 76 101
1306 46 8 4 83 119 51 8 96 75 114
1306 47 8 21 57 82 15 121 26 9 127
4903 0 8 112 83 75 122 23 36 125 70
4903 1 8 29 104 101 103 13 66 85 14
4903 2 8 23 76 44 71 126 59 49 102
4903 3 8 90 27 43 92 126 70 127 79
4903 4 8 54 82 33 84 27 93 1 5
4903 5 8 12 0 10 48 56 87 65 15
4903 6 8 90 103 74 67 94 111 118 59
4903 7 8 28 68 55 42 126 19 16 81
4903 8 8 50 42 7 10 94 126 127 20
4903 9 8 11 40 106 120 119 117 36 32
4903 10 8 109 82 124 92 51 5 13 121
4903 11 8 55 51 44 81 73 122 42 0
4903 12 8 103 119 24 11 32 0 110 38
4903 13 8 27 41 57 62 109 124 89 123
4903 14 8 87 0 71 31 16 46 18 60
4903 15 8 61 48 76 20 89 67 14 58
4903 16 8 44 41 93 19 110 50 108 77
4903 17 8 100 116 0 64 63 127 92 23
4903 18 8 90 103 74 32 59 94 30 67
4903 19 8 28 19 68 115 81 16 42 7
4903 20 8 42 50 94 126 127 7 43 20
4903 21 8 117 12 40 112 25 35 119 82
4903 22 8 13 82 124 109 2 43 5 23
4903 23 8 55 42 97 22 73 99 122 21
4903 24 8 0 38 103 25 127 119 24 32
4903 25 8 57 109 62 123 18 41 27 91
4903 26 8 71 60 87 0 111 18 16 47
4903 27 8 126 20 89 48 61 76 58 46
4903 28 8 93 44 19 110 41 77 108 94
4903 29 8 100 0 36 116 64 92 103 81
4903 30 8 118 74 90 103 32 30 56 59
4903 31 8 28 19 16 81 98 68 126 97
4903 32 8 20 127 94 50 42 43 116 7
4903 33 8 106 117 35 40 12 32 102 111
4903 34 8 124 95 82 109 53 23 71 13
4903 35 8 97 55 73 42 22 16 99 89
4903 36 8 103 0 24 38 25 112 119 9
4903 37 8 62 41 57 123 109 127 18 112
4903 38 8 87 71 18 60 0 16 47 46
4903 39 8 126 20 61 107 6 76 18 48
4903 40 8 93 77 44 108 110 41 29 19
4903 41 8 0 103 65 64 63 100 122 54
4903 42 8 49 126 24 90 59 94 18 76
4903 43 8 121 102 45 125 47 49 21 75
4903 44 8 110 13 79 121 92 23 37 11
4903 45 8 1 5 84 7 47 76 21 34
4903 46 8 71 124 119 83 10 75 1 82
4903 47 8 127 15 82 31 21 121 57 9
