151643 47 8 44 28 29 77 118 83 7 46
0 47 8 0 80 61 17 67 83 23 119
151644 47 8 20 105 101 125 77 46 2 3
151667 0 8 60 72 115 102 46 64 82 13
151667 1 8 70 127 119 5 84 79 82 125
151667 2 8 16 2 99 107 40 77 93 127
151667 3 8 66 107 18 82 87 115 14 120
151667 4 8 122 29 73 11 52 7 75 95
151667 5 8 18 64 84 49 33 16 25 114
151667 6 8 107 108 71 87 63 44 109 77
151667 7 8 56 45 7 24 59 32 82 8
151667 8 8 53 22 16 57 8 11 5 17
151667 9 8 55 2 69 82 0 122 80 85
151667 10 8 3 26 71 16 57 55 126 122
151667 11 8 25 56 52 30 59 107 103 28
151667 12 8 85 8 21 64 105 126 75 41
151667 13 8 122 0 81 26 61 68 47 104
151667 14 8 22 1 33 92 42 61 117 104
151667 15 8 52 51 0 41 49 25 125 32
151667 16 8 48 103 27 81 42 98 65 105
151667 17 8 18 118 58 109 88 83 123 75
151667 18 8 107 70 24 81 122 38 44 12
151667 19 8 56 59 28 7 62 119 123 24
151667 20 8 16 57 53 72 111 11 22 114
151667 21 8 69 55 85 82 2 50 87 122
151667 22 8 26 71 122 57 98 16 3 55
151667 23 8 56 25 63 3 14 5 52 28
151667 24 8 85 105 64 8 126 93 75 41
151667 25 8 0 122 26 68 103 8 61 47
151667 26 8 117 22 104 5 61 81 1 98
151667 27 8 49 120 41 52 75 5 2 8
151667 28 8 103 27 81 69 98 42 65 105
151667 29 8 78 88 83 58 18 94 81 75
151667 30 8 70 63 24 44 71 107 26 120
151667 31 8 56 28 7 59 119 75 106 62
151667 32 8 57 16 72 11 53 111 3 98
151667 33 8 69 87 55 85 122 50 2 82
151667 34 8 68 71 55 26 98 57 3 21
151667 35 8 52 3 14 56 63 5 7 43
151667 36 8 105 85 75 126 65 64 8 41
151667 37 8 0 26 14 8 122 68 103 104
151667 38 8 81 117 61 100 4 107 5 76
151667 39 8 2 49 41 5 127 59 80 52
151667 40 8 58 103 65 17 81 48 122 76
151667 41 8 78 33 108 26 18 21 88 81
151667 42 8 113 81 52 47 60 57 35 67
151667 43 8 96 84 31 37 86 72 23 108
151667 44 8 102 51 94 90 30 25 127 26
151667 45 8 82 107 1 29 44 38 18 54
151667 46 8 37 118 103 71 34 38 102 5
151667 47 8 44 77 122 46 105 14 74 20
198 0 8 60 16 84 1 115 114 53 45
198 1 8 119 127 82 5 121 70 125 10
198 2 8 80 116 38 82 47 48 40 39
198 3 8 120 115 82 16 107 47 124 34
198 4 8 115 81 123 104 63 126 52 85
198 5 8 25 51 66 1 37 9 33 109
198 6 8 8 63 34 71 78 56 24 53
198 7 8 59 101 18 45 106 112 119 109
198 8 8 57 65 116 16 3 46 26 9
198 9 8 49 114 19 85 80 96 69 2
198 10 8 26 3 29 112 53 68 56 57
198 11 8 7 125 3 37 28 43 60 96
198 12 8 8 56 78 105 85 75 96 49
198 13 8 19 0 122 14 58 26 78 32
198 14 8 117 100 90 17 104 81 75 76
198 15 8 120 70 10 16 49 91 101 8
198 16 8 39 65 81 105 103 80 78 99
198 17 8 42 21 55 58 18 78 83 41
198 18 8 78 63 24 8 44 34 56 122
198 19 8 59 62 101 119 24 106 9 88
198 20 8 72 16 57 116 9 65 53 46
198 21 8 114 85 49 19 80 125 122 69
198 22 8 26 98 68 56 16 78 58 3
198 23 8 3 7 64 96 125 60 39 113
198 24 8 8 65 78 85 21 96 105 49
198 25 8 19 0 103 58 122 26 78 14
198 26 8 100 117 86 17 32 85 104 115
198 27 8 49 120 12 127 41 70 59 101
198 28 8 103 39 105 99 17 81 80 76
198 29 8 78 55 21 58 18 1 83 42
198 30 8 24 78 63 44 26 70 81 71
198 31 8 101 62 59 28 112 75 106 9
198 32 8 57 65 16 111 72 9 26 46
198 33 8 69 122 125 55 49 85 80 87
198 34 8 26 68 78 29 98 56 112 16
198 35 8 3 7 125 113 43 14 5 63
198 36 8 75 65 96 105 8 21 56 78
198 37 8 19 58 0 78 26 14 104 73
198 38 8 17 100 117 107 86 55 115 85
198 39 8 70 49 59 101 10 127 5 16
198 40 8 81 17 105 103 65 115 99 78
198 41 8 78 21 55 42 18 48 41 1
198 42 8 56 6 113 81 64 32 31 123
198 43 8 71 37 104 78 31 77 112 88
198 44 8 31 90 73 6 53 51 107 25
198 45 8 44 107 1 22 101 94 29 85
198 46 8 34 38 118 97 103 11 52 84
198 47 8 73 101 125 2 20 77 105 86
32313 0 8 21 75 87 60 62 34 50 125
32313 1 8 119 6 58 127 23 125 10 88
32313 2 8 47 127 93 8 9 51 54 125
32313 3 8 16 38 4 124 107 82 115 64
32313 4 8 56 124 104 81 48 11 22 67
32313 5 8 82 68 13 25 22 34 78 18
32313 6 8 8 52 110 63 38 56 79 42
32313 7 8 110 51 45 106 59 31 82 73
32313 8 8 116 36 46 3 80 105 57 124
32313 9 8 65 80 52 49 96 1 99 114
32313 10 8 26 112 30 53 74 98 3 68
32313 11 8 7 107 89 43 63 37 96 125
32313 12 8 56 97 24 116 75 96 42 65
32313 13 8 0 26 23 73 82 32 101 102
32313 14 8 75 90 82 34 76 6 100 17
32313 15 8 10 70 16 8 91 120 95 87
32313 16 8 65 17 73 83 45 78 80 115
32313 17 8 18 17 106 69 27 78 21 58
32313 18 8 52 63 8 79 110 38 75 86
32313 19 8 110 106 51 59 31 9 45 75
32313 20 8 116 36 46 3 57 9 72 33
32313 21 8 65 80 96 52 114 1 49 122
32313 22 8 53 26 30 112 98 35 74 78
32313 23 8 7 89 107 63 43 125 37 96
32313 24 8 56 65 97 24 75 116 50 105
32313 25 8 0 73 26 101 32 58 23 82
32313 26 8 90 75 115 6 76 100 34 17
32313 27 8 8 70 10 120 91 87 16 49
32313 28 8 65 17 80 83 45 103 73 115
32313 29 8 18 78 69 1 17 83 58 48
32313 30 8 63 52 8 64 56 44 110 79
32313 31 8 110 31 106 51 45 82 59 73
32313 32 8 116 36 3 46 109 105 80 95
32313 33 8 65 80 52 1 118 99 49 69
32313 34 8 98 112 53 26 30 74 35 64
32313 35 8 7 96 107 37 43 89 63 8
32313 36 8 65 75 97 24 56 42 116 50
32313 37 8 101 73 10 82 104 23 0 98
32313 38 8 90 34 75 115 107 6 76 82
32313 39 8 10 8 87 70 103 120 95 82
32313 40 8 65 45 17 73 80 7 89 78
32313 41 8 18 26 48 17 69 49 58 112
32313 42 8 2 64 31 36 58 32 50 123
32313 43 8 112 30 77 96 104 94 2 97
32313 44 8 94 113 6 73 107 53 29 44
32313 45 8 107 114 94 22 86 85 92 58
32313 46 8 122 103 38 84 17 97 21 37
32313 47 8 79 44 12 6 114 82 108 10
11 0 8 44 26 65 59 114 45 104 83
11 1 8 127 50 23 58 119 94 18 80
11 2 8 47 84 93 88 127 40 54 82
11 3 8 2 16 82 47 124 38 39 4
11 4 8 104 124 106 81 56 25 48 85
11 5 8 82 13 68 22 25 107 34 126
11 6 8 8 34 63 52 56 35 30 105
11 7 8 51 106 45 110 59 3 34 75
11 8 8 116 109 46 36 3 9 65 26
11 9 8 80 114 49 65 96 19 10 9
11 10 8 30 53 56 26 112 78 98 105
11 11 8 67 7 125 89 43 107 24 96
11 12 8 56 116 96 97 65 105 15 2
11 13 8 32 58 19 28 23 0 101 15
11 14 8 20 90 17 75 115 100 48 88
11 15 8 10 70 16 101 91 49 40 17
11 16 8 73 78 39 115 65 17 80 105
11 17 8 42 69 21 18 1 48 112 106
11 18 8 8 63 52 86 56 38 127 23
11 19 8 45 82 32 48 59 51 106 62
11 20 8 116 65 9 105 95 101 17 44
11 21 8 80 114 111 96 122 99 81 49
11 22 8 98 78 53 26 30 112 83 3
11 23 8 7 125 67 3 89 90 43 21
11 24 8 65 56 2 96 97 46 75 8
11 25 8 58 32 106 112 104 19 73 26
11 26 8 17 115 90 100 99 20 76 110
11 27 8 16 101 70 10 91 17 32 8
11 28 8 78 105 65 39 81 115 80 73
11 29 8 18 1 21 42 112 82 77 73
11 30 8 8 56 52 63 86 87 127 78
11 31 8 45 75 82 59 48 32 62 112
11 32 8 9 116 105 65 17 123 109 61
11 33 8 99 111 92 122 80 81 49 65
11 34 8 98 94 78 126 112 26 18 3
11 35 8 96 4 7 125 107 99 43 37
11 36 8 65 2 75 56 92 42 97 46
11 37 8 104 20 58 0 15 73 10 112
11 38 8 17 90 20 115 86 107 48 75
11 39 8 10 101 70 120 8 16 49 85
11 40 8 73 65 45 80 17 124 105 78
11 41 8 18 42 48 69 1 112 17 21
11 42 8 36 31 39 64 32 74 115 2
11 43 8 104 112 77 88 43 37 78 97
11 44 8 107 6 73 0 53 98 121 44
11 45 8 22 114 94 27 85 127 2 1
11 46 8 103 38 97 84 52 98 68 67
11 47 8 73 32 117 86 111 85 95 109
358 0 8 104 103 50 49 78 32 72 6
358 1 8 9 58 6 23 30 77 95 126
358 2 8 51 122 47 93 127 40 100 14
358 3 8 2 16 38 39 112 124 29 73
358 4 8 104 81 56 23 48 25 124 11
358 5 8 107 82 13 22 74 68 75 97
358 6 8 8 79 52 63 42 38 110 56
358 7 8 110 2 51 106 45 31 9 82
358 8 8 109 116 46 36 61 3 80 86
358 9 8 80 52 65 49 1 96 118 114
358 10 8 53 112 35 30 26 74 98 39
358 11 8 7 107 89 37 43 96 67 64
358 12 8 116 56 97 24 104 50 96 105
358 13 8 2 101 16 0 23 42 73 122
358 14 8 90 75 80 115 88 79 6 102
358 15 8 10 70 16 8 91 60 13 120
358 16 8 65 11 17 80 7 45 83 55
358 17 8 39 17 18 52 83 78 15 106
358 18 8 63 8 79 64 52 86 71 44
358 19 8 110 106 31 9 59 45 82 51
358 20 8 116 46 3 61 124 17 86 65
358 21 8 80 49 111 114 96 52 84 10
358 22 8 30 98 53 26 112 35 103 18
358 23 8 7 96 37 43 125 64 39 21
358 24 8 56 65 116 2 97 85 24 75
358 25 8 0 106 2 23 82 104 122 73
358 26 8 90 75 115 80 88 107 86 105
358 27 8 120 10 16 8 70 82 13 59
358 28 8 80 17 11 83 45 7 103 65
358 29 8 39 18 78 72 1 83 52 17
358 30 8 63 79 52 8 64 56 44 110
358 31 8 106 56 110 31 34 2 73 82
358 32 8 116 3 109 46 36 9 124 61
358 33 8 52 65 80 111 49 118 69 96
358 34 8 35 98 112 30 103 26 18 85
358 35 8 96 43 7 37 89 107 21 11
358 36 8 75 97 26 116 85 24 65 56
358 37 8 2 82 104 101 10 0 73 23
358 38 8 7 80 75 90 79 115 6 34
358 39 8 8 60 10 120 13 82 95 78
358 40 8 11 65 45 7 17 15 83 55
358 41 8 39 18 17 52 106 46 15 103
358 42 8 2 74 125 123 36 37 24 7
358 43 8 56 112 19 43 12 104 78 97
358 44 8 88 45 99 6 37 7 44 94
358 45 8 58 46 92 17 112 22 107 85
358 46 8 84 29 30 105 39 38 103 88
358 47 8 108 111 95 35 52 6 87 59
1184 0 8 111 62 2 126 12 97 22 29
1184 1 8 86 123 88 76 3 58 37 77
1184 2 8 51 47 14 24 9 119 127 7
1184 3 8 2 59 38 16 105 25 35 99
1184 4 8 48 104 56 22 25 23 124 81
1184 5 8 34 102 80 22 13 126 107 82
1184 6 8 79 52 8 110 42 63 71 38
1184 7 8 87 110 34 45 51 106 31 50
1184 8 8 116 36 46 3 51 105 124 2
1184 9 8 52 94 65 80 1 118 49 69
1184 10 8 74 53 112 35 26 30 98 3
1184 11 8 89 107 37 7 65 87 43 14
1184 12 8 116 97 56 104 50 85 24 53
1184 13 8 75 24 16 44 101 2 73 98
1184 14 8 75 62 90 79 6 80 88 8
1184 15 8 10 8 60 95 13 70 16 120
1184 16 8 15 17 65 45 7 73 123 11
1184 17 8 18 14 17 15 52 106 83 20
1184 18 8 79 8 52 63 64 71 110 44
1184 19 8 110 87 31 34 106 59 51 9
1184 20 8 116 3 46 36 57 33 105 72
1184 21 8 94 65 80 64 118 52 96 84
1184 22 8 53 74 35 98 30 26 112 58
1184 23 8 89 7 96 87 107 37 43 65
1184 24 8 50 85 56 116 97 65 104 42
1184 25 8 24 75 82 0 16 73 21 2
1184 26 8 62 75 90 28 8 6 79 58
1184 27 8 10 120 60 8 98 95 91 56
1184 28 8 15 17 80 45 123 83 73 7
1184 29 8 18 14 97 83 17 85 106 78
1184 30 8 63 79 64 8 52 110 44 56
1184 31 8 106 31 87 110 34 33 9 82
1184 32 8 116 3 36 46 80 51 86 61
1184 33 8 94 52 80 118 65 49 1 45
1184 34 8 98 35 74 112 53 30 62 26
1184 35 8 89 87 96 37 7 105 65 43
1184 36 8 100 97 50 116 56 53 52 124
1184 37 8 75 24 44 101 21 10 98 82
1184 38 8 75 62 6 36 28 34 107 88
1184 39 8 120 98 10 82 8 95 40 1
1184 40 8 123 80 45 83 15 17 65 20
1184 41 8 17 18 14 106 58 83 85 20
1184 42 8 2 36 75 65 123 101 74 31
1184 43 8 2 112 104 4 87 81 52 96
1184 44 8 6 113 94 54 82 121 104 107
1184 45 8 86 114 92 22 127 85 107 53
1184 46 8 74 103 84 97 29 17 92 67
1184 47 8 54 79 108 6 114 45 96 27
311 0 8 11 84 93 61 92 81 118 38
311 1 8 123 86 19 76 83 116 77 107
311 2 8 51 117 14 47 9 10 127 125
311 3 8 105 39 59 38 91 35 16 46
311 4 8 104 23 56 48 124 22 25 11
311 5 8 34 80 107 22 126 82 74 13
311 6 8 79 8 52 63 110 64 42 38
311 7 8 34 110 106 45 31 51 73 87
311 8 8 46 109 3 116 36 86 80 21
311 9 8 80 52 65 49 118 94 1 99
311 10 8 74 112 53 30 35 26 98 62
311 11 8 67 89 37 14 47 7 107 43
311 12 8 68 104 116 120 50 100 124 97
311 13 8 121 75 101 42 21 44 16 64
311 14 8 80 88 75 28 90 6 79 115
311 15 8 4 10 60 120 13 91 70 82
311 16 8 15 80 7 73 17 78 83 45
311 17 8 52 97 15 83 17 18 122 34
311 18 8 63 8 64 79 52 86 25 71
311 19 8 106 110 34 73 31 82 9 33
311 20 8 3 116 46 109 36 86 21 101
311 21 8 80 49 114 111 10 52 65 96
311 22 8 30 53 74 98 112 35 58 26
311 23 8 89 67 96 7 64 37 70 71
311 24 8 116 104 56 50 85 120 65 97
311 25 8 121 82 16 75 21 106 42 12
311 26 8 80 11 90 28 8 75 88 115
311 27 8 4 60 10 120 91 56 16 82
311 28 8 80 15 7 83 73 45 17 115
311 29 8 52 15 97 83 18 85 14 17
311 30 8 63 79 86 64 56 110 8 52
311 31 8 106 82 34 31 110 73 33 9
311 32 8 109 3 116 46 86 36 95 80
311 33 8 80 52 49 45 94 111 118 10
311 34 8 74 98 30 35 112 62 53 101
311 35 8 89 67 21 96 37 71 58 105
311 36 8 100 104 116 124 50 97 53 42
311 37 8 75 21 44 10 2 98 42 101
311 38 8 80 75 58 79 11 6 36 88
311 39 8 120 60 10 78 13 82 8 23
311 40 8 15 7 80 11 45 83 17 18
311 41 8 52 17 15 106 18 85 103 45
311 42 8 37 2 74 7 65 123 36 125
311 43 8 112 43 19 104 56 12 78 52
311 44 8 6 45 113 88 0 37 121 98
311 45 8 46 112 22 17 85 92 63 114
311 46 8 105 29 84 39 30 38 80 52
311 47 8 52 108 35 95 111 6 59 71
3270 0 8 62 126 3 29 111 28 51 87
3270 1 8 123 78 45 88 76 58 116 3
3270 2 8 125 119 47 51 23 25 44 15
3270 3 8 120 105 7 16 11 91 25 46
3270 4 8 104 11 39 91 48 105 97 118
3270 5 8 74 13 80 70 126 22 18 78
3270 6 8 63 79 64 8 52 86 71 110
3270 7 8 106 73 87 34 110 31 45 33
3270 8 8 51 3 24 46 116 86 80 2
3270 9 8 52 80 49 94 10 114 118 59
3270 10 8 74 30 35 112 120 53 62 98
3270 11 8 71 87 70 37 89 96 47 105
3270 12 8 104 100 116 68 77 124 50 120
3270 13 8 24 75 121 101 18 44 64 12
3270 14 8 62 28 11 96 75 88 6 36
3270 15 8 120 98 82 4 115 38 91 8
3270 16 8 123 80 20 91 115 83 17 78
3270 17 8 97 14 84 124 83 68 29 106
3270 18 8 63 79 64 8 25 86 52 71
3270 19 8 106 31 110 73 9 87 82 34
3270 20 8 3 46 51 24 116 86 2 21
3270 21 8 80 49 52 118 114 10 94 69
3270 22 8 30 35 53 74 23 98 120 112
3270 23 8 71 87 70 96 89 37 64 16
3270 24 8 85 50 120 77 116 104 17 56
3270 25 8 24 121 75 12 82 122 106 91
3270 26 8 11 62 28 96 75 102 88 115
3270 27 8 4 120 115 91 98 59 82 10
3270 28 8 80 20 123 115 121 83 17 43
3270 29 8 14 97 84 126 83 18 124 66
3270 30 8 63 79 8 110 86 64 44 54
3270 31 8 106 82 73 31 33 9 110 79
3270 32 8 51 3 24 116 46 86 37 67
3270 33 8 80 49 52 111 94 66 48 10
3270 34 8 30 120 98 74 112 35 14 101
3270 35 8 71 87 21 96 47 89 37 70
3270 36 8 100 50 120 104 68 42 124 116
3270 37 8 24 121 49 10 75 107 44 99
3270 38 8 62 11 28 96 118 75 107 6
3270 39 8 98 120 4 3 40 91 59 115
3270 40 8 80 123 121 20 115 83 43 17
3270 41 8 84 14 97 106 103 20 83 18
3270 42 8 28 65 101 123 36 2 93 23
3270 43 8 104 112 4 81 2 87 78 6
3270 44 8 6 13 54 71 121 82 72 81
3270 45 8 20 22 114 85 127 12 37 92
3270 46 8 67 52 44 74 17 68 84 103
3270 47 8 34 27 117 32 54 79 6 55
264 0 8 106 27 61 110 50 48 78 111
264 1 8 99 88 105 45 91 62 95 123
264 2 8 45 125 47 122 7 72 51 127
264 3 8 94 120 7 39 59 71 105 11
264 4 8 11 104 39 48 105 63 43 111
264 5 8 105 51 74 13 18 70 22 9
264 6 8 63 86 52 64 54 66 110 79
264 7 8 106 45 82 73 110 34 51 32
264 8 8 2 3 86 46 116 35 95 28
264 9 8 80 48 49 10 47 99 52 106
264 10 8 30 110 83 23 74 112 98 126
264 11 8 67 47 37 96 89 7 105 71
264 12 8 68 104 120 116 32 42 100 46
264 13 8 12 66 113 101 106 10 42 18
264 14 8 99 58 23 105 115 96 3 36
264 15 8 91 4 17 3 40 16 1 121
264 16 8 78 80 102 51 83 75 115 43
264 17 8 112 102 66 35 2 106 103 9
264 18 8 86 75 63 52 10 127 100 65
264 19 8 45 82 115 32 48 106 51 110
264 20 8 95 105 61 103 44 116 80 2
264 21 8 81 80 99 1 111 49 96 127
264 22 8 30 25 98 85 83 94 18 53
264 23 8 67 96 21 105 107 99 43 22
264 24 8 46 14 42 87 2 104 75 9
264 25 8 112 106 99 73 71 101 12 66
264 26 8 115 99 76 23 34 44 53 7
264 27 8 91 3 17 16 121 82 6 8
264 28 8 84 78 80 51 114 75 83 79
264 29 8 72 62 112 35 2 102 66 121
264 30 8 86 127 46 23 52 63 14 100
264 31 8 45 63 82 115 44 32 48 73
264 32 8 61 9 2 105 82 67 123 43
264 33 8 99 81 111 66 25 80 49 1
264 34 8 94 85 98 103 30 25 18 112
264 35 8 4 96 21 78 43 109 94 60
264 36 8 92 46 2 75 32 42 14 34
264 37 8 20 12 66 73 112 113 10 104
264 38 8 105 115 96 53 11 3 84 99
264 39 8 98 40 120 91 4 3 100 89
264 40 8 51 80 121 115 123 101 43 78
264 41 8 126 66 35 2 103 18 5 124
264 42 8 98 102 123 18 93 23 115 36
264 43 8 104 112 81 6 87 36 41 52
264 44 8 6 48 121 20 3 44 81 72
264 45 8 20 22 114 80 70 37 123 45
264 46 8 52 115 44 68 80 98 22 61
264 47 8 36 120 66 47 88 123 38 85
2805 0 8 34 17 28 87 62 61 51 124
2805 1 8 45 99 88 48 75 7 90 67
2805 2 8 125 8 90 70 47 72 68 25
2805 3 8 77 62 94 16 61 59 20 120
2805 4 8 87 11 104 22 48 97 105 114
2805 5 8 74 24 90 30 54 105 13 18
2805 6 8 63 64 52 86 118 25 115 23
2805 7 8 106 45 73 110 31 82 33 41
2805 8 8 4 2 46 86 3 35 116 18
2805 9 8 80 49 33 35 10 96 25 83
2805 10 8 30 33 110 41 95 18 82 98
2805 11 8 50 96 16 64 31 70 43 37
2805 12 8 25 71 46 17 32 14 50 116
2805 13 8 18 102 12 127 113 106 101 89
2805 14 8 64 82 96 60 109 68 76 66
2805 15 8 91 3 120 33 82 40 77 17
2805 16 8 80 51 114 115 78 13 30 83
2805 17 8 66 35 92 77 1 2 68 6
2805 18 8 63 86 115 54 64 75 52 23
2805 19 8 106 82 73 45 110 32 48 33
2805 20 8 4 101 3 86 46 2 45 95
2805 21 8 80 35 33 83 62 96 114 49
2805 22 8 30 23 33 95 82 41 58 2
2805 23 8 50 22 16 64 97 96 85 94
2805 24 8 14 46 103 32 25 50 36 74
2805 25 8 18 102 106 127 12 99 112 113
2805 26 8 64 109 53 76 75 107 82 88
2805 27 8 120 33 91 82 59 16 40 17
2805 28 8 80 51 100 115 13 78 83 114
2805 29 8 92 66 83 35 124 100 126 18
2805 30 8 63 44 86 52 54 115 110 75
2805 31 8 106 82 73 33 9 45 79 31
2805 32 8 4 2 3 86 46 45 95 101
2805 33 8 80 33 49 83 40 2 96 124
2805 34 8 30 23 33 110 98 41 58 99
2805 35 8 96 50 21 22 64 85 9 78
2805 36 8 17 32 103 42 14 25 46 50
2805 37 8 102 127 12 18 120 89 119 10
2805 38 8 82 64 73 87 53 11 3 6
2805 39 8 33 120 77 40 91 27 46 37
2805 40 8 80 51 100 13 115 101 30 109
2805 41 8 92 11 126 66 2 35 103 124
2805 42 8 8 98 86 18 30 102 14 23
2805 43 8 16 80 104 112 36 6 41 87
2805 44 8 6 72 44 121 56 23 48 104
2805 45 8 20 37 22 114 12 85 53 26
2805 46 8 51 52 68 98 117 17 102 103
2805 47 8 26 114 120 94 36 21 38 99
3364 0 8 87 125 28 23 124 41 36 105
3364 1 8 45 38 98 67 46 88 29 7
3364 2 8 125 76 4 49 25 64 126 73
3364 3 8 70 12 92 121 73 62 24 90
3364 4 8 11 27 5 104 93 47 48 60
3364 5 8 74 87 10 115 48 83 18 103
3364 6 8 63 118 86 103 52 64 23 75
3364 7 8 106 45 82 51 110 100 73 115
3364 8 8 20 2 35 116 46 86 101 95
3364 9 8 35 80 10 96 49 114 25 99
3364 10 8 30 95 109 110 18 112 2 82
3364 11 8 16 64 96 42 55 43 78 37
3364 12 8 38 0 103 14 46 32 116 17
3364 13 8 109 123 41 18 57 12 106 101
3364 14 8 60 47 18 99 23 6 44 76
3364 15 8 20 91 120 40 17 82 77 16
3364 16 8 77 78 80 110 115 83 29 30
3364 17 8 0 64 65 103 83 102 106 68
3364 18 8 63 86 75 52 64 54 56 23
3364 19 8 106 82 45 73 110 31 32 48
3364 20 8 116 2 101 20 95 46 86 3
3364 21 8 80 35 114 49 96 10 111 99
3364 22 8 30 23 109 95 110 98 124 53
3364 23 8 42 64 22 16 97 55 96 21
3364 24 8 0 38 103 25 14 17 46 2
3364 25 8 18 57 109 12 41 123 106 62
3364 26 8 60 102 71 18 47 11 53 88
3364 27 8 20 120 91 126 51 40 16 77
3364 28 8 80 110 77 29 78 44 115 108
3364 29 8 64 0 65 63 83 18 103 53
3364 30 8 63 118 86 56 52 75 110 54
3364 31 8 106 82 73 110 33 45 31 34
3364 32 8 20 2 116 95 86 3 46 101
3364 33 8 80 35 49 40 106 111 10 114
3364 34 8 23 30 109 110 98 95 124 97
3364 35 8 42 64 22 55 21 97 9 16
3364 36 8 103 0 25 17 14 38 42 2
3364 37 8 41 57 12 18 109 123 10 62
3364 38 8 102 60 11 18 47 71 75 22
3364 39 8 20 120 107 51 40 91 71 60
3364 40 8 80 110 77 44 29 83 108 114
3364 41 8 65 0 64 63 103 85 112 122
3364 42 8 24 49 90 126 75 8 73 59
3364 43 8 121 104 49 125 47 112 74 80
3364 44 8 6 110 80 33 13 121 37 98
3364 45 8 5 47 83 22 76 26 85 114
3364 46 8 10 124 96 82 45 52 84 123
3364 47 8 11 31 90 127 121 27 12 15
911 0 8 120 21 69 2 61 81 93 31
911 1 8 45 83 67 76 88 122 58 30
911 2 8 125 15 117 116 47 51 72 123
911 3 8 10 89 121 16 26 105 41 59
911 4 8 91 111 11 47 104 105 39 48
911 5 8 111 13 74 22 103 18 126 80
911 6 8 63 86 52 64 8 56 79 75
911 7 8 106 34 110 72 45 73 82 51
911 8 8 28 116 2 51 3 46 35 95
911 9 8 80 48 43 52 49 10 96 111
911 10 8 30 14 74 112 83 110 53 121
911 11 8 47 13 58 37 70 71 89 102
911 12 8 120 104 68 100 69 97 124 116
911 13 8 121 79 24 12 55 18 31 77
911 14 8 11 28 84 66 88 75 99 6
911 15 8 91 4 38 98 115 3 120 16
911 16 8 121 78 80 20 83 73 115 91
911 17 8 97 61 14 45 124 68 1 122
911 18 8 86 63 75 52 54 64 8 56
911 19 8 106 82 45 110 32 73 51 33
911 20 8 28 2 95 116 3 67 105 46
911 21 8 80 43 48 10 111 81 49 45
911 22 8 30 14 53 74 98 23 123 112
911 23 8 13 58 89 96 21 47 37 102
911 24 8 120 104 39 9 42 116 69 97
911 25 8 121 24 12 55 79 73 31 106
911 26 8 11 28 99 84 110 115 8 57
911 27 8 91 4 16 10 115 55 18 120
911 28 8 78 20 121 115 80 73 83 114
911 29 8 97 112 14 61 45 68 102 126
911 30 8 86 63 127 56 75 8 100 54
911 31 8 82 45 32 106 115 20 93 51
911 32 8 95 61 116 28 105 67 103 17
911 33 8 80 81 48 99 45 49 24 43
911 34 8 30 85 98 25 14 123 83 74
911 35 8 21 13 47 67 96 58 102 89
911 36 8 120 39 42 69 104 68 46 97
911 37 8 121 10 79 55 24 107 42 99
911 38 8 28 84 11 99 115 118 96 57
911 39 8 91 3 4 121 23 6 40 115
911 40 8 121 20 80 78 84 102 115 65
911 41 8 97 14 112 61 45 62 9 102
911 42 8 65 101 71 5 32 123 36 115
911 43 8 104 36 4 6 45 81 65 112
911 44 8 6 92 98 72 71 116 54 27
911 45 8 127 45 114 4 1 21 20 12
911 46 8 67 102 52 19 97 119 44 75
911 47 8 34 117 32 27 79 55 99 0
264 0 8 106 27 50 110 48 78 118 72
264 1 8 99 75 46 91 126 9 30 39
264 2 8 45 125 122 47 15 123 72 7
264 3 8 94 10 123 12 9 37 59 42
264 4 8 111 11 63 47 77 57 86 23
264 5 8 105 51 18 111 74 97 75 13
264 6 8 86 63 52 127 23 9 75 13
264 7 8 45 82 48 32 1 73 106 72
264 8 8 2 28 61 95 109 44 103 105
264 9 8 48 81 80 99 24 97 124 38
264 10 8 83 30 85 123 25 18 23 14
264 11 8 67 47 13 105 107 21 96 102
264 12 8 68 46 120 104 87 42 2 9
264 13 8 12 66 101 113 18 55 2 10
264 14 8 115 23 99 7 105 76 44 39
264 15 8 91 3 121 17 1 4 16 8
264 16 8 78 102 115 75 51 80 79 50
264 17 8 112 102 106 35 62 17 9 2
264 18 8 86 52 127 65 75 10 23 27
264 19 8 115 45 32 48 82 1 51 63
264 20 8 61 105 44 95 103 108 17 2
264 21 8 81 1 99 111 80 71 52 66
264 22 8 25 85 35 103 52 18 123 30
264 23 8 105 101 107 43 29 67 115 21
264 24 8 46 87 14 75 2 76 42 34
264 25 8 2 71 101 66 73 112 12 106
264 26 8 115 99 23 76 34 7 44 105
264 27 8 3 91 121 16 8 82 17 1
264 28 8 84 78 80 11 79 75 83 114
264 29 8 112 72 82 62 2 35 66 121
264 30 8 86 46 127 52 27 32 14 102
264 31 8 115 44 45 63 82 32 48 28
264 32 8 67 61 82 123 105 2 9 43
264 33 8 81 111 99 66 25 1 59 49
264 34 8 94 103 85 25 2 98 18 35
264 35 8 4 96 21 115 43 60 99 29
264 36 8 46 75 2 14 92 32 87 9
264 37 8 12 20 73 112 66 104 2 113
264 38 8 105 115 99 125 87 96 84 53
264 39 8 91 8 89 34 100 40 16 121
264 40 8 51 78 101 84 65 4 115 121
264 41 8 126 2 35 66 112 124 62 9
264 42 8 98 102 71 18 123 93 30 115
264 43 8 6 104 36 112 46 65 45 81
264 44 8 72 98 6 48 92 27 116 44
264 45 8 114 45 4 20 1 21 84 53
264 46 8 102 75 52 19 44 60 22 117
264 47 8 36 120 66 22 85 7 38 26
6366 0 8 91 87 17 86 28 95 105 22
6366 1 8 90 68 48 122 9 67 45 114
6366 2 8 4 76 44 64 23 41 125 36
6366 3 8 3 70 73 24 61 123 20 92
6366 4 8 37 27 5 11 57 93 67 101
6366 5 8 115 18 87 75 74 10 63 122
6366 6 8 86 103 118 27 46 65 7 102
6366 7 8 45 82 115 2 63 32 44 48
6366 8 8 43 82 61 20 86 105 2 44
6366 9 8 35 81 25 66 99 72 112 5
6366 10 8 85 25 95 10 82 76 41 109
6366 11 8 16 42 0 29 105 101 116 43
6366 12 8 46 103 0 14 87 32 38 34
6366 13 8 109 57 101 41 2 1 123 12
6366 14 8 60 102 99 23 44 115 108 7
6366 15 8 20 91 6 121 82 77 40 17
6366 16 8 84 78 108 110 94 11 102 52
6366 17 8 0 62 64 112 102 36 113 65
6366 18 8 86 46 32 65 54 52 102 101
6366 19 8 115 44 63 45 32 82 48 2
6366 20 8 82 61 105 108 44 43 20 94
6366 21 8 81 35 99 66 25 5 97 37
6366 22 8 85 25 23 95 82 18 109 103
6366 23 8 42 16 116 22 97 101 18 29
6366 24 8 46 0 14 103 38 25 32 34
6366 25 8 57 18 109 71 123 2 62 41
6366 26 8 102 60 71 99 108 23 53 115
6366 27 8 126 6 91 8 82 20 17 16
6366 28 8 108 84 78 110 11 44 94 80
6366 29 8 62 36 112 0 64 17 121 82
6366 30 8 86 118 46 52 127 85 10 103
6366 31 8 44 63 45 115 82 2 48 32
6366 32 8 20 61 67 105 2 82 44 94
6366 33 8 35 81 40 25 99 66 1 111
6366 34 8 23 124 95 85 82 25 94 41
6366 35 8 42 21 97 22 73 9 16 55
6366 36 8 103 0 14 25 46 87 38 2
6366 37 8 57 18 41 12 2 62 123 10
6366 38 8 102 11 60 7 71 99 23 115
6366 39 8 60 20 1 126 78 51 8 121
6366 40 8 108 110 78 44 83 15 84 80
6366 41 8 36 17 64 122 106 15 52 0
6366 42 8 49 74 90 24 125 68 126 123
6366 43 8 56 121 43 19 80 8 104 125
6366 44 8 45 11 80 88 98 6 72 110
6366 45 8 5 46 112 22 76 17 26 84
6366 46 8 82 105 39 84 30 124 22 52
6366 47 8 52 31 95 35 127 11 121 90
429 0 8 84 120 2 103 80 92 61 83
429 1 8 83 3 58 2 66 14 13 104
429 2 8 122 116 47 10 125 100 51 117
429 3 8 10 89 123 3 64 61 12 34
429 4 8 10 91 79 11 105 47 38 67
429 5 8 107 111 75 125 18 13 22 116
429 6 8 86 63 127 52 75 56 104 23
429 7 8 45 48 82 2 115 20 1 50
429 8 8 61 109 44 95 2 103 47 116
429 9 8 43 81 1 99 80 24 10 127
429 10 8 30 83 85 25 35 18 52 40
429 11 8 105 79 47 21 96 115 107 7
429 12 8 53 104 68 87 97 46 120 42
429 13 8 2 79 121 18 12 77 64 10
429 14 8 11 79 115 80 28 99 23 7
429 15 8 91 60 121 17 16 90 55 38
429 16 8 78 11 115 55 102 80 50 15
429 17 8 112 15 106 17 102 52 68 45
429 18 8 86 63 56 54 75 127 52 100
429 19 8 45 82 32 115 48 51 1 2
429 20 8 61 105 95 116 103 2 44 8
429 21 8 81 99 10 80 1 43 49 111
429 22 8 30 23 85 25 103 53 18 98
429 23 8 96 21 22 105 107 99 43 55
429 24 8 9 46 42 14 87 97 39 32
429 25 8 2 12 77 91 71 121 106 101
429 26 8 99 11 80 115 110 79 76 107
429 27 8 91 60 16 17 8 121 69 55
429 28 8 11 78 83 15 55 115 80 91
429 29 8 15 52 17 124 112 69 125 68
429 30 8 86 127 63 75 52 56 10 9
429 31 8 45 48 82 20 2 51 115 32
429 32 8 61 105 109 95 116 103 80 2
429 33 8 81 99 43 80 1 37 62 71
429 34 8 25 85 30 35 98 40 52 18
429 35 8 21 79 105 29 107 37 96 22
429 36 8 53 39 87 42 97 26 46 80
429 37 8 2 79 10 21 101 115 75 77
429 38 8 80 11 7 79 115 99 23 39
429 39 8 60 1 90 91 78 121 8 17
429 40 8 15 55 83 78 11 102 45 80
429 41 8 52 15 17 106 46 85 103 69
429 42 8 37 125 74 123 2 68 22 16
429 43 8 43 19 12 56 8 42 97 104
429 44 8 45 88 99 6 72 73 122 27
429 45 8 46 17 112 58 119 22 92 16
429 46 8 105 84 39 30 81 29 80 22
429 47 8 52 95 108 35 111 6 59 71
51014 0 8 29 77 126 67 3 62 82 51
51014 1 8 78 107 76 122 114 58 86 3
51014 2 8 73 119 51 24 121 125 9 115
51014 3 8 7 25 3 11 10 105 90 62
51014 4 8 47 39 91 105 37 10 74 116
51014 5 8 80 18 78 116 75 49 48 100
51014 6 8 86 10 79 52 23 75 109 9
51014 7 8 45 48 87 1 115 82 110 20
51014 8 8 51 80 103 105 122 44 24 95
51014 9 8 1 94 99 81 52 127 103 22
51014 10 8 25 35 120 64 52 18 40 74
51014 11 8 105 87 79 16 47 71 21 115
51014 12 8 53 87 42 104 25 68 100 46
51014 13 8 18 24 75 101 121 44 2 10
51014 14 8 7 28 62 99 23 11 39 34
51014 15 8 98 91 56 17 1 95 18 69
51014 16 8 78 83 123 20 102 115 50 75
51014 17 8 17 106 84 112 97 103 85 14
51014 18 8 86 10 79 52 100 75 23 127
51014 19 8 45 115 48 51 110 82 32 1
51014 20 8 105 103 122 80 95 44 51 61
51014 21 8 1 81 99 52 94 127 96 80
51014 22 8 25 23 35 120 18 52 95 30
51014 23 8 105 16 43 21 68 107 29 87
51014 24 8 87 46 53 75 38 39 76 42
51014 25 8 24 18 101 71 77 75 109 121
51014 26 8 62 11 99 7 23 28 76 34
51014 27 8 98 91 8 17 16 18 95 55
51014 28 8 83 115 78 20 123 114 79 45
51014 29 8 17 84 106 97 69 85 14 68
51014 30 8 86 52 10 79 56 75 100 42
51014 31 8 45 51 48 115 1 82 110 20
51014 32 8 103 105 51 44 67 80 116 95
51014 33 8 1 81 99 94 96 52 48 80
51014 34 8 25 120 35 107 18 23 37 52
51014 35 8 21 105 71 87 115 29 47 16
51014 36 8 39 53 87 100 46 80 75 120
51014 37 8 24 42 121 101 75 49 55 89
51014 38 8 62 11 28 99 7 23 39 44
51014 39 8 98 56 91 121 69 8 103 1
51014 40 8 123 20 78 102 83 80 114 84
51014 41 8 97 14 84 69 106 85 20 48
51014 42 8 75 101 65 2 32 31 68 36
51014 43 8 2 104 4 44 8 81 77 112
51014 44 8 13 73 54 27 6 72 113 44
51014 45 8 127 94 114 119 21 45 16 34
51014 46 8 67 97 84 17 74 52 22 102
51014 47 8 34 54 117 32 79 27 85 90
432 0 8 61 103 104 71 0 66 51 24
432 1 8 3 9 91 39 26 105 58 67
432 2 8 100 122 51 72 52 121 120 127
432 3 8 7 105 25 11 123 90 39 59
432 4 8 47 105 10 23 39 67 40 57
432 5 8 107 116 22 100 34 49 75 126
432 6 8 86 79 52 10 75 109 38 100
432 7 8 2 45 48 115 20 96 26 110
432 8 8 103 61 109 105 80 95 123 122
432 9 8 1 81 99 52 103 127 37 96
432 10 8 35 25 52 103 64 18 107 74
432 11 8 105 107 47 29 8 101 40 21
432 12 8 87 26 46 68 76 25 42 75
432 13 8 2 18 101 71 40 75 42 10
432 14 8 99 23 39 115 7 111 44 34
432 15 8 91 69 121 8 53 6 17 98
432 16 8 11 78 55 102 52 84 83 79
432 17 8 17 112 106 113 85 62 15 121
432 18 8 86 52 100 14 10 27 65 75
432 19 8 115 2 45 32 48 1 93 51
432 20 8 61 108 103 95 105 44 48 17
432 21 8 81 1 99 52 127 24 103 25
432 22 8 25 35 85 103 52 64 18 112
432 23 8 101 105 29 22 107 33 21 43
432 24 8 87 46 76 14 75 26 42 34
432 25 8 2 71 101 99 73 10 112 104
432 26 8 99 23 34 115 57 76 80 6
432 27 8 91 8 55 6 60 1 95 121
432 28 8 84 11 78 102 83 65 108 60
432 29 8 72 106 17 112 15 6 68 116
432 30 8 86 52 10 46 100 79 75 127
432 31 8 45 115 82 2 48 32 44 1
432 32 8 67 103 105 61 95 80 108 123
432 33 8 81 1 99 52 127 80 59 37
432 34 8 35 103 25 52 3 64 110 75
432 35 8 21 29 107 101 4 105 33 8
432 36 8 92 87 26 75 46 14 97 53
432 37 8 2 71 95 73 101 77 91 12
432 38 8 99 80 115 7 79 11 23 110
432 39 8 60 8 91 90 55 1 87 95
432 40 8 11 78 55 15 7 45 75 60
432 41 8 46 52 17 15 106 85 68 121
432 42 8 37 74 125 2 68 24 73 16
432 43 8 8 56 19 12 43 49 104 44
432 44 8 88 99 45 19 6 11 27 72
432 45 8 17 58 112 46 92 119 114 21
432 46 8 84 81 30 29 105 39 97 7
432 47 8 52 6 108 95 111 35 59 71
594 0 8 76 17 16 111 18 101 118 24
594 1 8 34 3 107 86 77 76 12 116
594 2 8 14 77 100 51 87 116 122 52
594 3 8 105 25 112 76 73 38 16 10
594 4 8 47 105 23 22 118 67 10 63
594 5 8 107 80 34 116 111 22 97 126
594 6 8 86 10 52 79 38 75 42 108
594 7 8 45 48 2 87 60 20 1 115
594 8 8 103 122 105 61 95 44 39 64
594 9 8 1 94 81 99 127 52 45 103
594 10 8 35 52 23 25 64 18 107 83
594 11 8 47 105 107 79 21 29 71 8
594 12 8 25 53 68 87 42 125 80 26
594 13 8 75 42 18 2 44 79 124 101
594 14 8 80 79 99 7 39 23 11 34
594 15 8 91 60 8 69 95 121 4 17
594 16 8 40 78 7 50 102 11 45 83
594 17 8 106 15 122 17 53 52 85 112
594 18 8 86 79 52 10 75 100 42 14
594 19 8 45 115 87 48 51 32 82 1
594 20 8 103 105 95 61 44 39 90 122
594 21 8 1 81 94 127 99 103 10 52
594 22 8 35 23 25 64 52 120 112 18
594 23 8 105 29 79 86 21 52 47 101
594 24 8 87 76 75 53 46 42 39 9
594 25 8 75 71 78 42 77 124 101 27
594 26 8 11 99 80 23 79 110 76 28
594 27 8 4 60 8 91 69 55 17 95
594 28 8 40 115 78 7 11 102 50 75
594 29 8 53 15 106 85 52 68 112 97
594 30 8 86 14 52 13 79 42 10 9
594 31 8 45 82 115 26 48 87 60 32
594 32 8 103 64 105 67 39 5 95 44
594 33 8 81 94 99 1 127 80 105 52
594 34 8 107 35 25 2 83 76 3 18
594 35 8 21 86 105 101 8 115 67 29
594 36 8 53 87 39 46 32 76 104 97
594 37 8 75 44 2 101 71 77 21 65
594 38 8 80 99 11 79 39 7 23 34
594 39 8 60 91 8 121 1 95 3 7
594 40 8 40 7 15 84 78 4 80 102
594 41 8 53 52 15 106 85 17 113 117
594 42 8 37 73 125 74 59 16 22 68
594 43 8 8 56 43 104 19 81 44 49
594 44 8 80 54 45 37 98 6 92 27
594 45 8 92 112 46 84 19 114 127 119
594 46 8 82 84 124 105 39 22 45 52
594 47 8 90 27 52 35 95 32 34 108
304 0 8 93 69 107 31 0 61 111 51
304 1 8 60 83 76 86 3 77 19 39
304 2 8 68 117 116 14 123 51 125 100
304 3 8 76 105 25 1 123 61 106 38
304 4 8 102 105 111 22 67 74 10 91
304 5 8 80 111 5 116 126 18 16 30
304 6 8 86 52 14 79 10 46 42 100
304 7 8 45 72 48 115 26 20 73 110
304 8 8 103 27 39 28 105 64 61 99
304 9 8 105 1 94 81 52 48 72 99
304 10 8 35 14 120 25 52 64 2 107
304 11 8 105 47 58 29 8 86 107 79
304 12 8 53 69 87 68 42 32 76 26
304 13 8 75 18 42 24 44 71 121 2
304 14 8 101 99 7 28 23 39 44 84
304 15 8 34 100 91 69 8 121 95 98
304 16 8 40 78 102 43 121 45 79 84
304 17 8 30 106 17 14 121 113 53 85
304 18 8 86 14 52 10 79 100 42 127
304 19 8 45 115 48 26 32 72 1 87
304 20 8 103 105 61 44 122 64 39 95
304 21 8 105 1 81 99 94 127 97 71
304 22 8 35 14 25 120 64 18 52 76
304 23 8 105 29 101 86 47 115 21 33
304 24 8 87 76 53 46 75 68 69 34
304 25 8 71 101 75 77 73 24 99 44
304 26 8 101 99 34 28 23 11 39 76
304 27 8 34 100 4 98 91 8 17 6
304 28 8 40 78 43 20 121 84 102 52
304 29 8 30 97 14 121 106 68 124 53
304 30 8 86 14 52 100 13 27 10 3
304 31 8 45 82 115 26 32 1 63 72
304 32 8 67 105 103 27 95 86 56 28
304 33 8 105 81 48 99 80 94 37 1
304 34 8 14 120 25 2 83 76 35 107
304 35 8 21 47 58 13 101 86 105 29
304 36 8 69 120 46 68 32 87 39 53
304 37 8 121 99 24 71 107 55 75 101
304 38 8 101 99 28 11 84 118 57 53
304 39 8 100 34 91 4 3 115 6 8
304 40 8 121 20 78 80 43 84 102 40
304 41 8 30 14 97 45 102 106 68 124
304 42 8 55 119 71 101 65 5 123 30
304 43 8 104 4 6 36 42 2 45 81
304 44 8 54 6 98 72 71 92 27 116
304 45 8 127 114 93 45 84 12 4 20
304 46 8 67 102 52 61 19 117 75 44
304 47 8 55 34 117 32 27 79 39 28
264 0 8 106 27 101 50 110 48 78 85
264 1 8 99 60 39 75 46 77 91 62
264 2 8 45 68 122 52 125 51 120 36
264 3 8 76 94 106 61 105 25 10 21
264 4 8 102 111 67 105 22 11 95 63
264 5 8 105 51 18 111 80 5 85 49
264 6 8 86 52 13 14 23 9 46 7
264 7 8 45 48 72 20 1 115 26 82
264 8 8 103 2 105 67 27 95 47 122
264 9 8 81 48 105 1 97 99 52 127
264 10 8 25 14 2 35 23 18 76 83
264 11 8 47 105 29 58 13 101 94 107
264 12 8 68 69 32 46 87 76 14 34
264 13 8 66 12 40 101 18 65 113 55
264 14 8 39 99 44 23 7 57 105 34
264 15 8 91 3 6 34 69 17 4 100
264 16 8 78 102 80 84 52 51 126 26
264 17 8 35 68 66 121 106 100 112 113
264 18 8 86 65 54 52 10 100 3 75
264 19 8 32 115 45 82 73 106 91 44
264 20 8 44 105 86 95 103 67 61 123
264 21 8 81 99 80 1 52 37 97 76
264 22 8 25 18 85 30 112 76 52 83
264 23 8 29 105 115 101 67 107 37 0
264 24 8 46 87 76 100 74 14 68 75
264 25 8 101 71 73 115 65 99 107 40
264 26 8 99 34 23 57 39 44 7 76
264 27 8 91 3 1 6 8 82 17 55
264 28 8 84 78 80 102 114 83 43 75
264 29 8 72 106 112 121 66 17 30 116
264 30 8 86 46 27 10 52 63 100 110
264 31 8 82 45 73 106 63 32 115 44
264 32 8 67 105 9 95 61 2 86 80
264 33 8 81 99 80 1 37 105 49 59
264 34 8 25 30 94 76 18 3 112 103
264 35 8 4 94 33 101 29 96 78 0
264 36 8 46 92 69 14 87 42 34 32
264 37 8 20 12 73 104 66 71 101 112
264 38 8 105 99 53 57 44 125 101 110
264 39 8 91 100 34 89 7 8 6 55
264 40 8 51 78 80 121 84 4 100 115
264 41 8 2 35 66 30 126 124 102 6
264 42 8 98 102 71 93 123 55 30 5
264 43 8 6 104 36 45 65 46 41 87
264 44 8 6 72 98 48 92 27 116 20
264 45 8 20 114 45 4 12 21 84 34
264 46 8 102 44 52 117 19 61 119 14
264 47 8 36 120 66 22 72 26 7 59
19038 0 8 112 77 67 28 83 23 105 62
19038 1 8 90 45 48 122 60 29 67 68
19038 2 8 76 23 4 44 73 125 36 64
19038 3 8 106 3 70 61 78 76 21 90
19038 4 8 27 11 5 37 116 102 51 67
19038 5 8 18 48 87 74 115 116 16 63
19038 6 8 86 46 100 104 108 97 66 118
19038 7 8 45 115 82 93 73 20 39 48
19038 8 8 103 6 20 2 94 86 95 107
19038 9 8 81 35 25 41 40 37 99 52
19038 10 8 25 95 2 18 52 119 110 92
19038 11 8 16 105 29 94 101 73 0 33
19038 12 8 38 103 14 46 87 32 76 102
19038 13 8 109 123 40 101 41 71 57 89
19038 14 8 99 18 23 7 60 44 39 36
19038 15 8 91 77 20 69 8 6 55 17
19038 16 8 78 77 102 80 108 84 115 110
19038 17 8 0 65 64 102 100 106 84 121
19038 18 8 86 103 10 100 52 65 46 54
19038 19 8 45 115 32 82 73 48 43 44
19038 20 8 94 103 105 95 86 44 61 6
19038 21 8 35 81 1 25 99 40 37 127
19038 22 8 25 23 95 52 82 124 2 119
19038 23 8 16 22 73 29 42 105 94 97
19038 24 8 38 103 25 14 46 0 87 32
19038 25 8 18 109 62 57 123 71 101 73
19038 26 8 71 60 99 18 23 102 76 53
19038 27 8 77 126 20 46 91 8 16 55
19038 28 8 44 78 77 108 84 80 94 110
19038 29 8 65 0 63 64 36 68 62 30
19038 30 8 118 86 52 100 46 103 10 42
19038 31 8 45 82 48 100 44 32 63 51
19038 32 8 20 94 27 67 105 6 2 103
19038 33 8 35 41 40 81 99 80 1 37
19038 34 8 23 95 124 25 98 40 9 119
19038 35 8 21 42 9 73 94 22 97 16
19038 36 8 38 0 103 25 14 39 2 34
19038 37 8 57 41 109 123 12 18 62 91
19038 38 8 18 60 11 47 102 71 111 22
19038 39 8 107 20 46 120 77 126 125 31
19038 40 8 77 44 23 29 108 80 109 110
19038 41 8 65 0 63 64 85 103 18 122
19038 42 8 24 126 49 90 75 23 20 71
19038 43 8 121 74 47 104 8 125 56 49
19038 44 8 110 6 13 80 94 72 11 23
19038 45 8 5 47 26 83 114 87 22 119
19038 46 8 1 123 10 96 103 97 45 124
19038 47 8 11 31 127 82 121 12 90 14
13 0 8 65 98 43 73 72 114 45 70
13 1 8 18 94 38 127 119 43 26 70
13 2 8 84 88 38 47 40 93 57 125
13 3 8 89 6 31 16 124 2 41 117
13 4 8 85 106 76 124 115 11 48 81
13 5 8 125 61 66 8 22 13 126 74
13 6 8 105 83 8 63 56 52 86 10
13 7 8 49 45 112 106 34 82 51 73
13 8 8 84 121 116 103 95 2 65 105
13 9 8 110 117 9 80 10 1 81 103
13 10 8 30 61 53 105 56 25 97 98
13 11 8 61 49 24 7 125 89 21 71
13 12 8 99 56 15 104 96 9 116 97
13 13 8 6 28 15 42 101 64 23 12
13 14 8 20 48 11 90 17 7 104 99
13 15 8 85 91 10 101 70 16 17 103
13 16 8 124 78 8 73 80 65 39 115
13 17 8 42 69 21 19 105 72 18 112
13 18 8 105 56 63 8 75 86 52 83
13 19 8 49 82 112 45 106 51 32 73
13 20 8 84 121 116 95 65 105 103 3
13 21 8 110 9 80 125 49 10 117 81
13 22 8 30 53 61 105 98 56 25 13
13 23 8 24 61 49 125 96 7 23 21
13 24 8 99 15 56 96 65 39 9 97
13 25 8 58 15 6 28 23 73 106 12
13 26 8 17 20 48 11 90 104 100 6
13 27 8 101 85 70 10 16 103 91 120
13 28 8 124 80 8 73 81 83 65 78
13 29 8 42 19 69 21 48 105 1 18
13 30 8 63 105 56 8 110 83 52 86
13 31 8 49 112 106 34 82 110 73 3
13 32 8 121 65 116 84 46 3 95 67
13 33 8 125 110 9 80 49 118 117 127
13 34 8 105 30 61 98 53 56 112 78
13 35 8 24 49 61 125 23 37 7 96
13 36 8 99 15 97 96 56 65 116 42
13 37 8 15 58 28 6 23 10 25 118
13 38 8 20 17 48 90 75 86 8 107
13 39 8 10 101 85 103 23 120 70 95
13 40 8 124 8 80 73 45 81 65 17
13 41 8 42 69 48 19 112 17 18 21
13 42 8 36 31 64 32 74 24 123 7
13 43 8 104 77 112 88 43 78 87 19
13 44 8 6 0 53 73 107 121 90 81
13 45 8 22 101 27 94 85 114 37 2
13 46 8 38 84 11 52 98 103 97 60
13 47 8 105 73 57 20 109 86 85 9
576 0 8 50 106 21 57 103 110 51 14
576 1 8 6 9 3 95 48 42 62 24
576 2 8 122 90 84 125 47 100 93 25
576 3 8 39 2 16 4 64 87 124 123
576 4 8 50 63 56 11 23 121 48 67
576 5 8 47 51 105 22 107 68 82 18
576 6 8 63 86 52 8 110 56 87 75
576 7 8 45 73 106 82 48 60 110 51
576 8 8 36 109 95 116 103 44 61 105
576 9 8 65 32 80 45 49 99 1 114
576 10 8 30 23 53 123 83 85 25 121
576 11 8 67 109 89 69 107 7 37 98
576 12 8 104 114 97 116 95 42 56 115
576 13 8 66 98 23 21 64 77 119 42
576 14 8 105 90 16 88 115 8 79 75
576 15 8 72 103 91 4 56 16 23 10
576 16 8 80 55 119 78 124 12 83 45
576 17 8 2 35 66 83 69 122 103 20
576 18 8 63 75 110 64 52 8 56 86
576 19 8 106 73 82 3 95 110 34 60
576 20 8 3 36 109 46 95 116 15 101
576 21 8 80 45 65 49 114 22 10 32
576 22 8 30 123 53 112 73 113 98 74
576 23 8 109 89 37 67 96 47 69 26
576 24 8 104 52 24 116 42 97 9 114
576 25 8 66 98 23 21 113 73 16 82
576 26 8 11 105 90 16 88 8 6 110
576 27 8 72 103 56 4 16 120 91 10
576 28 8 119 55 80 83 12 45 124 114
576 29 8 2 66 35 117 17 120 103 45
576 30 8 63 110 56 75 86 64 30 8
576 31 8 106 73 34 95 82 3 60 33
576 32 8 109 36 3 15 46 95 116 67
576 33 8 45 49 80 32 118 65 114 113
576 34 8 30 123 113 62 108 101 45 13
576 35 8 109 67 89 122 37 69 126 85
576 36 8 114 104 74 9 95 116 42 24
576 37 8 66 82 98 113 10 23 76 55
576 38 8 105 8 16 88 90 96 58 36
576 39 8 120 72 4 103 56 59 10 3
576 40 8 12 119 43 80 55 83 18 114
576 41 8 66 2 112 35 20 9 18 117
576 42 8 36 27 18 102 93 123 71 23
576 43 8 87 104 29 112 6 78 36 52
576 44 8 48 6 20 121 98 44 72 81
576 45 8 22 58 80 70 37 30 114 12
576 46 8 115 98 60 52 127 80 75 22
576 47 8 36 120 66 88 47 123 85 59
1196 0 8 105 91 28 125 95 112 51 87
1196 1 8 9 2 48 16 45 122 68 88
1196 2 8 51 125 41 76 67 44 36 100
1196 3 8 70 73 50 112 16 123 124 2
1196 4 8 11 50 104 27 48 113 97 37
1196 5 8 75 74 18 103 10 102 22 116
1196 6 8 8 64 86 127 46 52 63 44
1196 7 8 2 45 110 51 82 73 115 31
1196 8 8 61 80 86 20 67 15 46 3
1196 9 8 32 24 96 35 49 65 57 81
1196 10 8 85 35 103 53 112 30 26 25
1196 11 8 43 39 37 105 16 42 64 29
1196 12 8 116 74 52 114 97 75 46 87
1196 13 8 2 98 101 41 10 64 82 77
1196 14 8 102 88 16 75 6 115 90 36
1196 15 8 16 10 8 20 120 91 86 60
1196 16 8 11 83 108 45 55 80 84 110
1196 17 8 112 17 15 46 106 64 18 52
1196 18 8 64 8 52 127 86 63 44 75
1196 19 8 110 2 51 9 31 106 73 6
1196 20 8 61 80 86 36 15 46 116 3
1196 21 8 65 96 80 49 52 24 111 32
1196 22 8 53 35 103 30 85 112 109 13
1196 23 8 43 37 8 89 96 64 111 42
1196 24 8 116 52 26 97 2 104 75 114
1196 25 8 2 98 41 73 82 57 23 16
1196 26 8 102 88 75 90 115 11 6 80
1196 27 8 60 16 120 8 95 10 86 72
1196 28 8 11 83 45 80 108 15 55 110
1196 29 8 17 15 46 52 18 120 58 112
1196 30 8 63 64 110 8 127 52 79 56
1196 31 8 2 106 51 110 34 73 31 9
1196 32 8 15 61 3 36 80 116 46 106
1196 33 8 96 65 49 45 52 57 32 1
1196 34 8 103 35 112 13 113 53 30 85
1196 35 8 37 115 89 69 98 43 8 105
1196 36 8 26 116 97 74 63 52 102 9
1196 37 8 2 21 82 76 16 41 10 98
1196 38 8 102 80 60 88 75 34 36 8
1196 39 8 60 120 95 121 78 76 86 20
1196 40 8 11 83 45 15 108 55 110 80
1196 41 8 52 15 46 17 106 18 36 85
1196 42 8 125 2 49 74 90 24 22 123
1196 43 8 56 19 12 43 112 78 52 121
1196 44 8 45 88 99 37 11 6 121 98
1196 45 8 58 46 22 112 17 76 30 85
1196 46 8 84 105 39 30 29 81 80 103
1196 47 8 52 35 95 111 108 59 6 127
6801 0 8 2 97 126 120 29 62 12 51
6801 1 8 86 107 58 123 77 78 2 76
6801 2 8 51 9 14 47 119 24 125 15
6801 3 8 25 59 105 7 13 16 38 34
6801 4 8 25 91 48 124 22 74 104 47
6801 5 8 80 102 34 75 47 126 22 82
6801 6 8 8 79 52 64 63 110 127 10
6801 7 8 34 87 110 106 31 51 45 73
6801 8 8 61 80 3 51 116 46 15 36
6801 9 8 94 45 49 65 96 1 52 80
6801 10 8 35 74 113 112 53 30 39 13
6801 11 8 105 69 115 98 87 67 37 43
6801 12 8 104 53 116 97 74 100 102 26
6801 13 8 75 2 44 24 98 21 64 101
6801 14 8 28 62 75 79 88 115 34 36
6801 15 8 60 8 95 98 120 4 16 35
6801 16 8 15 83 45 123 11 80 20 40
6801 17 8 97 14 17 20 15 106 85 112
6801 18 8 64 110 79 52 63 42 8 30
6801 19 8 87 110 34 51 106 60 31 50
6801 20 8 15 3 36 80 51 46 116 61
6801 21 8 45 94 96 80 49 65 52 111
6801 22 8 35 74 30 53 112 113 107 103
6801 23 8 89 87 8 37 115 43 69 96
6801 24 8 104 52 53 116 97 74 42 100
6801 25 8 24 98 75 21 44 16 121 2
6801 26 8 11 28 62 6 75 79 58 8
6801 27 8 4 60 56 98 35 120 10 23
6801 28 8 123 20 80 15 83 45 18 73
6801 29 8 97 14 20 85 17 83 18 117
6801 30 8 63 110 8 79 56 64 75 71
6801 31 8 106 73 34 82 87 3 110 103
6801 32 8 3 39 46 36 116 51 95 86
6801 33 8 45 94 80 49 52 113 118 57
6801 34 8 30 74 35 83 62 113 101 45
6801 35 8 67 87 89 105 37 78 47 69
6801 36 8 100 104 53 95 97 124 102 42
6801 37 8 24 75 44 121 98 10 21 65
6801 38 8 62 28 75 11 36 6 58 39
6801 39 8 98 4 120 23 35 56 91 3
6801 40 8 123 80 20 83 45 121 115 18
6801 41 8 20 14 97 106 117 112 85 83
6801 42 8 65 75 101 123 5 36 2 93
6801 43 8 4 104 87 112 81 2 36 78
6801 44 8 6 71 13 54 121 81 20 72
6801 45 8 22 37 80 123 85 20 32 12
6801 46 8 52 98 80 22 60 115 55 67
6801 47 8 117 34 32 66 47 85 123 88
21276 0 8 112 64 77 23 82 28 62 105
21276 1 8 90 7 67 114 45 68 122 88
21276 2 8 125 76 4 73 36 119 69 64
21276 3 8 62 92 40 12 41 112 70 24
21276 4 8 11 27 116 5 104 47 97 37
21276 5 8 87 18 48 56 115 116 117 74
21276 6 8 63 86 75 118 64 110 52 46
21276 7 8 73 69 45 106 110 82 48 20
21276 8 8 80 20 46 37 105 95 6 14
21276 9 8 49 35 80 114 10 96 99 40
21276 10 8 30 95 110 41 109 97 124 25
21276 11 8 78 16 105 42 64 43 39 37
21276 12 8 103 95 38 17 100 76 0 46
21276 13 8 109 41 123 42 18 101 57 10
21276 14 8 76 18 88 60 6 99 44 47
21276 15 8 20 91 54 82 120 77 17 7
21276 16 8 78 77 115 83 29 80 79 110
21276 17 8 64 0 65 112 106 68 83 6
21276 18 8 63 86 75 23 54 127 52 38
21276 19 8 73 45 106 69 48 82 110 32
21276 20 8 105 8 80 95 46 14 37 61
21276 21 8 35 49 80 114 99 10 40 96
21276 22 8 30 23 95 124 110 41 109 53
21276 23 8 42 97 78 16 64 116 9 18
21276 24 8 103 38 0 25 95 14 17 52
21276 25 8 18 109 123 57 41 91 42 77
21276 26 8 60 71 18 47 76 99 73 11
21276 27 8 20 54 126 91 77 120 82 17
21276 28 8 44 80 115 78 77 83 29 110
21276 29 8 0 65 64 36 83 63 92 122
21276 30 8 63 118 75 110 52 86 54 56
21276 31 8 106 73 34 82 45 110 32 3
21276 32 8 20 37 46 116 3 80 105 14
21276 33 8 40 35 80 49 47 118 10 99
21276 34 8 23 124 30 95 110 41 50 109
21276 35 8 9 42 78 97 73 16 64 114
21276 36 8 103 38 0 25 39 17 52 42
21276 37 8 57 41 18 109 62 123 10 91
21276 38 8 60 18 47 71 11 102 22 111
21276 39 8 20 54 107 120 77 46 126 35
21276 40 8 109 77 44 29 80 110 108 40
21276 41 8 65 0 63 122 64 85 18 58
21276 42 8 90 126 49 75 24 59 68 8
21276 43 8 121 74 47 104 125 75 112 8
21276 44 8 6 110 80 23 11 13 72 121
21276 45 8 26 47 5 76 83 114 119 22
21276 46 8 96 123 45 10 124 103 52 109
21276 47 8 11 31 82 127 121 90 14 15
323 0 8 83 120 63 31 81 107 69 80
323 1 8 41 8 34 2 109 26 124 126
323 2 8 53 67 88 62 125 10 123 41
323 3 8 89 59 6 62 41 124 122 12
323 4 8 79 76 11 29 104 47 106 48
323 5 8 42 125 13 74 70 117 49 22
323 6 8 63 105 110 52 8 75 10 56
323 7 8 73 34 106 49 3 110 48 95
323 8 8 66 46 3 84 14 80 116 105
323 9 8 98 49 80 10 52 110 114 118
323 10 8 110 73 30 62 90 61 101 98
323 11 8 26 78 61 37 39 64 122 49
323 12 8 107 95 79 104 100 116 97 23
323 13 8 80 6 18 28 77 64 118 36
323 14 8 10 11 48 79 88 6 75 96
323 15 8 38 85 23 120 56 87 98 91
323 16 8 8 80 124 115 40 83 91 113
323 17 8 19 97 20 83 122 72 1 14
323 18 8 63 30 110 75 64 56 86 52
323 19 8 106 73 34 3 110 82 49 95
323 20 8 66 3 46 84 14 116 27 39
323 21 8 98 80 9 10 49 110 118 117
323 22 8 30 73 110 23 53 62 61 105
323 23 8 26 78 61 9 49 37 24 126
323 24 8 39 107 95 104 52 116 79 85
323 25 8 80 6 28 118 91 121 73 99
323 26 8 11 79 48 110 10 6 75 107
323 27 8 85 120 56 91 60 4 87 16
323 28 8 8 80 115 124 15 83 20 43
323 29 8 19 97 20 83 124 14 126 69
323 30 8 63 110 75 56 86 13 105 71
323 31 8 106 82 73 95 49 34 3 33
323 32 8 66 3 95 46 67 116 39 84
323 33 8 98 80 113 49 118 52 62 45
323 34 8 73 30 90 50 6 101 83 62
323 35 8 26 78 37 49 47 21 96 61
323 36 8 107 39 79 100 95 42 23 102
323 37 8 80 6 10 83 28 118 115 65
323 38 8 10 11 28 48 79 75 53 36
323 39 8 120 23 4 85 3 56 91 40
323 40 8 80 8 20 124 83 115 45 78
323 41 8 106 19 97 20 83 14 17 69
323 42 8 21 123 101 2 5 36 22 80
323 43 8 104 112 87 81 4 78 6 88
323 44 8 6 54 0 81 71 72 121 116
323 45 8 20 114 22 37 123 80 19 93
323 46 8 67 52 84 80 22 44 61 97
323 47 8 34 32 117 27 48 79 6 54
264 0 8 106 27 50 110 48 49 118 78
264 1 8 99 8 34 109 2 9 95 126
264 2 8 45 53 122 125 72 7 52 10
264 3 8 29 94 59 41 64 101 79 61
264 4 8 79 11 29 67 104 47 22 121
264 5 8 51 96 105 74 47 42 18 103
264 6 8 63 86 110 75 52 88 46 70
264 7 8 106 73 45 34 69 82 110 51
264 8 8 2 111 3 80 46 105 95 67
264 9 8 80 49 79 98 10 114 99 96
264 10 8 30 73 25 107 98 110 83 78
264 11 8 78 26 92 69 67 9 21 65
264 12 8 68 79 107 95 23 25 65 92
264 13 8 66 12 18 42 65 101 83 113
264 14 8 76 23 44 115 10 99 58 36
264 15 8 17 91 1 82 8 94 121 16
264 16 8 78 102 83 79 75 114 14 80
264 17 8 17 112 106 35 2 66 68 9
264 18 8 86 10 52 100 127 75 23 110
264 19 8 45 115 48 51 32 82 1 110
264 20 8 105 95 103 61 80 122 8 44
264 21 8 81 1 99 52 127 103 37 96
264 22 8 25 52 112 35 3 85 18 64
264 23 8 67 105 43 107 21 46 29 115
264 24 8 46 87 75 80 2 63 97 42
264 25 8 101 71 99 73 2 42 66 10
264 26 8 99 23 76 34 115 39 7 44
264 27 8 8 91 1 95 17 16 55 7
264 28 8 78 102 83 79 65 84 45 80
264 29 8 72 17 106 112 113 18 2 66
264 30 8 86 10 52 46 100 127 38 27
264 31 8 45 69 82 48 115 32 51 73
264 32 8 105 67 9 61 80 103 8 122
264 33 8 99 1 81 37 52 57 65 127
264 34 8 25 112 3 85 52 94 103 7
264 35 8 4 107 43 46 78 33 101 29
264 36 8 75 92 46 87 2 42 97 22
264 37 8 20 12 73 66 101 112 61 124
264 38 8 105 115 99 23 125 92 96 22
264 39 8 120 89 16 8 91 7 100 98
264 40 8 51 80 78 65 121 115 101 100
264 41 8 2 66 126 35 124 106 18 103
264 42 8 123 98 93 102 18 80 22 30
264 43 8 81 104 6 87 112 41 97 36
264 44 8 6 48 20 81 72 122 121 3
264 45 8 20 80 114 123 22 70 45 37
264 46 8 52 101 44 80 115 22 61 117
264 47 8 36 120 66 47 88 123 85 72
26646 0 8 28 64 124 44 112 62 33 126
26646 1 8 29 48 122 45 8 88 7 67
26646 2 8 125 4 73 76 52 120 36 119
26646 3 8 62 51 77 29 40 5 59 76
26646 4 8 11 116 27 77 104 67 22 57
26646 5 8 78 96 18 48 56 117 126 116
26646 6 8 63 110 86 75 100 118 52 109
26646 7 8 106 73 45 110 82 51 48 69
26646 8 8 103 95 122 2 6 118 105 8
26646 9 8 35 1 79 80 49 127 99 10
26646 10 8 30 95 107 110 37 109 25 124
26646 11 8 78 16 92 107 69 37 68 82
26646 12 8 38 103 25 42 95 76 32 80
26646 13 8 18 109 12 123 89 41 25 42
26646 14 8 18 22 99 76 47 6 23 11
26646 15 8 20 77 91 56 17 87 106 1
26646 16 8 78 115 77 29 80 114 13 83
26646 17 8 0 92 64 106 65 84 68 36
26646 18 8 75 63 110 86 65 52 100 54
26646 19 8 45 82 48 106 51 32 110 73
26646 20 8 95 103 105 122 4 8 14 46
26646 21 8 1 10 80 99 62 35 127 33
26646 22 8 30 23 95 25 109 110 124 112
26646 23 8 16 78 97 92 42 68 107 9
26646 24 8 38 103 80 25 95 42 0 67
26646 25 8 109 18 123 57 71 89 12 101
26646 26 8 22 99 47 71 76 18 82 23
26646 27 8 77 91 20 55 56 95 17 126
26646 28 8 78 115 44 80 29 83 77 102
26646 29 8 0 92 65 54 84 68 106 64
26646 30 8 118 63 52 75 110 86 100 10
26646 31 8 51 45 82 106 48 73 110 103
26646 32 8 20 95 103 105 116 2 46 94
26646 33 8 35 40 80 79 99 62 49 1
26646 34 8 23 124 30 95 107 109 110 33
26646 35 8 92 78 9 42 73 16 25 97
26646 36 8 103 25 67 42 0 38 16 39
26646 37 8 89 127 12 18 62 57 41 91
26646 38 8 22 47 73 18 11 60 71 82
26646 39 8 77 46 106 91 120 51 107 126
26646 40 8 80 13 28 100 110 77 44 23
26646 41 8 54 0 65 92 64 63 49 36
26646 42 8 8 126 86 90 18 55 123 30
26646 43 8 74 121 104 125 47 16 80 41
26646 44 8 23 6 110 72 80 11 121 13
26646 45 8 76 47 20 26 22 114 123 5
26646 46 8 96 45 52 51 68 94 1 10
26646 47 8 26 114 127 121 21 11 15 31
13391 0 8 126 28 116 122 3 51 81 124
13391 1 8 122 76 30 98 29 66 107 78
13391 2 8 112 125 49 4 76 119 52 36
13391 3 8 0 93 62 121 92 113 70 40
13391 4 8 11 1 27 116 101 10 77 114
13391 5 8 48 96 71 30 78 18 122 16
13391 6 8 63 86 110 75 52 118 10 23
13391 7 8 106 73 45 51 110 48 82 69
13391 8 8 122 103 95 20 2 111 105 46
13391 9 8 106 35 80 62 49 10 127 99
13391 10 8 30 95 110 107 97 109 25 124
13391 11 8 78 55 92 16 71 69 82 107
13391 12 8 38 103 80 95 25 42 76 32
13391 13 8 109 41 123 18 12 42 101 10
13391 14 8 18 101 23 60 88 76 99 6
13391 15 8 20 91 38 17 77 31 87 1
13391 16 8 77 78 80 44 115 29 114 83
13391 17 8 0 65 64 122 63 1 61 106
13391 18 8 63 110 52 75 100 118 86 30
13391 19 8 106 45 48 34 82 51 73 110
13391 20 8 116 95 27 20 105 122 46 103
13391 21 8 10 80 35 79 49 62 99 114
13391 22 8 30 23 95 109 110 53 25 124
13391 23 8 92 55 42 16 78 9 97 1
13391 24 8 38 0 67 103 25 95 39 116
13391 25 8 109 123 57 18 41 115 12 73
13391 26 8 18 60 47 71 64 6 101 11
13391 27 8 20 126 77 2 91 56 31 120
13391 28 8 44 77 80 29 110 108 78 83
13391 29 8 65 0 64 63 61 84 93 68
13391 30 8 118 63 110 88 52 56 75 30
13391 31 8 34 106 82 73 3 51 110 103
13391 32 8 20 116 27 46 95 3 106 67
13391 33 8 79 106 35 80 40 118 62 41
13391 34 8 23 95 124 30 112 109 39 110
13391 35 8 92 42 55 9 97 37 16 78
13391 36 8 38 0 25 103 67 58 97 17
13391 37 8 41 123 109 57 18 12 10 73
13391 38 8 18 47 60 111 75 22 6 81
13391 39 8 120 20 107 46 35 51 77 8
13391 40 8 77 44 23 29 6 80 110 108
13391 41 8 65 63 0 85 64 18 115 11
13391 42 8 8 126 24 75 49 90 20 28
13391 43 8 121 47 74 94 104 125 48 8
13391 44 8 110 6 80 13 72 94 101 60
13391 45 8 5 47 83 26 107 114 87 119
13391 46 8 1 103 20 45 123 62 96 97
13391 47 8 11 82 31 127 44 0 121 6
13 0 8 65 98 43 73 72 45 114 44
13 1 8 18 94 38 127 26 119 70 43
13 2 8 84 88 38 47 40 93 57 16
13 3 8 6 89 124 31 16 2 41 101
13 4 8 76 85 106 115 124 11 48 104
13 5 8 125 61 66 8 13 22 126 64
13 6 8 105 83 8 52 56 63 88 34
13 7 8 49 34 106 112 73 51 110 45
13 8 8 84 121 46 116 3 65 80 15
13 9 8 110 9 80 49 10 114 117 52
13 10 8 61 30 56 105 53 98 112 39
13 11 8 61 24 49 125 7 37 122 96
13 12 8 99 15 56 96 104 97 116 65
13 13 8 6 28 15 23 58 101 77 73
13 14 8 48 20 104 17 90 11 6 75
13 15 8 85 101 70 10 103 120 82 38
13 16 8 124 8 73 80 17 83 39 45
13 17 8 69 42 19 21 105 48 17 83
13 18 8 105 63 83 88 64 52 8 56
13 19 8 49 106 112 34 110 31 51 82
13 20 8 84 121 3 116 65 46 67 35
13 21 8 9 110 125 80 49 117 10 64
13 22 8 105 61 53 30 56 98 112 78
13 23 8 61 24 49 125 23 7 96 92
13 24 8 99 15 56 96 65 116 97 50
13 25 8 58 15 6 28 23 73 19 99
13 26 8 17 20 48 90 104 6 100 86
13 27 8 101 85 70 10 103 120 16 82
13 28 8 73 124 80 8 81 83 45 17
13 29 8 19 42 21 69 48 83 1 18
13 30 8 105 63 83 110 56 52 8 64
13 31 8 49 112 34 110 106 51 73 82
13 32 8 65 121 84 116 46 3 106 95
13 33 8 125 9 110 80 118 49 1 114
13 34 8 105 98 56 78 61 112 53 30
13 35 8 125 24 49 61 23 7 37 96
13 36 8 99 15 56 97 96 65 116 42
13 37 8 58 15 28 23 6 25 10 101
13 38 8 17 20 90 48 75 86 6 34
13 39 8 101 10 85 70 103 120 23 95
13 40 8 45 65 73 124 81 17 8 80
13 41 8 42 48 69 21 19 18 1 17
13 42 8 31 36 32 64 123 114 74 2
13 43 8 112 77 88 78 43 104 31 97
13 44 8 6 0 53 90 73 107 121 81
13 45 8 22 101 85 27 94 2 114 127
13 46 8 38 103 84 97 34 11 52 98
13 47 8 105 73 57 20 86 109 85 59
6771 0 8 21 50 2 75 126 97 104 103
6771 1 8 58 6 45 23 95 119 123 88
6771 2 8 7 47 93 10 51 125 127 119
6771 3 8 16 124 2 39 4 59 38 64
6771 4 8 104 56 48 23 11 81 4 50
6771 5 8 13 82 22 107 74 18 17 68
6771 6 8 86 63 52 8 111 56 34 75
6771 7 8 45 51 48 82 73 1 69 106
6771 8 8 109 103 80 122 116 105 95 61
6771 9 8 1 45 81 114 96 65 49 99
6771 10 8 30 25 52 53 18 112 83 85
6771 11 8 67 43 105 107 89 29 101 8
6771 12 8 87 46 97 42 63 9 75 2
6771 13 8 101 42 124 10 77 2 65 106
6771 14 8 23 99 115 76 34 39 7 58
6771 15 8 91 1 8 17 16 95 121 55
6771 16 8 78 83 102 115 65 75 50 79
6771 17 8 17 112 106 69 18 68 9 103
6771 18 8 86 52 10 79 38 127 75 3
6771 19 8 45 115 48 32 51 82 110 93
6771 20 8 105 95 103 61 122 44 80 8
6771 21 8 81 1 99 52 127 49 103 96
6771 22 8 25 52 112 35 64 3 18 94
6771 23 8 67 105 107 43 29 21 46 22
6771 24 8 46 87 75 2 9 63 97 43
6771 25 8 71 101 99 73 104 112 2 42
6771 26 8 99 34 23 76 7 6 115 110
6771 27 8 8 95 91 1 55 16 17 69
6771 28 8 102 65 78 83 45 79 80 89
6771 29 8 72 17 106 18 112 6 68 1
6771 30 8 86 52 10 100 75 42 38 79
6771 31 8 45 115 51 82 48 1 32 20
6771 32 8 9 105 103 67 80 95 123 8
6771 33 8 81 99 1 52 96 127 37 65
6771 34 8 25 112 52 3 94 74 98 18
6771 35 8 107 4 43 96 101 37 78 33
6771 36 8 75 97 92 87 24 2 42 46
6771 37 8 20 61 73 112 77 101 42 104
6771 38 8 92 62 90 115 101 79 34 6
6771 39 8 87 13 120 8 98 100 95 10
6771 40 8 65 123 17 45 73 7 80 55
6771 41 8 58 18 48 69 106 17 49 1
6771 42 8 2 28 31 36 64 123 32 37
6771 43 8 77 27 2 56 112 78 94 43
6771 44 8 113 11 19 6 5 54 107 60
6771 45 8 127 92 94 114 58 63 22 76
6771 46 8 103 84 74 97 38 29 46 88
6771 47 8 6 79 108 114 32 58 111 52
752 0 8 62 103 13 61 18 21 80 17
752 1 8 58 9 23 123 45 3 57 76
752 2 8 51 47 7 14 9 93 127 100
752 3 8 16 38 59 2 39 46 124 64
752 4 8 56 124 23 104 25 48 121 22
752 5 8 13 107 47 82 34 22 68 8
752 6 8 79 8 52 12 111 56 38 42
752 7 8 34 110 2 31 45 87 106 51
752 8 8 46 36 116 3 109 61 105 113
752 9 8 52 65 1 80 49 118 99 114
752 10 8 74 35 112 26 30 53 113 98
752 11 8 107 9 7 43 37 125 87 75
752 12 8 116 104 97 50 56 75 96 71
752 13 8 23 98 2 21 73 101 75 64
752 14 8 80 6 90 79 88 75 76 115
752 15 8 13 10 60 8 82 70 125 120
752 16 8 15 65 11 7 17 45 73 80
752 17 8 52 15 83 17 58 18 69 106
752 18 8 79 63 64 52 83 8 110 25
752 19 8 110 106 31 51 34 73 41 45
752 20 8 3 46 116 36 124 105 21 65
752 21 8 80 118 114 65 52 49 64 45
752 22 8 53 30 74 35 112 98 26 78
752 23 8 89 7 107 43 82 125 37 6
752 24 8 56 116 97 50 104 75 65 96
752 25 8 23 73 21 16 2 101 98 42
752 26 8 90 80 6 115 88 79 75 8
752 27 8 10 13 120 82 60 91 56 8
752 28 8 80 11 15 7 83 45 17 65
752 29 8 83 52 17 15 18 106 58 85
752 30 8 63 79 64 52 110 75 86 56
752 31 8 110 106 34 73 82 51 31 3
752 32 8 116 3 36 46 109 95 21 14
752 33 8 52 80 118 49 65 114 1 45
752 34 8 35 74 30 112 53 62 26 98
752 35 8 89 37 43 7 107 8 39 96
752 36 8 116 97 100 80 75 50 26 56
752 37 8 2 42 21 98 75 10 101 23
752 38 8 75 80 6 79 88 34 58 115
752 39 8 13 60 120 10 1 78 82 95
752 40 8 11 15 7 83 45 17 65 80
752 41 8 106 52 17 18 58 15 83 85
752 42 8 2 123 37 74 7 125 36 22
752 43 8 112 43 19 56 78 12 97 77
752 44 8 113 0 45 88 6 121 37 72
752 45 8 46 22 112 17 85 92 58 63
752 46 8 84 29 105 38 39 30 80 22
752 47 8 95 35 52 108 111 6 59 85
1191 0 8 62 126 7 28 29 12 3 21
1191 1 8 123 76 78 88 45 58 23 86
1191 2 8 112 51 119 47 9 14 125 68
1191 3 8 120 105 93 59 7 16 38 25
1191 4 8 104 22 39 48 56 124 4 25
1191 5 8 30 13 34 80 78 22 82 71
1191 6 8 79 52 8 64 63 12 71 44
1191 7 8 34 110 87 106 31 45 51 73
1191 8 8 46 116 3 36 24 105 51 33
1191 9 8 52 114 65 62 49 118 80 94
1191 10 8 74 112 35 30 113 26 65 62
1191 11 8 87 71 125 82 43 9 7 37
1191 12 8 116 104 118 100 75 56 97 71
1191 13 8 24 75 64 101 98 73 21 95
1191 14 8 101 62 6 88 76 75 69 90
1191 15 8 13 10 98 82 34 8 120 95
1191 16 8 123 114 29 80 45 17 15 73
1191 17 8 83 52 14 106 17 53 97 15
1191 18 8 79 63 52 64 8 56 71 12
1191 19 8 106 110 87 34 31 3 51 73
1191 20 8 46 3 36 116 24 21 105 124
1191 21 8 118 114 45 62 65 52 80 49
1191 22 8 30 53 74 65 112 35 98 26
1191 23 8 89 82 71 87 37 7 39 107
1191 24 8 56 118 116 97 50 104 100 75
1191 25 8 24 21 73 98 42 16 75 23
1191 26 8 101 90 88 6 62 8 76 28
1191 27 8 10 120 13 82 23 34 91 98
1191 28 8 80 123 83 45 17 73 115 18
1191 29 8 83 14 18 85 17 97 106 84
1191 30 8 63 79 8 52 64 110 56 75
1191 31 8 110 106 34 73 82 3 51 45
1191 32 8 116 46 36 3 24 21 86 27
1191 33 8 118 80 52 49 45 114 65 105
1191 34 8 74 53 112 30 120 35 62 113
1191 35 8 89 71 87 37 82 43 8 16
1191 36 8 116 97 100 50 56 80 118 75
1191 37 8 24 75 42 10 95 98 21 44
1191 38 8 101 62 6 75 88 34 8 115
1191 39 8 98 120 13 10 82 56 78 1
1191 40 8 123 80 83 18 45 17 29 65
1191 41 8 106 84 85 17 83 14 18 53
1191 42 8 28 123 2 75 74 65 55 7
1191 43 8 112 43 121 2 47 4 78 56
1191 44 8 54 80 6 13 45 113 110 121
1191 45 8 47 92 46 22 83 85 112 63
1191 46 8 84 45 105 82 10 39 74 80
1191 47 8 90 54 95 35 52 127 27 32
553 0 8 61 69 93 53 81 120 18 31
553 1 8 53 83 76 23 123 58 45 86
553 2 8 117 8 47 51 87 54 9 125
553 3 8 93 105 59 120 16 7 38 25
553 4 8 104 124 25 4 91 22 48 39
553 5 8 82 30 34 13 71 111 80 22
553 6 8 8 79 52 56 30 64 12 63
553 7 8 34 72 110 106 51 50 3 31
553 8 8 116 46 3 99 36 109 80 105
553 9 8 45 52 114 118 49 65 80 96
553 10 8 74 30 112 113 65 83 53 35
553 11 8 67 58 89 71 7 125 82 43
553 12 8 116 104 56 97 100 118 96 7
553 13 8 121 25 21 64 16 42 98 101
553 14 8 80 28 90 88 101 6 58 79
553 15 8 10 4 60 23 13 91 120 82
553 16 8 73 80 15 78 83 121 17 45
553 17 8 83 97 15 45 52 69 17 21
553 18 8 63 8 79 64 86 75 52 56
553 19 8 106 73 110 45 82 34 51 3
553 20 8 46 3 116 36 101 95 124 65
553 21 8 114 49 80 45 65 96 99 62
553 22 8 30 53 123 74 98 83 65 112
553 23 8 67 89 82 37 58 64 0 47
553 24 8 56 104 116 100 97 68 118 65
553 25 8 25 21 42 121 16 98 64 32
553 26 8 90 80 88 6 28 115 58 101
553 27 8 91 10 23 56 60 120 82 4
553 28 8 80 73 78 15 83 45 121 114
553 29 8 83 52 15 97 17 45 103 106
553 30 8 63 86 75 110 56 79 127 64
553 31 8 106 73 82 34 110 51 45 3
553 32 8 109 95 116 46 36 3 86 105
553 33 8 80 49 45 114 52 118 10 22
553 34 8 30 74 53 112 35 62 123 113
553 35 8 89 67 58 37 71 0 82 107
553 36 8 116 100 97 104 9 118 69 42
553 37 8 42 25 21 10 98 75 121 2
553 38 8 80 79 58 75 6 101 88 115
553 39 8 23 60 120 56 10 1 13 78
553 40 8 80 15 7 83 45 18 121 17
553 41 8 52 15 45 17 106 83 18 58
553 42 8 21 37 74 7 123 65 2 36
553 43 8 43 112 19 104 4 78 56 97
553 44 8 45 0 6 54 121 88 113 72
553 45 8 46 112 22 85 17 92 63 123
553 46 8 105 84 82 39 80 38 52 30
553 47 8 52 35 95 108 32 59 34 117
86781 0 8 82 62 28 64 77 124 91 33
86781 1 8 78 45 67 60 47 88 114 7
86781 2 8 119 73 126 4 25 125 62 51
86781 3 8 120 62 7 16 11 105 59 90
86781 4 8 116 104 11 4 86 48 97 47
86781 5 8 78 74 117 18 13 56 116 70
86781 6 8 64 63 86 79 110 75 8 52
86781 7 8 106 110 73 51 93 45 34 31
86781 8 8 46 24 3 86 116 51 80 95
86781 9 8 80 49 118 114 96 35 52 70
86781 10 8 30 62 95 65 74 120 112 53
86781 11 8 16 71 43 82 68 87 107 39
86781 12 8 100 116 17 75 5 104 102 80
86781 13 8 52 101 42 64 25 123 73 127
86781 14 8 6 22 76 62 58 88 75 7
86781 15 8 51 77 82 91 98 120 56 18
86781 16 8 18 83 29 80 77 78 115 123
86781 17 8 83 84 0 106 14 66 104 6
86781 18 8 63 64 79 75 8 52 86 25
86781 19 8 106 110 31 51 73 3 34 41
86781 20 8 46 3 24 14 124 116 51 95
86781 21 8 118 114 80 52 49 96 22 69
86781 22 8 9 30 53 74 95 35 112 41
86781 23 8 16 71 82 89 43 97 87 39
86781 24 8 116 100 50 75 77 97 85 42
86781 25 8 42 73 24 52 64 68 101 37
86781 26 8 22 6 62 96 8 88 76 75
86781 27 8 51 98 77 56 91 31 120 10
86781 28 8 80 18 83 123 45 29 50 109
86781 29 8 83 84 14 66 85 18 126 104
86781 30 8 79 63 64 110 52 75 56 86
86781 31 8 110 106 3 73 51 82 34 41
86781 32 8 116 24 3 46 51 14 124 6
86781 33 8 118 80 114 52 35 49 77 96
86781 34 8 9 95 120 74 112 30 77 98
86781 35 8 71 16 82 89 97 37 87 43
86781 36 8 17 116 100 97 80 50 24 75
86781 37 8 52 42 24 49 89 101 10 95
86781 38 8 22 6 62 92 75 102 88 107
86781 39 8 51 25 77 0 120 98 21 91
86781 40 8 109 80 23 123 18 35 94 83
86781 41 8 84 83 18 122 49 6 112 81
86781 42 8 8 28 2 4 70 32 123 14
86781 43 8 2 80 112 75 74 104 18 10
86781 44 8 6 23 72 119 11 82 42 30
86781 45 8 26 76 48 127 88 85 114 93
86781 46 8 74 17 96 33 103 67 54 102
86781 47 8 114 54 23 80 30 79 17 6
287 0 8 80 70 69 118 24 101 86 38
287 1 8 78 67 45 66 47 122 91 5
287 2 8 119 73 126 62 15 125 25 47
287 3 8 120 7 11 105 59 16 90 62
287 4 8 39 91 104 116 47 22 48 4
287 5 8 78 74 13 117 70 80 116 126
287 6 8 79 64 52 63 110 8 86 30
287 7 8 110 106 87 34 51 73 93 45
287 8 8 51 24 46 3 39 116 86 80
287 9 8 118 52 114 49 80 1 96 99
287 10 8 74 112 30 62 65 120 35 53
287 11 8 71 16 87 82 43 115 105 89
287 12 8 100 104 116 75 77 68 5 80
287 13 8 24 64 121 42 101 75 73 25
287 14 8 6 62 58 28 22 88 76 96
287 15 8 98 51 91 56 82 115 120 18
287 16 8 20 80 83 43 18 123 45 29
287 17 8 14 83 97 84 106 20 85 0
287 18 8 63 79 64 75 52 86 8 110
287 19 8 106 110 51 34 73 3 31 45
287 20 8 46 3 14 51 24 116 95 105
287 21 8 114 80 118 52 49 65 1 96
287 22 8 74 53 30 35 112 113 65 26
287 23 8 89 87 71 16 82 107 37 43
287 24 8 116 104 100 97 42 68 75 56
287 25 8 24 42 64 121 75 21 49 73
287 26 8 28 58 62 96 6 22 8 88
287 27 8 56 98 51 91 4 10 115 120
287 28 8 80 43 20 83 45 123 18 78
287 29 8 83 14 84 97 20 106 85 126
287 30 8 63 110 86 75 64 79 56 30
287 31 8 106 110 34 82 73 51 3 45
287 32 8 14 116 51 24 95 46 3 36
287 33 8 80 49 114 118 22 48 52 1
287 34 8 74 30 53 120 112 62 45 113
287 35 8 71 87 89 16 82 47 37 105
287 36 8 68 100 116 120 97 104 76 124
287 37 8 24 42 121 49 10 99 64 65
287 38 8 62 28 22 96 58 8 88 6
287 39 8 98 56 51 4 120 91 3 35
287 40 8 80 123 20 43 18 83 121 114
287 41 8 84 83 14 97 106 20 85 112
287 42 8 28 32 65 101 75 126 123 36
287 43 8 87 4 104 47 112 81 121 6
287 44 8 6 13 54 121 71 81 72 20
287 45 8 22 127 26 87 103 80 37 114
287 46 8 1 67 98 52 80 22 45 75
287 47 8 117 34 32 66 127 27 85 26
279 0 8 106 61 57 103 24 110 50 127
279 1 8 48 9 30 45 91 66 67 62
279 2 8 90 122 15 125 62 126 47 120
279 3 8 11 7 59 90 120 39 10 0
279 4 8 63 104 47 39 77 111 4 86
279 5 8 105 51 117 70 18 78 49 74
279 6 8 110 64 75 52 86 63 30 8
279 7 8 106 110 73 51 45 34 3 31
279 8 8 28 46 3 24 51 116 95 103
279 9 8 114 32 49 48 80 10 96 118
279 10 8 30 23 74 110 112 83 123 113
279 11 8 109 82 87 47 89 71 37 13
279 12 8 68 104 120 100 116 74 5 69
279 13 8 66 42 113 55 99 64 65 101
279 14 8 16 58 96 105 6 88 8 84
279 15 8 4 91 56 98 18 23 10 120
279 16 8 43 119 78 80 83 18 12 45
279 17 8 35 2 83 66 20 106 68 121
279 18 8 63 86 75 52 56 54 8 64
279 19 8 45 82 106 48 32 73 51 34
279 20 8 95 105 116 103 8 46 3 14
279 21 8 80 99 114 81 49 1 45 96
279 22 8 30 25 123 83 53 103 98 112
279 23 8 89 67 82 105 107 96 109 37
279 24 8 104 116 68 97 56 42 46 100
279 25 8 66 42 113 21 101 2 98 107
279 26 8 99 105 115 16 76 58 8 88
279 27 8 91 17 121 56 4 82 23 1
279 28 8 78 119 80 114 43 83 12 102
279 29 8 2 35 66 112 121 106 83 103
279 30 8 63 86 127 75 110 23 56 10
279 31 8 73 82 45 106 48 32 51 115
279 32 8 61 95 109 105 116 103 28 17
279 33 8 32 80 49 10 62 99 114 45
279 34 8 30 123 110 103 85 53 83 25
279 35 8 109 89 116 47 82 0 107 13
279 36 8 68 74 42 104 9 116 120 95
279 37 8 66 42 113 10 99 65 55 49
279 38 8 105 16 96 58 8 84 39 88
279 39 8 98 56 4 3 91 120 1 40
279 40 8 119 80 12 43 18 114 83 78
279 41 8 66 2 35 112 83 20 117 106
279 42 8 18 27 93 102 123 5 36 71
279 43 8 104 29 87 6 112 65 36 78
279 44 8 6 48 20 121 72 81 98 44
279 45 8 80 70 22 123 37 114 58 20
279 46 8 115 52 98 80 22 75 60 61
279 47 8 36 120 66 47 88 123 59 85
5424 0 8 28 57 23 41 112 51 30 125
5424 1 8 48 29 67 16 45 122 114 88
5424 2 8 67 76 73 115 125 44 59 100
5424 3 8 77 62 92 40 112 16 70 90
5424 4 8 77 11 27 104 10 116 38 93
5424 5 8 117 18 78 54 56 10 48 102
5424 6 8 86 63 110 64 75 30 74 8
5424 7 8 106 73 3 82 45 110 93 103
5424 8 8 14 95 103 46 20 3 116 67
5424 9 8 114 49 80 32 22 10 117 118
5424 10 8 30 109 70 110 95 45 86 112
5424 11 8 16 82 64 116 78 8 0 127
5424 12 8 38 76 104 100 5 116 74 42
5424 13 8 42 41 36 123 64 109 10 48
5424 14 8 47 16 6 8 18 88 58 99
5424 15 8 20 56 91 90 37 77 98 120
5424 16 8 80 77 18 110 78 83 29 109
5424 17 8 64 83 0 106 65 68 103 85
5424 18 8 63 75 86 110 64 30 52 54
5424 19 8 106 73 3 82 34 51 60 110
5424 20 8 14 46 3 95 15 116 124 67
5424 21 8 114 80 22 32 49 118 117 99
5424 22 8 53 30 70 109 110 112 95 45
5424 23 8 89 16 82 8 64 116 0 37
5424 24 8 104 116 74 118 100 42 38 97
5424 25 8 42 41 36 109 123 64 57 98
5424 26 8 47 8 16 6 18 88 99 58
5424 27 8 90 20 56 91 77 31 37 10
5424 28 8 80 110 77 109 29 18 45 83
5424 29 8 64 83 0 85 65 106 6 103
5424 30 8 86 110 75 63 56 118 30 64
5424 31 8 34 3 106 73 110 82 51 60
5424 32 8 14 116 20 46 95 106 15 3
5424 33 8 32 114 35 22 118 80 49 10
5424 34 8 70 109 95 53 30 110 45 62
5424 35 8 16 82 89 42 116 97 64 79
5424 36 8 116 0 38 103 97 74 76 42
5424 37 8 41 36 42 123 57 109 10 64
5424 38 8 47 60 18 111 88 6 8 75
5424 39 8 90 20 35 56 107 120 77 55
5424 40 8 110 80 29 77 44 45 109 18
5424 41 8 0 64 85 65 63 115 106 112
5424 42 8 59 31 49 126 25 75 36 90
5424 43 8 121 47 49 125 112 104 8 78
5424 44 8 110 13 73 80 6 37 94 121
5424 45 8 47 5 83 22 76 87 127 26
5424 46 8 1 96 124 10 45 82 84 52
5424 47 8 127 31 11 90 121 15 82 27
382 0 8 65 53 98 1 73 100 69 31
382 1 8 18 119 127 5 94 82 70 15
382 2 8 84 80 38 88 39 47 93 40
382 3 8 6 16 89 31 2 124 82 75
382 4 8 124 106 104 115 76 111 85 81
382 5 8 125 61 8 66 13 37 126 9
382 6 8 105 8 83 78 56 52 30 12
382 7 8 112 49 101 51 3 110 34 75
382 8 8 84 65 46 116 121 9 3 15
382 9 8 114 110 9 49 80 19 118 52
382 10 8 61 30 105 56 53 112 98 78
382 11 8 125 61 24 7 89 49 82 8
382 12 8 99 96 15 56 116 104 78 97
382 13 8 19 15 6 28 58 42 23 64
382 14 8 20 17 48 90 100 104 6 88
382 15 8 101 70 85 10 103 16 91 120
382 16 8 73 39 124 17 81 80 8 83
382 17 8 21 42 69 83 19 48 78 105
382 18 8 78 8 105 63 83 64 56 52
382 19 8 101 49 106 112 110 51 3 34
382 20 8 65 84 121 116 3 46 9 105
382 21 8 114 9 110 80 125 49 122 64
382 22 8 53 105 78 61 56 30 98 112
382 23 8 125 61 49 7 24 23 89 37
382 24 8 56 96 99 65 15 97 104 78
382 25 8 58 19 15 28 23 32 73 6
382 26 8 100 17 90 20 48 86 104 6
382 27 8 101 70 10 85 103 91 127 23
382 28 8 73 81 124 80 17 39 8 65
382 29 8 42 21 69 48 83 1 19 18
382 30 8 78 105 8 63 56 52 83 86
382 31 8 112 49 101 106 34 82 110 75
382 32 8 65 121 84 116 3 46 109 105
382 33 8 125 9 110 80 49 45 122 114
382 34 8 78 53 105 56 61 30 112 98
382 35 8 125 24 61 49 7 23 37 89
382 36 8 99 96 56 97 15 65 116 74
382 37 8 58 19 15 28 23 25 6 10
382 38 8 100 17 90 48 20 86 115 8
382 39 8 10 101 70 103 23 85 120 127
382 40 8 81 80 124 73 17 45 8 65
382 41 8 42 21 69 48 19 112 83 1
382 42 8 32 64 31 6 36 56 115 123
382 43 8 77 104 71 88 112 31 43 36
382 44 8 6 90 53 73 0 107 121 81
382 45 8 22 101 27 114 2 94 37 127
382 46 8 34 11 38 52 98 97 84 60
382 47 8 73 125 105 20 2 101 86 85
5338 0 8 21 34 75 60 50 63 87 2
5338 1 8 6 23 58 119 125 88 122 127
5338 2 8 8 54 47 112 93 25 65 90
5338 3 8 93 4 64 16 107 124 82 38
5338 4 8 56 25 124 104 87 48 22 67
5338 5 8 68 82 71 34 22 13 47 30
5338 6 8 8 52 56 12 30 63 34 38
5338 7 8 3 110 45 106 95 75 51 34
5338 8 8 36 116 46 3 105 35 109 4
5338 9 8 65 45 114 118 80 99 49 122
5338 10 8 83 112 113 80 30 53 81 74
5338 11 8 67 89 125 63 75 7 82 43
5338 12 8 104 116 118 97 71 56 75 64
5338 13 8 98 23 21 102 16 73 64 32
5338 14 8 101 64 90 79 8 88 6 76
5338 15 8 23 33 103 87 70 10 37 18
5338 16 8 73 80 124 17 65 7 55 45
5338 17 8 69 88 48 83 21 97 126 61
5338 18 8 63 52 64 79 30 56 8 75
5338 19 8 3 106 34 110 73 95 60 51
5338 20 8 36 46 3 116 109 35 105 21
5338 21 8 45 114 65 118 80 49 92 122
5338 22 8 30 123 53 74 80 83 112 113
5338 23 8 89 67 82 0 107 64 37 63
5338 24 8 104 118 116 56 97 107 24 100
5338 25 8 16 21 98 23 32 26 42 102
5338 26 8 90 64 101 79 6 58 88 8
5338 27 8 33 23 10 103 87 56 91 70
5338 28 8 73 80 124 45 15 83 78 55
5338 29 8 69 83 88 48 97 126 17 18
5338 30 8 63 86 75 56 110 52 30 8
5338 31 8 34 106 73 82 3 110 95 45
5338 32 8 36 109 116 46 95 3 105 103
5338 33 8 80 45 49 65 118 114 117 62
5338 34 8 30 53 74 112 123 62 113 80
5338 35 8 89 67 37 63 50 61 0 82
5338 36 8 118 97 24 116 107 7 9 56
5338 37 8 102 98 23 16 21 42 82 10
5338 38 8 64 90 101 79 8 88 75 96
5338 39 8 87 33 103 23 10 120 56 61
5338 40 8 17 80 45 73 7 65 83 18
5338 41 8 69 83 48 126 11 112 17 53
5338 42 8 32 38 64 37 31 2 8 36
5338 43 8 30 16 104 58 77 112 94 56
5338 44 8 94 6 73 113 121 53 72 11
5338 45 8 94 20 114 22 85 76 119 45
5338 46 8 122 94 38 97 52 17 51 103
5338 47 8 79 94 114 26 44 82 6 67
11 0 8 26 44 59 65 114 93 45 66
11 1 8 50 23 58 113 127 94 80 89
11 2 8 84 87 54 47 88 93 40 125
11 3 8 93 2 39 16 82 64 38 124
11 4 8 25 124 104 56 4 47 106 48
11 5 8 82 68 22 13 71 18 74 107
11 6 8 8 86 63 30 52 56 110 64
11 7 8 45 106 51 73 110 3 34 82
11 8 8 109 103 95 116 46 36 44 80
11 9 8 45 80 49 114 65 1 99 96
11 10 8 30 83 53 25 123 112 39 18
11 11 8 67 89 43 107 7 82 105 125
11 12 8 104 68 116 97 56 9 42 34
11 13 8 42 21 101 65 16 32 25 10
11 14 8 20 99 115 76 23 58 90 44
11 15 8 91 17 23 121 16 1 4 103
11 16 8 78 75 73 83 124 55 102 114
11 17 8 69 112 106 121 42 9 17 97
11 18 8 86 52 23 63 56 127 10 54
11 19 8 45 48 82 32 1 20 110 115
11 20 8 105 95 80 61 44 8 116 86
11 21 8 81 99 97 1 111 80 96 62
11 22 8 25 30 83 18 123 53 85 98
11 23 8 67 89 105 107 43 115 29 96
11 24 8 46 87 104 56 75 2 97 42
11 25 8 101 71 32 107 73 42 106 99
11 26 8 115 99 7 23 76 20 44 90
11 27 8 91 16 17 8 1 3 82 121
11 28 8 114 78 84 83 79 73 102 45
11 29 8 17 112 62 106 121 9 69 72
11 30 8 86 46 23 52 56 10 127 63
11 31 8 45 48 63 69 73 82 115 32
11 32 8 105 61 109 80 9 67 17 43
11 33 8 99 49 81 1 111 45 65 96
11 34 8 30 85 94 123 18 25 98 112
11 35 8 89 4 67 96 107 43 61 37
11 36 8 2 99 9 97 74 87 75 42
11 37 8 15 58 28 10 23 42 6 16
11 38 8 20 90 115 48 17 8 10 99
11 39 8 23 85 101 121 103 10 40 120
11 40 8 80 124 8 73 83 45 114 78
11 41 8 69 19 48 112 42 83 17 72
11 42 8 32 7 39 64 31 74 36 5
11 43 8 43 104 88 77 112 36 19 87
11 44 8 6 0 53 73 45 98 81 121
11 45 8 22 114 27 94 45 37 127 46
11 46 8 52 38 98 29 60 67 84 97
11 47 8 117 73 32 95 111 34 86 85
279 0 8 106 57 103 110 127 71 14 50
279 1 8 9 113 48 6 95 23 3 50
279 2 8 122 90 125 47 52 25 10 7
279 3 8 93 2 112 39 16 29 94 9
279 4 8 63 56 50 104 48 25 67 11
279 5 8 105 51 82 22 68 13 107 18
279 6 8 52 86 63 110 8 56 75 30
279 7 8 45 106 73 110 51 60 3 48
279 8 8 109 36 103 46 3 116 95 28
279 9 8 32 45 65 49 80 99 114 62
279 10 8 30 23 83 123 112 80 113 53
279 11 8 89 67 109 37 82 87 98 127
279 12 8 104 114 97 68 52 116 74 71
279 13 8 66 16 98 42 21 113 82 64
279 14 8 105 16 90 8 88 101 58 99
279 15 8 103 23 4 91 72 56 95 120
279 16 8 119 78 12 43 80 55 83 65
279 17 8 2 66 83 20 35 106 68 112
279 18 8 63 86 75 52 54 110 56 127
279 19 8 106 82 73 45 32 60 110 51
279 20 8 109 36 95 3 15 116 46 105
279 21 8 45 80 49 32 81 114 99 65
279 22 8 30 123 83 53 74 25 112 103
279 23 8 89 109 67 47 37 78 82 107
279 24 8 104 68 95 116 9 100 114 97
279 25 8 66 42 113 98 21 82 64 65
279 26 8 105 16 90 99 58 8 115 88
279 27 8 4 91 23 56 72 103 17 121
279 28 8 119 78 80 43 12 114 83 55
279 29 8 2 35 66 112 83 20 68 121
279 30 8 86 63 127 75 110 54 23 56
279 31 8 82 73 45 106 32 115 48 95
279 32 8 61 109 95 105 103 36 17 67
279 33 8 49 32 80 45 99 81 48 10
279 34 8 30 123 85 83 88 103 25 53
279 35 8 109 89 47 67 122 0 107 87
279 36 8 9 104 114 74 68 42 95 120
279 37 8 66 113 42 10 82 98 99 55
279 38 8 105 16 96 8 90 58 115 99
279 39 8 4 72 3 121 91 61 40 56
279 40 8 119 12 80 43 114 78 18 55
279 41 8 2 66 35 112 20 9 83 117
279 42 8 18 27 102 93 123 5 71 36
279 43 8 104 6 29 87 36 112 65 42
279 44 8 6 48 20 72 81 98 121 27
279 45 8 70 80 22 114 37 123 32 20
279 46 8 115 52 60 22 98 117 80 61
279 47 8 36 120 47 66 88 123 85 124
6366 0 8 91 87 17 86 28 95 105 112
6366 1 8 48 9 68 122 90 16 2 66
6366 2 8 4 76 44 64 125 23 41 36
6366 3 8 70 3 73 24 112 61 20 92
6366 4 8 37 5 50 27 11 57 67 93
6366 5 8 18 115 87 75 10 74 63 122
6366 6 8 86 118 103 65 46 27 7 108
6366 7 8 45 2 115 82 63 32 44 48
6366 8 8 20 61 43 82 105 86 67 44
6366 9 8 35 81 99 66 25 32 72 1
6366 10 8 85 25 95 103 10 112 35 82
6366 11 8 16 42 105 43 29 0 107 89
6366 12 8 46 26 0 103 75 87 14 32
6366 13 8 2 57 109 101 123 41 1 73
6366 14 8 60 102 23 99 115 108 44 16
6366 15 8 91 121 20 82 16 8 40 77
6366 16 8 84 108 78 11 94 110 52 75
6366 17 8 62 0 64 112 46 102 113 116
6366 18 8 86 46 52 23 32 101 65 118
6366 19 8 45 32 63 115 2 82 44 48
6366 20 8 61 105 82 20 95 44 8 47
6366 21 8 81 35 99 66 80 25 97 5
6366 22 8 85 25 23 95 82 103 109 30
6366 23 8 42 22 43 18 16 105 97 107
6366 24 8 46 14 0 25 87 75 103 34
6366 25 8 18 57 2 109 73 71 101 123
6366 26 8 71 60 102 99 115 76 23 53
6366 27 8 126 91 121 17 8 20 16 60
6366 28 8 78 108 11 110 60 44 84 80
6366 29 8 46 112 36 17 62 15 0 106
6366 30 8 86 118 127 52 85 63 10 75
6366 31 8 45 82 2 73 63 115 48 32
6366 32 8 20 61 103 105 95 67 17 44
6366 33 8 35 49 81 99 32 80 127 40
6366 34 8 23 85 124 30 95 103 25 112
6366 35 8 42 22 89 9 37 97 98 115
6366 36 8 0 25 103 26 9 74 63 14
6366 37 8 18 57 41 76 10 2 16 77
6366 38 8 102 60 71 115 7 99 80 34
6366 39 8 60 20 126 121 61 56 95 6
6366 40 8 108 44 80 110 60 55 78 15
6366 41 8 36 122 46 17 64 15 106 112
6366 42 8 49 125 90 24 74 73 16 106
6366 43 8 56 121 12 19 104 49 8 125
6366 44 8 99 11 88 6 45 72 80 94
6366 45 8 26 17 5 112 46 76 22 114
6366 46 8 84 30 81 105 39 52 29 1
6366 47 8 127 121 31 111 95 15 52 35
13 0 8 65 98 43 45 73 72 114 44
13 1 8 38 18 94 127 70 80 2 26
13 2 8 88 84 93 38 82 40 47 16
13 3 8 31 89 6 2 124 93 16 38
13 4 8 106 76 124 85 115 48 93 104
13 5 8 66 125 61 22 13 126 64 68
13 6 8 105 86 8 83 52 56 30 42
13 7 8 45 49 112 73 110 106 51 3
13 8 8 84 103 121 116 95 61 105 15
13 9 8 110 117 32 49 9 80 99 111
13 10 8 30 61 112 53 105 127 85 64
13 11 8 89 61 122 49 37 98 105 125
13 12 8 99 9 104 52 97 95 74 15
13 13 8 6 15 28 42 64 77 2 10
13 14 8 20 48 115 104 90 8 16 99
13 15 8 85 91 101 121 23 10 82 103
13 16 8 124 8 78 80 65 108 73 11
13 17 8 112 69 42 83 105 106 19 53
13 18 8 86 63 127 75 56 8 52 105
13 19 8 106 73 82 45 49 3 60 32
13 20 8 84 61 95 121 105 15 116 46
13 21 8 80 9 110 49 99 81 106 117
13 22 8 30 53 61 105 85 112 103 111
13 23 8 89 61 49 24 107 37 122 0
13 24 8 99 104 15 9 56 95 97 42
13 25 8 6 15 28 58 2 16 64 73
13 26 8 20 48 90 17 99 115 6 53
13 27 8 85 101 91 10 56 121 23 103
13 28 8 124 8 78 80 45 73 65 55
13 29 8 19 42 69 112 48 105 106 17
13 30 8 105 86 127 56 110 85 75 63
13 31 8 49 82 73 34 45 106 51 112
13 32 8 121 95 84 103 61 65 105 17
13 33 8 49 80 9 110 45 125 127 117
13 34 8 105 61 30 53 112 85 56 39
13 35 8 61 24 49 89 37 125 23 26
13 36 8 99 9 97 15 74 96 63 42
13 37 8 15 6 58 28 10 23 73 77
13 38 8 20 17 48 90 115 34 99 8
13 39 8 101 85 103 23 121 61 10 95
13 40 8 8 124 73 45 80 65 78 83
13 41 8 42 69 48 19 112 17 106 21
13 42 8 32 64 31 74 36 7 16 123
13 43 8 77 88 104 43 112 36 78 19
13 44 8 6 53 0 73 107 98 90 81
13 45 8 101 22 27 94 114 4 37 45
13 46 8 11 84 97 38 52 98 60 19
13 47 8 57 73 105 20 86 85 109 95
10696 0 8 2 21 63 75 77 51 97 126
10696 1 8 58 6 23 53 95 3 123 116
10696 2 8 8 9 54 93 47 14 51 127
10696 3 8 38 2 64 16 4 59 39 25
10696 4 8 56 22 25 124 48 67 47 118
10696 5 8 47 82 34 13 22 126 68 107
10696 6 8 52 110 42 86 30 8 79 63
10696 7 8 34 60 110 95 45 106 51 73
10696 8 8 36 103 109 46 39 95 116 105
10696 9 8 45 65 52 1 127 80 49 118
10696 10 8 97 30 83 112 113 108 74 39
10696 11 8 67 98 9 107 89 37 8 115
10696 12 8 104 118 97 52 116 63 42 71
10696 13 8 21 98 77 73 16 64 102 75
10696 14 8 79 34 8 88 75 6 115 76
10696 15 8 87 95 23 103 91 56 8 60
10696 16 8 45 65 15 7 80 55 78 83
10696 17 8 69 15 106 17 85 53 97 112
10696 18 8 86 63 110 52 75 79 8 42
10696 19 8 106 34 73 82 45 60 32 51
10696 20 8 36 95 39 103 116 105 46 3
10696 21 8 45 80 49 99 81 65 117 1
10696 22 8 30 53 83 113 97 112 74 25
10696 23 8 67 89 37 107 86 47 115 122
10696 24 8 104 97 118 100 116 68 9 53
10696 25 8 21 75 98 16 44 64 65 73
10696 26 8 79 28 115 99 39 53 34 76
10696 27 8 23 91 121 4 56 3 17 95
10696 28 8 78 80 15 45 55 7 102 75
10696 29 8 97 112 69 106 17 53 15 85
10696 30 8 86 127 110 85 63 75 56 23
10696 31 8 82 45 73 32 106 115 63 44
10696 32 8 95 36 61 105 109 103 67 17
10696 33 8 45 49 80 81 127 99 24 71
10696 34 8 30 83 85 113 25 53 97 123
10696 35 8 67 89 122 98 37 105 0 107
10696 36 8 9 118 97 52 63 42 104 87
10696 37 8 98 10 21 6 77 75 16 44
10696 38 8 79 115 34 10 99 8 39 75
10696 39 8 23 87 121 103 61 95 6 40
10696 40 8 7 80 45 78 15 55 8 83
10696 41 8 69 53 112 17 48 85 15 106
10696 42 8 37 74 31 64 7 115 24 16
10696 43 8 104 77 43 19 81 56 88 45
10696 44 8 6 45 98 0 73 92 53 107
10696 45 8 46 112 22 114 4 84 1 45
10696 46 8 105 39 29 84 97 22 80 38
10696 47 8 32 95 35 52 117 111 73 85
829 0 8 62 73 125 87 28 23 29 30
829 1 8 78 117 23 58 90 113 88 45
829 2 8 119 125 59 87 51 4 47 73
829 3 8 7 112 120 79 11 105 37 50
829 4 8 118 39 4 91 56 11 22 47
829 5 8 13 47 78 18 116 70 126 49
829 6 8 79 86 63 75 52 34 127 23
829 7 8 73 34 45 106 87 110 32 82
829 8 8 24 51 95 86 46 103 36 105
829 9 8 49 52 80 45 94 33 35 71
829 10 8 30 97 120 111 95 62 112 83
829 11 8 16 68 87 71 105 78 8 89
829 12 8 95 100 52 9 46 104 114 76
829 13 8 77 24 41 98 123 75 64 42
829 14 8 115 53 47 62 99 28 88 76
829 15 8 87 91 121 20 40 77 61 98
829 16 8 78 123 110 83 29 65 75 80
829 17 8 112 84 9 106 53 62 14 97
829 18 8 86 34 127 63 79 23 75 52
829 19 8 32 73 82 45 106 87 62 110
829 20 8 17 24 105 61 95 86 51 21
829 21 8 49 80 81 45 99 33 35 94
829 22 8 30 111 95 109 47 113 85 25
829 23 8 97 16 89 68 71 42 64 87
829 24 8 95 52 9 100 46 38 0 103
829 25 8 123 24 109 57 98 75 77 64
829 26 8 62 53 115 99 88 47 60 76
829 27 8 87 91 121 98 61 20 40 56
829 28 8 78 123 80 83 45 20 75 65
829 29 8 84 112 18 85 68 14 82 36
829 30 8 34 86 127 63 118 52 75 110
829 31 8 82 73 32 45 34 106 30 110
829 32 8 24 105 17 51 61 67 86 46
829 33 8 49 52 80 99 40 45 81 35
829 34 8 30 120 95 113 124 111 112 107
829 35 8 37 97 87 68 71 16 89 122
829 36 8 52 95 100 9 97 42 46 25
829 37 8 24 10 77 75 121 73 55 98
829 38 8 62 115 28 34 47 53 22 75
829 39 8 98 87 121 8 115 91 40 46
829 40 8 123 20 80 78 65 84 45 6
829 41 8 84 14 97 112 18 115 85 54
829 42 8 28 8 101 77 65 71 115 2
829 43 8 2 104 74 4 121 80 16 99
829 44 8 23 54 107 98 6 113 72 13
829 45 8 76 114 127 26 45 1 4 21
829 46 8 67 97 74 52 96 84 45 19
829 47 8 117 114 34 32 54 67 79 6
432 0 8 61 103 104 71 70 22 14 111
432 1 8 3 9 117 46 76 91 24 88
432 2 8 87 100 122 125 9 51 121 119
432 3 8 11 7 105 112 120 1 38 59
432 4 8 118 39 4 105 56 48 47 22
432 5 8 107 13 70 126 47 80 22 82
432 6 8 86 52 10 63 34 75 127 42
432 7 8 2 45 73 34 87 60 82 32
432 8 8 27 64 95 103 24 105 44 86
432 9 8 49 45 81 52 99 80 94 127
432 10 8 30 83 85 25 14 120 112 97
432 11 8 8 105 90 71 67 89 16 115
432 12 8 9 46 95 100 52 53 26 87
432 13 8 24 75 2 101 95 44 64 106
432 14 8 115 53 18 23 99 76 79 28
432 15 8 91 3 121 40 23 61 8 98
432 16 8 105 78 11 115 84 108 40 77
432 17 8 53 112 62 1 0 9 82 97
432 18 8 86 63 52 127 27 101 46 54
432 19 8 32 45 82 2 115 63 73 44
432 20 8 61 105 17 44 95 86 108 82
432 21 8 81 49 99 80 66 111 45 71
432 22 8 85 25 30 83 94 14 2 18
432 23 8 90 60 105 115 86 43 79 8
432 24 8 46 9 2 75 87 34 97 53
432 25 8 2 106 73 71 44 101 64 107
432 26 8 115 99 53 23 76 55 38 57
432 27 8 91 3 89 121 17 23 8 16
432 28 8 105 78 84 80 108 93 65 11
432 29 8 82 53 18 1 112 62 68 0
432 30 8 86 87 127 46 27 54 63 8
432 31 8 82 44 45 32 63 2 115 62
432 32 8 61 17 67 123 105 50 43 82
432 33 8 111 99 49 81 7 80 45 66
432 34 8 94 83 85 30 25 112 73 53
432 35 8 90 8 37 96 86 67 115 60
432 36 8 9 2 52 46 53 26 107 97
432 37 8 24 32 95 93 10 79 75 2
432 38 8 62 18 115 66 53 10 111 79
432 39 8 89 40 107 87 98 8 61 23
432 40 8 105 108 78 84 80 65 123 77
432 41 8 0 84 53 18 65 82 85 1
432 42 8 115 126 75 71 37 2 28 21
432 43 8 46 104 20 75 56 121 81 4
432 44 8 98 107 92 6 56 54 80 27
432 45 8 114 27 84 1 45 21 2 47
432 46 8 97 52 102 22 101 60 75 19
432 47 8 86 73 127 117 90 34 32 85
2494 0 8 80 106 41 61 87 77 125 51
2494 1 8 3 99 53 76 9 7 46 88
2494 2 8 122 8 45 9 67 100 125 51
2494 3 8 76 1 94 105 79 77 106 7
2494 4 8 118 22 105 87 4 39 77 48
2494 5 8 13 107 126 22 116 78 70 111
2494 6 8 86 34 52 110 75 63 10 7
2494 7 8 34 73 106 45 110 60 82 95
2494 8 8 14 2 27 95 103 39 64 46
2494 9 8 49 52 80 45 127 48 1 99
2494 10 8 30 83 62 110 107 112 97 40
2494 11 8 71 86 8 58 79 98 16 78
2494 12 8 118 100 9 42 53 69 95 52
2494 13 8 12 79 95 77 64 66 75 44
2494 14 8 58 34 18 39 84 88 79 99
2494 15 8 91 87 98 3 90 56 20 40
2494 16 8 110 77 78 65 80 29 40 83
2494 17 8 53 85 106 112 79 72 65 68
2494 18 8 86 34 110 54 75 4 63 52
2494 19 8 73 32 45 82 106 34 110 95
2494 20 8 14 95 2 39 105 64 27 17
2494 21 8 49 80 45 81 127 99 113 71
2494 22 8 30 113 109 107 25 62 64 110
2494 23 8 86 79 89 16 64 71 115 8
2494 24 8 118 100 104 42 53 46 9 95
2494 25 8 79 12 64 44 21 75 95 10
2494 26 8 53 99 34 57 58 88 111 115
2494 27 8 91 3 61 6 7 56 95 40
2494 28 8 80 78 45 110 65 51 127 75
2494 29 8 53 85 18 106 117 112 68 82
2494 30 8 86 110 34 54 75 85 52 63
2494 31 8 82 73 44 45 32 115 63 110
2494 32 8 2 14 95 105 64 103 37 8
2494 33 8 49 127 80 113 99 81 1 45
2494 34 8 30 83 110 40 64 112 53 62
2494 35 8 79 86 107 8 122 105 37 16
2494 36 8 42 9 118 97 87 76 30 53
2494 37 8 10 95 65 12 102 79 123 64
2494 38 8 39 111 58 34 99 53 18 84
2494 39 8 35 91 1 56 20 6 90 61
2494 40 8 80 110 40 77 108 65 29 44
2494 41 8 85 106 117 0 65 53 64 112
2494 42 8 123 73 126 49 75 22 59 115
2494 43 8 81 104 125 112 49 121 36 47
2494 44 8 81 6 80 98 37 72 92 73
2494 45 8 80 47 37 22 114 20 84 123
2494 46 8 80 22 44 124 82 52 84 45
2494 47 8 90 127 27 31 85 95 35 11
1075 0 8 21 2 62 93 97 61 120 111
1075 1 8 116 83 23 58 16 76 53 3
1075 2 8 87 8 59 117 116 47 9 125
1075 3 8 1 10 16 76 106 105 64 26
1075 4 8 118 91 22 105 48 4 77 10
1075 5 8 82 111 13 22 126 122 107 78
1075 6 8 34 52 86 63 110 75 30 56
1075 7 8 34 73 60 45 95 106 82 51
1075 8 8 99 39 27 2 95 103 14 35
1075 9 8 49 45 48 80 127 43 117 99
1075 10 8 83 30 97 112 73 110 14 113
1075 11 8 58 90 8 67 115 26 37 71
1075 12 8 118 9 97 60 104 68 107 100
1075 13 8 121 79 12 64 10 77 6 73
1075 14 8 28 79 88 73 53 34 84 111
1075 15 8 3 23 91 40 4 98 87 100
1075 16 8 105 4 78 65 80 121 17 45
1075 17 8 53 97 18 1 45 85 72 112
1075 18 8 86 34 52 63 8 87 54 56
1075 19 8 32 45 82 73 106 62 34 60
1075 20 8 99 17 105 95 2 116 103 44
1075 21 8 49 45 80 111 99 48 114 43
1075 22 8 30 83 53 73 113 47 14 112
1075 23 8 90 89 37 79 115 26 58 86
1075 24 8 9 46 97 116 118 100 104 95
1075 25 8 32 107 64 79 12 121 106 81
1075 26 8 115 53 99 28 76 57 38 79
1075 27 8 91 3 89 121 23 40 17 87
1075 28 8 105 78 4 65 80 75 115 84
1075 29 8 18 1 82 112 53 97 62 68
1075 30 8 86 87 127 27 52 54 46 63
1075 31 8 45 82 32 62 44 63 115 73
1075 32 8 123 17 61 105 67 99 86 43
1075 33 8 111 99 49 81 80 45 7 48
1075 34 8 94 83 73 85 30 25 112 14
1075 35 8 90 26 67 37 96 58 47 60
1075 36 8 9 2 46 107 52 97 127 68
1075 37 8 93 32 79 6 81 10 73 121
1075 38 8 66 115 10 28 53 38 111 99
1075 39 8 89 23 40 87 8 3 93 91
1075 40 8 105 4 78 84 65 126 8 121
1075 41 8 18 82 53 1 45 112 14 97
1075 42 8 115 21 71 92 101 80 37 65
1075 43 8 46 104 20 75 4 88 77 36
1075 44 8 98 107 56 92 6 72 27 47
1075 45 8 114 27 84 45 1 2 4 54
1075 46 8 97 102 52 101 60 119 14 22
1075 47 8 73 86 117 34 58 20 6 85
330 0 8 95 119 72 76 102 110 27 40
330 1 8 12 106 58 70 94 127 75 117
330 2 8 77 87 125 75 93 40 123 47
330 3 8 82 103 16 124 76 79 39 10
330 4 8 118 11 47 124 93 77 48 67
330 5 8 33 22 18 13 74 49 126 7
330 6 8 86 34 63 8 52 56 127 87
330 7 8 62 45 73 82 8 60 106 32
330 8 8 99 103 95 86 105 35 2 61
330 9 8 49 45 81 80 99 111 8 117
330 10 8 83 30 2 16 3 57 94 47
330 11 8 90 67 105 99 60 115 43 33
330 12 8 68 46 9 104 2 97 127 34
330 13 8 81 32 107 106 64 92 101 73
330 14 8 115 53 73 76 38 99 23 110
330 15 8 3 91 89 121 36 16 40 23
330 16 8 105 89 78 65 115 75 40 80
330 17 8 42 82 18 112 53 1 121 62
330 18 8 86 87 8 63 54 52 127 27
330 19 8 32 62 45 82 8 73 115 106
330 20 8 105 99 61 17 95 86 44 67
330 21 8 49 81 80 99 111 0 96 45
330 22 8 16 94 83 57 85 30 25 3
330 23 8 90 30 79 60 99 115 43 96
330 24 8 46 9 104 2 127 68 75 97
330 25 8 81 64 32 107 71 73 92 106
330 26 8 115 99 53 38 23 55 76 57
330 27 8 89 3 91 121 17 8 36 23
330 28 8 105 89 78 84 65 80 115 93
330 29 8 42 82 18 1 112 62 68 53
330 30 8 86 87 46 27 127 8 54 35
330 31 8 82 44 45 32 63 115 62 1
330 32 8 123 61 67 17 105 82 53 43
330 33 8 111 81 99 7 66 0 80 49
330 34 8 94 16 57 25 83 85 126 2
330 35 8 90 30 96 99 60 67 37 26
330 36 8 46 2 127 9 75 52 107 32
330 37 8 81 93 32 73 78 33 92 106
330 38 8 66 115 99 10 17 125 38 53
330 39 8 89 8 52 40 101 23 91 3
330 40 8 105 78 65 89 84 8 93 126
330 41 8 42 18 82 1 112 90 113 19
330 42 8 115 21 92 71 39 80 30 2
330 43 8 46 104 88 75 20 77 36 41
330 44 8 98 92 56 27 107 72 6 47
330 45 8 114 27 101 84 2 45 4 12
330 46 8 97 102 52 101 11 22 60 75
330 47 8 2 73 125 101 20 86 58 59
36 0 8 72 32 27 78 49 75 58 50
36 1 8 28 61 122 19 9 6 37 36
36 2 8 127 2 93 46 107 31 104 97
36 3 8 108 124 74 103 3 4 37 20
36 4 8 53 11 57 37 30 32 67 46
36 5 8 18 110 75 63 74 93 22 85
36 6 8 86 87 127 38 65 27 46 66
36 7 8 45 32 115 82 2 26 44 63
36 8 8 61 123 105 17 22 98 86 67
36 9 8 81 7 35 99 124 82 92 80
36 10 8 94 55 3 85 25 2 82 126
36 11 8 90 107 33 18 30 97 99 105
36 12 8 46 9 24 127 32 2 87 34
36 13 8 92 71 61 119 2 12 73 81
36 14 8 115 99 33 92 22 76 53 38
36 15 8 89 91 0 80 3 77 8 16
36 16 8 78 65 82 105 115 89 84 93
36 17 8 39 112 82 18 1 62 49 102
36 18 8 87 86 27 52 65 54 127 38
36 19 8 32 45 115 82 44 63 2 26
36 20 8 22 61 17 105 123 95 44 98
36 21 8 81 7 99 82 80 111 96 0
36 22 8 55 94 85 25 126 9 18 3
36 23 8 90 30 43 99 107 60 33 96
36 24 8 46 127 2 75 87 24 14 64
36 25 8 92 61 71 2 73 106 93 101
36 26 8 92 115 33 99 53 38 23 55
36 27 8 0 89 91 80 25 8 3 16
36 28 8 82 35 84 105 65 78 93 80
36 29 8 39 82 18 1 62 68 112 121
36 30 8 86 87 46 32 27 54 127 20
36 31 8 115 44 82 63 45 32 73 26
36 32 8 22 123 98 61 17 67 105 53
36 33 8 7 82 81 99 111 33 80 0
36 34 8 55 94 9 16 126 85 82 25
36 35 8 90 99 30 59 96 48 25 60
36 36 8 127 46 2 112 24 111 75 52
36 37 8 61 92 45 93 73 119 81 120
36 38 8 92 33 115 66 38 73 1 53
36 39 8 89 0 80 25 40 8 106 77
36 40 8 82 78 105 93 65 84 35 89
36 41 8 18 82 99 39 1 68 49 34
36 42 8 58 71 92 115 17 4 116 21
36 43 8 98 104 5 46 41 20 75 45
36 44 8 62 98 107 92 96 27 6 11
36 45 8 114 92 45 84 21 1 4 48
36 46 8 43 79 54 26 14 97 46 102
36 47 8 42 80 53 39 17 74 23 50
30498 0 8 22 40 4 33 47 66 28 117
30498 1 8 28 44 122 90 45 36 109 33
30498 2 8 4 46 12 127 125 60 93 36
30498 3 8 24 3 74 20 5 4 23 71
30498 4 8 37 60 57 11 32 78 127 67
30498 5 8 18 85 35 110 93 0 115 63
30498 6 8 111 86 91 87 27 46 66 32
30498 7 8 82 45 115 32 69 44 63 88
30498 8 8 123 67 105 8 17 82 22 108
30498 9 8 8 81 35 7 37 82 99 92
30498 10 8 94 71 25 3 126 82 2 55
30498 11 8 107 33 25 99 30 68 73 97
30498 12 8 46 9 32 127 24 87 92 112
30498 13 8 92 71 62 45 73 120 49 61
30498 14 8 61 22 49 99 92 115 76 53
30498 15 8 89 77 91 7 8 87 16 0
30498 16 8 65 78 115 79 52 93 35 83
30498 17 8 82 49 36 18 81 112 102 113
30498 18 8 86 87 75 27 91 46 90 54
30498 19 8 73 32 45 63 115 44 91 26
30498 20 8 22 123 105 67 95 8 82 17
30498 21 8 82 7 81 99 80 35 37 49
30498 22 8 55 94 71 25 126 82 2 124
30498 23 8 30 25 99 73 33 18 107 16
30498 24 8 46 127 112 2 75 9 32 14
30498 25 8 92 71 61 45 73 62 120 127
30498 26 8 61 53 71 92 22 99 49 115
30498 27 8 89 25 77 16 0 126 91 7
30498 28 8 65 35 84 93 78 44 80 89
30498 29 8 82 36 18 49 81 0 62 112
30498 30 8 87 91 46 86 52 32 22 20
30498 31 8 44 45 63 82 32 115 29 48
30498 32 8 123 22 61 82 67 105 17 53
30498 33 8 7 82 111 99 35 0 81 59
30498 34 8 94 71 55 82 124 126 2 85
30498 35 8 99 25 73 30 37 97 65 96
30498 36 8 127 46 2 112 75 52 9 92
30498 37 8 62 112 92 123 73 109 89 57
30498 38 8 61 18 15 71 22 38 115 49
30498 39 8 126 125 40 32 107 77 89 61
30498 40 8 93 84 44 77 78 108 65 89
30498 41 8 18 63 0 82 65 49 26 54
30498 42 8 126 8 106 24 70 71 50 69
30498 43 8 75 121 47 56 80 20 74 104
30498 44 8 11 8 98 110 92 23 6 27
30498 45 8 114 76 4 71 45 26 84 54
30498 46 8 3 77 5 52 1 71 19 14
30498 47 8 82 44 74 15 124 57 21 98
1 0 8 99 98 73 47 95 66 102 118
1 1 8 117 84 70 94 127 37 26 30
1 2 8 77 49 93 125 127 40 41 67
1 3 8 34 99 124 31 36 3 79 2
1 4 8 85 11 32 99 118 127 30 37
1 5 8 18 42 110 22 73 93 33 75
1 6 8 86 87 91 63 127 46 65 27
1 7 8 45 82 32 73 115 2 44 69
1 8 8 123 105 127 8 58 61 95 35
1 9 8 49 111 7 99 81 80 0 117
1 10 8 2 94 25 85 30 3 47 82
1 11 8 99 107 105 65 60 49 43 61
1 12 8 9 46 127 2 52 75 87 99
1 13 8 101 71 106 73 92 28 81 10
1 14 8 61 32 20 115 18 99 23 76
1 15 8 16 91 89 8 121 77 17 40
1 16 8 108 65 78 115 44 93 84 89
1 17 8 18 82 72 0 112 68 49 42
1 18 8 86 87 54 63 8 91 127 52
1 19 8 45 32 82 73 115 48 44 2
1 20 8 105 61 17 95 123 44 53 84
1 21 8 49 7 99 81 80 0 111 66
1 22 8 94 30 85 25 53 2 105 47
1 23 8 99 30 60 61 49 24 43 42
1 24 8 46 9 127 99 2 0 38 75
1 25 8 109 123 106 57 47 15 73 64
1 26 8 61 32 53 115 18 71 99 23
1 27 8 16 91 17 126 20 40 61 32
1 28 8 108 44 78 93 84 65 80 115
1 29 8 18 0 82 65 63 42 118 62
1 30 8 118 86 34 52 56 63 87 127
1 31 8 45 82 73 44 63 32 106 51
1 32 8 103 20 61 105 95 121 17 67
1 33 8 49 7 99 111 80 35 0 81
1 34 8 30 82 124 94 53 112 85 2
1 35 8 99 42 37 97 49 24 23 16
1 36 8 9 38 0 97 46 42 52 99
1 37 8 10 123 109 57 95 112 15 62
1 38 8 32 111 18 61 60 71 15 34
1 39 8 35 20 61 107 126 6 40 32
1 40 8 108 80 77 44 93 29 65 78
1 41 8 65 0 63 18 85 26 106 64
1 42 8 126 24 49 75 90 73 8 71
1 43 8 121 56 8 49 47 104 75 77
1 44 8 80 110 11 6 98 94 92 72
1 45 8 47 5 83 87 114 84 22 4
1 46 8 10 123 45 1 84 124 52 97
1 47 8 109 31 127 90 11 82 15 21
311 0 8 11 120 93 61 81 31 24 84
311 1 8 19 123 83 41 109 34 26 37
311 2 8 117 116 69 10 125 51 53 47
311 3 8 91 89 34 64 99 36 79 26
311 4 8 79 91 118 76 11 4 111 47
311 5 8 125 111 34 13 82 126 47 22
311 6 8 34 86 52 10 8 110 42 7
311 7 8 34 72 73 45 50 106 60 48
311 8 8 27 84 39 105 103 28 95 8
311 9 8 49 117 110 111 43 9 52 48
311 10 8 30 83 61 62 74 73 97 123
311 11 8 58 61 26 49 71 98 122 9
311 12 8 124 104 9 100 97 69 52 15
311 13 8 79 6 21 121 95 28 64 73
311 14 8 28 80 48 58 53 88 34 101
311 15 8 91 35 60 85 95 7 98 61
311 16 8 124 80 121 15 78 20 83 45
311 17 8 72 45 15 97 106 82 85 52
311 18 8 86 34 63 110 8 87 54 75
311 19 8 73 32 60 82 106 45 34 30
311 20 8 84 95 39 105 121 21 64 36
311 21 8 49 80 9 110 111 43 117 81
311 22 8 30 61 105 53 73 113 94 25
311 23 8 58 49 61 122 99 24 86 47
311 24 8 124 9 99 104 15 97 42 46
311 25 8 79 6 21 64 121 28 10 98
311 26 8 53 28 99 80 58 88 34 48
311 27 8 91 60 61 56 7 35 95 1
311 28 8 80 78 15 45 83 124 121 79
311 29 8 15 45 106 117 68 85 97 112
311 30 8 86 110 34 75 63 54 56 85
311 31 8 73 82 106 45 91 63 51 60
311 32 8 95 105 8 103 39 64 21 109
311 33 8 49 113 80 22 127 1 117 99
311 34 8 30 53 108 74 64 83 113 112
311 35 8 58 67 86 107 37 98 122 105
311 36 8 124 9 58 42 97 69 76 52
311 37 8 10 79 21 65 98 6 121 75
311 38 8 80 79 58 101 34 99 39 28
311 39 8 35 60 61 56 1 91 95 7
311 40 8 80 15 7 45 83 121 18 65
311 41 8 52 106 45 117 15 72 85 17
311 42 8 21 65 123 37 7 74 22 73
311 43 8 19 43 104 112 49 4 12 97
311 44 8 113 45 88 6 0 122 54 37
311 45 8 112 46 17 22 123 37 58 85
311 46 8 29 105 84 39 30 80 22 52
311 47 8 52 35 108 95 111 59 6 85
5112 0 8 62 124 28 77 87 126 12 67
5112 1 8 78 123 107 76 58 90 60 122
5112 2 8 125 119 59 51 9 14 52 4
5112 3 8 91 7 120 79 1 11 64 62
5112 4 8 39 22 11 105 118 47 116 0
5112 5 8 47 78 24 49 126 116 18 13
5112 6 8 110 86 75 79 63 52 10 94
5112 7 8 73 87 110 60 106 34 51 26
5112 8 8 39 24 64 95 8 105 51 36
5112 9 8 49 113 22 1 127 94 52 80
5112 10 8 30 120 40 62 101 64 23 39
5112 11 8 71 87 8 107 47 111 98 79
5112 12 8 124 58 42 53 100 52 104 74
5112 13 8 24 65 75 79 10 98 64 95
5112 14 8 62 28 58 39 34 53 99 6
5112 15 8 91 98 35 7 95 1 3 8
5112 16 8 123 80 83 45 78 40 79 4
5112 17 8 106 117 85 53 97 112 14 45
5112 18 8 86 110 75 63 79 54 52 64
5112 19 8 73 106 60 45 110 82 32 51
5112 20 8 64 95 39 105 103 21 37 8
5112 21 8 49 80 113 127 81 1 99 45
5112 22 8 30 108 64 107 112 39 35 25
5112 23 8 86 8 107 47 79 87 122 98
5112 24 8 124 42 53 68 9 104 12 74
5112 25 8 24 75 65 79 44 21 10 102
5112 26 8 53 58 99 62 39 34 28 111
5112 27 8 91 98 61 7 3 56 95 4
5112 28 8 80 123 78 40 45 43 79 83
5112 29 8 117 53 106 112 85 102 68 97
5112 30 8 86 110 85 54 75 63 34 127
5112 31 8 73 63 82 44 115 45 106 60
5112 32 8 64 95 105 8 103 61 37 21
5112 33 8 49 113 127 80 81 1 99 22
5112 34 8 30 83 108 64 2 25 112 107
5112 35 8 107 86 8 105 71 47 87 122
5112 36 8 42 9 68 53 124 104 87 76
5112 37 8 65 24 10 75 99 44 64 73
5112 38 8 62 39 58 99 34 53 111 82
5112 39 8 98 91 3 56 1 6 23 35
5112 40 8 123 40 80 4 84 78 7 83
5112 41 8 53 117 106 85 84 112 102 122
5112 42 8 123 73 22 28 75 37 5 71
5112 43 8 81 104 36 112 6 4 127 87
5112 44 8 81 72 98 6 54 92 13 80
5112 45 8 80 20 37 84 123 47 22 114
5112 46 8 80 44 22 82 52 124 115 75
5112 47 8 27 32 90 34 35 59 85 117
13014 0 8 122 91 87 86 28 105 64 33
13014 1 8 104 122 29 30 7 114 90 99
13014 2 8 4 64 23 73 76 36 12 94
13014 3 8 3 73 70 121 62 76 24 61
13014 4 8 11 116 1 29 18 37 27 64
13014 5 8 18 63 78 115 75 87 117 53
13014 6 8 86 64 110 46 85 55 87 7
13014 7 8 73 45 82 26 63 110 44 106
13014 8 8 37 95 82 105 103 86 22 43
13014 9 8 35 8 25 113 106 127 33 71
13014 10 8 41 30 2 95 85 25 110 3
13014 11 8 16 107 0 33 116 59 25 18
13014 12 8 42 103 14 32 9 74 46 38
13014 13 8 65 109 123 1 10 71 101 127
13014 14 8 102 92 26 53 99 60 39 58
13014 15 8 77 91 87 40 121 6 3 89
13014 16 8 94 78 84 13 115 80 65 35
13014 17 8 102 92 106 112 9 116 62 66
13014 18 8 86 85 64 46 22 52 97 87
13014 19 8 45 32 44 82 73 63 115 26
13014 20 8 95 105 86 61 82 37 4 22
13014 21 8 35 25 81 80 49 99 5 66
13014 22 8 41 95 2 30 25 9 85 82
13014 23 8 16 107 97 18 0 42 116 22
13014 24 8 14 32 42 25 103 46 74 9
13014 25 8 127 123 109 71 57 10 102 18
13014 26 8 102 92 53 60 26 99 115 49
13014 27 8 77 25 87 91 6 7 0 31
13014 28 8 94 35 13 80 78 84 115 40
13014 29 8 92 54 102 62 82 112 66 116
13014 30 8 86 110 85 46 63 64 54 55
13014 31 8 82 44 73 63 45 106 32 26
13014 32 8 95 105 22 37 82 4 21 86
13014 33 8 35 49 8 25 80 113 33 127
13014 34 8 41 9 95 2 124 30 110 64
13014 35 8 16 97 25 107 18 33 0 37
13014 36 8 32 42 14 103 25 46 87 9
13014 37 8 10 127 120 1 45 102 61 52
13014 38 8 26 102 92 18 39 34 53 60
13014 39 8 77 87 25 98 6 126 7 54
13014 40 8 94 80 13 40 35 123 84 65
13014 41 8 92 54 106 117 0 85 102 116
13014 42 8 123 70 86 116 18 22 126 73
13014 43 8 16 121 80 104 112 87 82 74
13014 44 8 23 72 6 98 92 81 27 42
13014 45 8 26 76 48 22 123 37 80 114
13014 46 8 51 33 52 22 96 75 80 98
13014 47 8 114 121 26 21 23 15 98 127
88 0 8 38 122 66 48 117 92 24 86
88 1 8 23 14 13 99 67 33 62 16
88 2 8 70 127 73 4 49 12 23 41
88 3 8 62 46 121 76 77 73 56 23
88 4 8 116 29 11 105 22 87 107 1
88 5 8 18 78 48 126 116 49 63 16
88 6 8 110 86 55 52 64 85 63 4
88 7 8 73 110 106 45 82 51 32 26
88 8 8 95 4 103 105 8 37 27 86
88 9 8 49 113 127 80 35 1 71 33
88 10 8 95 30 2 3 25 64 33 40
88 11 8 16 107 25 71 8 111 33 86
88 12 8 103 38 42 14 124 9 58 74
88 13 8 102 109 123 10 65 101 95 71
88 14 8 18 82 53 102 92 22 34 115
88 15 8 91 77 7 121 40 87 25 98
88 16 8 80 78 77 83 75 84 40 65
88 17 8 106 65 0 112 75 117 9 102
88 18 8 110 86 63 85 64 75 52 34
88 19 8 73 82 45 32 106 110 51 48
88 20 8 95 105 4 86 103 21 61 37
88 21 8 80 49 35 127 113 99 81 1
88 22 8 30 95 64 2 25 112 41 40
88 23 8 16 107 97 37 55 8 96 116
88 24 8 38 14 42 46 92 103 32 74
88 25 8 123 109 102 95 73 108 10 57
88 26 8 18 116 82 53 22 115 102 111
88 27 8 77 87 20 91 54 7 25 61
88 28 8 80 44 77 78 65 108 29 40
88 29 8 65 0 75 63 85 18 68 39
88 30 8 110 118 52 55 34 63 86 127
88 31 8 73 82 106 110 32 51 45 34
88 32 8 4 27 105 95 37 21 103 17
88 33 8 49 35 80 113 33 127 99 41
88 34 8 95 30 112 114 2 124 33 3
88 35 8 16 97 37 107 8 71 17 86
88 36 8 38 103 58 97 42 9 14 32
88 37 8 109 123 102 10 95 108 73 101
88 38 8 18 82 111 22 102 34 75 53
88 39 8 77 20 107 35 87 6 7 61
88 40 8 77 80 29 44 108 65 83 78
88 41 8 85 65 0 63 49 106 122 18
88 42 8 75 126 8 20 123 55 24 2
88 43 8 16 121 47 75 104 8 80 112
88 44 8 110 80 6 11 13 72 27 122
88 45 8 47 5 26 83 114 87 12 4
88 46 8 1 10 45 123 51 52 96 84
88 47 8 11 31 82 127 90 26 15 121
13 0 8 65 98 45 43 73 24 47 114
13 1 8 18 94 38 127 70 26 95 61
13 2 8 84 88 38 93 40 82 57 47
13 3 8 6 124 31 89 2 34 121 91
13 4 8 106 85 76 124 115 11 48 67
13 5 8 61 125 66 8 13 22 126 64
13 6 8 83 105 8 52 56 110 34 86
13 7 8 34 49 73 112 106 45 110 60
13 8 8 84 121 116 105 46 95 65 2
13 9 8 49 9 110 80 111 99 117 5
13 10 8 61 105 30 53 112 97 56 98
13 11 8 61 49 24 89 125 127 122 107
13 12 8 99 15 9 97 104 96 116 75
13 13 8 6 28 15 73 101 64 23 118
13 14 8 48 20 90 17 115 104 53 88
13 15 8 85 101 91 10 103 82 70 16
13 16 8 124 8 78 80 39 65 115 73
13 17 8 19 69 42 21 105 18 112 82
13 18 8 63 105 56 8 83 86 127 34
13 19 8 106 49 73 82 45 32 34 112
13 20 8 84 121 116 105 17 3 65 67
13 21 8 49 9 80 110 125 99 111 81
13 22 8 61 105 30 53 56 85 25 65
13 23 8 61 24 49 23 125 99 37 89
13 24 8 99 15 56 46 9 96 79 23
13 25 8 6 15 58 28 118 80 2 73
13 26 8 20 90 48 17 115 53 76 99
13 27 8 85 10 101 23 91 17 70 103
13 28 8 8 124 78 80 81 73 65 39
13 29 8 19 69 42 21 48 112 121 83
13 30 8 105 56 127 63 86 83 8 75
13 31 8 49 112 45 82 73 106 32 34
13 32 8 65 121 84 61 105 116 17 67
13 33 8 125 49 9 99 110 80 81 111
13 34 8 105 30 61 56 78 85 53 25
13 35 8 24 23 61 125 49 60 37 26
13 36 8 99 15 96 79 97 9 23 87
13 37 8 15 58 6 28 23 10 118 101
13 38 8 20 17 48 90 115 86 10 8
13 39 8 101 103 85 121 23 10 70 120
13 40 8 8 124 80 73 81 78 83 114
13 41 8 69 42 112 48 19 17 21 9
13 42 8 64 32 31 74 36 24 7 123
13 43 8 104 77 88 43 36 112 31 8
13 44 8 6 0 53 73 107 90 81 98
13 45 8 22 101 27 114 37 4 2 94
13 46 8 11 52 60 38 98 97 22 117
13 47 8 105 73 57 20 86 85 109 78
576 0 8 50 106 103 57 21 14 110 74
576 1 8 6 9 3 95 48 42 33 37
576 2 8 122 90 84 125 93 100 92 108
576 3 8 39 2 4 124 123 71 87 34
576 4 8 56 63 50 11 48 67 118 23
576 5 8 51 47 105 22 68 18 107 82
576 6 8 86 52 110 63 87 42 54 127
576 7 8 73 45 60 106 48 110 82 51
576 8 8 109 36 95 105 103 8 61 99
576 9 8 32 65 49 45 80 99 1 81
576 10 8 123 23 30 113 85 88 83 103
576 11 8 69 109 67 9 107 98 89 127
576 12 8 114 104 79 107 52 97 9 95
576 13 8 66 98 21 118 64 16 73 23
576 14 8 105 16 10 90 115 79 76 88
576 15 8 72 23 103 91 16 56 121 95
576 16 8 78 119 55 124 80 65 12 43
576 17 8 2 35 66 112 20 69 121 83
576 18 8 86 63 75 54 127 52 56 8
576 19 8 45 82 106 32 73 60 48 20
576 20 8 36 105 95 47 109 116 61 8
576 21 8 80 99 65 81 45 49 62 32
576 22 8 30 123 25 85 53 73 83 76
576 23 8 89 109 67 26 107 47 60 36
576 24 8 104 107 114 79 95 9 42 68
576 25 8 66 98 118 21 64 42 2 73
576 26 8 105 90 99 10 115 76 16 58
576 27 8 91 17 23 72 4 121 16 7
576 28 8 78 119 80 114 43 83 124 79
576 29 8 2 35 112 121 66 9 106 62
576 30 8 86 127 63 14 75 46 23 56
576 31 8 45 82 73 48 63 32 115 106
576 32 8 61 105 109 95 67 36 56 86
576 33 8 32 99 49 81 80 45 1 24
576 34 8 123 30 85 88 25 76 103 113
576 35 8 109 89 69 105 67 0 115 47
576 36 8 114 9 104 74 42 95 87 24
576 37 8 66 82 10 113 98 99 55 23
576 38 8 105 16 90 8 10 58 96 99
576 39 8 4 72 121 91 3 61 40 56
576 40 8 119 12 43 80 114 78 83 55
576 41 8 2 112 66 35 20 9 121 106
576 42 8 27 18 102 93 123 71 5 36
576 43 8 29 6 104 87 36 65 112 45
576 44 8 6 48 20 72 81 98 27 121
576 45 8 70 80 22 114 123 32 37 12
576 46 8 115 52 60 117 22 80 61 98
576 47 8 36 66 120 47 88 123 85 86
6243 0 8 28 126 3 23 112 124 36 51
6243 1 8 48 122 29 16 67 114 90 45
6243 2 8 125 76 67 4 59 73 119 36
6243 3 8 62 40 70 92 112 77 76 73
6243 4 8 11 27 77 50 116 102 67 10
6243 5 8 18 117 48 10 56 87 116 5
6243 6 8 86 14 63 52 64 75 118 7
6243 7 8 73 45 106 82 110 91 5 48
6243 8 8 20 95 15 86 105 103 8 47
6243 9 8 80 35 32 49 99 97 113 81
6243 10 8 95 30 109 88 111 41 76 86
6243 11 8 16 69 0 82 68 8 105 43
6243 12 8 95 42 74 38 114 103 46 32
6243 13 8 123 41 109 64 42 10 101 98
6243 14 8 99 47 44 16 53 62 101 58
6243 15 8 91 20 77 72 56 82 7 40
6243 16 8 78 77 80 75 110 60 127 29
6243 17 8 64 0 121 106 102 46 103 62
6243 18 8 86 14 63 23 52 75 85 54
6243 19 8 45 73 82 106 48 32 110 5
6243 20 8 105 95 56 86 14 8 47 15
6243 21 8 80 35 81 99 97 49 1 76
6243 22 8 30 109 95 41 53 76 111 112
6243 23 8 89 16 97 42 68 0 105 82
6243 24 8 95 67 0 38 103 46 52 42
6243 25 8 41 57 109 123 98 64 42 71
6243 26 8 47 99 60 44 53 76 90 8
6243 27 8 91 77 20 56 16 72 82 17
6243 28 8 78 80 60 110 114 77 45 23
6243 29 8 121 46 84 64 0 102 106 103
6243 30 8 86 14 63 85 56 110 118 75
6243 31 8 73 82 106 45 63 34 110 5
6243 32 8 20 95 103 56 116 105 86 67
6243 33 8 35 80 49 32 127 99 22 45
6243 34 8 30 95 109 53 124 113 112 39
6243 35 8 89 42 16 97 0 98 69 68
6243 36 8 0 74 97 52 103 42 63 95
6243 37 8 41 57 76 16 10 82 123 77
6243 38 8 60 47 71 8 34 102 88 75
6243 39 8 60 20 56 95 6 77 35 120
6243 40 8 80 60 23 44 110 45 55 108
6243 41 8 36 46 64 121 115 15 85 106
6243 42 8 125 49 90 24 73 8 77 28
6243 43 8 49 121 12 74 125 8 104 19
6243 44 8 13 88 99 6 94 80 45 11
6243 45 8 58 5 17 26 112 87 114 46
6243 46 8 81 30 84 45 29 96 105 10
6243 47 8 127 111 31 121 95 15 52 35
1410 0 8 104 2 97 120 51 63 0 123
1410 1 8 107 123 86 53 20 122 3 76
1410 2 8 9 14 116 100 51 8 125 10
1410 3 8 89 25 105 38 13 39 76 59
1410 4 8 0 25 22 124 23 48 74 11
1410 5 8 80 34 82 126 107 22 47 13
1410 6 8 110 63 14 52 8 30 42 86
1410 7 8 34 87 73 106 50 60 45 110
1410 8 8 64 103 39 116 46 3 36 15
1410 9 8 45 94 80 49 32 118 22 52
1410 10 8 97 113 30 83 62 108 74 53
1410 11 8 69 86 67 9 98 89 8 37
1410 12 8 53 104 118 97 95 116 79 42
1410 13 8 21 44 75 64 98 16 73 77
1410 14 8 80 79 73 8 88 90 58 34
1410 15 8 23 60 56 95 91 10 82 16
1410 16 8 60 80 45 7 15 78 83 40
1410 17 8 53 15 106 121 52 85 17 97
1410 18 8 63 86 110 75 8 30 56 52
1410 19 8 106 34 73 87 82 45 60 110
1410 20 8 64 95 116 36 46 103 14 3
1410 21 8 45 80 49 94 99 118 127 81
1410 22 8 30 97 53 83 113 62 112 25
1410 23 8 89 86 37 69 115 67 107 47
1410 24 8 53 104 100 97 118 116 95 56
1410 25 8 75 21 44 64 16 73 107 101
1410 26 8 28 80 79 99 53 58 76 90
1410 27 8 23 91 60 17 3 56 7 121
1410 28 8 78 80 60 114 7 127 45 15
1410 29 8 53 121 106 15 85 97 102 103
1410 30 8 86 14 63 56 110 85 23 75
1410 31 8 82 45 73 106 63 5 44 91
1410 32 8 64 105 56 95 86 103 8 67
1410 33 8 45 80 94 99 105 49 66 127
1410 34 8 30 97 83 76 53 25 108 64
1410 35 8 67 86 89 0 122 98 105 37
1410 36 8 53 118 97 42 9 46 30 76
1410 37 8 44 75 10 21 98 76 101 16
1410 38 8 79 80 34 8 99 44 53 39
1410 39 8 60 6 56 95 23 91 120 40
1410 40 8 80 7 15 60 114 45 78 83
1410 41 8 15 52 46 85 121 117 106 103
1410 42 8 125 37 24 7 73 123 22 71
1410 43 8 49 12 19 104 8 43 112 56
1410 44 8 6 45 88 37 113 92 98 122
1410 45 8 58 112 17 46 22 114 119 45
1410 46 8 29 84 30 105 39 80 22 7
1410 47 8 52 6 35 108 111 95 71 59
387 0 8 16 97 111 126 118 53 51 92
387 1 8 107 123 34 116 86 3 20 44
387 2 8 87 14 9 125 7 100 67 54
387 3 8 76 46 1 71 38 39 12 105
387 4 8 118 77 0 11 38 22 48 121
387 5 8 80 82 107 126 34 18 5 56
387 6 8 14 86 63 110 52 75 30 64
387 7 8 73 106 87 60 45 5 34 82
387 8 8 99 64 103 95 105 47 39 56
387 9 8 45 80 49 94 99 105 22 124
387 10 8 83 30 14 97 23 25 76 80
387 11 8 67 69 86 9 47 115 89 98
387 12 8 68 95 104 53 42 69 46 126
387 13 8 44 21 75 64 59 24 107 121
387 14 8 28 44 58 79 99 80 73 101
387 15 8 91 3 23 34 4 17 100 82
387 16 8 78 40 43 7 75 80 121 127
387 17 8 53 97 121 106 45 62 9 14
387 18 8 86 14 23 52 63 85 100 54
387 19 8 45 48 32 82 115 91 5 1
387 20 8 105 99 95 86 56 61 44 47
387 21 8 81 105 99 97 1 80 48 45
387 22 8 14 25 76 83 123 85 30 18
387 23 8 105 47 29 67 115 89 86 107
387 24 8 68 87 46 104 53 42 75 69
387 25 8 107 55 101 44 79 71 75 65
387 26 8 28 23 99 44 7 101 57 34
387 27 8 3 34 91 17 121 100 6 23
387 28 8 84 78 114 43 40 80 127 102
387 29 8 97 121 53 62 82 102 45 9
387 30 8 86 14 46 85 23 101 100 64
387 31 8 45 44 82 63 115 1 48 73
387 32 8 67 105 82 56 61 95 86 99
387 33 8 105 81 99 66 48 97 76 80
387 34 8 83 14 76 25 30 94 2 123
387 35 8 67 105 47 0 86 115 29 58
387 36 8 46 68 53 87 42 9 104 69
387 37 8 44 10 121 75 99 55 79 65
387 38 8 28 79 58 39 44 101 80 10
387 39 8 23 3 6 40 34 91 4 7
387 40 8 114 40 84 20 78 7 80 127
387 41 8 53 97 117 9 14 121 102 85
387 42 8 73 55 37 71 101 115 5 125
387 43 8 81 104 36 4 127 8 43 65
387 44 8 6 54 98 69 92 80 37 81
387 45 8 127 114 80 84 22 4 12 20
387 46 8 67 75 117 52 60 82 19 55
387 47 8 34 32 117 27 90 86 85 95
264 0 8 106 27 50 66 110 48 47 103
264 1 8 123 99 116 76 3 86 91 9
264 2 8 45 87 122 125 14 7 9 100
264 3 8 94 76 26 61 39 1 127 98
264 4 8 118 11 0 77 22 67 111 63
264 5 8 51 105 18 80 5 102 126 111
264 6 8 86 14 63 52 127 110 9 7
264 7 8 45 73 60 82 106 5 110 48
264 8 8 2 99 95 56 86 105 103 47
264 9 8 45 48 80 99 97 81 105 49
264 10 8 83 30 76 25 14 2 80 123
264 11 8 67 47 105 0 94 107 115 8
264 12 8 68 46 69 87 42 32 104 95
264 13 8 66 12 101 113 44 55 64 73
264 14 8 44 105 58 99 23 7 96 76
264 15 8 3 91 100 34 4 17 121 82
264 16 8 78 43 51 84 121 4 75 127
264 17 8 2 121 66 35 62 102 9 45
264 18 8 86 14 46 52 23 97 54 100
264 19 8 45 115 32 82 91 48 44 63
264 20 8 105 2 44 86 56 95 123 61
264 21 8 81 99 48 105 97 66 80 37
264 22 8 25 76 85 83 3 52 18 14
264 23 8 29 47 105 115 107 43 67 101
264 24 8 46 68 87 75 76 69 2 32
264 25 8 66 12 107 71 101 73 55 2
264 26 8 99 105 23 57 44 76 34 7
264 27 8 3 91 34 6 82 100 8 17
264 28 8 51 78 84 43 80 102 114 117
264 29 8 121 2 66 62 35 9 82 112
264 30 8 86 46 14 64 23 101 85 97
264 31 8 82 44 45 63 115 73 1 32
264 32 8 2 82 67 56 105 61 86 74
264 33 8 81 105 99 66 97 48 80 5
264 34 8 83 25 76 94 85 2 30 14
264 35 8 47 0 29 13 58 115 94 67
264 36 8 46 68 42 69 87 32 74 9
264 37 8 12 99 66 10 113 65 73 101
264 38 8 105 58 39 96 44 101 10 99
264 39 8 3 6 4 40 100 34 23 7
264 40 8 51 43 84 114 121 78 80 4
264 41 8 2 66 35 9 121 102 117 112
264 42 8 98 18 93 102 55 123 71 5
264 43 8 81 36 104 6 87 65 20 127
264 44 8 48 98 20 6 92 69 22 27
264 45 8 80 70 114 84 4 123 20 22
264 46 8 115 60 75 117 52 22 55 19
264 47 8 36 120 47 88 123 66 59 85
10072 0 8 28 91 87 112 105 64 33 124
10072 1 8 90 48 45 29 122 68 114 7
10072 2 8 4 23 64 76 36 0 125 44
10072 3 8 70 61 35 24 76 3 73 37
10072 4 8 27 5 11 67 37 113 93 18
10072 5 8 18 5 115 74 63 87 75 48
10072 6 8 86 14 64 23 74 27 7 66
10072 7 8 45 82 115 1 88 4 63 32
10072 8 8 20 82 105 56 2 100 44 61
10072 9 8 35 97 66 99 81 80 41 71
10072 10 8 95 25 76 30 2 18 85 82
10072 11 8 16 97 0 94 105 43 42 12
10072 12 8 46 103 14 87 38 32 0 34
10072 13 8 109 123 101 12 57 41 40 73
10072 14 8 102 44 23 60 99 18 108 7
10072 15 8 77 82 6 20 17 100 40 121
10072 16 8 78 84 110 94 117 75 108 24
10072 17 8 9 0 121 64 62 102 36 112
10072 18 8 86 14 23 64 52 82 22 65
10072 19 8 45 29 115 48 82 63 32 44
10072 20 8 105 44 82 61 74 56 108 47
10072 21 8 81 35 99 97 66 5 37 1
10072 22 8 85 95 25 18 76 124 112 52
10072 23 8 16 42 97 94 43 29 105 46
10072 24 8 46 38 0 103 87 75 14 2
10072 25 8 123 57 109 73 101 71 2 62
10072 26 8 102 60 23 18 44 71 76 7
10072 27 8 82 17 16 20 8 77 51 126
10072 28 8 78 44 108 110 117 84 79 77
10072 29 8 36 121 0 62 9 112 65 64
10072 30 8 86 14 118 23 52 64 46 10
10072 31 8 45 63 48 82 44 29 73 110
10072 32 8 105 20 61 82 56 44 2 67
10072 33 8 35 99 97 66 81 37 5 24
10072 34 8 124 95 76 85 25 2 18 30
10072 35 8 97 42 16 94 73 46 18 29
10072 36 8 103 0 38 46 14 87 25 42
10072 37 8 57 123 109 41 12 62 10 73
10072 38 8 102 18 60 71 44 22 111 7
10072 39 8 51 20 107 6 77 126 40 7
10072 40 8 44 77 110 108 29 80 78 127
10072 41 8 65 0 121 64 54 63 9 122
10072 42 8 126 49 24 90 116 55 75 74
10072 43 8 121 8 49 56 80 125 47 104
10072 44 8 110 80 23 11 6 92 22 98
10072 45 8 26 5 76 47 83 4 22 114
10072 46 8 82 10 19 124 75 60 1 33
10072 47 8 31 127 121 11 90 15 21 82
11 0 8 65 44 26 92 101 59 38 73
11 1 8 50 94 26 2 124 18 34 24
11 2 8 53 88 84 93 49 67 18 52
11 3 8 89 61 6 31 76 2 35 12
11 4 8 79 106 76 85 124 113 11 67
11 5 8 42 5 125 61 66 74 18 22
11 6 8 14 86 105 83 52 8 23 7
11 7 8 49 45 73 48 110 5 106 82
11 8 8 84 2 121 105 95 66 103 47
11 9 8 110 97 9 80 99 98 127 66
11 10 8 30 73 61 83 2 105 25 97
11 11 8 61 26 49 122 94 24 9 105
11 12 8 99 107 104 95 46 15 9 97
11 13 8 6 12 80 64 28 101 73 77
11 14 8 20 48 44 53 58 76 111 99
11 15 8 85 91 23 82 7 17 100 51
11 16 8 78 124 8 108 80 75 115 65
11 17 8 72 121 19 9 53 69 106 62
11 18 8 14 63 86 23 52 105 54 56
11 19 8 73 45 106 48 49 82 110 20
11 20 8 105 84 95 121 56 47 8 103
11 21 8 9 110 80 97 99 49 81 66
11 22 8 30 53 61 105 76 73 25 2
11 23 8 61 49 24 26 94 122 105 37
11 24 8 99 15 46 95 87 9 74 104
11 25 8 6 15 28 64 101 80 12 73
11 26 8 20 48 44 76 90 99 53 111
11 27 8 85 91 17 16 23 10 82 7
11 28 8 124 108 8 78 80 45 114 79
11 29 8 19 72 121 53 69 17 15 9
11 30 8 105 14 86 56 63 23 52 110
11 31 8 45 73 49 110 82 106 48 112
11 32 8 121 105 84 103 95 56 61 8
11 33 8 9 80 110 99 125 49 127 1
11 34 8 30 73 105 61 53 64 25 56
11 35 8 26 61 24 49 23 37 98 122
11 36 8 99 15 97 107 9 58 42 63
11 37 8 6 10 15 80 28 79 101 73
11 38 8 20 48 111 10 44 34 8 99
11 39 8 85 23 101 121 6 1 95 17
11 40 8 8 80 124 108 83 78 45 114
11 41 8 72 53 19 69 112 9 15 106
11 42 8 39 126 74 24 31 123 73 7
11 43 8 77 104 49 43 88 8 19 36
11 44 8 0 53 6 45 37 69 27 73
11 45 8 22 46 123 112 4 114 80 27
11 46 8 82 60 123 22 52 124 117 97
11 47 8 73 90 32 95 85 35 27 117
714 0 8 63 2 120 21 103 51 97 14
714 1 8 23 8 41 58 26 6 53 42
714 2 8 88 84 53 8 54 93 10 67
714 3 8 64 89 2 38 6 16 76 80
714 4 8 25 76 79 106 124 48 11 67
714 5 8 125 82 47 126 61 42 22 8
714 6 8 83 105 42 110 52 86 14 8
714 7 8 34 95 49 51 45 60 73 110
714 8 8 103 84 121 95 105 106 116 56
714 9 8 127 9 110 117 80 1 49 52
714 10 8 97 61 30 39 113 73 64 2
714 11 8 26 61 122 98 49 107 69 9
714 12 8 63 107 104 15 97 42 99 52
714 13 8 6 76 21 98 64 28 77 73
714 14 8 79 48 10 34 111 6 76 75
714 15 8 85 95 103 91 56 51 23 87
714 16 8 124 8 78 45 80 7 65 55
714 17 8 69 19 121 72 106 85 17 117
714 18 8 86 42 63 52 8 14 110 105
714 19 8 95 45 49 73 34 106 51 82
714 20 8 84 95 103 121 105 36 116 56
714 21 8 9 110 80 127 99 1 49 81
714 22 8 30 61 105 53 73 113 39 112
714 23 8 26 61 49 24 122 37 98 107
714 24 8 99 15 107 63 97 104 116 87
714 25 8 6 76 21 28 64 98 15 73
714 26 8 79 48 34 99 88 7 10 90
714 27 8 85 95 91 69 56 103 23 55
714 28 8 78 124 45 80 8 102 55 83
714 29 8 69 17 19 121 117 106 48 15
714 30 8 86 105 14 63 52 56 42 110
714 31 8 45 95 73 49 106 48 103 51
714 32 8 103 105 121 84 95 36 109 56
714 33 8 9 127 99 110 1 80 45 49
714 34 8 61 30 105 39 113 64 123 73
714 35 8 26 122 61 49 24 98 37 67
714 36 8 99 15 63 97 74 107 87 104
714 37 8 6 76 10 98 21 28 23 101
714 38 8 79 48 34 10 8 7 99 44
714 39 8 23 103 95 85 1 121 56 8
714 40 8 80 8 124 45 78 73 83 55
714 41 8 69 48 19 112 1 106 53 17
714 42 8 31 64 32 37 74 7 123 24
714 43 8 77 43 104 88 8 81 112 19
714 44 8 6 0 53 73 107 45 27 81
714 45 8 22 114 27 2 32 123 46 94
714 46 8 97 84 52 82 22 117 38 98
714 47 8 32 73 117 111 85 95 90 86
2474 0 8 93 21 2 63 13 51 34 120
2474 1 8 23 58 83 8 116 3 41 74
2474 2 8 117 122 9 8 65 116 51 125
2474 3 8 64 38 16 29 2 112 39 26
2474 4 8 25 56 22 124 91 48 11 79
2474 5 8 82 47 108 2 22 126 96 34
2474 6 8 42 52 110 85 86 63 30 8
2474 7 8 95 60 34 45 51 106 73 110
2474 8 8 36 103 109 106 39 95 44 105
2474 9 8 45 65 127 49 1 80 99 117
2474 10 8 123 107 39 113 88 30 64 112
2474 11 8 58 67 98 111 107 69 122 37
2474 12 8 63 104 74 97 114 116 42 69
2474 13 8 76 98 21 64 25 121 10 73
2474 14 8 79 28 88 34 111 10 101 39
2474 15 8 95 103 91 56 4 23 55 34
2474 16 8 45 55 78 80 124 20 83 73
2474 17 8 45 69 97 17 121 85 106 117
2474 18 8 8 42 86 52 63 110 14 30
2474 19 8 95 73 60 45 34 106 5 82
2474 20 8 36 103 39 95 86 109 105 15
2474 21 8 45 80 49 127 81 65 99 97
2474 22 8 123 30 113 39 53 107 64 112
2474 23 8 58 111 122 0 67 98 8 37
2474 24 8 74 104 63 114 116 97 68 58
2474 25 8 98 76 21 79 64 10 65 73
2474 26 8 79 28 39 99 111 88 34 44
2474 27 8 4 95 91 103 35 55 56 121
2474 28 8 78 55 45 80 124 20 102 114
2474 29 8 45 97 69 17 112 121 117 106
2474 30 8 86 42 63 85 14 52 75 110
2474 31 8 95 45 60 82 73 51 106 5
2474 32 8 103 109 105 61 36 95 39 67
2474 33 8 45 99 1 127 80 81 65 24
2474 34 8 123 88 39 30 113 13 64 112
2474 35 8 111 67 122 98 105 58 37 29
2474 36 8 74 104 63 97 114 9 87 30
2474 37 8 98 10 25 21 76 121 79 77
2474 38 8 79 7 28 34 99 101 44 39
2474 39 8 103 95 4 23 121 8 1 69
2474 40 8 55 80 78 45 20 114 124 83
2474 41 8 69 112 48 45 97 106 1 85
2474 42 8 31 37 64 101 36 115 71 74
2474 43 8 104 77 36 65 81 87 4 44
2474 44 8 6 73 107 98 92 53 113 72
2474 45 8 114 127 2 22 32 45 27 4
2474 46 8 67 97 52 84 117 19 61 60
2474 47 8 117 34 32 79 85 86 73 6
432 0 8 103 104 71 66 61 118 14 74
432 1 8 3 9 23 95 116 73 46 39
432 2 8 100 122 10 125 14 36 52 51
432 3 8 39 64 123 3 127 38 112 67
432 4 8 23 56 11 48 50 67 105 22
432 5 8 107 108 47 82 18 75 22 126
432 6 8 86 52 14 42 65 23 127 7
432 7 8 2 45 60 48 82 63 95 1
432 8 8 109 61 103 64 105 44 95 86
432 9 8 81 99 1 127 97 45 66 124
432 10 8 103 35 25 85 76 30 123 88
432 11 8 8 105 111 29 107 98 115 43
432 12 8 46 26 87 42 74 75 63 14
432 13 8 2 101 10 71 73 66 76 99
432 14 8 23 115 44 99 7 80 39 34
432 15 8 121 91 60 8 82 7 17 69
432 16 8 11 78 52 84 102 55 117 60
432 17 8 62 112 106 121 46 15 17 113
432 18 8 86 52 46 100 23 82 33 64
432 19 8 115 63 45 2 44 48 1 32
432 20 8 44 105 82 61 108 43 103 95
432 21 8 81 99 97 1 66 37 25 52
432 22 8 25 85 18 76 52 103 20 35
432 23 8 29 105 43 22 115 111 46 8
432 24 8 46 26 87 75 14 34 2 74
432 25 8 2 101 73 106 71 76 10 40
432 26 8 7 23 34 44 99 115 76 108
432 27 8 82 8 17 16 91 121 60 6
432 28 8 84 11 60 78 114 117 52 108
432 29 8 15 46 17 112 62 106 121 113
432 30 8 86 46 52 10 85 74 127 14
432 31 8 115 63 2 45 48 44 1 28
432 32 8 61 67 103 105 44 80 109 82
432 33 8 1 81 99 111 127 52 49 37
432 34 8 103 35 25 85 88 52 18 64
432 35 8 111 8 105 98 29 107 115 37
432 36 8 26 87 74 63 9 53 42 97
432 37 8 2 10 101 76 98 115 21 77
432 38 8 80 99 79 7 39 34 115 44
432 39 8 60 95 1 8 91 121 55 90
432 40 8 15 78 55 60 7 80 83 45
432 41 8 15 17 46 52 106 85 121 103
432 42 8 37 125 74 24 73 22 123 16
432 43 8 19 49 12 56 8 43 104 97
432 44 8 45 88 99 19 6 122 27 72
432 45 8 58 46 112 17 22 114 119 84
432 46 8 84 81 30 105 39 29 22 80
432 47 8 6 52 95 35 108 111 59 71
594 0 8 76 17 16 111 18 101 118 6
594 1 8 34 3 61 86 107 12 20 95
594 2 8 14 77 100 51 125 87 36 7
594 3 8 76 25 38 105 123 73 39 64
594 4 8 23 118 22 11 56 67 29 48
594 5 8 107 108 80 82 47 34 22 18
594 6 8 52 42 110 14 86 63 85 115
594 7 8 60 87 45 95 73 106 2 5
594 8 8 64 103 39 36 56 105 86 95
594 9 8 45 94 80 127 65 49 99 1
594 10 8 39 107 30 88 123 14 113 23
594 11 8 111 8 98 67 107 9 115 37
594 12 8 74 63 26 104 53 42 114 68
594 13 8 75 76 98 10 2 73 44 77
594 14 8 79 80 34 39 101 99 88 111
594 15 8 60 4 95 91 34 55 1 8
594 16 8 40 7 78 45 80 60 127 4
594 17 8 53 106 45 85 15 97 112 117
594 18 8 86 63 42 110 75 52 8 85
594 19 8 60 106 45 82 95 73 5 110
594 20 8 95 15 103 39 36 64 86 105
594 21 8 80 45 81 49 127 94 65 99
594 22 8 123 30 14 113 88 64 107 39
594 23 8 111 8 98 0 47 107 37 122
594 24 8 74 104 68 42 63 114 116 26
594 25 8 76 75 98 55 65 10 21 79
594 26 8 39 80 99 34 79 111 28 88
594 27 8 4 91 60 95 34 6 55 121
594 28 8 40 78 80 45 114 60 102 7
594 29 8 53 45 97 117 112 106 85 121
594 30 8 86 63 14 85 42 110 75 54
594 31 8 60 45 82 115 106 63 73 5
594 32 8 103 64 95 15 39 86 105 61
594 33 8 80 94 45 81 127 99 1 66
594 34 8 30 2 88 14 107 25 64 39
594 35 8 8 111 105 86 122 67 47 98
594 36 8 104 74 53 9 87 32 76 63
594 37 8 75 10 44 107 98 99 2 65
594 38 8 79 80 39 99 7 34 44 53
594 39 8 60 4 91 95 3 6 23 120
594 40 8 40 7 80 15 114 78 83 60
594 41 8 53 15 106 85 117 52 112 17
594 42 8 73 37 125 74 55 123 22 24
594 43 8 104 81 8 43 4 56 36 49
594 44 8 6 54 80 45 98 37 92 72
594 45 8 46 22 112 114 80 84 127 92
594 46 8 82 124 84 52 105 22 39 80
594 47 8 90 34 27 32 95 35 117 52
264 0 8 106 27 50 0 48 110 111 103
264 1 8 99 3 76 86 77 116 123 9
264 2 8 45 14 122 100 125 52 87 92
264 3 8 76 94 105 123 38 66 39 25
264 4 8 118 11 22 67 0 48 77 63
264 5 8 51 105 108 80 18 74 126 22
264 6 8 86 52 14 63 110 42 13 25
264 7 8 60 45 73 106 82 95 110 26
264 8 8 2 103 86 39 95 15 99 56
264 9 8 80 45 48 94 127 5 66 49
264 10 8 30 14 39 107 23 123 88 25
264 11 8 111 67 8 107 98 47 99 115
264 12 8 68 74 63 42 26 32 9 104
264 13 8 66 12 75 76 10 44 98 113
264 14 8 105 39 34 96 99 111 44 10
264 15 8 91 4 95 3 23 120 121 56
264 16 8 51 78 80 43 40 121 4 45
264 17 8 66 2 35 102 112 53 45 106
264 18 8 86 63 42 110 75 52 8 64
264 19 8 106 82 73 60 45 110 26 31
264 20 8 86 95 2 15 103 3 46 39
264 21 8 80 49 81 45 25 127 48 99
264 22 8 30 123 112 14 64 107 103 88
264 23 8 111 8 98 0 37 96 47 107
264 24 8 104 116 68 74 42 63 124 97
264 25 8 66 12 76 98 79 65 10 75
264 26 8 105 99 39 34 88 53 75 8
264 27 8 91 4 95 3 120 82 35 56
264 28 8 51 80 78 43 4 114 121 45
264 29 8 66 2 35 45 112 121 53 106
264 30 8 86 63 110 85 54 14 46 75
264 31 8 82 45 106 73 115 63 44 33
264 32 8 2 95 86 103 105 61 56 67
264 33 8 80 81 25 48 24 127 66 45
264 34 8 2 30 14 88 123 25 83 64
264 35 8 111 47 96 8 122 0 59 67
264 36 8 74 68 32 104 9 42 69 87
264 37 8 12 66 10 99 65 113 107 44
264 38 8 105 96 99 39 58 53 8 57
264 39 8 4 3 91 6 120 121 40 95
264 40 8 51 4 43 80 121 114 78 84
264 41 8 2 66 35 112 102 9 126 106
264 42 8 98 18 93 102 73 123 71 55
264 43 8 6 81 104 87 36 112 65 45
264 44 8 6 48 98 20 72 81 92 121
264 45 8 70 80 22 45 20 84 114 4
264 46 8 115 52 80 22 98 55 117 60
264 47 8 36 120 66 88 47 123 124 85
19038 0 8 77 112 67 28 83 23 62 105
19038 1 8 122 29 90 45 48 67 68 114
19038 2 8 4 76 23 73 44 125 36 64
19038 3 8 76 3 90 61 70 92 24 127
19038 4 8 11 27 5 116 37 18 93 67
19038 5 8 18 74 48 63 115 87 56 116
19038 6 8 86 64 118 74 66 25 46 7
19038 7 8 45 82 115 73 91 32 106 93
19038 8 8 103 82 6 67 86 95 105 20
19038 9 8 35 81 25 124 40 97 99 80
19038 10 8 25 95 2 30 20 41 76 109
19038 11 8 16 105 111 29 0 8 101 94
19038 12 8 103 46 32 38 87 74 14 76
19038 13 8 109 123 101 41 40 71 73 57
19038 14 8 99 60 7 44 23 18 39 34
19038 15 8 91 77 20 8 82 55 1 17
19038 16 8 78 77 80 102 94 115 84 108
19038 17 8 0 65 64 121 36 84 102 116
19038 18 8 86 65 52 118 46 54 10 100
19038 19 8 45 115 32 73 48 82 91 106
19038 20 8 103 105 86 44 94 95 20 67
19038 21 8 35 81 99 1 80 40 97 37
19038 22 8 25 95 2 82 23 76 112 30
19038 23 8 29 105 16 42 22 68 111 18
19038 24 8 25 14 46 38 0 74 87 32
19038 25 8 18 109 57 123 71 101 73 10
19038 26 8 99 71 60 23 34 7 18 53
19038 27 8 77 126 20 91 6 46 55 8
19038 28 8 44 78 94 108 80 77 23 110
19038 29 8 65 0 68 36 92 64 121 62
19038 30 8 86 118 42 52 3 10 14 85
19038 31 8 45 82 115 63 48 44 50 26
19038 32 8 20 103 67 105 6 94 2 44
19038 33 8 40 35 81 99 127 80 1 41
19038 34 8 2 23 95 124 88 39 107 25
19038 35 8 9 42 111 16 97 22 29 98
19038 36 8 103 0 25 38 14 87 32 63
19038 37 8 12 41 57 123 18 109 10 73
19038 38 8 18 60 47 99 102 71 34 22
19038 39 8 46 20 77 126 107 90 55 125
19038 40 8 23 109 77 44 78 110 80 94
19038 41 8 65 64 85 36 63 122 0 103
19038 42 8 90 49 126 24 75 18 70 71
19038 43 8 121 74 30 104 8 125 49 47
19038 44 8 72 110 80 6 13 98 23 92
19038 45 8 26 76 47 114 22 5 84 21
19038 46 8 96 122 52 82 124 19 97 84
19038 47 8 121 31 11 21 127 15 82 114
11 0 8 65 44 26 59 70 114 73 18
11 1 8 50 94 61 18 26 124 2 34
11 2 8 88 84 54 49 93 65 53 18
11 3 8 2 89 76 38 6 123 121 66
11 4 8 25 76 106 124 48 11 29 23
11 5 8 125 82 108 61 22 126 66 107
11 6 8 105 83 42 52 8 86 110 63
11 7 8 50 49 60 106 45 73 91 82
11 8 8 84 103 121 95 105 56 109 3
11 9 8 110 9 117 127 80 49 81 1
11 10 8 107 61 30 39 113 64 88 105
11 11 8 61 111 98 122 8 49 9 94
11 12 8 63 74 104 7 9 99 97 26
11 13 8 16 6 21 28 64 76 10 101
11 14 8 20 48 99 39 7 79 34 111
11 15 8 91 103 85 55 95 60 1 23
11 16 8 78 124 8 102 108 80 55 45
11 17 8 69 72 17 117 121 85 106 48
11 18 8 86 42 75 14 110 105 63 8
11 19 8 45 73 50 49 106 60 82 48
11 20 8 84 103 95 105 121 39 56 47
11 21 8 9 81 110 127 99 80 117 1
11 22 8 61 30 105 25 53 39 64 76
11 23 8 61 49 122 24 98 126 29 105
11 24 8 99 15 74 63 9 7 30 97
11 25 8 6 16 28 21 76 15 64 115
11 26 8 48 79 20 99 34 88 111 23
11 27 8 91 85 95 60 56 103 23 10
11 28 8 78 80 124 45 55 8 15 83
11 29 8 69 17 19 117 121 106 97 48
11 30 8 86 105 110 75 42 63 14 56
11 31 8 73 45 50 49 106 34 51 82
11 32 8 103 121 84 105 95 39 56 109
11 33 8 9 110 1 99 45 80 49 127
11 34 8 30 61 105 53 113 39 107 25
11 35 8 24 61 49 98 67 122 37 105
11 36 8 99 97 63 15 12 30 7 9
11 37 8 6 16 21 15 28 10 76 115
11 38 8 20 48 34 8 99 75 10 79
11 39 8 23 103 95 85 56 1 121 8
11 40 8 80 45 8 124 55 78 83 65
11 41 8 69 48 19 112 72 106 1 17
11 42 8 39 31 64 32 74 123 7 36
11 43 8 77 43 104 88 30 19 36 112
11 44 8 0 53 6 73 45 107 81 27
11 45 8 22 114 27 127 94 46 2 123
11 46 8 84 97 52 82 22 105 80 38
11 47 8 32 73 117 95 111 85 35 86
7196 0 8 2 21 63 97 77 51 120 39
7196 1 8 58 6 53 23 8 41 107 95
7196 2 8 9 8 54 93 14 53 51 87
7196 3 8 38 2 112 59 64 16 39 105
7196 4 8 25 22 124 48 56 76 79 47
7196 5 8 34 82 47 13 126 22 107 80
7196 6 8 110 42 52 30 79 63 10 86
7196 7 8 50 34 60 110 95 51 45 106
7196 8 8 39 103 109 36 105 95 56 106
7196 9 8 45 127 1 80 52 118 99 8
7196 10 8 107 97 113 39 30 108 74 112
7196 11 8 9 67 98 122 107 69 65 8
7196 12 8 63 118 12 104 97 52 71 42
7196 13 8 16 21 98 73 75 102 77 76
7196 14 8 79 34 8 39 75 10 76 80
7196 15 8 87 23 95 60 103 91 8 7
7196 16 8 15 7 45 78 65 55 80 123
7196 17 8 69 97 17 15 85 106 53 121
7196 18 8 86 42 63 79 110 52 30 14
7196 19 8 73 45 106 34 82 50 60 51
7196 20 8 39 36 103 95 105 56 67 47
7196 21 8 45 49 80 81 99 127 1 117
7196 22 8 30 113 107 53 25 39 62 112
7196 23 8 122 67 98 86 107 89 47 37
7196 24 8 97 116 100 63 104 30 118 12
7196 25 8 21 75 16 98 65 107 44 73
7196 26 8 79 39 99 28 76 34 23 53
7196 27 8 23 91 95 17 7 4 121 1
7196 28 8 78 45 15 80 102 114 55 7
7196 29 8 17 97 69 121 106 15 85 112
7196 30 8 86 14 23 52 75 63 10 42
7196 31 8 45 73 48 82 5 1 91 63
7196 32 8 105 103 61 56 36 95 109 44
7196 33 8 45 99 1 80 81 127 49 97
7196 34 8 30 25 113 53 107 123 83 85
7196 35 8 67 122 98 105 29 26 37 69
7196 36 8 30 97 9 118 63 87 42 52
7196 37 8 98 10 21 6 75 16 76 77
7196 38 8 79 34 10 8 39 28 44 99
7196 39 8 23 103 95 87 121 1 56 8
7196 40 8 7 80 78 83 45 55 8 114
7196 41 8 69 112 48 1 53 9 106 17
7196 42 8 37 31 64 74 7 115 123 101
7196 43 8 43 104 77 36 81 19 88 8
7196 44 8 0 45 6 73 107 53 98 27
7196 45 8 22 27 114 46 112 2 84 4
7196 46 8 97 39 105 60 29 22 52 117
7196 47 8 32 117 95 34 35 86 73 85
279 0 8 106 57 103 71 14 110 74 47
279 1 8 9 48 23 113 3 123 116 95
279 2 8 90 122 125 10 92 7 50 67
279 3 8 112 39 29 38 94 64 9 2
279 4 8 63 23 50 11 25 118 121 48
279 5 8 105 51 47 126 107 22 82 18
279 6 8 86 110 42 52 63 14 75 9
279 7 8 73 60 45 106 95 50 82 48
279 8 8 109 103 39 95 105 8 61 56
279 9 8 45 32 80 99 49 81 1 48
279 10 8 30 123 23 83 107 25 39 76
279 11 8 109 67 98 9 47 107 115 69
279 12 8 68 63 12 104 114 42 9 74
279 13 8 66 21 16 65 98 73 107 101
279 14 8 105 16 39 44 99 58 10 79
279 15 8 72 91 103 23 7 4 95 17
279 16 8 78 119 55 43 12 102 80 52
279 17 8 2 121 20 35 66 106 117 17
279 18 8 86 14 52 42 85 23 75 9
279 19 8 45 73 91 115 48 32 95 26
279 20 8 105 95 39 103 56 8 61 86
279 21 8 81 99 1 45 80 127 97 37
279 22 8 107 25 76 30 123 64 85 112
279 23 8 47 105 29 109 67 115 98 79
279 24 8 68 87 46 63 76 75 9 104
279 25 8 66 101 98 65 79 73 71 76
279 26 8 105 99 34 39 16 23 76 44
279 27 8 72 91 95 7 17 82 4 16
279 28 8 119 78 80 55 43 45 83 79
279 29 8 2 121 35 112 62 66 106 17
279 30 8 86 14 52 46 10 23 75 54
279 31 8 45 63 48 73 115 82 51 1
279 32 8 61 105 109 103 56 67 80 8
279 33 8 99 81 1 32 48 37 97 49
279 34 8 85 123 25 103 30 76 18 52
279 35 8 109 47 105 29 115 122 107 69
279 36 8 114 68 87 46 9 120 42 104
279 37 8 66 10 55 113 99 98 101 65
279 38 8 105 16 39 58 8 99 44 115
279 39 8 4 72 3 121 91 103 7 95
279 40 8 43 119 12 78 80 83 55 114
279 41 8 2 112 66 9 20 35 121 106
279 42 8 27 18 102 93 123 71 5 115
279 43 8 29 6 104 87 36 65 45 20
279 44 8 48 20 6 72 81 98 92 22
279 45 8 70 80 114 22 123 84 4 32
279 46 8 60 115 117 52 22 19 98 80
279 47 8 36 66 47 120 88 123 85 86
10072 0 8 28 91 87 112 64 105 33 124
10072 1 8 48 90 68 45 122 16 9 29
10072 2 8 4 23 76 64 36 0 85 5
10072 3 8 70 61 35 112 3 73 29 92
10072 4 8 27 50 37 11 67 5 113 18
10072 5 8 18 87 5 74 63 115 75 10
10072 6 8 86 14 118 23 64 7 66 46
10072 7 8 45 82 115 4 1 13 32 88
10072 8 8 20 56 105 82 18 8 47 100
10072 9 8 35 97 99 66 32 81 80 71
10072 10 8 95 25 30 76 103 88 82 85
10072 11 8 16 42 122 0 105 33 8 29
10072 12 8 26 46 103 52 0 114 32 14
10072 13 8 57 123 109 41 71 101 73 10
10072 14 8 60 102 99 16 44 111 23 108
10072 15 8 91 77 72 82 20 100 7 51
10072 16 8 78 60 108 110 77 84 94 117
10072 17 8 121 46 9 64 62 0 112 15
10072 18 8 86 14 23 52 64 82 100 46
10072 19 8 45 115 32 82 73 29 1 63
10072 20 8 105 56 18 20 47 61 44 82
10072 21 8 35 81 99 97 66 1 80 86
10072 22 8 95 76 25 112 30 85 103 88
10072 23 8 42 29 16 22 105 116 18 97
10072 24 8 26 0 46 38 87 43 52 75
10072 25 8 18 57 123 71 101 73 109 76
10072 26 8 60 99 102 23 34 71 76 44
10072 27 8 126 7 60 91 8 20 17 82
10072 28 8 60 78 108 110 80 44 102 79
10072 29 8 121 36 46 62 15 112 106 9
10072 30 8 86 14 118 52 23 42 10 101
10072 31 8 45 48 73 91 63 5 115 82
10072 32 8 103 105 20 56 18 61 44 67
10072 33 8 35 99 81 127 1 32 97 40
10072 34 8 119 23 124 76 103 107 25 64
10072 35 8 29 98 42 22 97 18 115 37
10072 36 8 26 0 25 63 103 46 87 42
10072 37 8 18 57 41 10 76 77 73 62
10072 38 8 60 102 71 34 7 80 99 22
10072 39 8 60 51 20 7 126 95 8 69
10072 40 8 78 80 108 60 55 44 110 15
10072 41 8 46 15 36 121 112 122 106 52
10072 42 8 90 49 125 24 73 22 123 74
10072 43 8 80 121 12 49 8 19 56 104
10072 44 8 88 22 45 99 23 6 11 27
10072 45 8 26 17 76 46 112 22 114 5
10072 46 8 81 30 84 29 105 60 19 39
10072 47 8 121 127 111 52 15 31 95 35
374 0 8 120 104 16 92 107 111 101 38
374 1 8 107 34 86 76 47 14 57 66
374 2 8 14 51 116 87 9 10 52 100
374 3 8 89 76 38 13 105 25 61 35
374 4 8 0 23 118 25 74 22 102 105
374 5 8 80 107 126 5 34 22 82 18
374 6 8 14 86 42 52 110 63 23 10
374 7 8 60 87 45 50 73 5 48 106
374 8 8 64 39 103 56 105 95 47 67
374 9 8 45 94 80 49 127 99 97 117
374 10 8 83 30 107 14 39 113 25 76
374 11 8 86 98 122 9 67 107 115 8
374 12 8 53 63 12 26 104 97 9 118
374 13 8 75 44 107 21 16 77 64 76
374 14 8 80 79 39 34 99 10 58 44
374 15 8 60 95 91 7 23 55 1 56
374 16 8 40 60 78 7 80 45 102 15
374 17 8 53 15 121 106 117 85 52 97
374 18 8 86 42 14 52 75 110 85 10
374 19 8 45 87 73 48 115 95 82 60
374 20 8 64 39 103 105 95 56 8 36
374 21 8 81 94 45 1 99 127 80 103
374 22 8 107 25 64 39 76 14 112 113
374 23 8 86 98 47 29 105 122 101 107
374 24 8 53 76 68 63 87 104 9 12
374 25 8 75 44 21 107 65 101 71 10
374 26 8 99 39 80 23 34 76 79 7
374 27 8 60 91 95 7 8 55 17 1
374 28 8 40 78 60 102 80 79 7 45
374 29 8 53 121 106 62 15 117 112 9
374 30 8 86 14 46 52 101 23 10 100
374 31 8 45 73 115 82 63 48 106 44
374 32 8 64 103 105 67 56 61 39 86
374 33 8 94 81 99 127 80 1 45 97
374 34 8 107 25 83 2 30 76 85 119
374 35 8 86 29 98 122 67 105 115 107
374 36 8 53 9 87 76 46 63 30 104
374 37 8 44 75 10 65 21 101 73 76
374 38 8 79 80 39 99 34 58 44 10
374 39 8 60 95 23 91 56 1 7 8
374 40 8 40 78 80 7 102 15 4 84
374 41 8 53 117 121 106 52 15 85 112
374 42 8 73 37 125 123 22 59 55 71
374 43 8 81 104 8 43 49 56 36 127
374 44 8 54 80 37 45 27 6 98 81
374 45 8 80 112 46 114 123 84 22 127
374 46 8 82 124 84 22 80 105 39 44
374 47 8 90 27 34 32 95 35 52 85
949 0 8 30 62 87 41 51 7 0 28
949 1 8 76 122 45 85 86 62 3 95
949 2 8 67 125 68 112 69 119 51 8
949 3 8 76 5 1 35 61 77 123 34
949 4 8 11 102 0 87 40 22 74 113
949 5 8 54 74 18 5 126 102 116 49
949 6 8 86 14 23 52 63 109 55 64
949 7 8 5 45 26 60 1 73 4 82
949 8 8 56 64 2 95 103 24 105 86
949 9 8 33 22 105 97 81 94 99 80
949 10 8 30 2 25 76 14 107 3 40
949 11 8 86 50 68 8 105 79 58 107
949 12 8 118 46 32 53 74 42 87 76
949 13 8 101 65 107 102 66 95 10 40
949 14 8 44 99 39 23 7 101 84 36
949 15 8 91 82 3 87 34 121 8 77
949 16 8 78 102 6 84 80 117 75 83
949 17 8 102 9 106 112 121 17 103 68
949 18 8 86 52 64 10 100 23 97 32
949 19 8 45 115 32 48 73 82 1 63
949 20 8 105 44 95 103 86 82 67 61
949 21 8 81 99 1 52 80 37 97 24
949 22 8 25 52 112 18 85 103 76 83
949 23 8 29 105 101 115 67 43 37 107
949 24 8 87 46 75 124 2 34 76 14
949 25 8 101 73 71 2 107 10 40 106
949 26 8 99 34 23 57 7 101 76 115
949 27 8 91 8 34 3 55 6 1 16
949 28 8 78 102 84 80 6 52 65 4
949 29 8 112 72 9 102 17 68 106 62
949 30 8 86 10 64 127 74 22 52 23
949 31 8 45 115 82 29 44 63 73 32
949 32 8 61 67 82 17 9 105 103 43
949 33 8 81 99 1 33 97 102 127 52
949 34 8 85 112 52 25 94 103 2 18
949 35 8 4 29 37 107 33 101 43 68
949 36 8 2 118 46 92 75 87 69 14
949 37 8 20 61 73 101 10 112 102 104
949 38 8 101 115 92 64 84 99 62 125
949 39 8 87 100 8 34 25 77 121 90
949 40 8 6 40 4 78 35 111 101 80
949 41 8 11 53 106 85 9 103 121 68
949 42 8 114 123 73 70 22 55 2 80
949 43 8 2 16 104 94 56 75 120 65
949 44 8 23 42 113 6 72 27 69 22
949 45 8 86 76 51 114 127 29 4 26
949 46 8 96 74 33 97 51 35 21 46
949 47 8 94 114 54 67 46 110 22 45
315 0 8 68 107 81 31 93 18 69 53
315 1 8 75 83 76 86 85 46 113 116
315 2 8 69 117 67 8 51 125 68 9
315 3 8 26 76 1 10 25 105 35 16
315 4 8 0 111 102 91 22 74 77 105
315 5 8 80 111 5 126 102 54 116 18
315 6 8 86 14 64 52 23 42 75 63
315 7 8 5 45 73 60 72 4 48 1
315 8 8 56 103 28 39 27 64 99 95
315 9 8 48 105 22 81 94 99 97 127
315 10 8 14 30 2 107 25 64 76 108
315 11 8 86 102 13 98 47 58 8 105
315 12 8 53 69 118 68 76 63 87 46
315 13 8 44 75 24 55 107 121 95 64
315 14 8 84 28 39 99 44 101 34 23
315 15 8 34 91 3 95 98 1 6 4
315 16 8 43 78 121 40 80 20 102 84
315 17 8 121 85 53 106 97 45 14 9
315 18 8 86 14 42 52 64 23 10 46
315 19 8 45 115 73 48 82 60 5 32
315 20 8 64 103 105 56 39 95 86 67
315 21 8 81 105 99 80 48 94 1 127
315 22 8 14 107 2 25 64 76 30 101
315 23 8 86 47 105 29 98 58 101 122
315 24 8 69 76 53 68 87 32 118 63
315 25 8 55 44 101 75 79 71 24 10
315 26 8 84 99 28 39 34 101 23 44
315 27 8 34 4 91 95 55 100 1 8
315 28 8 43 78 80 20 121 102 4 84
315 29 8 97 85 121 45 14 106 68 103
315 30 8 86 14 52 42 10 46 63 75
315 31 8 45 82 73 106 103 115 32 60
315 32 8 103 39 105 67 56 95 86 61
315 33 8 48 99 81 105 80 127 1 22
315 34 8 107 14 2 25 30 64 40 112
315 35 8 86 47 13 29 105 58 102 122
315 36 8 69 68 120 104 76 53 87 32
315 37 8 55 121 99 24 65 44 79 75
315 38 8 84 28 39 99 101 58 118 34
315 39 8 34 4 91 3 1 95 56 100
315 40 8 43 121 20 78 80 84 102 4
315 41 8 14 97 106 45 85 117 20 61
315 42 8 101 65 123 55 41 5 22 71
315 43 8 104 4 81 87 6 36 65 112
315 44 8 54 72 98 6 71 27 81 20
315 45 8 127 114 84 12 80 123 45 22
315 46 8 67 52 117 22 80 55 102 61
315 47 8 34 117 32 27 55 99 85 86
279 0 8 106 57 127 103 51 101 110 24
279 1 8 48 75 85 20 62 9 91 39
279 2 8 90 67 68 122 69 92 36 7
279 3 8 76 10 35 12 127 61 32 5
279 4 8 63 111 102 11 113 77 0 18
279 5 8 105 51 18 5 126 74 102 54
279 6 8 86 52 14 64 110 25 23 74
279 7 8 45 73 82 5 115 1 60 106
279 8 8 28 56 103 95 99 105 82 67
279 9 8 48 32 81 22 105 80 99 97
279 10 8 2 23 25 123 30 76 85 13
279 11 8 109 47 94 102 13 29 86 33
279 12 8 68 32 46 76 87 69 74 42
279 13 8 55 66 65 107 101 73 10 113
279 14 8 99 39 16 105 84 23 44 34
279 15 8 91 34 4 3 95 8 1 55
279 16 8 43 78 119 102 40 4 80 12
279 17 8 35 2 121 66 106 53 85 112
279 18 8 86 14 52 42 75 65 54 64
279 19 8 45 115 73 32 26 82 91 106
279 20 8 105 61 103 56 95 39 124 28
279 21 8 81 99 48 1 80 66 105 32
279 22 8 2 25 76 107 85 64 103 30
279 23 8 47 105 86 79 109 94 29 101
279 24 8 32 68 87 76 69 46 26 75
279 25 8 66 55 101 79 71 10 65 73
279 26 8 99 105 16 39 34 23 101 53
279 27 8 34 91 4 55 95 6 8 1
279 28 8 119 43 78 80 4 12 102 84
279 29 8 66 2 35 68 121 106 112 62
279 30 8 86 14 46 52 75 3 100 63
279 31 8 45 82 115 73 63 106 32 26
279 32 8 67 105 103 61 95 86 43 82
279 33 8 32 99 81 48 80 105 37 1
279 34 8 103 25 2 30 107 14 123 85
279 35 8 109 47 29 13 79 105 101 86
279 36 8 68 32 76 69 120 104 87 42
279 37 8 66 65 113 99 10 55 107 73
279 38 8 105 16 84 58 99 39 101 96
279 39 8 34 4 91 3 98 100 1 6
279 40 8 43 119 12 80 78 84 102 4
279 41 8 66 2 35 106 20 113 112 61
279 42 8 18 27 102 123 93 55 5 71
279 43 8 6 29 87 104 65 36 112 127
279 44 8 48 20 72 98 6 81 27 92
279 45 8 70 80 114 84 123 22 45 12
279 46 8 115 52 22 117 80 75 8 61
279 47 8 36 120 66 88 47 123 59 124
19038 0 8 112 77 67 28 83 23 105 36
19038 1 8 68 48 122 45 90 29 16 67
19038 2 8 76 23 4 73 44 125 36 64
19038 3 8 70 61 92 90 3 78 76 127
19038 4 8 27 11 119 37 5 18 97 10
19038 5 8 18 48 74 87 63 56 5 10
19038 6 8 86 64 118 66 25 100 74 23
19038 7 8 45 115 82 73 91 67 93 25
19038 8 8 103 18 20 6 67 82 105 95
19038 9 8 35 81 41 32 99 97 40 25
19038 10 8 95 25 2 30 103 13 76 40
19038 11 8 94 16 29 105 101 42 0 33
19038 12 8 38 103 32 46 26 87 76 0
19038 13 8 109 123 57 41 101 40 73 71
19038 14 8 99 60 18 44 23 16 39 7
19038 15 8 91 20 77 69 8 55 17 6
19038 16 8 78 77 108 110 102 80 94 84
19038 17 8 0 65 64 121 84 68 102 106
19038 18 8 86 14 65 52 103 100 3 54
19038 19 8 45 115 73 82 32 48 91 106
19038 20 8 18 105 67 20 103 86 95 56
19038 21 8 35 81 99 80 40 66 37 41
19038 22 8 2 95 25 40 85 103 30 109
19038 23 8 42 16 22 94 105 29 122 126
19038 24 8 38 0 25 26 46 75 14 87
19038 25 8 109 123 18 57 101 73 71 115
19038 26 8 18 99 60 71 7 23 76 34
19038 27 8 77 126 20 91 8 16 46 55
19038 28 8 44 78 108 77 94 80 23 79
19038 29 8 0 65 122 68 64 121 85 36
19038 30 8 118 86 52 42 14 10 75 46
19038 31 8 45 48 103 73 82 51 1 115
19038 32 8 18 20 103 27 105 67 44 95
19038 33 8 35 99 41 81 1 40 127 62
19038 34 8 95 2 23 103 124 40 39 112
19038 35 8 97 16 42 94 22 29 37 8
19038 36 8 38 0 103 25 26 14 97 63
19038 37 8 109 123 41 57 18 95 10 73
19038 38 8 18 60 47 111 99 102 34 7
19038 39 8 20 107 90 77 46 126 8 55
19038 40 8 23 77 44 29 78 108 110 80
19038 41 8 65 0 64 85 63 122 106 121
19038 42 8 90 126 49 75 55 18 59 24
19038 43 8 121 74 47 49 125 104 8 56
19038 44 8 110 80 13 72 6 23 11 73
19038 45 8 26 47 5 114 76 87 83 84
19038 46 8 1 10 96 52 124 82 22 97
19038 47 8 31 127 11 121 15 90 21 82
13 0 8 65 98 43 73 72 45 1 44
13 1 8 18 94 38 127 26 43 95 119
13 2 8 88 84 38 93 57 40 82 18
13 3 8 6 89 31 124 2 76 117 41
13 4 8 106 76 124 115 85 11 48 67
13 5 8 61 125 66 8 126 13 22 64
13 6 8 105 83 8 42 52 56 86 10
13 7 8 49 34 112 45 103 73 106 60
13 8 8 103 84 121 105 95 65 56 67
13 9 8 110 9 117 127 99 49 80 81
13 10 8 61 105 39 30 25 107 2 112
13 11 8 61 49 24 122 125 98 105 127
13 12 8 99 15 63 96 97 9 76 74
13 13 8 6 28 15 101 64 73 107 95
13 14 8 20 48 111 99 39 90 17 104
13 15 8 85 101 91 69 10 55 95 8
13 16 8 124 8 78 102 65 80 39 45
13 17 8 17 19 69 121 42 106 85 117
13 18 8 105 86 14 42 8 83 75 56
13 19 8 49 45 48 73 82 112 1 34
13 20 8 84 121 103 105 95 47 67 65
13 21 8 9 110 99 125 81 127 1 62
13 22 8 61 105 25 53 30 56 112 39
13 23 8 61 24 49 23 29 46 126 37
13 24 8 99 15 96 97 75 56 46 87
13 25 8 6 15 58 28 115 101 73 64
13 26 8 20 17 48 90 76 99 86 104
13 27 8 85 101 10 70 17 91 16 23
13 28 8 124 8 81 78 80 73 39 45
13 29 8 19 42 21 69 1 17 48 121
13 30 8 105 56 63 83 86 127 75 52
13 31 8 112 49 45 73 106 82 34 51
13 32 8 65 121 84 105 103 95 61 116
13 33 8 125 9 110 80 99 49 1 127
13 34 8 105 78 61 53 56 30 112 25
13 35 8 61 125 24 23 49 37 43 107
13 36 8 99 15 96 97 79 63 56 116
13 37 8 58 15 6 28 23 10 118 73
13 38 8 17 20 48 90 86 115 8 107
13 39 8 101 103 85 23 10 70 121 95
13 40 8 124 8 80 73 78 81 45 65
13 41 8 112 42 69 48 19 21 1 17
13 42 8 32 31 64 7 36 74 123 16
13 43 8 104 77 88 43 112 31 36 97
13 44 8 6 107 0 53 73 90 81 27
13 45 8 101 2 27 22 114 94 37 12
13 46 8 97 11 38 52 34 84 98 60
13 47 8 105 73 57 20 86 109 85 124
576 0 8 50 106 57 103 21 110 51 14
576 1 8 6 9 3 95 42 109 57 62
576 2 8 122 90 84 125 92 93 11 108
576 3 8 39 2 4 29 71 114 123 87
576 4 8 56 50 63 83 11 23 67 48
576 5 8 51 47 105 22 68 18 107 103
576 6 8 52 86 110 63 42 14 56 54
576 7 8 45 73 106 60 82 95 48 51
576 8 8 109 36 103 105 8 95 61 47
576 9 8 32 65 45 49 80 99 81 1
576 10 8 23 123 30 113 83 88 85 103
576 11 8 69 67 109 98 9 107 89 127
576 12 8 79 104 114 107 97 95 52 23
576 13 8 66 98 21 118 23 64 73 83
576 14 8 90 105 16 10 79 76 115 48
576 15 8 103 72 23 91 85 56 16 95
576 16 8 124 78 119 55 80 65 12 8
576 17 8 2 69 35 112 20 83 66 121
576 18 8 63 86 83 56 8 75 127 52
576 19 8 45 106 82 73 3 60 32 48
576 20 8 36 105 116 95 84 3 61 121
576 21 8 80 9 99 98 81 49 65 110
576 22 8 30 53 105 90 61 73 25 123
576 23 8 26 61 109 49 24 89 23 37
576 24 8 79 107 104 99 15 56 23 97
576 25 8 66 6 118 98 21 28 80 2
576 26 8 90 105 10 99 16 76 115 48
576 27 8 91 23 17 72 4 10 121 16
576 28 8 78 119 124 80 114 83 43 55
576 29 8 2 35 112 66 106 121 17 20
576 30 8 127 86 63 75 23 56 110 52
576 31 8 45 48 73 82 32 115 106 20
576 32 8 61 109 105 95 80 67 36 17
576 33 8 32 99 80 1 81 24 65 49
576 34 8 85 123 30 25 53 103 88 113
576 35 8 109 89 105 69 67 47 107 43
576 36 8 104 114 87 74 9 42 2 24
576 37 8 66 113 82 98 10 55 23 99
576 38 8 105 16 8 90 115 99 10 96
576 39 8 4 72 121 3 91 56 103 1
576 40 8 119 12 43 80 78 114 83 55
576 41 8 112 2 66 9 35 20 106 117
576 42 8 27 18 102 93 123 36 71 16
576 43 8 29 104 6 87 36 112 65 45
576 44 8 6 20 48 72 81 98 27 92
576 45 8 70 80 22 114 37 123 32 84
576 46 8 60 115 52 22 80 98 117 61
576 47 8 36 66 47 120 123 88 85 86
6366 0 8 91 87 86 17 28 95 51 105
6366 1 8 48 68 9 16 122 90 2 66
6366 2 8 4 76 44 64 23 36 41 56
6366 3 8 70 3 73 61 24 112 92 67
6366 4 8 37 50 5 11 27 67 93 18
6366 5 8 18 115 75 87 74 10 63 122
6366 6 8 86 118 65 108 103 46 7 33
6366 7 8 45 63 115 82 32 2 13 44
6366 8 8 105 61 82 20 43 67 86 108
6366 9 8 35 99 81 66 32 25 37 5
6366 10 8 85 25 95 103 10 82 88 76
6366 11 8 16 105 42 43 29 0 46 8
6366 12 8 46 26 75 87 0 103 14 32
6366 13 8 2 101 57 109 123 73 41 1
6366 14 8 60 102 23 76 115 108 44 99
6366 15 8 121 82 91 20 8 7 16 77
6366 16 8 108 78 11 84 94 110 52 60
6366 17 8 62 46 112 64 113 0 121 9
6366 18 8 86 46 52 82 101 23 32 118
6366 19 8 63 115 2 45 32 44 13 48
6366 20 8 82 61 105 20 43 44 8 47
6366 21 8 81 35 99 66 97 37 71 5
6366 22 8 85 25 103 23 95 82 109 35
6366 23 8 42 43 22 105 46 18 29 16
6366 24 8 46 75 87 0 26 14 25 34
6366 25 8 2 57 18 101 73 109 71 76
6366 26 8 76 60 23 71 115 99 102 44
6366 27 8 126 8 17 16 60 82 121 91
6366 28 8 108 78 11 84 60 83 79 110
6366 29 8 17 46 112 15 106 36 121 62
6366 30 8 86 10 118 52 127 46 75 23
6366 31 8 45 63 48 2 115 73 1 82
6366 32 8 61 105 80 20 67 44 95 103
6366 33 8 1 35 81 99 49 127 37 32
6366 34 8 103 23 25 85 35 52 30 88
6366 35 8 42 105 22 98 89 115 69 43
6366 36 8 87 26 0 25 63 75 74 46
6366 37 8 2 18 57 41 16 76 101 10
6366 38 8 102 60 7 80 71 99 115 34
6366 39 8 60 1 121 20 95 126 8 78
6366 40 8 108 78 55 83 15 110 11 80
6366 41 8 17 106 46 36 15 52 122 112
6366 42 8 49 125 74 24 90 123 16 2
6366 43 8 56 19 43 12 8 104 97 121
6366 44 8 45 88 11 99 6 72 27 98
6366 45 8 46 112 17 22 84 5 119 26
6366 46 8 105 39 30 81 84 29 22 80
6366 47 8 52 95 111 35 127 108 121 31
1265 0 8 120 104 2 97 83 51 63 17
1265 1 8 107 123 86 76 14 53 3 20
1265 2 8 9 14 51 116 24 47 100 10
1265 3 8 105 13 89 38 39 25 59 35
1265 4 8 25 0 23 22 74 124 48 11
1265 5 8 34 80 82 107 13 47 126 22
1265 6 8 110 86 42 52 63 64 8 127
1265 7 8 34 87 73 106 45 50 60 51
1265 8 8 64 39 103 36 61 109 106 46
1265 9 8 94 45 49 80 65 1 52 22
1265 10 8 30 74 113 97 35 62 108 101
1265 11 8 69 86 98 67 105 107 8 9
1265 12 8 53 104 97 118 26 95 100 42
1265 13 8 75 44 21 2 98 64 16 77
1265 14 8 79 80 58 34 75 6 76 8
1265 15 8 60 91 95 35 55 56 1 23
1265 16 8 78 11 15 45 80 7 60 83
1265 17 8 15 106 17 112 85 52 117 53
1265 18 8 86 75 110 63 42 127 30 52
1265 19 8 73 106 87 34 82 45 60 51
1265 20 8 64 95 36 39 61 103 105 3
1265 21 8 94 80 45 81 49 22 99 1
1265 22 8 30 74 53 113 35 107 25 103
1265 23 8 89 86 69 107 98 105 37 8
1265 24 8 104 53 100 42 74 97 116 87
1265 25 8 75 21 44 2 98 64 16 65
1265 26 8 80 99 58 79 6 39 76 34
1265 27 8 91 60 56 1 95 23 55 17
1265 28 8 78 11 15 83 60 80 102 79
1265 29 8 106 17 15 112 52 85 117 68
1265 30 8 86 75 10 63 127 110 85 23
1265 31 8 45 73 115 48 20 82 51 106
1265 32 8 105 95 80 61 103 67 64 8
1265 33 8 1 49 94 99 81 80 45 127
1265 34 8 35 30 53 25 52 64 85 107
1265 35 8 105 98 89 107 67 86 69 37
1265 36 8 53 87 76 42 104 100 97 118
1265 37 8 2 75 44 21 10 101 98 65
1265 38 8 80 99 79 39 58 115 34 76
1265 39 8 60 91 1 121 56 95 23 8
1265 40 8 15 83 7 78 11 80 18 45
1265 41 8 106 15 17 52 46 85 117 103
1265 42 8 37 125 74 123 22 7 24 2
1265 43 8 43 19 56 12 104 97 112 42
1265 44 8 45 88 6 72 0 37 27 122
1265 45 8 46 112 17 22 119 84 123 114
1265 46 8 105 39 84 29 30 80 22 52
1265 47 8 52 95 108 35 111 6 85 59
614 0 8 104 29 97 111 51 16 2 118
614 1 8 123 107 20 116 76 86 95 3
614 2 8 14 7 9 51 119 125 52 117
614 3 8 41 105 7 1 25 38 3 123
614 4 8 0 22 74 91 23 25 11 38
614 5 8 80 34 97 107 18 126 5 22
614 6 8 86 46 110 52 14 7 42 109
614 7 8 87 45 73 50 34 106 82 63
614 8 8 39 103 64 43 105 61 95 44
614 9 8 94 45 99 49 81 1 113 71
614 10 8 30 83 35 25 14 64 23 101
614 11 8 105 86 69 98 87 67 47 107
614 12 8 53 68 95 87 104 42 46 26
614 13 8 75 44 2 65 21 64 24 101
614 14 8 28 99 79 58 80 39 34 23
614 15 8 91 121 56 60 1 7 4 82
614 16 8 78 40 43 11 121 75 84 102
614 17 8 20 14 106 97 112 62 17 113
614 18 8 86 75 85 110 52 10 127 46
614 19 8 45 115 32 73 48 82 87 63
614 20 8 95 105 103 64 44 61 14 39
614 21 8 81 1 99 94 49 45 127 80
614 22 8 25 35 30 64 52 85 107 53
614 23 8 105 78 86 107 47 89 43 115
614 24 8 53 87 104 68 74 46 42 75
614 25 8 75 2 44 65 21 101 98 71
614 26 8 99 39 115 28 34 23 58 7
614 27 8 91 121 1 95 56 60 17 7
614 28 8 78 43 83 40 84 11 121 102
614 29 8 20 106 112 17 14 97 62 117
614 30 8 86 75 10 85 46 127 63 23
614 31 8 115 45 73 63 20 82 48 44
614 32 8 67 95 105 61 103 44 80 43
614 33 8 49 81 113 94 1 99 71 80
614 34 8 83 25 30 35 14 64 85 52
614 35 8 78 105 47 86 107 87 98 115
614 36 8 53 87 68 42 76 104 9 74
614 37 8 44 75 65 99 121 24 10 2
614 38 8 28 99 58 39 62 115 79 96
614 39 8 91 3 1 56 121 23 98 4
614 40 8 43 121 78 20 80 40 84 83
614 41 8 20 14 106 97 117 112 6 113
614 42 8 65 5 123 22 101 93 125 37
614 43 8 81 4 104 6 87 42 112 45
614 44 8 72 81 54 71 20 6 92 98
614 45 8 19 80 114 84 70 1 37 4
614 46 8 80 22 115 102 52 98 67 75
614 47 8 117 34 32 66 47 123 88 59
1045 0 8 34 106 41 30 63 61 50 111
1045 1 8 99 123 7 85 75 9 76 44
1045 2 8 8 90 45 122 9 51 14 7
1045 3 8 41 105 62 7 77 94 61 39
1045 4 8 22 87 0 105 11 67 48 74
1045 5 8 105 54 126 80 13 102 22 18
1045 6 8 110 86 52 7 14 42 75 63
1045 7 8 73 45 34 106 110 26 124 48
1045 8 8 14 39 2 95 105 103 8 64
1045 9 8 22 49 113 1 33 127 99 94
1045 10 8 30 23 64 108 83 25 110 97
1045 11 8 78 50 86 9 98 69 105 47
1045 12 8 118 68 104 76 42 87 95 100
1045 13 8 66 75 113 65 44 12 102 64
1045 14 8 58 84 99 96 39 34 6 76
1045 15 8 91 56 98 1 95 121 3 37
1045 16 8 43 78 51 40 102 18 83 80
1045 17 8 20 106 2 126 85 112 62 117
1045 18 8 86 75 110 85 52 63 42 100
1045 19 8 45 48 32 82 115 73 51 26
1045 20 8 14 95 105 2 103 39 64 61
1045 21 8 81 99 1 80 71 22 33 49
1045 22 8 30 25 35 107 64 113 85 53
1045 23 8 86 78 47 105 50 98 89 107
1045 24 8 68 118 53 104 87 100 74 42
1045 25 8 75 66 44 65 12 113 98 101
1045 26 8 99 58 39 34 23 76 84 115
1045 27 8 91 121 56 1 95 17 98 23
1045 28 8 43 78 51 83 102 80 75 79
1045 29 8 20 2 106 112 35 17 62 9
1045 30 8 86 75 110 10 127 85 23 63
1045 31 8 115 45 63 73 20 82 48 1
1045 32 8 105 14 95 67 2 61 103 80
1045 33 8 49 81 113 1 99 71 80 33
1045 34 8 83 30 110 25 85 35 52 107
1045 35 8 78 50 47 105 107 69 86 79
1045 36 8 118 87 42 68 76 104 9 74
1045 37 8 66 65 102 10 113 12 99 101
1045 38 8 58 39 84 96 99 8 34 105
1045 39 8 91 1 56 3 98 37 121 6
1045 40 8 51 43 12 78 80 18 84 83
1045 41 8 20 2 126 106 35 117 112 66
1045 42 8 98 123 18 102 22 5 93 71
1045 43 8 6 81 87 104 42 112 36 45
1045 44 8 20 48 72 81 6 98 92 27
1045 45 8 70 80 84 114 123 37 22 1
1045 46 8 115 80 22 52 102 98 60 44
1045 47 8 36 66 120 47 88 123 59 26
2188 0 8 7 30 28 62 23 112 41 105
2188 1 8 7 29 85 114 99 122 16 89
2188 2 8 59 73 36 24 126 8 76 54
2188 3 8 41 62 77 3 35 40 127 90
2188 4 8 11 116 82 37 87 77 27 22
2188 5 8 18 74 24 56 78 117 90 85
2188 6 8 86 110 46 14 100 32 55 64
2188 7 8 73 63 26 115 78 45 44 82
2188 8 8 67 95 14 2 43 33 3 86
2188 9 8 33 22 113 81 1 127 112 80
2188 10 8 30 25 64 110 41 86 109 45
2188 11 8 50 78 16 107 101 105 0 79
2188 12 8 118 42 76 95 87 50 7 25
2188 13 8 102 65 12 10 41 64 42 77
2188 14 8 47 99 39 34 58 6 82 44
2188 15 8 100 91 56 1 77 98 55 95
2188 16 8 78 18 102 84 40 75 83 80
2188 17 8 20 106 117 115 85 103 113 68
2188 18 8 86 75 85 110 42 52 63 10
2188 19 8 115 45 82 48 32 93 26 106
2188 20 8 95 105 14 103 2 67 44 8
2188 21 8 33 81 99 80 22 113 127 71
2188 22 8 30 25 110 113 64 109 45 86
2188 23 8 78 50 107 79 86 98 69 20
2188 24 8 118 74 42 95 100 76 116 97
2188 25 8 102 12 77 75 42 10 41 73
2188 26 8 47 99 34 111 6 82 7 58
2188 27 8 91 100 98 121 56 35 1 55
2188 28 8 78 80 114 75 102 45 123 43
2188 29 8 20 106 115 117 85 6 112 17
2188 30 8 86 85 75 110 63 10 127 30
2188 31 8 115 45 73 82 20 26 63 93
2188 32 8 2 95 67 105 14 33 39 103
2188 33 8 33 113 81 49 127 22 1 80
2188 34 8 110 109 107 30 9 41 40 25
2188 35 8 78 16 50 98 86 105 79 37
2188 36 8 76 97 118 87 42 103 12 30
2188 37 8 102 41 12 10 95 109 123 77
2188 38 8 47 99 82 111 64 6 68 34
2188 39 8 77 91 37 1 121 56 55 98
2188 40 8 6 80 110 18 78 40 83 75
2188 41 8 115 11 85 64 106 6 102 53
2188 42 8 8 123 90 114 66 36 71 2
2188 43 8 74 16 125 80 2 6 112 42
2188 44 8 72 23 13 113 6 11 81 34
2188 45 8 76 114 86 26 127 119 92 85
2188 46 8 96 51 102 17 97 103 74 109
2188 47 8 94 114 54 67 6 121 45 82
315 0 8 68 107 31 69 81 53 93 80
315 1 8 85 75 83 7 29 98 46 57
315 2 8 8 59 117 9 24 73 123 126
315 3 8 62 41 77 10 121 5 16 26
315 4 8 22 87 0 105 111 116 77 91
315 5 8 78 126 90 54 105 111 102 80
315 6 8 110 86 85 100 123 64 75 14
315 7 8 45 73 115 82 34 63 20 117
315 8 8 39 43 28 95 14 2 103 33
315 9 8 22 113 33 112 127 1 48 81
315 10 8 64 25 108 23 101 30 110 107
315 11 8 102 78 50 98 47 86 13 105
315 12 8 68 118 76 42 87 104 95 63
315 13 8 65 102 64 121 12 10 44 75
315 14 8 84 99 39 58 34 82 28 47
315 15 8 91 1 98 56 3 121 95 77
315 16 8 43 78 102 84 51 121 52 40
315 17 8 20 106 117 97 113 85 112 116
315 18 8 86 85 75 110 10 100 52 42
315 19 8 115 45 63 26 32 48 82 20
315 20 8 95 105 39 64 103 44 14 43
315 21 8 81 33 1 99 127 22 71 37
315 22 8 25 64 107 35 108 30 52 101
315 23 8 47 105 86 78 98 50 102 115
315 24 8 68 74 118 87 104 53 42 76
315 25 8 65 102 44 75 79 107 64 10
315 26 8 99 39 58 84 82 34 23 7
315 27 8 91 3 121 1 6 23 56 95
315 28 8 43 78 84 51 102 83 80 52
315 29 8 20 106 35 6 117 112 2 116
315 30 8 86 85 75 46 10 27 127 110
315 31 8 115 63 45 82 73 44 20 93
315 32 8 67 95 43 82 105 61 44 80
315 33 8 81 113 33 49 1 99 127 48
315 34 8 83 25 107 30 110 35 2 108
315 35 8 47 102 105 78 50 86 101 0
315 36 8 68 118 76 87 42 104 100 9
315 37 8 65 102 99 66 10 12 113 44
315 38 8 58 84 39 99 82 64 68 10
315 39 8 91 3 1 6 56 121 98 23
315 40 8 43 51 78 84 121 18 80 4
315 41 8 20 106 117 35 6 2 14 126
315 42 8 41 5 123 93 22 98 102 18
315 43 8 6 104 87 42 4 127 36 81
315 44 8 72 81 20 98 6 48 92 71
315 45 8 80 114 70 84 1 22 37 4
315 46 8 115 102 80 22 98 52 75 60
315 47 8 47 59 66 36 117 123 88 26
3208 0 8 126 28 97 62 29 51 3 124
3208 1 8 11 114 75 60 45 122 98 90
3208 2 8 121 125 4 36 107 119 85 7
3208 3 8 108 62 3 79 78 24 11 37
3208 4 8 11 37 82 116 51 29 107 53
3208 5 8 18 56 116 85 5 30 78 53
3208 6 8 86 55 75 66 46 27 32 3
3208 7 8 115 82 45 63 73 32 26 20
3208 8 8 95 105 61 82 80 4 70 8
3208 9 8 81 35 113 99 1 46 25 112
3208 10 8 25 41 120 85 95 33 119 30
3208 11 8 97 68 105 16 101 107 78 114
3208 12 8 46 76 87 38 103 32 14 34
3208 13 8 127 109 71 40 101 89 123 120
3208 14 8 99 39 23 115 76 44 57 53
3208 15 8 91 77 121 1 55 8 7 6
3208 16 8 78 102 79 83 75 84 18 115
3208 17 8 112 92 106 102 6 36 68 9
3208 18 8 86 75 10 127 65 55 52 54
3208 19 8 115 32 45 82 48 63 20 93
3208 20 8 95 105 61 108 44 103 33 8
3208 21 8 81 1 35 99 25 103 80 127
3208 22 8 25 9 95 85 52 35 18 64
3208 23 8 105 16 107 43 101 29 97 46
3208 24 8 14 87 46 25 75 32 103 42
3208 25 8 127 73 71 101 2 40 99 61
3208 26 8 99 92 115 23 76 102 34 7
3208 27 8 77 91 0 25 51 8 121 98
3208 28 8 35 78 111 84 83 82 75 80
3208 29 8 6 92 112 68 54 106 100 66
3208 30 8 86 75 55 127 3 54 63 61
3208 31 8 115 82 45 63 32 93 1 73
3208 32 8 67 4 22 95 105 61 70 24
3208 33 8 81 40 25 99 35 49 33 1
3208 34 8 9 41 95 2 33 25 124 120
3208 35 8 25 18 78 101 68 114 107 16
3208 36 8 14 32 87 42 75 92 29 46
3208 37 8 61 120 127 52 89 73 45 10
3208 38 8 92 99 26 22 64 115 87 49
3208 39 8 25 91 0 77 87 51 8 100
3208 40 8 35 82 111 100 78 80 13 102
3208 41 8 6 92 99 54 68 58 49 79
3208 42 8 70 4 8 116 66 123 28 106
3208 43 8 18 16 61 42 80 72 2 69
3208 44 8 42 72 23 62 104 96 113 27
3208 45 8 98 48 88 51 76 116 114 16
3208 46 8 33 54 43 74 26 102 45 92
3208 47 8 80 23 17 6 39 0 114 67
1835 0 8 105 118 41 86 18 87 67 12
1835 1 8 67 114 39 76 29 7 13 60
1835 2 8 73 4 76 70 121 74 62 36
1835 3 8 62 40 121 78 108 41 3 123
1835 4 8 116 27 5 51 107 37 82 11
1835 5 8 18 48 24 116 78 56 115 117
1835 6 8 86 108 110 75 85 100 3 103
1835 7 8 115 45 20 82 63 73 93 32
1835 8 8 95 103 33 6 105 67 82 20
1835 9 8 35 81 25 113 103 1 112 99
1835 10 8 95 25 41 52 30 85 64 119
1835 11 8 105 16 78 101 114 107 0 29
1835 12 8 38 103 87 76 75 46 74 42
1835 13 8 109 123 41 40 71 1 12 73
1835 14 8 99 18 39 23 60 76 6 34
1835 15 8 91 77 20 55 121 1 6 7
1835 16 8 77 78 102 29 84 109 18 83
1835 17 8 0 65 106 112 6 64 102 116
1835 18 8 86 75 85 10 55 127 54 52
1835 19 8 115 45 32 82 63 48 1 93
1835 20 8 95 105 44 103 61 108 33 82
1835 21 8 35 81 99 25 1 127 103 71
1835 22 8 25 95 85 2 64 52 18 30
1835 23 8 16 97 105 78 42 55 101 29
1835 24 8 103 38 0 74 25 87 75 14
1835 25 8 123 109 57 1 41 73 40 101
1835 26 8 18 60 99 71 7 111 23 47
1835 27 8 77 20 6 91 121 55 16 17
1835 28 8 78 77 44 29 84 109 80 108
1835 29 8 65 0 64 63 36 6 102 68
1835 30 8 118 86 85 75 10 63 52 56
1835 31 8 45 82 115 32 63 100 48 51
1835 32 8 20 27 67 103 105 95 44 61
1835 33 8 35 40 81 127 99 80 49 1
1835 34 8 95 124 53 25 110 39 30 33
1835 35 8 16 97 42 78 55 114 105 98
1835 36 8 38 103 0 25 63 87 97 9
1835 37 8 41 109 123 57 10 95 1 12
1835 38 8 18 111 60 47 102 99 22 34
1835 39 8 20 107 77 91 35 121 6 46
1835 40 8 77 29 44 109 108 80 78 110
1835 41 8 65 0 63 85 64 122 115 106
1835 42 8 126 75 49 90 24 59 20 8
1835 43 8 121 74 47 49 56 8 104 125
1835 44 8 110 80 13 6 72 11 27 37
1835 45 8 5 47 83 26 119 114 87 76
1835 46 8 1 96 10 123 124 45 82 97
1835 47 8 11 31 127 82 90 121 15 12
11 0 8 65 44 26 114 59 73 24 118
11 1 8 50 94 124 18 2 34 26 127
11 2 8 88 53 84 49 93 36 10 67
11 3 8 41 89 6 121 78 31 123 2
11 4 8 106 76 79 124 85 11 29 48
11 5 8 125 42 61 18 66 22 126 90
11 6 8 105 83 110 86 8 10 75 42
11 7 8 49 45 34 115 73 20 82 106
11 8 8 103 95 84 121 2 61 105 14
11 9 8 110 9 81 127 113 1 117 99
11 10 8 30 61 105 25 64 97 73 39
11 11 8 61 49 105 78 69 98 71 24
11 12 8 99 95 15 104 87 74 97 76
11 13 8 6 28 64 101 12 10 15 95
11 14 8 48 20 99 39 23 7 34 115
11 15 8 91 85 121 1 55 17 10 95
11 16 8 78 124 108 8 102 45 75 80
11 17 8 72 106 17 19 112 69 85 53
11 18 8 86 75 105 127 63 10 52 8
11 19 8 45 82 49 32 48 51 106 1
11 20 8 84 61 95 105 103 121 44 2
11 21 8 9 81 110 99 80 1 127 117
11 22 8 25 61 105 53 30 85 64 35
11 23 8 61 49 24 105 78 107 89 37
11 24 8 99 15 104 74 87 97 75 9
11 25 8 6 15 28 64 2 101 73 79
11 26 8 20 48 90 99 7 115 34 111
11 27 8 85 10 91 23 60 16 101 95
11 28 8 124 78 8 108 45 80 60 102
11 29 8 19 15 72 53 17 69 106 103
11 30 8 105 86 56 85 10 63 75 110
11 31 8 45 49 82 51 73 34 115 20
11 32 8 121 84 103 95 105 67 44 61
11 33 8 110 9 49 127 99 80 81 1
11 34 8 105 73 61 30 25 62 53 64
11 35 8 61 24 49 26 105 37 98 23
11 36 8 99 9 15 97 107 63 87 52
11 37 8 6 15 28 10 80 79 101 21
11 38 8 20 48 111 34 99 10 115 8
11 39 8 85 23 95 101 61 1 121 91
11 40 8 8 124 108 83 15 78 80 45
11 41 8 53 72 19 69 17 106 15 117
11 42 8 39 74 126 24 73 7 31 123
11 43 8 43 77 88 19 104 49 56 42
11 44 8 45 53 0 6 37 72 98 81
11 45 8 46 112 22 84 17 80 114 119
11 46 8 82 105 39 84 124 22 80 123
11 47 8 95 90 73 35 32 52 27 85
7196 0 8 2 21 63 97 51 77 120 39
7196 1 8 6 58 53 23 8 41 107 95
7196 2 8 8 54 9 53 93 14 87 72
7196 3 8 2 64 38 59 29 16 89 1
7196 4 8 79 76 22 124 25 48 56 83
7196 5 8 47 34 82 13 22 126 42 96
7196 6 8 110 42 52 86 30 85 10 111
7196 7 8 34 95 60 45 73 110 106 51
7196 8 8 36 14 39 103 95 105 67 64
7196 9 8 45 127 117 80 1 33 99 26
7196 10 8 73 97 83 30 108 39 113 40
7196 11 8 26 67 9 69 98 79 65 78
7196 12 8 118 52 107 104 97 63 42 71
7196 13 8 98 6 21 79 102 64 73 77
7196 14 8 79 34 10 99 58 8 76 80
7196 15 8 87 23 95 91 60 3 55 56
7196 16 8 78 124 7 8 45 15 65 40
7196 17 8 53 69 72 15 106 85 97 17
7196 18 8 86 75 52 42 63 54 85 3
7196 19 8 45 82 32 95 115 106 73 48
7196 20 8 95 36 39 105 103 64 44 67
7196 21 8 45 81 99 80 49 1 127 117
7196 22 8 73 30 53 113 83 108 25 64
7196 23 8 26 86 107 67 115 79 47 105
7196 24 8 118 104 53 100 52 97 68 42
7196 25 8 79 21 6 98 75 65 44 64
7196 26 8 79 39 99 34 28 23 115 76
7196 27 8 23 91 121 3 17 87 1 6
7196 28 8 78 84 114 102 15 80 83 45
7196 29 8 53 17 15 106 112 97 103 117
7196 30 8 86 85 10 75 46 23 100 27
7196 31 8 115 63 45 82 44 48 1 32
7196 32 8 67 44 105 61 43 82 103 80
7196 33 8 81 45 49 99 1 127 71 113
7196 34 8 25 83 73 85 30 40 18 52
7196 35 8 67 105 26 69 98 115 86 0
7196 36 8 52 9 118 87 107 63 42 46
7196 37 8 98 6 10 79 21 75 101 44
7196 38 8 79 10 39 34 115 99 80 7
7196 39 8 23 87 121 1 95 6 71 40
7196 40 8 7 84 114 78 8 83 15 80
7196 41 8 53 69 17 106 15 9 112 113
7196 42 8 37 24 74 31 73 123 126 16
7196 43 8 104 81 43 77 56 19 45 8
7196 44 8 98 45 80 37 6 92 0 27
7196 45 8 46 112 84 114 80 22 4 1
7196 46 8 82 105 39 124 22 80 97 84
7196 47 8 90 95 32 35 27 34 117 52
264 0 8 106 27 50 110 48 49 103 92
264 1 8 99 23 9 113 123 116 95 126
264 2 8 45 122 87 14 7 53 51 36
264 3 8 94 29 41 64 123 112 39 76
264 4 8 79 118 22 67 11 56 29 23
264 5 8 51 47 105 96 18 7 102 22
264 6 8 86 110 52 75 127 42 23 7
264 7 8 45 73 95 115 60 20 63 82
264 8 8 2 95 103 39 43 105 99 67
264 9 8 45 113 81 48 22 127 79 99
264 10 8 83 73 30 23 25 107 64 97
264 11 8 67 78 69 107 26 98 105 9
264 12 8 52 68 107 118 9 42 63 87
264 13 8 12 66 98 79 65 119 113 73
264 14 8 105 10 99 58 39 96 53 23
264 15 8 23 3 91 121 87 4 56 7
264 16 8 43 78 51 75 121 40 79 102
264 17 8 20 2 112 66 106 62 35 79
264 18 8 86 52 127 75 27 85 23 46
264 19 8 45 115 32 63 82 73 26 48
264 20 8 95 105 2 44 61 8 64 82
264 21 8 81 45 49 99 1 71 80 113
264 22 8 30 25 83 85 107 64 52 123
264 23 8 105 78 107 47 115 67 43 86
264 24 8 68 46 87 52 104 9 42 74
264 25 8 66 12 79 98 101 65 10 107
264 26 8 115 99 105 53 34 39 23 76
264 27 8 91 3 23 121 7 17 1 82
264 28 8 43 78 84 51 80 83 79 121
264 29 8 2 20 66 112 35 62 113 116
264 30 8 86 46 75 27 64 32 110 63
264 31 8 63 115 45 73 44 82 32 69
264 32 8 2 67 105 61 82 80 95 43
264 33 8 49 81 113 99 1 48 37 45
264 34 8 83 85 25 30 2 94 14 52
264 35 8 78 69 47 107 105 67 59 115
264 36 8 9 42 68 46 52 87 32 104
264 37 8 12 66 65 10 99 113 101 73
264 38 8 105 39 115 10 58 96 99 8
264 39 8 3 91 121 23 1 4 40 6
264 40 8 51 84 43 78 121 4 114 80
264 41 8 2 66 112 9 35 20 106 117
264 42 8 98 18 102 93 123 22 73 71
264 43 8 81 104 6 87 36 45 20 112
264 44 8 48 98 20 72 92 81 6 27
264 45 8 114 80 70 84 4 1 22 123
264 46 8 115 60 52 102 22 80 75 98
264 47 8 36 120 66 47 123 88 85 59
6236 0 8 28 87 124 62 64 22 95 91
6236 1 8 45 48 7 90 29 68 122 114
6236 2 8 4 125 76 36 5 52 119 126
6236 3 8 62 12 61 70 59 20 3 92
6236 4 8 27 11 37 116 67 5 47 97
6236 5 8 74 18 115 87 85 116 48 26
6236 6 8 86 46 7 23 66 32 27 64
6236 7 8 69 73 45 115 44 110 21 20
6236 8 8 80 86 43 82 105 37 2 67
6236 9 8 35 81 25 99 1 49 80 37
6236 10 8 30 95 41 25 10 120 2 82
6236 11 8 16 78 105 97 43 0 107 29
6236 12 8 46 87 103 32 100 42 52 119
6236 13 8 101 12 123 109 120 45 10 73
6236 14 8 44 76 102 99 23 22 26 39
6236 15 8 91 77 82 120 8 86 121 1
6236 16 8 78 83 84 94 75 79 77 65
6236 17 8 112 106 84 66 102 54 36 92
6236 18 8 86 46 52 7 75 70 66 23
6236 19 8 45 115 73 32 82 48 110 69
6236 20 8 80 86 105 95 82 37 22 8
6236 21 8 35 99 81 80 49 97 1 52
6236 22 8 30 41 25 95 124 9 82 85
6236 23 8 18 97 43 78 107 59 105 16
6236 24 8 46 103 32 52 14 87 34 75
6236 25 8 127 45 120 10 101 12 71 73
6236 26 8 102 22 44 76 99 26 115 53
6236 27 8 77 82 51 8 91 86 120 121
6236 28 8 84 94 78 83 35 13 79 23
6236 29 8 36 58 54 82 92 113 112 66
6236 30 8 46 86 70 32 23 102 64 27
6236 31 8 6 73 44 63 69 45 82 21
6236 32 8 80 22 82 67 86 105 2 94
6236 33 8 35 40 82 49 59 99 66 81
6236 34 8 124 41 9 2 95 85 30 25
6236 35 8 18 78 97 68 16 59 30 43
6236 36 8 14 46 32 103 52 17 87 29
6236 37 8 127 120 45 12 73 10 89 101
6236 38 8 102 22 26 87 115 47 92 44
6236 39 8 77 51 121 126 40 120 89 91
6236 40 8 84 94 13 78 100 80 4 93
6236 41 8 92 58 54 113 112 9 66 36
6236 42 8 8 86 18 70 90 28 123 106
6236 43 8 80 121 74 45 104 125 87 127
6236 44 8 98 23 72 92 6 11 36 27
6236 45 8 76 26 1 84 114 123 30 22
6236 46 8 51 14 45 52 96 60 33 19
6236 47 8 114 121 21 26 15 23 127 82
6331 0 8 18 122 86 38 24 4 36 118
6331 1 8 45 109 25 62 30 122 38 2
6331 2 8 4 49 76 23 41 36 64 5
6331 3 8 70 109 3 92 24 123 76 73
6331 4 8 5 37 27 11 1 82 67 93
6331 5 8 115 74 75 87 18 48 10 93
6331 6 8 86 46 103 66 64 23 100 7
6331 7 8 115 45 82 32 69 6 73 21
6331 8 8 108 61 82 80 20 123 86 94
6331 9 8 35 81 25 34 99 112 106 51
6331 10 8 85 25 82 95 2 30 10 13
6331 11 8 16 78 105 0 55 97 29 73
6331 12 8 46 32 103 38 87 14 52 34
6331 13 8 109 123 12 101 40 57 71 10
6331 14 8 18 102 53 111 115 44 99 23
6331 15 8 91 20 51 77 82 121 86 6
6331 16 8 84 78 94 77 108 83 110 11
6331 17 8 0 64 112 102 65 36 26 9
6331 18 8 86 46 103 52 65 127 64 70
6331 19 8 115 45 32 73 63 82 44 48
6331 20 8 108 82 95 61 105 44 94 86
6331 21 8 35 81 99 25 66 80 40 1
6331 22 8 25 2 95 82 124 30 13 85
6331 23 8 16 97 18 55 42 29 73 105
6331 24 8 46 14 52 0 103 32 34 38
6331 25 8 123 57 109 62 10 12 73 71
6331 26 8 60 102 71 115 53 111 18 22
6331 27 8 51 126 20 91 16 40 77 6
6331 28 8 84 44 94 108 78 110 11 80
6331 29 8 36 0 82 112 65 64 113 26
6331 30 8 86 118 46 64 127 52 85 10
6331 31 8 45 82 44 73 63 48 21 115
6331 32 8 20 61 2 82 44 67 86 105
6331 33 8 35 66 99 40 81 127 106 80
6331 34 8 2 124 95 85 25 82 40 13
6331 35 8 97 73 16 42 55 29 105 115
6331 36 8 103 14 38 0 52 32 46 87
6331 37 8 123 109 57 12 41 62 10 127
6331 38 8 102 18 60 111 22 71 115 34
6331 39 8 51 20 77 126 6 107 121 40
6331 40 8 84 77 44 108 110 80 78 29
6331 41 8 65 0 64 63 85 26 9 122
6331 42 8 18 126 90 49 24 74 123 8
6331 43 8 121 56 104 47 43 8 80 45
6331 44 8 98 80 110 72 11 23 6 45
6331 45 8 47 26 5 22 84 1 76 114
6331 46 8 82 124 75 60 52 10 1 19
6331 47 8 31 127 121 21 15 90 11 26
476 0 8 120 83 63 107 110 18 31 97
476 1 8 34 41 8 2 14 109 24 66
476 2 8 53 67 41 8 54 10 62 88
476 3 8 89 6 76 123 3 41 64 61
476 4 8 79 76 85 124 48 106 11 93
476 5 8 42 125 22 75 96 13 74 18
476 6 8 86 52 64 105 46 127 63 8
476 7 8 95 45 49 34 73 82 106 110
476 8 8 66 84 2 103 14 61 43 95
476 9 8 98 117 110 66 99 80 127 81
476 10 8 73 83 30 2 25 85 97 40
476 11 8 26 78 49 61 122 9 0 98
476 12 8 107 52 79 104 9 46 32 97
476 13 8 6 12 80 64 28 83 77 10
476 14 8 10 79 48 58 111 53 39 34
476 15 8 23 85 3 91 87 121 82 8
476 16 8 8 124 78 84 40 43 45 80
476 17 8 19 53 97 106 112 72 62 85
476 18 8 86 85 52 64 8 63 46 75
476 19 8 45 82 95 110 106 100 115 60
476 20 8 66 103 95 44 14 84 39 86
476 21 8 117 98 80 81 66 9 127 102
476 22 8 73 30 25 53 13 61 85 64
476 23 8 26 61 49 122 115 79 0 37
476 24 8 107 79 104 46 52 74 97 118
476 25 8 6 80 12 64 65 79 28 107
476 26 8 10 79 58 39 53 111 99 48
476 27 8 3 23 85 91 6 121 7 82
476 28 8 8 84 43 78 124 80 15 40
476 29 8 19 97 53 116 82 112 102 62
476 30 8 86 46 74 85 64 27 32 102
476 31 8 44 63 82 115 45 73 1 28
476 32 8 82 66 43 67 61 105 86 2
476 33 8 98 66 81 48 25 99 80 127
476 34 8 73 83 2 90 25 85 30 13
476 35 8 26 47 0 79 69 122 105 37
476 36 8 107 79 68 9 32 46 104 100
476 37 8 6 80 83 65 10 12 79 64
476 38 8 10 58 79 39 48 96 53 111
476 39 8 23 3 85 6 86 91 61 40
476 40 8 8 84 124 43 4 78 18 40
476 41 8 19 53 97 102 113 117 112 9
476 42 8 21 5 93 101 73 18 71 123
476 43 8 104 127 88 36 81 87 20 6
476 44 8 98 0 72 92 6 20 81 71
476 45 8 114 84 1 70 80 4 45 22
476 46 8 115 75 102 60 52 19 8 98
476 47 8 117 34 47 32 123 66 88 36
15235 0 8 75 95 91 64 6 78 37 86
15235 1 8 90 122 8 28 9 68 45 67
15235 2 8 23 4 46 36 5 64 76 111
15235 3 8 70 73 3 24 29 18 123 92
15235 4 8 5 37 27 11 93 67 51 113
15235 5 8 96 87 115 18 75 63 74 48
15235 6 8 86 103 46 64 100 66 88 74
15235 7 8 45 115 82 32 63 73 1 44
15235 8 8 50 82 43 61 67 94 20 105
15235 9 8 25 35 79 81 112 99 102 40
15235 10 8 25 95 85 2 10 30 82 13
15235 11 8 92 16 78 0 29 105 97 101
15235 12 8 103 38 46 32 14 74 34 87
15235 13 8 109 123 57 40 12 1 73 2
15235 14 8 18 60 99 102 61 53 115 23
15235 15 8 91 77 125 20 6 121 3 86
15235 16 8 78 84 94 93 115 77 11 13
15235 17 8 26 0 102 116 112 64 65 36
15235 18 8 86 103 46 100 65 64 75 74
15235 19 8 115 45 32 82 63 44 1 73
15235 20 8 50 82 61 94 108 95 43 44
15235 21 8 81 35 25 99 79 66 80 40
15235 22 8 25 95 85 2 82 124 41 40
15235 23 8 92 42 16 97 29 0 101 43
15235 24 8 14 103 0 46 38 25 32 52
15235 25 8 57 109 123 127 73 2 40 71
15235 26 8 60 18 102 71 115 53 61 99
15235 27 8 125 6 20 77 91 121 126 40
15235 28 8 84 94 93 44 78 108 13 77
15235 29 8 26 0 92 64 65 112 116 15
15235 30 8 86 118 46 64 85 127 10 103
15235 31 8 45 82 44 63 115 100 48 1
15235 32 8 50 67 82 20 61 44 43 105
15235 33 8 35 79 81 25 40 66 99 80
15235 34 8 95 2 124 25 85 41 82 40
15235 35 8 92 97 42 16 0 79 18 25
15235 36 8 103 38 0 14 25 32 46 52
15235 37 8 123 57 109 41 12 127 10 62
15235 38 8 102 18 60 61 7 71 111 115
15235 39 8 20 77 80 107 86 126 90 121
15235 40 8 84 44 110 77 108 93 94 13
15235 41 8 26 0 64 65 112 9 63 17
15235 42 8 49 126 90 24 18 74 59 50
15235 43 8 121 56 104 127 36 43 8 47
15235 44 8 80 110 98 72 45 27 37 11
15235 45 8 47 26 84 5 1 46 22 112
15235 46 8 124 82 60 75 1 52 10 98
15235 47 8 31 127 121 21 15 90 11 26
17847 0 8 91 105 77 12 112 28 122 67
17847 1 8 109 14 2 126 45 13 25 92
17847 2 8 76 41 49 4 23 5 60 64
17847 3 8 70 16 3 32 99 124 92 123
17847 4 8 27 37 1 11 113 5 97 116
17847 5 8 96 75 18 48 87 116 10 12
17847 6 8 46 86 64 88 23 127 70 7
17847 7 8 45 69 115 6 82 73 105 32
17847 8 8 80 82 61 86 43 105 20 2
17847 9 8 35 106 99 81 79 66 25 96
17847 10 8 95 25 85 30 2 109 82 13
17847 11 8 92 16 105 55 78 0 97 43
17847 12 8 46 32 103 87 38 14 75 17
17847 13 8 123 109 101 41 12 40 73 10
17847 14 8 18 102 44 115 23 76 99 7
17847 15 8 82 86 77 20 91 121 8 17
17847 16 8 84 78 94 77 108 83 117 11
17847 17 8 9 102 0 112 64 62 65 113
17847 18 8 86 46 64 7 23 127 52 10
17847 19 8 45 63 115 73 32 44 21 110
17847 20 8 82 61 86 105 44 80 95 43
17847 21 8 35 81 99 66 97 1 71 80
17847 22 8 85 2 25 95 82 30 124 18
17847 23 8 97 105 16 55 42 43 92 29
17847 24 8 46 14 87 103 75 38 0 32
17847 25 8 123 109 57 101 73 71 62 12
17847 26 8 115 44 60 102 18 71 23 53
17847 27 8 82 86 20 8 126 16 17 40
17847 28 8 84 44 78 108 11 110 77 117
17847 29 8 0 36 65 64 62 82 113 112
17847 30 8 46 118 86 127 52 23 64 10
17847 31 8 45 44 63 82 48 73 110 21
17847 32 8 61 82 20 105 86 80 44 43
17847 33 8 35 106 99 79 66 81 1 40
17847 34 8 2 95 124 85 25 40 30 82
17847 35 8 92 97 55 42 16 73 79 105
17847 36 8 38 103 0 14 46 52 32 87
17847 37 8 123 109 57 41 10 12 2 62
17847 38 8 18 111 60 102 115 71 34 7
17847 39 8 20 107 90 121 6 77 86 69
17847 40 8 77 44 110 108 78 29 80 84
17847 41 8 65 64 0 63 85 112 9 106
17847 42 8 24 49 126 90 75 74 59 16
17847 43 8 121 56 47 8 104 125 16 49
17847 44 8 80 13 110 98 11 6 72 23
17847 45 8 5 47 26 83 22 114 84 76
17847 46 8 1 82 124 97 10 52 45 19
17847 47 8 11 31 127 82 121 15 90 21
382 0 8 65 53 1 98 73 100 69 51
382 1 8 18 127 94 119 5 82 15 10
382 2 8 84 80 38 88 57 93 39 40
382 3 8 6 89 31 16 75 124 41 2
382 4 8 124 106 115 76 85 111 48 11
382 5 8 61 125 8 66 37 22 13 9
382 6 8 105 83 8 78 56 52 12 63
382 7 8 34 49 112 101 45 75 106 73
382 8 8 84 121 65 116 9 3 46 105
382 9 8 9 110 80 49 125 117 99 118
382 10 8 61 105 30 56 53 112 98 97
382 11 8 125 61 24 49 7 122 37 96
382 12 8 96 99 15 79 56 104 116 97
382 13 8 6 28 15 19 118 101 23 73
382 14 8 20 48 17 90 100 115 86 88
382 15 8 101 85 10 70 82 91 120 103
382 16 8 124 8 39 78 73 80 81 17
382 17 8 42 21 19 69 48 17 83 99
382 18 8 105 83 8 63 86 56 78 127
382 19 8 49 106 112 82 34 45 73 110
382 20 8 84 121 65 116 105 3 61 67
382 21 8 9 80 125 110 49 99 81 117
382 22 8 61 105 53 30 56 25 78 85
382 23 8 61 24 49 125 23 92 37 96
382 24 8 99 56 15 96 79 97 23 46
382 25 8 58 19 6 15 28 23 118 73
382 26 8 17 20 100 90 48 86 115 76
382 27 8 101 85 10 70 23 103 91 17
382 28 8 81 124 8 78 73 80 39 83
382 29 8 42 19 21 69 48 17 83 1
382 30 8 105 63 78 56 83 127 8 86
382 31 8 112 49 73 106 45 34 82 101
382 32 8 65 121 84 105 61 116 95 67
382 33 8 125 9 110 80 49 99 62 122
382 34 8 78 105 30 61 56 53 25 85
382 35 8 125 24 61 23 49 37 89 96
382 36 8 99 96 15 79 97 56 116 23
382 37 8 58 15 19 28 23 118 6 10
382 38 8 17 90 100 20 48 115 86 8
382 39 8 10 101 23 85 70 103 120 121
382 40 8 80 81 124 8 73 83 17 45
382 41 8 42 69 112 48 21 19 83 17
382 42 8 32 64 31 7 36 74 6 123
382 43 8 104 77 88 31 112 43 71 36
382 44 8 6 0 107 53 73 90 81 121
382 45 8 101 22 27 37 114 2 94 32
382 46 8 11 34 38 52 98 97 22 60
382 47 8 73 125 2 20 105 101 86 85
785 0 8 50 106 21 60 57 103 110 51
785 1 8 6 9 3 95 42 125 72 69
785 2 8 122 90 84 125 93 47 40 25
785 3 8 4 39 107 124 87 2 123 117
785 4 8 56 63 11 50 83 23 67 48
785 5 8 68 51 105 22 18 107 47 8
785 6 8 52 63 86 56 8 127 14 12
785 7 8 45 73 106 82 69 48 60 75
785 8 8 109 36 61 105 95 116 103 47
785 9 8 65 32 49 80 99 45 122 81
785 10 8 30 23 113 123 83 53 112 85
785 11 8 69 67 109 89 82 107 63 43
785 12 8 79 104 114 23 97 107 24 95
785 13 8 66 118 98 21 23 83 42 82
785 14 8 105 16 90 10 8 88 115 11
785 15 8 23 103 72 91 4 56 16 120
785 16 8 78 119 55 80 124 12 43 83
785 17 8 2 35 66 83 69 90 20 112
785 18 8 63 86 75 56 54 127 52 100
785 19 8 45 82 106 73 48 32 3 51
785 20 8 36 95 105 116 109 3 47 80
785 21 8 80 99 65 81 45 114 49 37
785 22 8 30 123 25 53 74 83 113 97
785 23 8 89 67 109 82 46 107 26 69
785 24 8 104 79 107 114 97 24 116 56
785 25 8 66 98 118 21 23 16 73 82
785 26 8 90 105 10 99 76 11 115 58
785 27 8 91 17 23 4 72 10 16 103
785 28 8 78 119 80 114 83 43 124 55
785 29 8 2 35 66 112 121 17 106 20
785 30 8 63 86 75 127 23 56 110 100
785 31 8 45 73 48 106 82 32 20 51
785 32 8 109 95 105 80 61 36 67 116
785 33 8 32 80 62 99 49 65 1 45
785 34 8 30 123 85 25 88 113 53 18
785 35 8 109 89 67 105 69 47 107 122
785 36 8 104 114 24 9 74 42 87 97
785 37 8 66 82 113 10 98 42 23 55
785 38 8 105 16 8 90 58 10 96 99
785 39 8 4 72 91 56 3 121 120 1
785 40 8 119 12 43 80 78 114 83 55
785 41 8 2 66 112 35 20 9 117 106
785 42 8 27 18 102 93 123 36 16 5
785 43 8 29 6 104 87 36 112 65 97
785 44 8 6 48 20 81 72 121 27 44
785 45 8 80 70 22 37 123 32 114 12
785 46 8 115 52 80 22 60 98 61 117
785 47 8 36 66 120 47 123 88 85 86
3364 0 8 87 28 125 23 41 124 51 105
3364 1 8 45 48 122 29 16 68 67 88
3364 2 8 125 76 126 4 100 25 73 36
3364 3 8 70 92 112 12 62 61 40 93
3364 4 8 11 50 27 104 77 47 93 48
3364 5 8 10 87 74 117 83 18 103 115
3364 6 8 86 63 118 52 75 64 23 54
3364 7 8 106 45 82 73 110 51 115 69
3364 8 8 20 15 95 46 103 80 86 116
3364 9 8 80 32 35 65 49 96 114 81
3364 10 8 30 95 109 88 103 112 113 18
3364 11 8 16 64 42 69 89 82 22 43
3364 12 8 26 114 80 116 0 104 42 14
3364 13 8 41 57 123 109 98 101 82 10
3364 14 8 60 47 99 16 90 6 88 76
3364 15 8 91 20 72 56 120 17 16 77
3364 16 8 78 60 77 83 80 110 114 55
3364 17 8 46 64 0 106 83 103 52 112
3364 18 8 63 86 75 23 52 54 64 3
3364 19 8 106 82 45 73 48 110 32 33
3364 20 8 95 105 116 101 3 15 46 20
3364 21 8 80 35 62 49 99 81 96 65
3364 22 8 30 109 95 41 103 23 53 25
3364 23 8 42 64 89 22 16 96 8 0
3364 24 8 0 26 114 14 116 25 46 42
3364 25 8 98 57 18 41 82 73 109 106
3364 26 8 60 47 90 102 99 6 88 8
3364 27 8 91 20 72 120 56 16 60 17
3364 28 8 80 78 60 114 110 83 108 45
3364 29 8 46 15 94 64 83 106 52 112
3364 30 8 63 56 110 118 75 86 52 115
3364 31 8 106 73 34 82 45 50 110 51
3364 32 8 20 95 116 15 46 36 3 105
3364 33 8 80 35 32 62 49 65 22 45
3364 34 8 30 103 41 109 53 23 88 113
3364 35 8 89 42 64 22 37 69 98 16
3364 36 8 26 25 0 74 97 103 42 95
3364 37 8 41 82 18 16 57 10 76 21
3364 38 8 102 60 47 8 71 80 34 88
3364 39 8 60 56 20 120 51 95 77 35
3364 40 8 110 80 55 60 108 44 45 83
3364 41 8 36 64 15 46 52 106 117 103
3364 42 8 90 49 125 24 73 8 123 74
3364 43 8 74 121 12 49 19 125 104 80
3364 44 8 13 6 99 88 45 11 23 121
3364 45 8 26 76 58 112 17 22 46 5
3364 46 8 30 84 81 96 29 105 39 80
3364 47 8 121 111 127 15 95 52 35 21
3880 0 8 120 126 12 2 112 97 29 51
3880 1 8 107 86 123 67 88 78 76 62
3880 2 8 9 14 24 119 125 51 47 116
3880 3 8 13 59 105 7 89 38 16 25
3880 4 8 25 22 0 124 11 104 74 48
3880 5 8 80 102 34 126 82 78 107 68
3880 6 8 110 64 63 8 52 30 42 56
3880 7 8 34 87 106 73 50 98 110 45
3880 8 8 64 46 116 106 3 36 15 39
3880 9 8 94 80 45 49 118 22 65 32
3880 10 8 74 113 30 62 53 112 108 64
3880 11 8 69 86 9 89 87 98 67 8
3880 12 8 53 104 97 116 26 79 74 42
3880 13 8 44 75 24 21 64 16 98 73
3880 14 8 62 6 28 79 8 80 88 29
3880 15 8 60 56 35 23 95 91 98 38
3880 16 8 15 80 60 123 45 7 18 121
3880 17 8 20 15 14 97 83 106 85 52
3880 18 8 63 110 64 75 30 52 86 79
3880 19 8 106 87 34 73 82 3 110 50
3880 20 8 3 64 36 46 106 95 39 116
3880 21 8 94 45 118 80 22 49 65 113
3880 22 8 30 113 74 112 62 53 108 35
3880 23 8 89 69 86 78 37 8 87 0
3880 24 8 104 53 116 100 74 97 42 118
3880 25 8 75 44 24 21 98 16 65 64
3880 26 8 28 62 58 11 6 79 80 39
3880 27 8 56 4 91 60 23 35 10 98
3880 28 8 80 15 123 78 83 114 121 60
3880 29 8 20 97 14 83 117 106 85 15
3880 30 8 63 110 75 86 56 64 8 54
3880 31 8 73 106 82 34 87 45 110 51
3880 32 8 95 64 46 39 3 105 116 36
3880 33 8 80 94 45 62 49 22 113 118
3880 34 8 30 53 74 83 113 62 101 45
3880 35 8 89 67 78 87 86 69 105 98
3880 36 8 53 104 100 124 76 42 9 97
3880 37 8 44 24 75 10 65 98 21 115
3880 38 8 62 28 58 99 6 39 8 96
3880 39 8 91 56 98 23 4 1 120 3
3880 40 8 123 80 83 20 43 78 121 114
3880 41 8 112 20 106 14 97 117 83 85
3880 42 8 65 123 75 101 22 5 93 36
3880 43 8 104 4 87 112 2 81 6 36
3880 44 8 6 71 54 20 81 113 72 13
3880 45 8 22 80 37 127 114 123 119 12
3880 46 8 80 22 52 98 67 115 117 60
3880 47 8 117 34 32 66 47 85 123 88
264 0 8 106 27 50 110 61 0 48 38
264 1 8 99 7 9 91 123 62 46 76
264 2 8 45 7 122 125 51 14 50 65
264 3 8 59 105 7 41 94 26 16 39
264 4 8 0 22 11 104 77 39 124 48
264 5 8 51 105 102 80 126 78 18 22
264 6 8 110 86 63 64 52 75 9 13
264 7 8 73 106 34 45 110 82 26 33
264 8 8 2 39 64 95 46 3 99 116
264 9 8 49 22 45 80 113 94 48 99
264 10 8 30 74 23 83 62 113 110 80
264 11 8 78 67 47 87 86 69 9 82
264 12 8 68 95 104 42 100 71 79 53
264 13 8 66 12 44 65 75 119 113 64
264 14 8 105 58 96 6 99 88 76 39
264 15 8 91 56 4 23 98 1 17 3
264 16 8 43 78 51 80 121 114 40 83
264 17 8 20 2 66 106 35 83 112 121
264 18 8 86 63 75 110 52 54 100 127
264 19 8 45 82 106 73 32 48 115 51
264 20 8 95 105 2 61 8 103 80 64
264 21 8 80 99 81 1 45 22 62 49
264 22 8 30 74 113 83 25 85 107 112
264 23 8 89 78 47 67 107 105 86 43
264 24 8 104 68 42 100 53 87 116 46
264 25 8 12 66 44 75 98 21 65 113
264 26 8 99 105 58 76 115 23 6 8
264 27 8 91 17 56 4 23 1 121 82
264 28 8 78 43 114 80 51 83 102 121
264 29 8 2 20 112 35 66 106 121 83
264 30 8 63 86 127 75 23 110 100 10
264 31 8 73 45 106 82 48 32 110 115
264 32 8 2 95 61 105 80 8 67 47
264 33 8 80 49 99 62 81 97 1 22
264 34 8 30 83 85 110 25 14 76 80
264 35 8 78 47 89 67 69 105 107 87
264 36 8 42 104 68 76 9 87 95 100
264 37 8 12 66 99 65 113 10 42 101
264 38 8 105 96 58 99 39 115 8 10
264 39 8 4 56 98 91 3 1 121 120
264 40 8 51 43 80 78 114 121 83 18
264 41 8 112 2 66 20 35 117 106 9
264 42 8 98 123 18 93 102 22 16 71
264 43 8 6 104 87 81 112 36 97 65
264 44 8 6 48 20 81 72 121 98 27
264 45 8 80 20 70 22 123 37 114 12
264 46 8 115 80 22 52 60 98 117 55
264 47 8 36 120 47 66 123 88 85 59
10435 0 8 77 23 28 112 87 62 105 125
10435 1 8 7 29 45 67 48 114 68 90
10435 2 8 125 4 76 73 69 15 67 64
10435 3 8 62 12 92 41 70 40 122 61
10435 4 8 27 116 47 11 5 97 37 104
10435 5 8 48 74 116 87 10 18 117 115
10435 6 8 86 63 75 23 52 64 10 110
10435 7 8 45 73 69 48 106 110 20 82
10435 8 8 80 105 95 2 6 20 46 8
10435 9 8 35 99 49 80 104 1 96 81
10435 10 8 95 30 25 109 110 41 120 18
10435 11 8 78 16 105 43 42 97 64 89
10435 12 8 38 46 103 87 76 0 42 32
10435 13 8 12 123 109 101 41 10 42 57
10435 14 8 76 47 44 23 99 60 18 6
10435 15 8 91 20 17 82 77 120 8 1
10435 16 8 78 77 83 29 75 114 115 79
10435 17 8 64 106 0 112 65 84 6 36
10435 18 8 86 23 75 52 63 10 127 38
10435 19 8 45 48 73 69 110 32 20 115
10435 20 8 105 80 95 61 8 44 86 67
10435 21 8 35 99 81 80 49 1 114 97
10435 22 8 30 95 25 109 18 85 41 124
10435 23 8 16 43 105 42 97 46 89 107
10435 24 8 38 25 103 0 46 87 75 32
10435 25 8 123 109 57 18 12 101 41 42
10435 26 8 60 76 23 99 47 18 44 71
10435 27 8 91 20 17 77 82 8 16 121
10435 28 8 78 83 44 77 29 110 80 115
10435 29 8 112 0 65 64 106 36 84 9
10435 30 8 118 86 23 10 63 46 52 127
10435 31 8 45 73 48 69 110 106 20 82
10435 32 8 80 20 105 61 2 95 6 44
10435 33 8 35 99 40 104 49 80 1 81
10435 34 8 95 30 110 124 109 53 23 85
10435 35 8 16 78 42 97 105 89 98 68
10435 36 8 103 25 0 38 87 76 42 97
10435 37 8 41 12 57 123 109 10 101 18
10435 38 8 18 60 47 102 71 111 99 34
10435 39 8 20 77 91 107 90 120 35 121
10435 40 8 29 77 110 44 80 83 109 78
10435 41 8 65 0 64 63 85 112 122 9
10435 42 8 90 126 49 75 24 55 18 59
10435 43 8 121 74 125 49 47 104 8 97
10435 44 8 110 13 6 80 72 23 121 98
10435 45 8 26 5 47 83 76 22 119 87
10435 46 8 1 10 96 45 124 52 97 82
10435 47 8 31 127 11 121 15 90 21 82
13 0 8 65 98 43 73 45 72 114 70
13 1 8 18 38 94 127 26 70 95 43
13 2 8 84 88 93 38 82 40 57 47
13 3 8 89 6 31 2 41 124 59 12
13 4 8 76 106 124 85 115 47 48 58
13 5 8 125 61 66 126 22 8 74 13
13 6 8 105 83 86 110 8 63 52 30
13 7 8 34 73 49 106 45 110 112 69
13 8 8 84 121 2 46 3 80 105 116
13 9 8 49 110 9 80 117 52 127 99
13 10 8 30 61 105 53 62 110 113 112
13 11 8 61 78 49 24 89 69 125 98
13 12 8 99 15 104 97 116 96 95 100
13 13 8 6 28 12 15 64 10 42 95
13 14 8 20 48 88 6 104 90 8 17
13 15 8 85 91 101 82 103 23 10 120
13 16 8 124 8 78 80 83 45 73 114
13 17 8 69 42 19 106 105 17 85 72
13 18 8 63 105 86 8 30 56 75 52
13 19 8 106 73 49 34 82 45 110 3
13 20 8 84 121 3 46 116 95 2 14
13 21 8 80 9 110 49 99 114 10 117
13 22 8 30 105 53 61 112 113 62 25
13 23 8 61 24 89 49 37 78 23 69
13 24 8 99 104 15 56 97 116 96 95
13 25 8 6 15 28 58 64 73 12 16
13 26 8 20 48 90 17 11 6 76 88
13 27 8 85 101 10 23 91 103 70 82
13 28 8 124 78 8 80 73 83 45 81
13 29 8 69 19 42 17 112 48 1 106
13 30 8 105 56 63 127 86 110 83 23
13 31 8 49 34 73 45 106 112 82 110
13 32 8 121 61 84 65 105 80 95 116
13 33 8 45 9 110 125 80 49 99 104
13 34 8 53 105 30 61 85 56 25 112
13 35 8 61 24 49 125 23 89 37 105
13 36 8 99 15 97 96 107 116 9 63
13 37 8 15 6 58 28 10 23 25 101
13 38 8 20 17 48 90 115 8 34 86
13 39 8 23 101 85 103 10 121 70 95
13 40 8 124 8 45 73 80 83 78 65
13 41 8 112 42 69 48 19 1 17 21
13 42 8 32 64 31 74 36 7 123 115
13 43 8 77 88 104 43 112 36 97 19
13 44 8 107 0 6 53 73 90 81 121
13 45 8 22 101 27 94 114 37 2 123
13 46 8 11 97 52 38 84 60 98 22
13 47 8 105 73 57 20 86 85 109 95
10696 0 8 2 21 63 75 77 51 97 126
10696 1 8 58 6 23 53 95 69 116 3
10696 2 8 8 9 54 93 14 87 47 51
10696 3 8 2 38 64 59 4 16 39 29
10696 4 8 56 124 22 25 48 47 118 67
10696 5 8 47 82 34 13 22 126 68 107
10696 6 8 110 42 52 30 63 79 86 64
10696 7 8 34 106 60 95 110 73 51 45
10696 8 8 36 109 46 103 39 3 14 105
10696 9 8 45 80 65 118 52 49 1 127
10696 10 8 30 97 113 83 112 108 39 74
10696 11 8 67 9 98 107 65 37 26 89
10696 12 8 104 118 71 97 52 116 63 107
10696 13 8 21 98 73 16 77 12 102 64
10696 14 8 79 34 8 88 76 6 75 80
10696 15 8 23 87 95 103 60 91 8 82
10696 16 8 15 45 7 78 65 80 55 124
10696 17 8 69 15 97 53 17 106 85 48
10696 18 8 86 63 52 79 75 42 30 110
10696 19 8 73 106 45 82 34 32 95 110
10696 20 8 36 39 95 105 3 80 46 116
10696 21 8 45 80 49 99 81 65 1 117
10696 22 8 30 113 83 53 25 74 97 112
10696 23 8 67 89 47 37 8 105 122 107
10696 24 8 118 104 100 68 97 116 9 52
10696 25 8 21 98 75 107 44 16 79 65
10696 26 8 79 28 76 99 39 44 115 23
10696 27 8 23 91 17 4 121 82 3 87
10696 28 8 78 15 83 114 80 55 102 79
10696 29 8 112 17 97 69 106 9 121 15
10696 30 8 23 127 86 10 52 46 63 75
10696 31 8 45 48 73 82 32 1 20 95
10696 32 8 61 105 80 109 36 17 95 44
10696 33 8 45 99 81 97 1 80 48 49
10696 34 8 85 83 123 30 53 25 113 18
10696 35 8 67 105 89 122 98 47 115 29
10696 36 8 118 97 104 87 52 46 30 9
10696 37 8 98 10 21 101 6 16 75 121
10696 38 8 79 115 28 44 34 10 23 7
10696 39 8 23 87 103 121 4 3 17 95
10696 40 8 78 7 83 20 55 80 8 114
10696 41 8 112 69 9 48 97 1 53 17
10696 42 8 37 64 31 115 74 36 101 7
10696 43 8 104 77 36 43 112 88 46 97
10696 44 8 107 6 0 73 98 53 27 92
10696 45 8 114 22 1 27 127 32 2 4
10696 46 8 97 67 60 52 98 117 22 61
10696 47 8 117 34 32 86 85 73 124 57
468 0 8 72 49 78 50 75 6 27 32
468 1 8 28 122 9 113 19 71 30 37
468 2 8 46 2 127 107 104 111 97 36
468 3 8 103 112 74 108 124 2 3 20
468 4 8 50 11 53 37 30 57 70 46
468 5 8 18 75 63 74 110 56 93 22
468 6 8 86 87 127 46 52 63 23 118
468 7 8 45 2 32 82 115 73 48 1
468 8 8 61 105 123 80 98 95 8 86
468 9 8 81 99 35 7 49 1 80 37
468 10 8 85 103 25 82 94 30 112 13
468 11 8 105 43 107 18 90 29 65 89
468 12 8 46 26 87 75 2 9 52 114
468 13 8 2 101 73 40 71 10 92 106
468 14 8 115 23 99 44 76 7 33 15
468 15 8 91 121 8 82 16 89 80 17
468 16 8 11 78 84 115 83 117 102 79
468 17 8 112 9 102 39 82 62 36 121
468 18 8 86 52 127 23 46 87 64 10
468 19 8 115 45 2 32 48 63 82 110
468 20 8 61 105 44 80 82 95 17 86
468 21 8 99 81 1 97 7 66 111 35
468 22 8 85 25 18 103 94 52 112 35
468 23 8 43 105 99 29 22 107 115 46
468 24 8 46 87 75 2 26 14 34 127
468 25 8 2 101 73 92 106 112 18 71
468 26 8 115 23 44 76 15 34 99 7
468 27 8 16 8 82 32 121 17 126 0
468 28 8 84 11 78 100 79 65 35 82
468 29 8 39 82 113 112 62 121 122 18
468 30 8 86 46 87 52 127 10 23 56
468 31 8 45 2 63 44 48 115 82 32
468 32 8 61 105 82 22 17 80 67 123
468 33 8 7 111 99 81 47 82 1 66
468 34 8 94 55 23 103 85 126 82 35
468 35 8 99 30 43 9 22 96 25 111
468 36 8 127 2 75 46 14 26 24 52
468 37 8 61 92 112 73 2 18 101 52
468 38 8 15 33 92 115 73 38 61 7
468 39 8 80 32 0 89 25 16 125 8
468 40 8 100 82 93 78 35 105 65 11
468 41 8 39 99 18 82 1 92 68 49
468 42 8 58 115 17 4 116 71 92 106
468 43 8 98 41 5 83 46 69 82 104
468 44 8 62 107 96 11 42 64 9 6
468 45 8 114 107 88 48 92 77 16 1
468 46 8 43 54 3 79 26 46 35 92
468 47 8 42 80 39 17 53 124 23 96
30498 0 8 22 40 4 47 33 66 28 6
30498 1 8 28 44 122 45 36 33 90 109
30498 2 8 46 4 12 60 127 125 56 5
30498 3 8 24 74 20 3 124 103 78 112
30498 4 8 37 60 11 57 127 30 67 50
30498 5 8 18 35 0 12 110 26 75 93
30498 6 8 111 86 91 87 64 46 27 65
30498 7 8 45 82 115 32 88 69 19 63
30498 8 8 123 108 61 80 82 105 17 67
30498 9 8 8 35 7 81 99 92 124 80
30498 10 8 94 25 85 82 71 103 91 112
30498 11 8 99 73 105 107 43 25 33 68
30498 12 8 46 26 75 9 127 87 2 0
30498 13 8 2 62 57 92 71 101 73 112
30498 14 8 61 76 115 99 49 22 23 60
30498 15 8 91 16 89 8 87 121 32 125
30498 16 8 108 78 11 65 83 44 115 79
30498 17 8 46 18 112 0 82 106 43 49
30498 18 8 86 52 87 127 118 65 91 75
30498 19 8 45 2 32 115 48 82 69 73
30498 20 8 105 61 80 95 20 17 8 44
30498 21 8 99 81 7 35 1 49 80 47
30498 22 8 85 103 25 94 82 35 112 30
30498 23 8 43 99 42 105 22 25 107 30
30498 24 8 46 87 75 26 0 2 25 52
30498 25 8 2 18 57 101 73 71 77 112
30498 26 8 61 115 76 60 23 99 15 34
30498 27 8 8 126 91 16 60 17 1 121
30498 28 8 11 78 108 83 84 79 15 102
30498 29 8 17 15 46 106 112 52 113 121
30498 30 8 10 86 52 127 46 23 118 75
30498 31 8 45 48 2 51 69 20 110 115
30498 32 8 80 105 61 44 67 103 95 20
30498 33 8 1 99 52 35 81 49 7 97
30498 34 8 103 35 25 85 52 18 23 53
30498 35 8 105 99 115 25 43 98 42 22
30498 36 8 87 26 25 46 75 0 52 42
30498 37 8 2 101 18 57 10 16 112 73
30498 38 8 61 80 15 7 60 115 39 71
30498 39 8 60 1 121 78 8 20 32 95
30498 40 8 108 83 78 15 11 55 84 44
30498 41 8 106 15 46 17 36 52 26 113
30498 42 8 49 125 74 2 123 7 24 22
30498 43 8 56 43 12 19 97 104 8 112
30498 44 8 88 45 11 98 99 6 27 72
30498 45 8 46 112 17 22 119 84 92 123
30498 46 8 105 39 30 29 81 84 80 22
30498 47 8 52 95 35 111 108 127 6 59
374 0 8 120 104 16 107 111 47 53 66
374 1 8 107 34 86 76 2 37 39 122
374 2 8 14 87 51 116 9 10 125 7
374 3 8 34 13 76 99 38 89 105 112
374 4 8 23 0 118 11 25 74 67 102
374 5 8 80 107 126 75 18 13 22 34
374 6 8 86 52 63 127 42 14 110 23
374 7 8 87 45 60 50 73 48 82 2
374 8 8 61 103 64 105 95 39 44 80
374 9 8 94 45 99 111 49 1 81 80
374 10 8 83 30 85 35 103 25 113 14
374 11 8 98 105 67 86 99 122 115 107
374 12 8 53 104 26 9 97 87 75 46
374 13 8 44 2 75 21 16 64 77 98
374 14 8 80 79 115 76 7 44 99 58
374 15 8 60 91 121 17 8 95 1 82
374 16 8 40 78 11 7 79 83 75 60
374 17 8 15 106 53 17 112 97 52 121
374 18 8 86 23 52 127 10 79 75 63
374 19 8 45 48 20 115 87 1 32 73
374 20 8 105 80 61 95 8 44 47 103
374 21 8 94 99 1 81 97 45 37 52
374 22 8 25 35 30 123 85 53 83 14
374 23 8 105 89 47 43 115 107 86 29
374 24 8 87 68 53 46 104 75 52 74
374 25 8 75 2 101 44 21 64 65 71
374 26 8 80 23 7 44 99 39 76 115
374 27 8 91 60 1 17 121 8 3 95
374 28 8 78 40 83 84 11 114 102 15
374 29 8 17 15 106 112 53 121 9 52
374 30 8 86 46 10 23 64 52 127 100
374 31 8 45 48 63 115 73 20 1 110
374 32 8 80 105 61 82 44 67 95 122
374 33 8 94 1 99 81 97 52 49 71
374 34 8 83 25 35 52 18 85 13 30
374 35 8 105 115 29 107 43 67 86 46
374 36 8 53 87 46 75 104 42 100 76
374 37 8 75 101 44 2 10 21 73 65
374 38 8 80 79 7 39 44 115 58 34
374 39 8 60 1 121 78 8 95 23 120
374 40 8 40 83 7 78 15 84 75 45
374 41 8 53 106 15 52 17 113 117 9
374 42 8 125 37 74 73 123 2 24 22
374 43 8 43 56 81 19 8 112 97 104
374 44 8 98 45 80 54 37 6 72 44
374 45 8 46 112 92 22 84 80 119 1
374 46 8 82 105 39 124 84 80 22 75
374 47 8 52 90 35 95 32 27 108 85
7404 0 8 62 126 87 124 80 28 51 111
7404 1 8 78 107 76 86 45 123 58 122
7404 2 8 125 119 51 15 52 4 68 9
7404 3 8 7 76 25 34 105 59 79 123
7404 4 8 47 39 74 22 67 11 105 116
7404 5 8 80 116 49 74 126 75 18 22
7404 6 8 86 79 52 10 63 75 23 127
7404 7 8 87 73 45 48 69 20 110 51
7404 8 8 80 24 105 51 61 8 103 95
7404 9 8 99 49 52 1 94 81 37 97
7404 10 8 30 35 120 95 83 25 2 112
7404 11 8 71 105 16 86 43 87 111 115
7404 12 8 87 46 100 53 76 75 42 32
7404 13 8 24 75 101 2 44 10 123 73
7404 14 8 62 76 44 7 99 23 34 115
7404 15 8 91 98 8 87 82 1 17 16
7404 16 8 83 78 123 79 40 29 77 75
7404 17 8 106 17 112 84 85 65 53 14
7404 18 8 86 63 75 52 79 10 23 127
7404 19 8 45 73 48 69 20 110 32 87
7404 20 8 105 80 61 8 95 86 24 44
7404 21 8 99 81 1 94 80 49 97 52
7404 22 8 35 120 30 25 95 85 18 52
7404 23 8 71 105 43 89 86 115 46 107
7404 24 8 46 87 53 75 100 52 42 104
7404 25 8 24 101 75 77 64 73 44 10
7404 26 8 76 62 99 23 44 34 115 28
7404 27 8 98 91 8 17 1 82 121 7
7404 28 8 78 123 83 79 84 29 114 80
7404 29 8 106 84 17 112 65 85 113 0
7404 30 8 86 46 10 23 52 75 27 63
7404 31 8 45 48 69 73 63 20 115 110
7404 32 8 80 105 24 61 37 8 95 44
7404 33 8 99 49 1 52 94 48 81 105
7404 34 8 120 95 30 35 85 52 18 25
7404 35 8 71 105 16 97 87 115 43 86
7404 36 8 87 46 100 53 42 75 52 76
7404 37 8 24 101 95 10 75 73 44 109
7404 38 8 62 44 34 22 76 39 18 111
7404 39 8 98 91 8 120 121 1 20 7
7404 40 8 123 83 29 78 77 84 79 80
7404 41 8 58 84 106 0 65 112 85 9
7404 42 8 2 28 75 8 126 123 55 36
7404 43 8 121 2 97 104 112 8 47 45
7404 44 8 13 80 54 113 110 6 98 72
7404 45 8 47 119 83 26 5 22 1 84
7404 46 8 74 45 10 97 17 52 84 102
7404 47 8 11 54 31 90 127 27 114 72
311 0 8 11 81 61 93 84 31 43 120
311 1 8 19 83 45 123 41 62 7 86
311 2 8 51 125 117 119 69 116 36 66
311 3 8 7 76 120 91 25 105 26 1
311 4 8 91 39 67 47 105 111 74 37
311 5 8 111 116 80 49 75 18 74 22
311 6 8 86 79 10 52 23 46 127 75
311 7 8 45 69 48 72 20 73 110 115
311 8 8 80 105 51 61 28 27 99 44
311 9 8 48 99 81 52 1 97 94 43
311 10 8 83 30 120 35 14 25 18 85
311 11 8 105 71 47 58 43 115 86 13
311 12 8 87 46 69 68 75 100 53 120
311 13 8 55 101 121 2 24 75 44 73
311 14 8 28 44 76 7 115 23 99 34
311 15 8 8 91 3 98 82 16 17 121
311 16 8 78 83 20 121 79 43 75 11
311 17 8 97 106 14 112 45 17 121 9
311 18 8 86 52 79 23 10 127 38 75
311 19 8 45 48 69 115 110 20 73 72
311 20 8 61 105 80 86 95 8 99 44
311 21 8 48 99 81 1 97 52 96 80
311 22 8 85 25 35 14 18 120 52 123
311 23 8 43 47 105 58 90 115 71 86
311 24 8 69 46 68 87 120 75 100 2
311 25 8 55 107 101 121 73 64 71 79
311 26 8 28 115 23 76 10 44 99 34
311 27 8 3 8 17 121 91 23 82 34
311 28 8 78 84 83 20 79 121 43 80
311 29 8 112 97 45 14 106 9 113 121
311 30 8 46 86 127 23 10 52 27 64
311 31 8 45 63 115 44 48 73 69 32
311 32 8 61 105 80 82 17 67 99 43
311 33 8 48 99 81 97 1 52 66 80
311 34 8 85 83 14 25 120 13 30 112
311 35 8 58 47 105 13 71 43 90 29
311 36 8 69 68 46 120 87 75 30 2
311 37 8 121 55 99 101 107 79 73 10
311 38 8 28 115 10 39 44 101 23 76
311 39 8 3 121 4 34 91 23 8 40
311 40 8 121 20 84 78 43 80 83 79
311 41 8 9 112 14 97 45 1 106 113
311 42 8 65 2 101 36 115 21 123 71
311 43 8 104 4 36 65 81 87 97 120
311 44 8 107 54 98 71 27 6 92 81
311 45 8 127 114 22 84 4 1 27 2
311 46 8 97 67 60 52 98 22 117 75
311 47 8 34 117 32 85 86 27 6 55
264 0 8 106 27 50 110 48 47 118 103
264 1 8 99 62 75 123 30 126 9 116
264 2 8 45 122 125 68 52 51 69 7
264 3 8 91 94 123 7 59 61 32 122
264 4 8 111 67 47 113 39 102 11 105
264 5 8 105 51 75 111 49 18 5 74
264 6 8 86 23 127 52 14 46 7 10
264 7 8 45 48 73 72 1 21 110 69
264 8 8 80 61 105 2 99 86 8 28
264 9 8 48 99 81 97 1 49 96 24
264 10 8 83 85 30 25 18 14 13 112
264 11 8 105 47 43 58 71 46 13 115
264 12 8 46 68 87 69 75 120 100 2
264 13 8 101 12 55 66 2 113 73 64
264 14 8 115 105 44 76 99 23 10 7
264 15 8 91 3 121 8 82 17 4 16
264 16 8 78 83 51 43 121 79 84 75
264 17 8 112 2 35 9 66 106 45 121
264 18 8 86 52 127 23 10 64 75 46
264 19 8 45 115 48 32 110 82 51 1
264 20 8 61 105 80 95 2 44 86 17
264 21 8 81 1 99 97 48 52 37 96
264 22 8 25 85 52 18 103 112 35 13
264 23 8 29 105 43 107 115 46 37 47
264 24 8 46 87 75 68 43 2 97 69
264 25 8 101 12 66 2 73 71 55 107
264 26 8 115 23 99 76 34 7 105 44
264 27 8 3 82 8 17 121 16 91 7
264 28 8 78 51 84 83 79 43 117 102
264 29 8 112 2 35 9 62 66 106 121
264 30 8 86 127 46 23 64 52 10 7
264 31 8 45 63 115 73 82 44 32 48
264 32 8 61 2 82 105 17 67 43 80
264 33 8 99 97 81 37 48 1 66 71
264 34 8 85 83 25 76 3 103 94 18
264 35 8 47 29 43 109 107 115 13 50
264 36 8 46 68 69 87 75 2 42 9
264 37 8 66 12 99 113 101 10 73 65
264 38 8 105 115 96 10 39 58 44 23
264 39 8 3 4 121 7 91 8 98 40
264 40 8 51 43 84 78 121 80 79 83
264 41 8 112 9 2 35 66 126 113 106
264 42 8 98 18 102 93 123 36 16 5
264 43 8 104 81 87 36 6 120 45 127
264 44 8 48 98 20 27 81 6 72 92
264 45 8 84 80 114 70 22 1 4 37
264 46 8 60 115 22 98 75 117 52 80
264 47 8 36 120 85 47 123 88 66 59
3738 0 8 17 91 68 28 87 22 51 110
3738 1 8 2 99 48 90 122 68 67 9
3738 2 8 41 4 74 51 70 36 64 73
3738 3 8 123 70 73 50 91 78 24 77
3738 4 8 87 5 37 116 67 11 51 27
3738 5 8 75 115 116 122 18 48 87 74
3738 6 8 86 127 23 46 64 85 52 7
3738 7 8 45 2 115 82 73 63 32 20
3738 8 8 61 80 105 4 95 2 82 70
3738 9 8 35 24 25 81 99 1 41 97
3738 10 8 85 95 13 25 30 52 103 110
3738 11 8 16 105 43 29 122 46 42 0
3738 12 8 46 87 103 0 75 14 38 76
3738 13 8 2 101 123 109 12 57 102 40
3738 14 8 60 44 99 18 115 76 23 64
3738 15 8 91 121 8 20 1 77 17 82
3738 16 8 11 78 83 102 108 75 79 84
3738 17 8 112 0 9 106 102 65 36 64
3738 18 8 86 127 23 10 52 64 75 38
3738 19 8 45 32 2 48 115 82 110 73
3738 20 8 61 105 95 80 17 86 44 2
3738 21 8 35 81 1 99 97 24 71 41
3738 22 8 85 95 25 103 52 30 82 41
3738 23 8 42 43 97 16 105 29 116 107
3738 24 8 46 103 87 38 0 75 14 25
3738 25 8 123 57 2 109 101 12 73 127
3738 26 8 115 60 23 64 44 18 102 71
3738 27 8 121 17 8 91 77 82 20 126
3738 28 8 78 11 44 13 109 83 108 84
3738 29 8 112 36 0 9 92 106 65 121
3738 30 8 127 86 23 118 46 64 10 52
3738 31 8 45 73 2 32 63 82 48 110
3738 32 8 61 105 20 80 17 4 2 82
3738 33 8 35 99 97 81 41 40 1 24
3738 34 8 85 124 41 95 25 40 103 30
3738 35 8 97 42 16 29 18 43 46 50
3738 36 8 103 38 46 0 25 14 87 2
3738 37 8 12 123 57 127 109 2 102 101
3738 38 8 102 18 60 115 64 44 71 111
3738 39 8 121 107 77 20 90 1 91 7
3738 40 8 109 13 108 44 77 110 83 78
3738 41 8 0 112 9 65 63 64 66 92
3738 42 8 126 18 49 16 86 75 5 98
3738 43 8 56 104 16 36 121 87 47 45
3738 44 8 72 98 110 80 27 81 11 6
3738 45 8 84 22 5 26 114 47 4 12
3738 46 8 60 75 98 52 22 51 117 102
3738 47 8 127 31 21 26 85 15 121 11
11 0 8 65 44 26 59 114 121 73 38
11 1 8 50 94 2 77 34 124 26 18
11 2 8 53 88 84 93 49 41 18 52
11 3 8 123 89 6 50 31 2 124 76
11 4 8 79 76 106 85 67 47 48 102
11 5 8 125 42 61 22 75 66 116 49
11 6 8 86 105 83 52 127 23 10 8
11 7 8 49 45 73 20 48 69 110 1
11 8 8 80 61 105 2 121 84 103 44
11 9 8 110 99 97 9 1 49 24 81
11 10 8 30 85 61 25 73 83 105 35
11 11 8 105 71 61 43 46 26 49 122
11 12 8 46 87 99 75 76 104 97 15
11 13 8 6 101 2 12 64 28 10 73
11 14 8 20 48 44 7 23 115 76 99
11 15 8 85 91 121 17 82 1 98 8
11 16 8 78 108 83 8 124 79 102 11
11 17 8 72 106 112 17 19 121 9 69
11 18 8 86 23 10 52 127 105 75 63
11 19 8 45 48 73 110 115 49 69 51
11 20 8 105 80 61 44 84 95 121 86
11 21 8 9 97 99 81 110 1 80 52
11 22 8 85 25 30 105 61 18 13 35
11 23 8 61 105 49 24 46 43 29 94
11 24 8 99 46 87 15 75 97 74 34
11 25 8 6 101 2 15 28 64 12 73
11 26 8 20 48 115 76 23 44 7 99
11 27 8 85 17 91 8 16 121 82 1
11 28 8 78 108 124 8 83 80 79 11
11 29 8 19 112 17 106 72 9 15 53
11 30 8 105 127 23 10 52 86 56 63
11 31 8 45 49 48 73 51 32 110 82
11 32 8 61 121 105 80 103 17 84 95
11 33 8 99 9 110 1 125 127 49 80
11 34 8 85 73 105 61 53 30 25 13
11 35 8 26 61 24 49 23 37 29 105
11 36 8 99 9 107 15 97 46 63 87
11 37 8 6 15 28 79 80 101 10 73
11 38 8 20 115 48 10 76 111 34 44
11 39 8 85 23 121 101 95 1 8 17
11 40 8 108 8 83 124 78 80 105 45
11 41 8 72 112 53 19 69 9 17 15
11 42 8 39 126 74 31 7 115 123 16
11 43 8 43 77 104 56 19 88 97 49
11 44 8 107 0 53 45 6 37 73 44
11 45 8 22 46 112 114 37 2 27 119
11 46 8 97 82 123 105 60 22 39 52
11 47 8 73 95 90 32 85 35 86 117
714 0 8 63 2 120 103 21 51 97 14
714 1 8 23 8 41 58 26 53 42 6
714 2 8 88 84 53 8 54 93 10 81
714 3 8 64 89 2 38 123 124 6 16
714 4 8 76 79 25 106 124 48 67 11
714 5 8 125 47 82 126 22 42 61 13
714 6 8 105 83 42 86 52 10 110 8
714 7 8 95 49 45 34 48 73 51 60
714 8 8 103 84 121 105 95 44 80 2
714 9 8 9 127 110 1 99 49 52 37
714 10 8 30 61 73 64 39 25 113 97
714 11 8 26 61 98 122 49 71 9 105
714 12 8 107 63 104 15 97 42 87 76
714 13 8 6 76 21 98 64 77 28 12
714 14 8 79 48 10 99 34 76 39 7
714 15 8 85 95 103 91 1 56 17 69
714 16 8 78 124 8 102 45 55 83 79
714 17 8 69 106 17 19 15 85 112 72
714 18 8 86 10 42 52 75 105 63 100
714 19 8 95 45 73 49 48 115 20 51
714 20 8 95 105 103 84 121 80 36 39
714 21 8 9 1 81 99 127 110 80 37
714 22 8 25 61 105 85 53 73 30 52
714 23 8 26 61 49 24 122 105 29 98
714 24 8 99 87 104 63 15 97 76 107
714 25 8 6 76 21 28 101 77 64 79
714 26 8 79 99 48 23 76 7 34 39
714 27 8 85 95 91 1 121 17 8 69
714 28 8 78 124 83 8 45 102 79 55
714 29 8 17 106 19 69 112 15 117 121
714 30 8 86 10 105 75 127 42 52 23
714 31 8 45 73 95 49 48 51 20 115
714 32 8 103 105 61 80 121 95 109 84
714 33 8 1 99 127 9 110 81 45 80
714 34 8 61 25 105 85 73 39 64 52
714 35 8 26 61 49 24 105 98 122 29
714 36 8 99 15 87 63 97 74 107 75
714 37 8 6 98 76 10 21 28 101 23
714 38 8 79 48 34 115 23 99 7 107
714 39 8 95 103 23 85 121 1 8 17
714 40 8 45 8 124 78 83 55 73 80
714 41 8 69 48 19 112 106 17 1 18
714 42 8 64 31 32 74 37 21 36 16
714 43 8 77 43 104 88 97 19 56 8
714 44 8 53 6 0 73 107 45 88 27
714 45 8 22 114 27 2 94 46 37 123
714 46 8 97 84 52 81 38 22 82 105
714 47 8 73 32 117 111 85 95 90 86
1221 0 8 63 103 21 13 2 97 18 93
1221 1 8 8 23 58 41 3 53 26 116
1221 2 8 54 8 100 65 9 93 53 51
1221 3 8 64 38 29 2 93 25 16 112
1221 4 8 22 25 56 76 79 48 67 102
1221 5 8 82 47 34 71 22 96 42 30
1221 6 8 42 86 52 10 110 75 19 30
1221 7 8 95 50 45 48 73 51 34 106
1221 8 8 36 103 109 122 44 95 105 80
1221 9 8 62 1 65 127 99 52 49 45
1221 10 8 107 30 73 52 113 39 18 64
1221 11 8 26 8 98 107 69 46 9 67
1221 12 8 80 107 63 7 97 75 87 76
1221 13 8 98 21 6 77 76 16 10 64
1221 14 8 101 79 7 10 34 76 39 23
1221 15 8 95 60 87 1 17 91 103 23
1221 16 8 78 124 102 15 8 83 114 55
1221 17 8 17 15 106 69 85 112 97 19
1221 18 8 86 10 52 75 100 79 42 23
1221 19 8 45 95 48 69 51 115 20 1
1221 20 8 105 95 80 36 103 39 122 8
1221 21 8 1 99 81 62 65 37 80 127
1221 22 8 25 107 30 73 18 52 35 113
1221 23 8 105 26 46 47 43 107 8 122
1221 24 8 104 80 87 107 63 75 68 30
1221 25 8 101 21 6 98 16 71 76 64
1221 26 8 101 99 76 23 7 79 39 34
1221 27 8 91 17 95 8 60 1 4 69
1221 28 8 83 78 15 79 102 114 45 55
1221 29 8 17 106 112 15 69 19 97 121
1221 30 8 10 86 75 23 52 100 127 63
1221 31 8 45 51 48 73 69 20 115 95
1221 32 8 80 105 61 109 103 95 122 8
1221 33 8 1 99 81 96 37 52 45 49
1221 34 8 107 25 52 18 85 64 73 123
1221 35 8 105 67 26 115 107 98 46 43
1221 36 8 80 87 104 30 99 75 97 107
1221 37 8 98 6 101 21 16 10 73 77
1221 38 8 79 101 34 39 23 99 7 48
1221 39 8 95 1 87 103 8 23 121 91
1221 40 8 83 78 15 8 55 7 45 80
1221 41 8 69 17 106 19 15 48 112 52
1221 42 8 31 37 74 64 21 123 2 22
1221 43 8 43 77 19 97 88 104 56 12
1221 44 8 45 88 73 0 6 53 122 27
1221 45 8 46 112 17 22 114 92 123 27
1221 46 8 81 105 39 30 84 97 29 22
1221 47 8 95 52 111 35 32 73 108 117
51594 0 8 29 62 77 126 67 3 12 28
51594 1 8 58 78 107 23 86 114 113 91
51594 2 8 73 9 119 51 24 115 14 125
51594 3 8 7 25 105 112 29 93 38 59
51594 4 8 47 22 39 74 91 25 67 105
51594 5 8 47 80 78 116 82 49 96 22
51594 6 8 79 86 52 10 75 42 109 100
51594 7 8 45 48 87 51 110 20 69 115
51594 8 8 105 51 122 44 39 95 80 103
51594 9 8 1 99 94 65 127 81 96 52
51594 10 8 107 52 35 120 64 18 74 25
51594 11 8 105 87 107 115 69 43 47 29
51594 12 8 80 87 53 75 63 104 100 42
51594 13 8 24 101 75 98 2 64 44 10
51594 14 8 62 28 7 76 99 39 23 34
51594 15 8 98 95 91 8 1 16 17 18
51594 16 8 78 83 123 79 20 45 102 50
51594 17 8 106 17 97 85 84 69 112 14
51594 18 8 86 79 10 75 52 100 42 127
51594 19 8 45 51 48 115 110 20 87 82
51594 20 8 105 103 122 95 80 44 51 39
51594 21 8 1 99 81 127 52 94 103 49
51594 22 8 35 25 107 52 18 120 64 30
51594 23 8 105 43 87 46 107 115 86 47
51594 24 8 87 75 104 80 53 68 46 63
51594 25 8 24 101 75 2 71 65 73 121
51594 26 8 28 99 62 23 39 34 76 7
51594 27 8 98 8 95 91 4 1 55 69
51594 28 8 83 78 102 123 45 20 79 80
51594 29 8 106 17 69 97 112 84 85 68
51594 30 8 86 10 52 75 100 79 42 23
51594 31 8 45 51 48 115 1 20 26 110
51594 32 8 103 105 80 95 51 39 24 44
51594 33 8 1 99 81 94 127 48 96 37
51594 34 8 107 25 35 120 52 18 112 64
51594 35 8 105 87 71 47 98 115 29 107
51594 36 8 87 80 104 100 75 76 63 53
51594 37 8 24 42 101 121 75 73 65 64
51594 38 8 62 39 28 99 34 23 76 58
51594 39 8 98 95 8 1 91 56 69 103
51594 40 8 83 78 123 20 45 102 55 80
51594 41 8 106 85 69 97 84 20 48 14
51594 42 8 75 101 2 31 32 65 22 123
51594 43 8 104 81 4 87 97 77 2 42
51594 44 8 13 80 54 72 6 73 81 27
51594 45 8 127 47 22 80 114 123 94 119
51594 46 8 67 97 22 17 52 84 80 45
51594 47 8 34 32 117 90 85 27 54 86
279 0 8 106 57 61 0 103 110 127 71
279 1 8 48 9 91 30 39 62 113 69
279 2 8 122 90 15 24 125 62 120 52
279 3 8 112 7 59 105 90 11 39 25
279 4 8 47 63 67 77 39 40 22 105
279 5 8 51 105 49 116 107 126 22 47
279 6 8 86 52 10 75 100 42 110 123
279 7 8 45 48 51 110 60 73 20 26
279 8 8 103 105 109 61 80 95 28 39
279 9 8 1 48 99 32 127 81 65 22
279 10 8 52 25 107 123 23 64 85 112
279 11 8 109 105 47 87 107 29 98 67
279 12 8 68 75 87 63 80 42 100 76
279 13 8 66 42 101 65 55 2 71 76
279 14 8 99 105 39 16 7 23 34 76
279 15 8 91 95 8 103 4 55 69 72
279 16 8 78 43 102 119 83 55 45 79
279 17 8 2 35 20 106 17 112 85 66
279 18 8 86 10 75 52 42 100 65 14
279 19 8 115 45 51 48 32 73 43 110
279 20 8 103 105 39 61 95 80 122 44
279 21 8 81 1 127 99 37 103 48 52
279 22 8 25 52 85 64 112 107 18 76
279 23 8 105 29 47 67 101 109 115 98
279 24 8 87 75 68 76 42 46 26 63
279 25 8 66 101 71 65 73 42 2 40
279 26 8 99 39 105 34 23 76 7 16
279 27 8 8 95 91 55 7 72 69 4
279 28 8 78 119 102 43 84 83 80 79
279 29 8 2 112 106 35 121 117 66 20
279 30 8 86 46 52 10 100 14 75 42
279 31 8 45 73 26 115 63 82 48 91
279 32 8 105 103 67 61 109 8 95 80
279 33 8 81 99 32 1 48 37 127 49
279 34 8 103 25 123 110 119 52 85 107
279 35 8 109 47 29 105 107 101 115 98
279 36 8 68 87 76 114 42 104 46 75
279 37 8 66 113 99 42 55 101 65 10
279 38 8 105 16 99 39 58 34 23 44
279 39 8 98 4 91 56 3 95 1 8
279 40 8 43 119 12 78 102 83 80 114
279 41 8 2 66 35 20 106 112 117 121
279 42 8 27 18 102 123 22 93 16 55
279 43 8 29 6 87 104 65 97 36 81
279 44 8 48 20 72 81 6 27 122 44
279 45 8 80 70 123 37 114 22 12 16
279 46 8 115 52 22 117 80 61 60 55
279 47 8 36 120 66 47 88 123 85 86
8046 0 8 28 41 87 80 77 51 62 12
8046 1 8 48 67 16 29 7 114 23 74
8046 2 8 9 24 73 76 4 125 51 36
8046 3 8 62 112 90 78 40 38 9 76
8046 4 8 116 47 77 105 27 67 22 57
8046 5 8 117 116 126 48 78 18 122 87
8046 6 8 86 75 52 10 110 42 100 27
8046 7 8 45 51 110 48 115 20 93 1
8046 8 8 80 103 105 95 44 122 67 15
8046 9 8 1 99 127 81 32 35 22 33
8046 10 8 110 52 107 25 64 95 112 35
8046 11 8 16 105 107 46 29 8 101 33
8046 12 8 80 87 75 38 100 63 76 42
8046 13 8 42 101 123 109 41 10 71 102
8046 14 8 99 39 18 23 34 7 47 16
8046 15 8 91 20 8 95 55 98 18 77
8046 16 8 78 77 83 29 102 45 65 75
8046 17 8 106 0 65 85 17 64 112 68
8046 18 8 86 75 52 10 42 100 79 65
8046 19 8 45 51 48 32 115 82 110 39
8046 20 8 105 103 95 44 80 122 15 61
8046 21 8 1 81 99 127 35 52 103 49
8046 22 8 95 25 52 18 112 64 110 39
8046 23 8 16 105 29 46 43 8 101 42
8046 24 8 38 87 75 25 80 0 26 46
8046 25 8 109 123 101 57 71 42 73 40
8046 26 8 47 18 99 23 34 60 76 82
8046 27 8 77 20 8 91 95 55 17 18
8046 28 8 44 78 83 77 29 45 110 102
8046 29 8 0 65 106 85 68 17 64 112
8046 30 8 118 75 52 86 63 10 65 42
8046 31 8 45 48 51 110 1 73 82 26
8046 32 8 105 80 20 103 27 95 44 116
8046 33 8 35 1 99 49 81 96 32 52
8046 34 8 95 110 25 107 18 124 52 109
8046 35 8 97 16 42 105 46 8 114 107
8046 36 8 38 0 87 25 80 97 103 26
8046 37 8 123 109 41 57 95 10 101 73
8046 38 8 47 18 111 99 60 82 34 7
8046 39 8 77 20 107 91 8 17 120 90
8046 40 8 29 78 77 44 83 110 80 108
8046 41 8 65 0 63 85 64 18 106 115
8046 42 8 8 75 126 49 90 55 2 20
8046 43 8 74 121 47 125 8 104 75 97
8046 44 8 110 13 6 80 23 72 11 107
8046 45 8 76 5 47 114 83 26 119 87
8046 46 8 1 96 97 17 45 10 109 20
8046 47 8 11 82 31 127 114 6 99 69
13 0 8 65 98 43 73 72 45 44 114
13 1 8 18 94 38 127 26 43 95 21
13 2 8 84 88 38 93 57 40 82 92
13 3 8 6 124 2 89 31 9 41 93
13 4 8 76 106 47 115 85 124 40 67
13 5 8 125 61 66 8 22 116 126 49
13 6 8 105 83 10 75 8 86 56 52
13 7 8 45 49 48 112 51 20 110 93
13 8 8 121 95 84 44 80 103 122 105
13 9 8 1 110 9 99 62 127 81 52
13 10 8 61 105 30 25 52 107 64 35
13 11 8 61 105 49 24 125 71 122 107
13 12 8 99 80 15 87 63 104 76 75
13 13 8 6 101 28 15 64 42 77 12
13 14 8 20 48 7 99 76 23 17 90
13 15 8 85 91 101 10 17 16 1 8
13 16 8 124 78 8 83 102 114 39 115
13 17 8 19 17 69 42 106 21 68 112
13 18 8 105 8 10 63 56 75 83 86
13 19 8 49 45 48 112 106 51 82 20
13 20 8 121 84 105 95 116 80 61 122
13 21 8 9 110 125 62 80 99 81 49
13 22 8 105 61 30 56 53 25 85 2
13 23 8 61 24 49 23 105 46 125 122
13 24 8 99 15 96 56 104 97 46 79
13 25 8 58 6 15 28 115 23 73 101
13 26 8 17 20 90 48 86 115 100 11
13 27 8 101 85 10 70 91 17 103 23
13 28 8 124 8 81 78 80 73 83 45
13 29 8 19 42 69 21 1 17 48 68
13 30 8 105 63 56 83 75 127 8 110
13 31 8 112 49 73 106 82 45 34 32
13 32 8 65 121 84 105 95 103 116 80
13 33 8 125 9 110 80 49 62 99 1
13 34 8 105 61 53 30 78 56 25 39
13 35 8 24 125 61 23 49 37 122 107
13 36 8 99 15 97 96 63 79 116 56
13 37 8 58 15 28 6 23 10 118 25
13 38 8 17 20 48 90 86 8 115 107
13 39 8 101 23 85 10 103 70 95 120
13 40 8 8 124 73 80 81 45 83 78
13 41 8 69 42 48 19 112 21 1 17
13 42 8 32 64 31 7 123 36 74 114
13 43 8 104 77 88 43 112 31 97 78
13 44 8 6 107 0 53 73 81 90 121
13 45 8 101 22 27 2 37 94 114 123
13 46 8 11 38 52 97 98 34 84 22
13 47 8 105 73 57 20 86 85 109 78
13824 0 8 21 126 75 124 62 3 28 87
13824 1 8 23 58 6 78 74 3 26 4
13824 2 8 93 9 119 127 51 54 8 47
13824 3 8 16 59 4 38 2 64 124 120
13824 4 8 56 22 25 124 67 47 48 4
13824 5 8 47 13 82 22 30 68 116 78
13824 6 8 52 8 42 79 110 86 63 56
13824 7 8 110 51 45 60 106 34 73 48
13824 8 8 36 24 105 103 46 122 116 80
13824 9 8 1 65 52 99 45 49 127 62
13824 10 8 113 112 53 39 30 74 26 64
13824 11 8 107 98 26 69 87 125 31 8
13824 12 8 97 63 52 24 75 116 104 107
13824 13 8 84 98 73 21 64 23 6 24
13824 14 8 76 34 6 79 62 75 88 101
13824 15 8 95 8 103 87 51 91 10 56
13824 16 8 65 45 124 73 78 83 58 7
13824 17 8 69 17 48 99 106 58 85 54
13824 18 8 52 83 30 42 8 79 63 105
13824 19 8 34 51 60 110 106 95 49 31
13824 20 8 36 118 84 103 46 116 121 3
13824 21 8 9 80 127 65 110 45 117 118
13824 22 8 113 112 30 53 39 61 105 62
13824 23 8 37 107 61 122 8 49 26 24
13824 24 8 97 116 63 99 15 104 75 56
13824 25 8 84 21 98 6 73 76 28 23
13824 26 8 90 79 62 48 88 6 101 34
13824 27 8 87 51 95 10 103 85 91 56
13824 28 8 65 45 73 80 124 78 83 55
13824 29 8 69 54 17 18 1 48 106 85
13824 30 8 63 42 110 30 52 56 86 105
13824 31 8 34 73 106 51 49 110 103 82
13824 32 8 36 103 84 121 116 95 105 109
13824 33 8 65 45 127 80 9 110 1 117
13824 34 8 53 112 113 39 30 61 105 64
13824 35 8 37 107 8 61 49 98 67 122
13824 36 8 97 63 116 52 99 15 24 74
13824 37 8 84 98 73 76 23 21 10 77
13824 38 8 34 107 88 62 22 101 75 86
13824 39 8 51 95 87 103 8 120 56 10
13824 40 8 65 45 17 73 123 80 78 83
13824 41 8 58 18 48 69 49 85 112 17
13824 42 8 8 2 32 28 31 64 66 36
13824 43 8 2 94 77 30 104 121 112 83
13824 44 8 94 113 107 6 73 19 11 53
13824 45 8 86 94 114 87 76 119 127 92
13824 46 8 122 74 17 97 103 37 84 46
13824 47 8 114 79 44 54 82 6 65 14
11 0 8 44 26 65 59 18 101 38 114
11 1 8 23 50 58 127 62 26 94 124
11 2 8 84 93 88 127 54 47 87 18
11 3 8 2 38 82 124 112 64 16 39
11 4 8 56 25 106 48 124 22 76 47
11 5 8 82 13 47 22 107 126 68 34
11 6 8 42 52 8 30 83 105 110 86
11 7 8 51 60 95 110 45 49 106 48
11 8 8 109 103 36 84 46 105 116 95
11 9 8 45 127 49 65 9 117 1 110
11 10 8 113 39 112 30 64 73 61 123
11 11 8 67 98 107 8 37 61 26 122
11 12 8 63 9 97 104 116 75 52 15
11 13 8 98 21 76 77 6 73 23 10
11 14 8 79 20 39 34 48 88 76 99
11 15 8 95 103 91 85 56 8 121 55
11 16 8 78 124 45 65 102 55 73 8
11 17 8 69 17 85 106 112 97 72 68
11 18 8 86 42 52 30 10 75 63 8
11 19 8 45 95 60 115 73 51 1 106
11 20 8 103 95 61 105 80 39 36 84
11 21 8 81 99 80 127 9 1 24 45
11 22 8 30 25 119 101 85 113 123 39
11 23 8 122 37 126 67 8 98 61 105
11 24 8 43 104 97 74 63 9 116 46
11 25 8 76 115 21 77 98 6 2 73
11 26 8 99 20 111 79 88 90 76 7
11 27 8 95 85 121 91 23 16 103 10
11 28 8 124 78 45 83 80 55 102 73
11 29 8 17 69 112 106 1 85 19 42
11 30 8 86 42 127 105 63 10 75 23
11 31 8 45 73 34 95 49 103 82 20
11 32 8 103 61 109 84 36 105 39 121
11 33 8 45 127 9 110 80 81 99 1
11 34 8 123 113 61 39 105 119 112 85
11 35 8 122 61 67 37 49 98 24 105
11 36 8 99 74 63 97 15 9 104 30
11 37 8 15 28 23 76 6 98 58 77
11 38 8 20 48 90 17 107 34 88 86
11 39 8 23 85 103 101 95 120 121 10
11 40 8 124 8 73 45 78 65 83 80
11 41 8 69 48 112 19 42 1 18 72
11 42 8 32 39 64 31 74 36 7 68
11 43 8 104 77 88 43 78 112 97 36
11 44 8 53 6 107 0 73 121 81 27
11 45 8 22 2 27 94 114 127 37 32
11 46 8 97 52 84 98 38 60 22 67
11 47 8 73 32 117 85 111 86 109 34
714 0 8 63 2 120 103 21 97 51 14
714 1 8 23 58 8 41 6 26 30 62
714 2 8 93 8 84 54 88 53 9 47
714 3 8 2 64 38 112 124 37 16 59
714 4 8 56 25 48 76 22 47 67 124
714 5 8 82 22 13 126 47 34 107 42
714 6 8 42 52 30 110 10 83 86 75
714 7 8 95 51 34 45 60 110 48 49
714 8 8 36 109 103 84 105 95 46 106
714 9 8 127 65 1 9 45 49 52 110
714 10 8 112 113 39 64 107 73 123 30
714 11 8 98 67 107 26 8 37 9 58
714 12 8 63 97 104 116 75 107 52 42
714 13 8 76 98 21 73 64 6 77 10
714 14 8 79 34 39 88 10 6 8 48
714 15 8 95 103 55 85 91 69 8 56
714 16 8 45 124 65 78 55 102 8 73
714 17 8 17 69 85 97 106 117 48 45
714 18 8 42 52 30 86 75 63 110 10
714 19 8 95 34 51 106 73 60 45 82
714 20 8 36 103 39 95 106 109 105 46
714 21 8 127 80 45 65 1 81 99 117
714 22 8 113 30 39 123 112 64 101 119
714 23 8 122 98 8 37 67 26 107 126
714 24 8 63 97 104 116 74 58 43 107
714 25 8 76 98 21 6 115 65 73 64
714 26 8 79 39 88 111 99 10 6 34
714 27 8 95 103 35 85 91 4 56 55
714 28 8 45 124 55 78 80 83 73 8
714 29 8 69 17 97 117 106 112 19 85
714 30 8 42 86 63 75 30 110 10 105
714 31 8 95 34 73 45 103 106 49 82
714 32 8 103 36 109 39 95 61 105 80
714 33 8 45 127 80 1 9 81 24 65
714 34 8 123 39 113 112 64 119 13 61
714 35 8 67 122 98 37 61 105 49 24
714 36 8 74 63 104 97 99 15 9 30
714 37 8 98 76 6 10 21 77 28 23
714 38 8 79 48 88 34 107 90 99 10
714 39 8 23 103 95 85 120 121 1 18
714 40 8 124 73 45 8 55 65 78 80
714 41 8 112 48 69 19 1 17 106 18
714 42 8 32 64 31 37 74 36 16 7
714 43 8 104 77 88 43 78 112 36 97
714 44 8 6 53 73 0 107 121 81 98
714 45 8 22 32 114 27 2 94 127 103
714 46 8 52 97 84 98 60 67 117 22
714 47 8 117 32 73 85 34 111 86 124
1246 0 8 2 13 21 80 50 18 103 63
1246 1 8 23 58 8 3 95 83 9 26
1246 2 8 122 47 9 15 93 127 100 117
1246 3 8 112 2 38 29 64 39 37 59
1246 4 8 56 22 48 25 47 67 77 124
1246 5 8 13 22 126 82 47 34 107 96
1246 6 8 42 52 110 30 86 75 79 10
1246 7 8 51 45 110 60 34 106 95 73
1246 8 8 109 36 103 46 39 95 105 116
1246 9 8 1 10 127 65 80 49 45 99
1246 10 8 74 112 107 39 113 64 30 86
1246 11 8 98 9 107 67 37 8 82 31
1246 12 8 97 63 104 116 75 43 118 87
1246 13 8 77 98 76 42 21 73 64 10
1246 14 8 79 8 34 6 39 88 58 76
1246 15 8 90 95 56 91 55 87 8 60
1246 16 8 55 45 15 65 78 83 18 80
1246 17 8 69 85 106 15 17 45 117 48
1246 18 8 86 42 30 75 110 52 79 10
1246 19 8 34 51 45 106 60 82 110 73
1246 20 8 36 39 103 109 95 106 105 46
1246 21 8 80 127 1 45 81 22 117 10
1246 22 8 30 39 113 74 112 64 107 25
1246 23 8 8 98 37 0 107 47 89 111
1246 24 8 104 97 116 63 74 43 68 87
1246 25 8 98 21 42 76 77 75 65 64
1246 26 8 79 8 39 99 34 58 6 88
1246 27 8 90 56 95 91 55 35 4 1
1246 28 8 15 78 83 45 55 80 102 114
1246 29 8 85 69 106 17 15 117 112 97
1246 30 8 86 42 75 10 63 110 30 85
1246 31 8 45 34 73 106 110 51 26 20
1246 32 8 109 80 36 105 39 103 95 47
1246 33 8 10 1 22 49 80 99 81 127
1246 34 8 74 107 25 30 112 113 101 64
1246 35 8 98 105 8 37 67 107 89 122
1246 36 8 97 43 76 104 124 87 74 52
1246 37 8 77 98 42 10 21 95 115 101
1246 38 8 79 8 34 39 99 6 80 88
1246 39 8 90 95 1 56 103 91 121 8
1246 40 8 55 45 83 65 78 7 114 80
1246 41 8 85 69 106 46 112 48 117 17
1246 42 8 32 125 37 73 22 74 31 101
1246 43 8 81 12 77 19 43 27 97 104
1246 44 8 88 99 45 30 6 73 37 113
1246 45 8 127 17 46 112 87 22 5 37
1246 46 8 84 81 30 44 105 29 39 22
1246 47 8 111 95 52 35 127 99 85 108
1558 0 8 104 2 126 7 21 111 80 63
1558 1 8 58 23 26 76 88 107 8 46
1558 2 8 14 47 9 117 115 15 10 51
1558 3 8 112 38 105 25 12 29 10 39
1558 4 8 23 105 22 77 56 48 67 124
1558 5 8 13 80 102 126 107 22 34 117
1558 6 8 42 86 110 52 30 75 63 79
1558 7 8 87 45 51 106 48 60 110 73
1558 8 8 103 109 36 39 95 105 80 67
1558 9 8 10 94 1 22 99 80 127 65
1558 10 8 107 39 112 74 30 23 64 113
1558 11 8 98 9 47 87 82 107 37 67
1558 12 8 68 63 104 43 97 74 53 87
1558 13 8 42 75 77 65 121 98 76 64
1558 14 8 79 8 39 99 80 34 28 58
1558 15 8 90 95 91 55 56 103 1 18
1558 16 8 55 78 15 45 102 83 18 20
1558 17 8 85 15 106 17 69 97 112 20
1558 18 8 86 42 75 10 52 100 30 79
1558 19 8 45 87 115 34 51 1 26 48
1558 20 8 39 105 103 80 95 109 36 47
1558 21 8 81 94 99 1 62 37 22 45
1558 22 8 25 30 74 107 113 101 39 64
1558 23 8 47 105 98 37 0 8 126 89
1558 24 8 68 104 43 74 120 76 87 63
1558 25 8 75 77 98 65 42 21 121 76
1558 26 8 99 28 79 39 8 76 58 34
1558 27 8 90 4 95 91 55 17 56 1
1558 28 8 83 78 15 55 45 102 20 79
1558 29 8 85 17 106 97 69 112 15 20
1558 30 8 86 10 75 42 23 63 127 100
1558 31 8 45 73 26 20 110 48 51 115
1558 32 8 109 61 80 105 103 95 39 47
1558 33 8 94 48 10 1 99 37 22 81
1558 34 8 123 74 107 25 85 30 64 101
1558 35 8 105 47 98 67 37 87 107 8
1558 36 8 104 120 43 124 68 97 87 76
1558 37 8 77 55 75 121 10 98 42 99
1558 38 8 79 28 39 99 8 34 115 23
1558 39 8 4 90 103 95 121 3 1 91
1558 40 8 55 20 45 78 83 7 80 114
1558 41 8 112 97 69 85 48 20 106 1
1558 42 8 101 32 31 115 37 36 16 5
1558 43 8 104 4 36 81 2 87 43 97
1558 44 8 113 6 72 71 81 98 27 107
1558 45 8 127 114 32 2 22 21 12 27
1558 46 8 67 97 52 117 22 84 19 60
1558 47 8 34 117 32 85 86 124 27 79
432 0 8 103 104 71 61 111 118 0 14
432 1 8 3 9 52 76 123 34 58 23
432 2 8 100 14 122 10 9 47 51 127
432 3 8 112 38 39 105 123 29 59 9
432 4 8 23 105 56 22 77 67 48 44
432 5 8 107 13 22 126 34 75 18 80
432 6 8 86 42 52 79 10 110 63 127
432 7 8 2 45 48 20 87 51 115 82
432 8 8 103 61 109 64 80 105 95 36
432 9 8 1 81 10 52 99 94 127 37
432 10 8 35 103 25 107 64 52 112 30
432 11 8 105 29 98 8 107 47 43 101
432 12 8 26 87 63 43 75 74 46 68
432 13 8 2 77 75 99 101 42 10 73
432 14 8 39 99 80 23 34 79 76 6
432 15 8 60 91 90 95 55 8 121 1
432 16 8 11 78 102 83 15 55 45 33
432 17 8 15 17 106 85 112 46 52 102
432 18 8 86 75 42 10 79 100 127 52
432 19 8 115 45 2 1 32 48 20 51
432 20 8 105 95 61 103 80 44 67 108
432 21 8 81 1 99 127 103 25 49 37
432 22 8 25 85 35 103 64 52 112 39
432 23 8 105 8 43 22 107 101 98 29
432 24 8 87 26 43 75 74 76 63 46
432 25 8 2 77 101 75 65 42 76 71
432 26 8 80 99 76 23 7 39 34 115
432 27 8 60 91 8 95 90 1 17 18
432 28 8 83 78 11 15 102 79 45 84
432 29 8 15 17 106 85 52 112 46 121
432 30 8 86 10 75 23 42 52 79 46
432 31 8 45 115 2 1 110 51 48 73
432 32 8 80 105 61 103 39 44 67 95
432 33 8 1 10 52 99 81 94 49 37
432 34 8 35 103 107 25 74 101 85 64
432 35 8 8 105 98 37 107 86 69 122
432 36 8 26 87 53 43 76 124 100 104
432 37 8 2 77 75 65 101 42 10 95
432 38 8 80 39 58 99 79 34 44 36
432 39 8 60 90 1 95 91 78 8 120
432 40 8 83 15 7 11 78 45 102 55
432 41 8 15 52 85 106 17 46 117 112
432 42 8 125 37 74 22 7 73 2 123
432 43 8 43 19 12 56 104 97 112 49
432 44 8 45 88 6 72 37 19 30 99
432 45 8 46 112 17 22 119 92 84 58
432 46 8 39 105 29 84 30 80 22 52
432 47 8 52 95 35 108 111 6 59 71
6997 0 8 77 126 29 62 67 111 3 12
6997 1 8 78 107 76 114 58 67 122 123
6997 2 8 73 119 24 51 121 9 15 125
6997 3 8 7 105 90 11 25 112 120 62
6997 4 8 105 39 91 47 74 116 37 22
6997 5 8 80 117 116 78 126 48 18 100
6997 6 8 86 79 10 52 100 75 23 109
6997 7 8 45 87 48 115 1 110 20 51
6997 8 8 51 80 103 105 44 24 39 95
6997 9 8 1 94 10 99 52 81 96 22
6997 10 8 35 120 25 64 107 112 74 52
6997 11 8 105 16 87 47 98 29 71 8
6997 12 8 53 43 87 100 63 76 68 104
6997 13 8 24 75 77 42 2 101 121 123
6997 14 8 62 28 39 99 23 34 7 6
6997 15 8 98 91 90 18 17 95 56 55
6997 16 8 78 83 20 123 102 84 45 18
6997 17 8 17 106 97 84 85 14 122 68
6997 18 8 86 10 75 100 79 42 52 23
6997 19 8 45 115 48 1 51 87 110 82
6997 20 8 105 80 103 122 44 51 95 39
6997 21 8 1 81 99 52 94 10 103 62
6997 22 8 120 95 35 25 30 23 18 37
6997 23 8 105 16 87 71 101 86 68 47
6997 24 8 25 43 87 53 104 74 76 38
6997 25 8 24 18 77 75 42 101 123 109
6997 26 8 28 62 7 99 39 11 23 76
6997 27 8 98 4 91 17 8 55 18 95
6997 28 8 78 20 83 123 102 115 45 114
6997 29 8 84 97 85 106 17 14 20 112
6997 30 8 86 10 42 79 75 100 52 23
6997 31 8 45 51 1 48 115 110 26 82
6997 32 8 103 105 39 80 24 51 44 67
6997 33 8 1 48 10 81 94 99 52 96
6997 34 8 120 107 25 35 37 74 101 119
6997 35 8 71 105 87 47 98 37 8 16
6997 36 8 100 68 87 43 120 104 76 97
6997 37 8 24 42 121 77 49 55 75 99
6997 38 8 62 28 39 99 34 11 18 23
6997 39 8 98 4 56 8 91 1 69 95
6997 40 8 123 20 83 78 43 102 45 121
6997 41 8 85 84 97 14 106 20 69 112
6997 42 8 75 101 65 32 2 28 31 74
6997 43 8 4 104 2 81 44 87 8 47
6997 44 8 13 54 6 73 27 81 80 71
6997 45 8 127 114 21 22 123 119 32 37
6997 46 8 67 97 52 22 84 82 61 45
6997 47 8 34 117 32 90 27 85 86 114
432 0 8 61 103 104 71 66 24 118 14
432 1 8 3 9 91 39 58 76 26 67
432 2 8 100 122 121 15 24 51 120 9
432 3 8 7 105 11 90 120 25 59 112
432 4 8 105 47 39 48 23 77 67 22
432 5 8 107 116 126 100 22 48 13 70
432 6 8 10 86 79 52 75 42 100 23
432 7 8 2 45 48 20 51 110 1 26
432 8 8 103 61 105 80 44 109 15 95
432 9 8 1 52 81 99 127 10 96 22
432 10 8 35 103 64 52 112 25 107 18
432 11 8 105 8 107 29 47 101 98 16
432 12 8 87 26 63 100 75 43 42 38
432 13 8 42 2 101 95 99 71 75 18
432 14 8 39 99 23 34 79 80 7 18
432 15 8 91 8 95 87 69 98 55 60
432 16 8 78 55 102 11 83 79 108 50
432 17 8 17 106 15 112 85 69 0 68
432 18 8 86 75 10 79 52 42 100 3
432 19 8 115 45 32 2 73 48 93 51
432 20 8 103 105 61 122 95 44 80 109
432 21 8 81 1 99 127 37 49 80 103
432 22 8 25 52 112 64 35 18 119 23
432 23 8 105 101 22 67 29 107 21 43
432 24 8 76 87 75 46 74 26 9 34
432 25 8 42 71 101 73 115 2 99 65
432 26 8 99 34 23 76 7 39 111 52
432 27 8 8 91 55 95 60 69 1 17
432 28 8 78 80 102 83 84 79 11 45
432 29 8 17 106 112 68 72 46 85 62
432 30 8 86 52 46 10 42 79 75 14
432 31 8 45 82 44 73 48 115 26 63
432 32 8 105 67 103 109 8 80 61 44
432 33 8 81 1 99 37 52 127 10 69
432 34 8 35 103 25 3 119 112 52 107
432 35 8 8 105 29 101 107 33 37 98
432 36 8 26 87 9 76 97 53 63 43
432 37 8 2 77 95 42 101 73 75 71
432 38 8 99 80 79 34 39 7 44 115
432 39 8 60 8 95 90 91 1 121 98
432 40 8 55 78 11 45 7 108 65 83
432 41 8 46 106 15 85 17 52 49 121
432 42 8 125 74 37 75 73 2 22 16
432 43 8 8 12 49 19 56 47 43 104
432 44 8 88 99 45 19 11 6 30 27
432 45 8 58 17 46 112 119 114 92 22
432 46 8 84 81 30 29 105 39 97 22
432 47 8 52 6 95 35 111 108 127 23
594 0 8 76 17 16 111 18 101 118 6
594 1 8 34 3 107 76 20 53 77 39
594 2 8 14 100 77 51 116 87 121 115
594 3 8 105 112 38 76 25 10 73 59
594 4 8 105 47 22 118 23 102 67 77
594 5 8 107 116 34 111 80 100 126 22
594 6 8 86 10 79 52 42 75 100 110
594 7 8 45 48 2 87 60 20 51 110
594 8 8 103 39 105 80 61 64 44 95
594 9 8 1 94 127 99 10 45 81 52
594 10 8 35 23 52 25 64 112 107 39
594 11 8 47 105 29 107 8 71 98 79
594 12 8 87 68 53 25 43 26 63 75
594 13 8 75 42 77 2 79 73 101 18
594 14 8 80 39 79 99 34 23 7 28
594 15 8 60 4 8 91 95 55 69 53
594 16 8 40 7 78 11 50 102 83 45
594 17 8 15 53 106 85 17 122 52 68
594 18 8 86 79 75 42 52 100 3 10
594 19 8 115 45 51 87 1 48 20 32
594 20 8 105 103 39 122 61 80 95 15
594 21 8 1 81 99 127 94 103 10 48
594 22 8 25 35 23 120 86 112 107 64
594 23 8 47 105 101 107 71 37 8 86
594 24 8 68 120 75 76 87 104 9 53
594 25 8 42 65 75 71 73 77 55 101
594 26 8 99 80 11 39 23 28 76 34
594 27 8 4 8 91 60 55 69 98 95
594 28 8 40 78 102 7 11 115 84 52
594 29 8 53 15 85 106 68 52 97 112
594 30 8 86 14 10 100 52 79 42 46
594 31 8 45 115 82 1 26 44 32 63
594 32 8 103 64 67 105 39 95 86 61
594 33 8 81 94 99 1 80 37 127 105
594 34 8 107 25 35 119 2 83 101 76
594 35 8 105 8 86 101 29 47 71 21
594 36 8 53 87 76 68 104 26 97 46
594 37 8 75 2 77 44 65 101 99 71
594 38 8 80 79 99 39 11 7 23 34
594 39 8 60 91 8 1 121 95 69 3
594 40 8 40 7 78 84 15 102 80 4
594 41 8 53 85 52 106 15 17 113 117
594 42 8 73 37 125 74 55 22 16 123
594 43 8 8 81 56 43 104 49 44 45
594 44 8 54 80 37 45 98 27 6 92
594 45 8 92 112 46 114 22 84 119 127
594 46 8 82 84 124 105 39 22 80 44
594 47 8 90 27 35 95 34 52 32 85
304 0 8 93 69 107 31 0 61 111 80
304 1 8 60 76 83 3 77 86 19 39
304 2 8 68 116 117 125 14 123 120 51
304 3 8 76 1 105 106 25 112 38 123
304 4 8 102 105 111 91 67 22 74 77
304 5 8 116 80 111 16 126 5 18 100
304 6 8 86 14 52 10 79 75 100 42
304 7 8 72 45 48 115 1 73 26 20
304 8 8 103 27 105 39 28 86 99 64
304 9 8 105 1 52 81 94 48 99 127
304 10 8 35 25 14 120 52 64 119 112
304 11 8 105 47 29 58 107 8 13 101
304 12 8 68 87 69 53 25 76 43 26
304 13 8 18 42 75 101 121 24 71 73
304 14 8 39 28 99 7 101 23 44 34
304 15 8 34 91 8 4 100 69 95 55
304 16 8 78 40 121 102 20 84 80 79
304 17 8 30 17 106 14 97 85 68 113
304 18 8 86 14 10 52 118 42 100 75
304 19 8 115 45 48 32 26 72 1 100
304 20 8 103 61 105 44 122 80 86 95
304 21 8 81 105 1 99 127 66 94 71
304 22 8 35 25 23 120 112 85 64 52
304 23 8 105 29 101 22 122 68 37 58
304 24 8 76 75 87 46 53 69 34 43
304 25 8 101 71 73 77 18 99 75 2
304 26 8 99 101 2 28 7 23 44 76
304 27 8 34 100 8 84 91 4 98 17
304 28 8 40 84 20 78 121 52 50 43
304 29 8 30 124 14 68 97 121 99 62
304 30 8 86 14 52 46 32 27 100 74
304 31 8 45 115 56 44 82 63 72 32
304 32 8 67 103 105 124 82 27 99 61
304 33 8 105 81 99 59 80 48 69 66
304 34 8 25 14 120 2 3 76 92 119
304 35 8 58 21 47 13 101 29 37 33
304 36 8 69 120 68 46 87 43 32 34
304 37 8 77 121 99 75 55 107 24 71
304 38 8 101 28 99 84 11 118 57 44
304 39 8 100 34 4 91 3 8 115 7
304 40 8 121 20 84 40 78 80 43 102
304 41 8 30 14 97 45 106 102 113 124
304 42 8 55 119 101 71 65 5 123 80
304 43 8 4 6 104 81 45 36 65 2
304 44 8 54 98 6 71 92 72 27 81
304 45 8 127 93 114 45 84 4 42 22
304 46 8 67 52 75 102 61 19 8 117
304 47 8 34 55 117 32 27 66 63 78
264 0 8 27 106 101 50 110 48 103 78
264 1 8 99 60 39 75 46 91 77 76
264 2 8 45 68 122 92 52 125 36 51
264 3 8 94 106 76 10 61 105 21 123
264 4 8 102 105 111 67 95 22 38 11
264 5 8 51 105 18 111 116 49 5 126
264 6 8 86 14 52 23 100 87 109 13
264 7 8 45 72 115 48 73 1 20 91
264 8 8 103 2 105 67 123 86 95 27
264 9 8 81 99 48 105 1 10 127 97
264 10 8 25 112 52 18 14 35 119 103
264 11 8 29 47 105 101 107 58 3 125
264 12 8 68 14 74 46 87 63 69 43
264 13 8 101 40 66 65 12 42 99 89
264 14 8 39 99 44 23 7 76 36 34
264 15 8 91 3 4 69 6 8 82 18
264 16 8 78 80 102 52 51 84 83 43
264 17 8 35 112 66 102 121 2 106 79
264 18 8 86 52 46 10 74 64 97 54
264 19 8 115 45 73 32 82 63 48 91
264 20 8 105 44 67 103 95 86 61 8
264 21 8 81 99 80 1 97 37 52 49
264 22 8 25 83 30 112 64 18 85 94
264 23 8 67 29 105 115 107 37 101 47
264 24 8 46 87 100 75 76 42 68 34
264 25 8 101 73 71 65 2 99 115 107
264 26 8 99 34 44 76 23 115 39 53
264 27 8 91 82 8 1 121 7 3 17
264 28 8 78 83 80 84 79 102 65 75
264 29 8 72 112 106 121 17 66 30 113
264 30 8 86 46 52 10 23 14 127 75
264 31 8 45 73 48 115 63 82 110 69
264 32 8 105 80 61 9 67 8 86 2
264 33 8 99 1 49 81 97 37 111 52
264 34 8 30 112 25 88 76 85 94 103
264 35 8 4 94 78 29 33 96 37 107
264 36 8 46 108 87 75 42 2 43 92
264 37 8 20 12 73 101 10 77 66 112
264 38 8 125 105 99 44 53 76 115 36
264 39 8 91 11 100 34 75 120 7 8
264 40 8 51 78 80 4 65 33 101 98
264 41 8 30 126 2 66 124 61 35 39
264 42 8 71 98 102 123 55 80 18 30
264 43 8 6 65 104 45 112 41 36 87
264 44 8 6 98 72 48 92 22 116 27
264 45 8 20 114 4 45 53 81 119 16
264 46 8 102 44 52 19 14 117 119 75
264 47 8 36 120 66 72 26 7 38 104
19038 0 8 112 77 67 28 83 23 105 12
19038 1 8 45 90 122 68 67 48 29 60
19038 2 8 76 4 23 73 44 125 36 64
19038 3 8 106 70 3 78 21 92 76 61
19038 4 8 37 5 27 116 102 11 51 18
19038 5 8 18 48 87 116 74 16 115 56
19038 6 8 86 100 108 118 27 46 23 52
19038 7 8 45 115 73 93 82 20 67 48
19038 8 8 103 95 94 105 20 86 6 2
19038 9 8 81 35 41 25 40 99 1 52
19038 10 8 25 95 119 2 52 72 112 85
19038 11 8 105 29 16 94 101 73 0 19
19038 12 8 38 87 103 14 46 75 76 43
19038 13 8 109 101 123 57 40 71 89 18
19038 14 8 99 18 23 60 39 7 36 44
19038 15 8 91 8 20 69 55 77 121 6
19038 16 8 78 77 108 102 44 84 115 29
19038 17 8 0 65 102 64 6 121 106 100
19038 18 8 86 103 75 100 10 52 118 65
19038 19 8 45 115 51 39 43 82 32 48
19038 20 8 103 94 105 80 95 20 61 123
19038 21 8 35 81 1 99 40 25 41 80
19038 22 8 25 95 23 124 82 110 119 2
19038 23 8 42 22 16 105 73 114 101 116
19038 24 8 38 0 14 103 25 43 75 46
19038 25 8 57 109 18 123 62 71 101 73
19038 26 8 71 60 18 99 111 76 23 7
19038 27 8 126 20 77 18 8 91 17 55
19038 28 8 44 77 78 108 29 83 33 65
19038 29 8 65 0 68 63 103 122 6 85
19038 30 8 118 52 86 42 63 75 30 10
19038 31 8 45 82 48 115 51 39 34 32
19038 32 8 105 80 67 20 27 103 44 94
19038 33 8 35 41 99 80 1 81 10 40
19038 34 8 23 95 124 25 112 18 39 30
19038 35 8 42 22 16 97 37 9 71 124
19038 36 8 0 38 25 97 43 87 103 14
19038 37 8 41 123 77 57 109 18 12 95
19038 38 8 18 111 60 102 47 34 7 99
19038 39 8 20 107 90 120 77 46 8 91
19038 40 8 29 77 44 109 23 78 108 114
19038 41 8 65 85 0 63 122 18 64 106
19038 42 8 75 49 126 32 90 24 20 55
19038 43 8 121 74 47 8 56 104 75 27
19038 44 8 30 13 80 110 6 11 23 3
19038 45 8 5 47 83 87 26 76 114 119
19038 46 8 96 97 37 45 10 103 20 123
19038 47 8 11 31 127 82 44 90 14 121
30 0 8 65 98 72 99 100 73 102 40
30 1 8 18 70 94 127 26 61 119 43
30 2 8 84 88 93 38 47 57 99 40
30 3 8 89 6 2 31 124 38 41 76
30 4 8 76 106 124 115 48 85 47 23
30 5 8 125 13 66 61 126 22 58 8
30 6 8 105 83 42 10 30 8 52 56
30 7 8 49 45 112 34 51 48 43 60
30 8 8 103 84 121 44 116 105 95 46
30 9 8 110 9 10 1 117 127 62 99
30 10 8 61 105 30 64 39 112 107 113
30 11 8 61 98 49 122 29 24 105 37
30 12 8 99 63 15 9 74 43 97 104
30 13 8 77 6 28 42 15 64 101 115
30 14 8 20 48 39 6 7 34 99 8
30 15 8 85 91 90 101 95 55 10 18
30 16 8 124 78 8 83 45 114 102 65
30 17 8 69 17 85 19 42 106 53 72
30 18 8 105 75 30 42 86 52 10 63
30 19 8 49 34 45 82 60 106 51 39
30 20 8 84 103 121 95 27 105 46 80
30 21 8 110 9 117 81 80 10 62 127
30 22 8 30 61 105 53 39 113 25 101
30 23 8 61 24 49 37 122 89 98 126
30 24 8 99 15 104 97 74 116 9 63
30 25 8 6 15 28 58 77 25 64 73
30 26 8 20 17 48 90 88 99 111 76
30 27 8 101 85 10 91 56 70 103 23
30 28 8 124 78 45 83 8 73 81 65
30 29 8 69 42 17 19 1 48 103 106
30 30 8 105 56 86 75 30 63 42 110
30 31 8 49 34 112 45 82 106 73 51
30 32 8 121 84 80 65 105 103 95 67
30 33 8 9 110 45 80 125 117 99 1
30 34 8 53 105 61 30 25 56 112 39
30 35 8 24 61 49 125 23 37 105 67
30 36 8 99 97 15 63 96 116 9 87
30 37 8 15 25 58 6 28 23 10 115
30 38 8 20 17 48 8 90 34 107 86
30 39 8 23 101 85 103 95 120 70 10
30 40 8 8 124 73 65 45 78 83 80
30 41 8 42 69 48 112 19 17 106 21
30 42 8 31 64 32 123 74 5 36 16
30 43 8 104 77 88 43 112 87 97 42
30 44 8 6 53 81 0 73 107 121 90
30 45 8 22 101 27 114 2 94 37 21
30 46 8 11 84 97 52 98 22 38 80
30 47 8 57 73 105 20 109 86 85 78
10696 0 8 2 21 63 75 77 51 97 62
10696 1 8 58 23 6 53 95 76 3 116
10696 2 8 9 8 54 93 47 87 14 127
10696 3 8 2 38 64 4 59 112 39 16
10696 4 8 56 124 25 22 48 47 67 118
10696 5 8 47 82 34 13 22 126 68 107
10696 6 8 42 52 30 110 79 86 63 75
10696 7 8 34 60 51 95 110 45 106 48
10696 8 8 103 36 109 39 105 46 95 3
10696 9 8 45 1 65 80 127 99 52 49
10696 10 8 39 97 112 113 83 30 108 74
10696 11 8 67 98 9 37 107 8 65 4
10696 12 8 97 63 104 118 52 71 75 116
10696 13 8 21 98 73 16 77 102 75 64
10696 14 8 79 8 34 76 88 6 99 75
10696 15 8 23 95 87 103 91 60 56 55
10696 16 8 78 45 15 7 55 65 83 124
10696 17 8 69 17 15 97 85 106 53 48
10696 18 8 86 42 75 52 30 63 10 79
10696 19 8 45 34 82 51 95 106 32 73
10696 20 8 39 103 36 105 95 80 67 116
10696 21 8 45 99 81 80 1 49 37 127
10696 22 8 30 83 25 113 123 53 107 112
10696 23 8 67 89 47 98 122 37 105 86
10696 24 8 104 68 100 97 63 116 118 74
10696 25 8 21 98 107 65 75 16 44 25
10696 26 8 79 28 39 7 99 76 23 34
10696 27 8 23 91 17 4 95 103 55 69
10696 28 8 78 83 114 102 15 45 55 80
10696 29 8 17 69 97 112 106 121 103 45
10696 30 8 86 10 23 75 100 63 46 52
10696 31 8 45 48 51 1 115 82 63 110
10696 32 8 80 105 61 67 109 103 44 36
10696 33 8 1 99 45 81 37 80 96 62
10696 34 8 25 123 83 85 53 30 52 18
10696 35 8 67 105 89 98 29 43 122 115
10696 36 8 87 97 104 76 30 118 46 9
10696 37 8 98 101 21 10 6 25 115 16
10696 38 8 79 7 39 34 28 115 10 8
10696 39 8 23 87 103 95 121 1 17 120
10696 40 8 78 83 7 114 84 8 80 55
10696 41 8 69 112 48 17 53 106 113 9
10696 42 8 31 37 64 74 123 7 5 101
10696 43 8 77 104 43 81 88 97 87 8
10696 44 8 107 73 98 53 0 6 81 27
10696 45 8 114 84 22 27 80 2 32 46
10696 46 8 97 22 60 67 52 80 82 75
10696 47 8 117 32 34 73 86 85 95 90
1526 0 8 93 71 69 126 21 61 62 51
1526 1 8 23 83 57 113 123 3 53 58
1526 2 8 117 86 68 116 125 69 15 9
1526 3 8 106 26 64 112 1 21 29 105
1526 4 8 91 56 77 79 22 111 40 39
1526 5 8 126 47 111 82 30 102 2 49
1526 6 8 75 86 10 42 52 30 100 64
1526 7 8 72 45 48 95 110 34 51 1
1526 8 8 99 39 27 103 80 95 44 105
1526 9 8 45 1 105 48 99 22 37 81
1526 10 8 83 123 25 30 14 64 120 112
1526 11 8 58 8 67 105 98 86 47 13
1526 12 8 69 104 68 52 87 63 118 97
1526 13 8 25 121 64 21 24 77 98 79
1526 14 8 28 58 99 101 39 34 23 76
1526 15 8 91 23 34 3 18 98 1 17
1526 16 8 78 43 83 121 20 102 18 52
1526 17 8 45 97 106 20 61 14 17 85
1526 18 8 86 75 100 79 10 52 42 63
1526 19 8 45 115 48 51 110 1 72 32
1526 20 8 99 105 80 103 39 95 44 8
1526 21 8 81 1 45 99 48 22 37 52
1526 22 8 25 123 107 64 35 83 14 30
1526 23 8 105 47 58 86 98 89 29 101
1526 24 8 68 87 69 104 100 75 74 63
1526 25 8 25 65 101 79 121 44 107 21
1526 26 8 28 99 39 58 23 7 76 101
1526 27 8 91 23 1 8 17 55 3 95
1526 28 8 43 78 83 84 121 102 114 79
1526 29 8 45 97 20 106 17 112 113 121
1526 30 8 86 46 10 75 100 52 23 63
1526 31 8 115 45 63 51 110 48 1 73
1526 32 8 80 105 67 99 103 44 43 61
1526 33 8 1 99 81 48 49 96 37 80
1526 34 8 25 83 123 52 30 53 14 120
1526 35 8 105 58 47 67 29 13 111 43
1526 36 8 69 68 87 76 100 46 104 42
1526 37 8 25 121 65 99 79 101 10 55
1526 38 8 28 39 58 101 99 84 10 23
1526 39 8 23 3 91 1 69 56 34 4
1526 40 8 83 121 84 43 20 78 80 102
1526 41 8 61 97 14 20 45 106 117 113
1526 42 8 65 101 5 123 93 22 7 74
1526 43 8 4 87 104 81 43 6 112 97
1526 44 8 54 98 20 71 72 81 6 92
1526 45 8 84 80 70 22 114 35 103 123
1526 46 8 115 80 52 67 75 22 8 98
1526 47 8 34 117 32 66 47 123 88 85
96380 0 8 64 82 124 28 33 91 56 51
96380 1 8 90 47 60 114 5 122 40 29
96380 2 8 4 67 115 76 120 36 5 73
96380 3 8 62 24 40 106 92 12 77 3
96380 4 8 11 116 27 5 37 82 67 60
96380 5 8 16 18 48 115 78 87 85 117
96380 6 8 86 46 100 110 123 27 3 32
96380 7 8 45 82 115 48 32 43 44 63
96380 8 8 105 43 14 20 95 103 44 122
96380 9 8 35 37 81 103 99 1 77 127
96380 10 8 70 95 25 119 52 76 120 64
96380 11 8 16 29 78 111 107 105 97 33
96380 12 8 103 38 46 87 76 42 90 75
96380 13 8 109 123 36 25 101 41 71 40
96380 14 8 7 22 99 39 18 76 23 34
96380 15 8 69 77 20 7 91 8 17 1
96380 16 8 77 78 84 29 79 52 83 102
96380 17 8 0 64 65 113 106 62 102 84
96380 18 8 86 100 46 52 110 123 32 74
96380 19 8 115 45 43 48 44 91 63 82
96380 20 8 105 103 122 8 14 44 95 25
96380 21 8 35 81 1 37 99 60 113 33
96380 22 8 95 25 70 124 76 18 119 52
96380 23 8 16 97 105 29 101 107 111 115
96380 24 8 38 103 46 0 87 75 90 32
96380 25 8 123 109 57 71 101 73 115 41
96380 26 8 22 60 99 18 76 71 23 82
96380 27 8 77 20 69 7 91 8 17 55
96380 28 8 44 78 84 77 29 80 79 110
96380 29 8 0 36 65 64 106 84 62 113
96380 30 8 86 118 52 100 46 110 10 123
96380 31 8 45 48 82 115 63 73 110 43
96380 32 8 20 105 14 67 44 8 122 95
96380 33 8 35 81 99 40 1 37 60 127
96380 34 8 95 70 124 25 119 40 76 30
96380 35 8 97 16 42 73 29 105 78 25
96380 36 8 103 0 38 87 25 76 46 42
96380 37 8 41 36 123 57 109 62 10 49
96380 38 8 22 18 60 47 71 111 99 82
96380 39 8 20 77 69 51 107 91 54 7
96380 40 8 44 77 110 29 109 78 80 84
96380 41 8 64 0 65 63 122 85 54 113
96380 42 8 25 8 49 126 90 59 75 55
96380 43 8 121 74 47 49 125 8 104 75
96380 44 8 110 80 72 13 6 98 73 11
96380 45 8 5 47 76 83 114 26 7 84
96380 46 8 96 10 45 1 124 123 82 109
96380 47 8 11 31 127 82 121 90 114 15
476 0 8 83 63 120 110 107 0 31 97
476 1 8 34 41 8 2 30 26 92 40
476 2 8 53 67 8 88 54 10 62 120
476 3 8 89 12 6 64 51 62 121 106
476 4 8 79 76 124 48 106 11 40 29
476 5 8 42 16 125 108 22 96 18 49
476 6 8 86 100 52 105 110 10 75 63
476 7 8 95 45 48 49 110 34 73 98
476 8 8 14 66 103 84 105 95 44 8
476 9 8 98 110 99 103 1 37 127 117
476 10 8 70 73 83 25 23 64 30 40
476 11 8 26 9 61 49 78 111 29 105
476 12 8 107 79 104 23 63 74 87 76
476 13 8 6 80 25 36 64 28 77 83
476 14 8 10 48 58 39 79 99 23 7
476 15 8 23 85 69 91 3 17 1 7
476 16 8 8 78 124 102 43 83 79 114
476 17 8 19 97 106 20 53 72 85 45
476 18 8 86 100 75 10 52 110 54 42
476 19 8 45 48 115 51 110 82 20 95
476 20 8 66 105 103 95 14 84 44 8
476 21 8 1 98 81 99 127 9 110 103
476 22 8 73 53 25 83 70 64 105 90
476 23 8 26 47 61 49 105 115 29 111
476 24 8 107 87 104 79 68 75 74 99
476 25 8 6 80 65 25 101 64 71 79
476 26 8 10 99 39 58 79 23 76 48
476 27 8 91 23 85 7 69 17 3 1
476 28 8 78 43 8 83 102 79 80 84
476 29 8 20 19 106 97 17 112 68 62
476 30 8 86 75 10 100 52 46 110 23
476 31 8 45 115 73 51 48 82 110 63
476 32 8 105 67 80 14 103 66 95 44
476 33 8 1 81 98 99 49 48 37 96
476 34 8 73 25 83 52 30 53 90 64
476 35 8 26 105 47 69 29 107 78 43
476 36 8 107 87 68 76 79 100 42 46
476 37 8 6 65 80 101 83 10 25 115
476 38 8 10 39 58 99 48 28 79 34
476 39 8 23 91 1 56 3 85 69 8
476 40 8 8 83 43 78 84 124 80 102
476 41 8 19 106 20 117 97 112 113 69
476 42 8 21 123 5 22 101 93 74 7
476 43 8 87 104 88 6 81 4 43 97
476 44 8 20 0 72 98 81 54 6 71
476 45 8 80 70 84 103 22 114 123 35
476 46 8 115 80 52 22 44 8 98 75
476 47 8 117 34 66 47 32 123 88 36
74459 0 8 112 64 82 67 77 28 62 51
74459 1 8 29 114 90 122 8 67 99 68
74459 2 8 120 4 115 76 73 36 24 62
74459 3 8 62 77 40 127 92 97 29 90
74459 4 8 116 11 27 37 82 51 67 57
74459 5 8 18 16 48 96 78 117 56 6
74459 6 8 86 100 123 3 110 46 32 74
74459 7 8 115 82 45 91 32 48 63 73
74459 8 8 14 103 95 67 122 105 44 82
74459 9 8 35 81 77 79 1 103 99 37
74459 10 8 95 25 70 109 119 76 64 52
74459 11 8 16 92 29 78 107 101 105 0
74459 12 8 103 38 46 76 87 42 74 119
74459 13 8 123 109 36 41 73 101 49 71
74459 14 8 18 99 82 47 39 7 76 58
74459 15 8 69 77 91 20 7 18 56 55
74459 16 8 109 77 78 84 52 29 102 110
74459 17 8 0 64 65 117 113 106 102 116
74459 18 8 86 100 52 110 75 123 74 32
74459 19 8 115 45 91 48 43 82 110 32
74459 20 8 103 105 14 95 44 122 8 67
74459 21 8 81 1 35 99 33 127 37 60
74459 22 8 95 25 70 18 76 64 52 119
74459 23 8 16 92 97 29 101 105 107 115
74459 24 8 38 103 87 46 0 75 76 34
74459 25 8 123 109 57 101 73 71 41 125
74459 26 8 18 99 82 47 60 76 7 23
74459 27 8 77 20 91 69 7 17 55 8
74459 28 8 44 77 78 29 110 109 80 79
74459 29 8 0 65 64 63 106 84 68 121
74459 30 8 118 86 52 10 123 100 75 85
74459 31 8 45 48 115 51 110 82 91 73
74459 32 8 20 14 105 44 67 103 80 95
74459 33 8 35 79 1 99 81 22 62 40
74459 34 8 95 70 25 124 109 30 76 53
74459 35 8 92 97 16 42 105 29 78 79
74459 36 8 103 38 0 87 76 97 52 58
74459 37 8 41 36 123 109 57 10 115 95
74459 38 8 111 18 47 60 99 22 82 71
74459 39 8 20 90 69 107 77 91 55 7
74459 40 8 109 77 44 29 110 83 78 108
74459 41 8 65 64 0 63 85 115 49 106
74459 42 8 25 49 126 59 75 55 90 24
74459 43 8 121 49 47 74 8 125 104 97
74459 44 8 110 13 80 73 37 72 6 98
74459 45 8 5 47 83 114 26 87 7 84
74459 46 8 1 124 96 82 10 97 45 52
74459 47 8 11 31 127 90 82 121 15 27
13 0 8 65 98 43 73 72 45 44 114
13 1 8 18 94 38 127 26 43 95 24
13 2 8 84 88 38 93 57 40 82 18
13 3 8 6 124 89 31 2 117 41 39
13 4 8 106 76 124 115 85 48 11 67
13 5 8 61 66 125 22 126 8 13 64
13 6 8 105 83 8 52 56 42 86 30
13 7 8 49 45 34 112 51 98 1 48
13 8 8 84 103 121 14 105 95 44 47
13 9 8 9 110 99 117 1 103 80 127
13 10 8 61 105 30 25 39 112 70 64
13 11 8 61 49 24 125 122 98 92 78
13 12 8 99 15 96 63 104 97 23 79
13 13 8 6 28 15 36 101 64 25 77
13 14 8 20 48 90 17 6 76 104 99
13 15 8 85 101 91 10 17 23 103 55
13 16 8 124 78 8 39 102 114 83 73
13 17 8 19 69 42 17 105 106 21 121
13 18 8 105 83 63 56 100 86 75 10
13 19 8 49 45 82 48 112 106 1 51
13 20 8 84 121 105 103 116 95 44 80
13 21 8 9 110 125 99 81 80 62 1
13 22 8 105 61 53 30 25 56 13 112
13 23 8 61 24 49 23 122 125 105 37
13 24 8 99 15 30 96 104 97 56 63
13 25 8 6 15 58 28 64 73 115 101
13 26 8 17 20 48 90 76 99 6 111
13 27 8 85 101 10 23 70 91 17 103
13 28 8 124 78 8 81 80 73 83 45
13 29 8 19 42 69 21 1 17 48 121
13 30 8 105 56 63 83 75 86 10 8
13 31 8 49 112 45 82 73 106 51 32
13 32 8 121 65 84 105 80 95 67 116
13 33 8 125 9 110 80 99 49 62 1
13 34 8 105 53 61 56 78 30 25 112
13 35 8 24 61 125 23 49 37 0 122
13 36 8 99 15 96 97 116 87 63 79
13 37 8 58 15 6 23 28 25 10 101
13 38 8 17 20 48 90 86 8 34 115
13 39 8 101 23 103 85 10 70 95 120
13 40 8 124 8 73 78 81 83 80 45
13 41 8 69 112 42 48 19 21 17 1
13 42 8 31 64 32 36 123 74 7 114
13 43 8 104 77 88 43 31 97 112 36
13 44 8 6 53 107 0 73 81 90 121
13 45 8 2 101 22 27 114 37 94 84
13 46 8 11 97 52 38 98 34 84 60
13 47 8 73 105 57 20 86 85 109 78
2521 0 8 21 63 50 75 110 32 72 103
2521 1 8 23 6 34 41 8 58 26 95
2521 2 8 53 8 93 88 54 67 84 47
2521 3 8 64 2 4 38 124 16 6 37
2521 4 8 56 76 79 106 25 48 83 124
2521 5 8 47 82 42 22 13 61 125 96
2521 6 8 42 105 83 52 86 110 8 75
2521 7 8 95 34 49 51 45 110 60 106
2521 8 8 84 36 103 66 14 95 105 67
2521 9 8 98 9 127 117 110 1 65 45
2521 10 8 73 113 90 39 112 97 83 30
2521 11 8 26 9 69 61 98 8 67 122
2521 12 8 79 107 97 63 104 118 24 75
2521 13 8 6 98 118 77 21 73 23 28
2521 14 8 79 10 48 8 34 125 75 76
2521 15 8 23 85 95 87 103 91 55 8
2521 16 8 8 124 78 45 65 15 73 80
2521 17 8 69 19 53 85 17 106 15 97
2521 18 8 30 63 52 42 75 86 83 8
2521 19 8 95 34 82 51 106 45 110 49
2521 20 8 36 66 103 84 39 95 105 14
2521 21 8 98 117 80 127 9 45 99 110
2521 22 8 73 30 90 39 113 53 61 112
2521 23 8 26 61 122 49 37 98 107 24
2521 24 8 107 79 104 116 97 63 118 99
2521 25 8 6 21 98 118 73 28 80 64
2521 26 8 10 79 48 39 99 34 88 76
2521 27 8 23 85 91 95 55 18 17 56
2521 28 8 78 8 124 45 83 15 80 102
2521 29 8 19 17 69 97 106 112 85 53
2521 30 8 86 75 10 63 23 105 52 56
2521 31 8 45 95 82 73 51 1 34 106
2521 32 8 80 105 36 61 103 67 95 39
2521 33 8 45 1 99 98 80 81 127 62
2521 34 8 53 73 25 113 123 30 83 85
2521 35 8 105 67 26 69 122 98 49 61
2521 36 8 107 99 97 87 79 30 100 63
2521 37 8 6 98 21 101 10 80 25 28
2521 38 8 79 10 48 34 39 99 23 44
2521 39 8 23 85 95 103 1 121 120 78
2521 40 8 78 8 83 124 45 65 102 15
2521 41 8 112 69 19 17 106 48 53 9
2521 42 8 31 21 74 64 32 123 68 7
2521 43 8 77 88 43 104 97 19 81 112
2521 44 8 0 53 73 81 6 27 45 107
2521 45 8 22 127 46 114 2 80 27 84
2521 46 8 97 84 22 80 67 105 52 82
2521 47 8 32 117 73 111 95 85 34 35
7196 0 8 2 63 97 77 21 51 101 111
7196 1 8 23 58 8 34 116 41 113 106
7196 2 8 9 8 54 53 93 14 72 87
7196 3 8 29 38 112 64 2 39 59 117
7196 4 8 83 22 56 25 48 124 76 79
7196 5 8 96 47 82 34 22 13 42 126
7196 6 8 42 52 30 110 75 86 10 79
7196 7 8 95 60 34 51 45 110 106 48
7196 8 8 103 36 18 109 39 95 105 14
7196 9 8 45 1 127 98 99 80 65 117
7196 10 8 107 113 39 97 30 112 64 23
7196 11 8 69 67 9 26 122 98 107 37
7196 12 8 107 79 63 118 97 104 23 30
7196 13 8 98 21 73 118 83 16 102 6
7196 14 8 79 10 34 8 39 99 76 6
7196 15 8 23 87 95 103 91 60 55 8
7196 16 8 78 45 15 8 7 55 83 102
7196 17 8 69 85 17 106 97 15 90 53
7196 18 8 86 42 52 75 30 63 10 100
7196 19 8 95 45 34 82 51 115 32 48
7196 20 8 103 39 95 36 105 44 80 122
7196 21 8 45 81 1 99 80 127 49 103
7196 22 8 30 25 107 113 73 64 123 39
7196 23 8 67 122 26 47 98 107 37 69
7196 24 8 104 107 68 63 100 97 118 116
7196 25 8 21 65 98 75 107 6 73 101
7196 26 8 79 10 39 99 7 76 28 34
7196 27 8 23 95 91 17 55 1 103 8
7196 28 8 78 83 102 45 114 15 79 55
7196 29 8 17 112 69 106 97 85 9 103
7196 30 8 86 10 75 23 52 127 100 42
7196 31 8 45 48 115 51 82 1 95 73
7196 32 8 80 105 61 67 103 109 44 95
7196 33 8 1 99 45 81 97 37 80 127
7196 34 8 25 85 123 83 53 52 30 107
7196 35 8 67 105 69 98 26 122 29 43
7196 36 8 87 30 104 97 107 76 118 46
7196 37 8 98 6 101 10 21 75 16 115
7196 38 8 79 10 39 28 34 7 115 23
7196 39 8 23 103 95 87 121 1 8 17
7196 40 8 83 78 7 8 55 45 102 114
7196 41 8 112 69 48 106 9 17 19 53
7196 42 8 37 31 64 74 101 123 2 7
7196 43 8 104 77 43 88 97 81 36 44
7196 44 8 98 107 73 0 53 27 6 81
7196 45 8 114 22 84 127 2 27 32 4
7196 46 8 97 67 60 22 52 84 82 80
7196 47 8 117 34 32 85 73 86 111 95
2441 0 8 7 34 106 86 80 41 51 17
2441 1 8 23 99 16 9 113 8 123 34
2441 2 8 8 45 90 122 100 69 9 54
2441 3 8 29 94 77 112 38 59 39 64
2441 4 8 22 87 56 79 48 67 105 20
2441 5 8 122 105 96 13 126 47 22 116
2441 6 8 86 42 52 75 30 14 10 63
2441 7 8 95 45 110 34 48 60 20 51
2441 8 8 2 39 103 36 14 95 61 105
2441 9 8 99 1 81 48 37 24 80 127
2441 10 8 107 85 25 30 113 97 64 123
2441 11 8 50 69 78 122 98 107 47 37
2441 12 8 118 68 107 63 76 87 46 30
2441 13 8 66 12 102 83 113 107 77 98
2441 14 8 10 39 96 23 99 64 7 34
2441 15 8 91 95 23 87 98 121 17 3
2441 16 8 51 78 43 83 102 55 114 45
2441 17 8 112 2 106 126 20 85 66 9
2441 18 8 86 100 10 52 75 42 23 127
2441 19 8 45 115 95 48 110 26 1 51
2441 20 8 61 105 80 2 95 39 103 44
2441 21 8 81 1 48 99 52 97 37 127
2441 22 8 85 107 25 52 64 123 30 18
2441 23 8 105 50 43 69 47 98 115 29
2441 24 8 118 68 87 76 100 46 75 30
2441 25 8 12 102 66 101 113 64 107 65
2441 26 8 7 23 99 39 76 64 101 115
2441 27 8 91 17 121 3 8 95 4 37
2441 28 8 51 78 83 43 102 84 114 79
2441 29 8 112 2 35 126 66 9 106 62
2441 30 8 86 46 127 23 75 52 10 100
2441 31 8 45 82 63 115 44 48 32 73
2441 32 8 61 105 67 2 80 14 82 95
2441 33 8 48 81 99 80 1 96 33 97
2441 34 8 85 25 30 83 13 107 40 123
2441 35 8 50 47 105 78 69 43 29 79
2441 36 8 118 68 30 46 87 114 75 104
2441 37 8 66 113 102 12 99 101 10 73
2441 38 8 64 96 39 58 115 99 84 44
2441 39 8 4 3 37 121 91 7 87 98
2441 40 8 51 43 84 78 80 114 83 119
2441 41 8 2 112 126 35 66 113 9 106
2441 42 8 98 18 102 93 5 123 22 71
2441 43 8 6 104 87 81 36 16 58 127
2441 44 8 72 48 20 98 6 81 27 92
2441 45 8 70 114 80 84 22 45 4 32
2441 46 8 115 52 22 60 8 117 80 19
2441 47 8 120 36 47 66 123 88 26 124
15235 0 8 91 75 64 95 6 86 122 78
15235 1 8 122 68 89 16 113 67 29 7
15235 2 8 23 4 36 5 41 64 46 111
15235 3 8 70 3 73 24 123 18 92 121
15235 4 8 5 37 11 27 93 67 51 57
15235 5 8 75 87 115 18 122 63 10 96
15235 6 8 86 118 103 46 64 100 111 66
15235 7 8 115 45 82 32 2 1 63 44
15235 8 8 61 50 20 67 2 82 105 108
15235 9 8 35 81 25 99 103 104 112 66
15235 10 8 25 85 95 13 82 10 2 45
15235 11 8 16 78 29 42 105 122 0 43
15235 12 8 46 103 87 0 38 14 76 32
15235 13 8 2 109 123 57 12 40 101 73
15235 14 8 60 23 111 99 102 115 39 18
15235 15 8 121 20 91 37 6 77 69 8
15235 16 8 84 78 11 108 102 77 94 110
15235 17 8 0 102 112 64 26 116 9 36
15235 18 8 86 100 65 64 74 52 46 127
15235 19 8 115 45 32 44 63 1 82 2
15235 20 8 61 44 82 95 108 105 74 50
15235 21 8 81 35 99 25 66 24 1 80
15235 22 8 85 25 95 52 18 124 13 82
15235 23 8 42 43 18 105 16 29 97 116
15235 24 8 46 75 0 14 87 38 103 25
15235 25 8 57 2 109 123 101 73 18 71
15235 26 8 60 23 115 76 7 71 102 99
15235 27 8 121 17 8 126 91 20 37 6
15235 28 8 11 78 108 83 44 84 102 94
15235 29 8 36 15 112 17 26 46 0 106
15235 30 8 86 10 118 127 52 23 100 46
15235 31 8 45 48 51 1 2 110 82 115
15235 32 8 61 80 105 20 44 2 67 95
15235 33 8 35 1 81 99 96 40 37 80
15235 34 8 124 85 25 95 41 107 52 109
15235 35 8 42 97 105 16 18 78 55 43
15235 36 8 0 103 87 46 30 25 14 52
15235 37 8 57 2 41 101 12 18 123 10
15235 38 8 60 102 71 7 115 18 23 34
15235 39 8 60 20 8 121 1 126 77 90
15235 40 8 83 108 78 44 110 15 11 102
15235 41 8 26 15 36 17 46 106 64 112
15235 42 8 49 125 74 90 2 126 22 16
15235 43 8 56 43 19 12 121 104 97 8
15235 44 8 45 88 98 11 80 72 99 27
15235 45 8 46 17 5 112 22 84 26 114
15235 46 8 105 81 30 39 29 80 84 22
15235 47 8 111 127 52 95 31 35 15 121
476 0 8 83 63 120 110 107 47 111 31
476 1 8 34 41 8 2 13 14 126 24
476 2 8 53 67 41 8 10 93 54 88
476 3 8 89 3 123 99 73 6 64 37
476 4 8 79 76 48 38 11 93 83 85
476 5 8 42 122 75 22 125 96 18 13
476 6 8 86 127 52 105 56 64 126 23
476 7 8 45 95 49 48 82 1 110 100
476 8 8 2 14 66 61 103 105 84 44
476 9 8 98 81 99 110 24 71 66 117
476 10 8 85 25 73 107 83 30 76 13
476 11 8 26 78 105 69 122 29 61 79
476 12 8 107 87 46 76 79 104 74 52
476 13 8 6 80 12 2 101 64 83 77
476 14 8 10 39 23 99 79 48 58 7
476 15 8 23 85 91 3 37 121 69 87
476 16 8 8 78 124 83 102 11 43 55
476 17 8 19 112 106 97 72 20 17 85
476 18 8 86 100 127 52 23 10 75 46
476 19 8 45 1 48 115 51 110 82 32
476 20 8 61 66 105 80 95 44 103 14
476 21 8 81 98 1 99 48 97 80 96
476 22 8 73 85 25 53 30 90 64 107
476 23 8 26 105 47 43 122 115 69 37
476 24 8 107 79 87 100 104 46 30 76
476 25 8 6 80 101 65 64 77 2 55
476 26 8 10 39 23 79 99 7 115 76
476 27 8 23 3 85 91 121 17 82 8
476 28 8 78 8 43 83 102 84 79 124
476 29 8 19 112 97 9 106 20 17 68
476 30 8 86 127 46 23 10 75 100 52
476 31 8 45 115 82 63 32 1 73 48
476 32 8 61 105 66 80 67 14 95 82
476 33 8 48 98 81 99 1 80 37 96
476 34 8 73 85 25 83 90 53 123 30
476 35 8 26 47 105 69 79 78 122 29
476 36 8 107 79 68 87 46 104 100 30
476 37 8 6 80 83 101 65 10 25 73
476 38 8 10 39 58 96 99 79 115 48
476 39 8 23 3 121 85 91 1 4 8
476 40 8 8 78 84 43 124 83 102 80
476 41 8 112 19 9 97 69 20 106 113
476 42 8 21 93 5 101 18 123 22 16
476 43 8 104 87 88 36 6 81 4 45
476 44 8 98 0 72 20 27 54 6 81
476 45 8 114 70 84 80 22 127 123 32
476 46 8 60 115 67 22 52 8 98 80
476 47 8 117 34 66 32 47 85 123 88
264 0 8 106 27 101 50 48 110 118 32
264 1 8 34 8 99 126 2 44 24 56
264 2 8 45 53 122 41 7 125 67 52
264 3 8 94 29 123 64 99 3 59 9
264 4 8 79 11 67 113 118 48 22 83
264 5 8 51 96 105 42 47 22 122 18
264 6 8 86 127 52 23 63 100 110 13
264 7 8 95 45 82 1 60 73 48 110
264 8 8 2 66 61 103 95 105 67 80
264 9 8 79 98 48 81 80 99 45 24
264 10 8 73 25 107 23 85 83 30 90
264 11 8 26 69 92 78 105 79 122 47
264 12 8 107 79 68 46 87 104 118 74
264 13 8 6 66 83 12 80 64 65 73
264 14 8 10 105 58 39 99 23 115 76
264 15 8 3 23 91 72 69 121 17 94
264 16 8 43 8 78 51 83 121 84 102
264 17 8 2 112 66 20 102 35 106 113
264 18 8 86 100 52 75 23 127 46 64
264 19 8 115 45 32 1 48 82 95 44
264 20 8 2 61 105 95 99 103 80 44
264 21 8 81 48 99 1 37 97 80 92
264 22 8 25 85 73 83 123 52 107 14
264 23 8 47 26 105 43 92 69 29 115
264 24 8 107 68 87 46 75 74 100 104
264 25 8 66 12 101 65 107 55 79 83
264 26 8 10 23 7 99 115 76 39 105
264 27 8 3 91 23 17 121 8 82 1
264 28 8 43 78 51 83 84 102 79 80
264 29 8 112 2 35 66 9 106 20 62
264 30 8 86 46 127 23 100 10 75 64
264 31 8 45 115 63 82 32 44 73 1
264 32 8 61 2 105 67 80 82 43 86
264 33 8 81 99 48 37 1 97 80 96
264 34 8 85 25 83 73 107 30 123 76
264 35 8 26 69 47 105 92 78 43 29
264 36 8 68 46 87 107 69 76 42 104
264 37 8 66 12 99 113 83 101 65 10
264 38 8 105 10 39 58 96 115 99 23
264 39 8 3 121 4 91 23 1 98 7
264 40 8 43 51 84 78 121 83 80 102
264 41 8 112 2 9 66 35 20 126 113
264 42 8 98 18 93 102 123 22 5 16
264 43 8 87 104 6 81 36 97 127 45
264 44 8 48 20 98 72 27 6 81 92
264 45 8 70 80 84 114 22 123 35 4
264 46 8 115 60 22 52 80 117 8 98
264 47 8 36 120 47 66 88 123 85 59
3738 0 8 17 91 68 87 28 51 22 105
3738 1 8 2 99 8 48 68 122 90 67
3738 2 8 41 4 74 36 51 70 64 56
3738 3 8 123 70 50 73 29 24 3 78
3738 4 8 37 5 11 51 27 87 67 82
3738 5 8 96 75 122 18 115 116 12 87
3738 6 8 86 127 23 64 100 118 88 85
3738 7 8 45 2 82 115 1 32 110 20
3738 8 8 61 2 103 95 105 80 4 70
3738 9 8 24 35 79 25 81 99 1 80
3738 10 8 85 95 25 13 107 2 103 52
3738 11 8 92 16 122 105 78 29 42 101
3738 12 8 103 87 46 38 76 14 0 74
3738 13 8 2 123 109 12 101 57 40 83
3738 14 8 60 99 23 44 39 18 111 115
3738 15 8 91 121 69 20 8 6 55 77
3738 16 8 78 11 102 108 83 84 79 75
3738 17 8 112 0 102 9 106 64 65 66
3738 18 8 86 127 23 100 75 10 64 85
3738 19 8 45 115 48 32 1 110 82 73
3738 20 8 61 105 95 103 80 44 86 82
3738 21 8 35 81 1 79 99 24 97 103
3738 22 8 25 85 95 52 103 82 41 18
3738 23 8 92 42 16 43 105 97 29 18
3738 24 8 0 103 25 38 87 46 67 75
3738 25 8 2 57 18 123 109 101 12 73
3738 26 8 60 23 115 7 99 34 76 71
3738 27 8 91 8 121 17 20 77 95 55
3738 28 8 11 78 83 108 102 13 110 44
3738 29 8 112 17 106 36 15 0 46 92
3738 30 8 127 86 10 118 23 75 52 46
3738 31 8 45 51 48 2 115 73 32 1
3738 32 8 61 105 80 20 2 67 103 95
3738 33 8 35 1 99 79 81 97 96 49
3738 34 8 85 124 25 41 95 52 103 107
3738 35 8 92 42 97 105 18 29 43 16
3738 36 8 103 0 87 46 25 14 67 75
3738 37 8 2 57 101 12 18 41 10 127
3738 38 8 60 102 115 64 71 76 39 7
3738 39 8 121 77 60 8 20 1 90 126
3738 40 8 83 108 78 109 13 110 11 44
3738 41 8 36 112 46 15 106 9 17 64
3738 42 8 125 49 74 18 123 126 16 2
3738 43 8 56 43 104 19 12 97 16 87
3738 44 8 45 72 88 98 27 11 99 6
3738 45 8 46 17 22 112 84 26 123 114
3738 46 8 60 81 30 105 22 39 80 52
3738 47 8 127 111 85 15 31 21 121 95
3668 0 8 28 23 112 105 122 77 51 86
3668 1 8 67 13 29 77 2 122 16 40
3668 2 8 76 41 67 125 59 4 73 36
3668 3 8 70 50 123 92 78 13 121 62
3668 4 8 11 27 10 38 113 37 5 77
3668 5 8 75 96 122 10 87 18 116 48
3668 6 8 86 127 63 23 75 52 46 88
3668 7 8 45 73 82 2 106 32 48 115
3668 8 8 61 20 95 2 80 103 105 14
3668 9 8 35 80 106 24 99 81 79 1
3668 10 8 85 30 95 109 25 107 13 2
3668 11 8 105 16 92 78 42 55 122 43
3668 12 8 0 46 87 38 32 103 76 30
3668 13 8 123 41 2 57 101 109 12 10
3668 14 8 23 18 99 60 115 44 39 7
3668 15 8 91 20 121 17 77 37 90 1
3668 16 8 78 110 80 108 11 77 102 83
3668 17 8 112 64 106 0 9 65 46 17
3668 18 8 86 127 23 63 75 52 88 10
3668 19 8 45 82 32 48 73 1 106 2
3668 20 8 61 105 95 80 44 14 103 17
3668 21 8 35 81 99 80 1 79 97 96
3668 22 8 85 30 95 25 109 40 103 112
3668 23 8 92 42 55 105 16 78 97 43
3668 24 8 0 38 87 46 52 75 74 30
3668 25 8 123 57 2 109 101 77 41 12
3668 26 8 60 115 23 99 76 18 71 34
3668 27 8 60 20 121 17 91 95 1 8
3668 28 8 78 11 83 108 44 102 110 80
3668 29 8 15 17 106 112 46 0 85 121
3668 30 8 10 127 75 86 23 118 63 52
3668 31 8 45 51 48 73 82 110 106 2
3668 32 8 80 105 61 95 103 20 44 67
3668 33 8 1 35 99 96 80 49 79 106
3668 34 8 85 107 25 53 124 30 95 52
3668 35 8 105 92 55 42 97 98 78 43
3668 36 8 87 0 46 30 53 100 76 103
3668 37 8 2 41 101 57 10 123 12 73
3668 38 8 80 60 115 102 39 23 34 76
3668 39 8 60 1 8 20 121 95 90 78
3668 40 8 83 108 78 15 110 11 44 55
3668 41 8 106 15 36 52 46 17 64 85
3668 42 8 49 125 2 74 123 22 126 7
3668 43 8 56 43 19 97 12 104 121 112
3668 44 8 88 45 6 13 99 37 11 27
3668 45 8 46 112 17 22 5 114 123 92
3668 46 8 39 105 81 30 29 80 84 22
3668 47 8 52 95 35 111 127 108 31 59
20992 0 8 29 120 126 77 116 3 51 62
20992 1 8 107 78 122 58 76 45 53 86
20992 2 8 119 24 125 116 73 51 14 36
20992 3 8 7 13 105 25 11 89 26 90
20992 4 8 74 47 39 91 105 11 116 22
20992 5 8 80 78 116 18 100 49 126 75
20992 6 8 86 10 75 52 63 100 79 23
20992 7 8 87 45 48 51 73 1 82 69
20992 8 8 80 51 24 103 105 39 95 44
20992 9 8 94 1 99 96 22 81 103 52
20992 10 8 25 107 120 30 35 52 74 85
20992 11 8 105 87 47 86 43 69 71 92
20992 12 8 53 100 124 87 76 46 63 75
20992 13 8 24 75 2 101 44 64 49 16
20992 14 8 62 28 39 99 23 7 58 76
20992 15 8 98 91 17 95 8 1 18 94
20992 16 8 78 83 123 20 102 79 43 11
20992 17 8 106 17 84 112 85 14 97 9
20992 18 8 86 10 127 75 23 100 52 63
20992 19 8 45 51 48 110 1 87 115 82
20992 20 8 80 105 103 61 95 51 44 24
20992 21 8 1 81 99 94 96 52 49 80
20992 22 8 107 25 120 52 85 30 95 35
20992 23 8 105 87 43 16 47 86 29 115
20992 24 8 53 100 87 75 76 68 104 46
20992 25 8 24 101 75 2 123 71 49 73
20992 26 8 62 28 23 58 99 76 34 39
20992 27 8 98 8 4 91 17 95 55 18
20992 28 8 78 83 123 20 102 43 45 80
20992 29 8 84 106 85 14 112 97 17 20
20992 30 8 86 10 75 23 52 100 127 63
20992 31 8 45 51 1 48 115 110 82 26
20992 32 8 105 80 24 103 51 67 95 61
20992 33 8 1 96 99 94 81 52 48 49
20992 34 8 107 120 25 74 52 30 95 112
20992 35 8 105 87 71 47 16 43 29 98
20992 36 8 100 87 53 68 76 120 46 97
20992 37 8 24 49 42 121 75 101 55 10
20992 38 8 62 28 39 34 99 23 58 76
20992 39 8 98 4 8 56 95 1 91 69
20992 40 8 123 83 78 20 43 102 45 121
20992 41 8 106 14 84 85 97 20 112 68
20992 42 8 75 65 101 2 123 28 22 32
20992 43 8 87 4 104 81 2 97 44 6
20992 44 8 13 54 6 71 72 27 81 80
20992 45 8 127 114 123 22 21 12 119 80
20992 46 8 67 17 97 52 80 22 74 45
20992 47 8 34 117 32 27 54 85 114 90
432 0 8 61 103 71 104 51 47 118 0
432 1 8 3 9 91 39 58 105 26 76
432 2 8 100 122 24 51 121 52 62 125
432 3 8 7 105 11 90 25 9 59 123
432 4 8 47 105 39 23 22 67 40 74
432 5 8 107 116 126 100 49 78 18 16
432 6 8 86 10 52 75 42 100 79 63
432 7 8 2 45 48 1 82 51 32 110
432 8 8 103 61 80 24 44 27 105 64
432 9 8 1 81 52 99 22 96 37 127
432 10 8 103 35 25 52 107 120 85 110
432 11 8 105 8 43 87 29 107 101 16
432 12 8 26 87 100 124 75 63 22 76
432 13 8 42 2 101 95 75 71 99 123
432 14 8 23 39 99 34 7 76 80 18
432 15 8 98 95 8 69 60 55 17 91
432 16 8 83 78 108 11 55 123 102 45
432 17 8 17 106 112 0 122 15 85 103
432 18 8 79 86 10 75 100 52 23 127
432 19 8 45 51 2 48 32 1 115 82
432 20 8 105 80 103 95 61 44 122 67
432 21 8 81 1 99 96 127 49 60 103
432 22 8 25 52 18 112 64 35 30 39
432 23 8 105 43 8 29 22 115 101 46
432 24 8 75 87 46 38 26 34 100 2
432 25 8 123 109 101 42 95 71 73 2
432 26 8 18 23 99 34 76 7 115 80
432 27 8 8 95 17 91 98 55 69 94
432 28 8 78 83 102 108 45 44 11 80
432 29 8 0 85 106 17 112 65 68 69
432 30 8 86 52 10 75 100 42 118 63
432 31 8 45 2 51 48 60 82 1 110
432 32 8 105 103 80 44 27 95 67 61
432 33 8 99 1 52 96 81 127 80 62
432 34 8 103 110 25 35 95 52 18 30
432 35 8 8 105 16 29 43 71 37 46
432 36 8 26 38 97 87 63 53 80 76
432 37 8 123 109 95 2 101 10 42 77
432 38 8 18 34 99 7 62 111 23 76
432 39 8 8 98 20 90 95 107 1 121
432 40 8 77 29 78 123 83 108 114 44
432 41 8 65 85 0 106 63 84 17 53
432 42 8 75 126 55 2 37 73 28 123
432 43 8 121 47 8 56 49 104 2 97
432 44 8 110 80 6 11 27 19 37 54
432 45 8 47 83 5 87 119 92 22 114
432 46 8 1 10 97 84 45 52 96 81
432 47 8 11 31 127 90 82 27 44 121
382 0 8 65 53 1 98 73 100 51 69
382 1 8 18 127 94 119 5 82 15 21
382 2 8 84 80 88 38 57 93 40 39
382 3 8 6 31 124 75 89 41 2 16
382 4 8 106 124 115 76 85 111 121 11
382 5 8 125 61 66 8 22 37 13 64
382 6 8 105 83 8 78 56 52 63 42
382 7 8 49 34 112 106 75 45 101 51
382 8 8 84 121 65 103 9 116 46 3
382 9 8 9 110 80 99 49 1 125 117
382 10 8 61 30 105 112 56 97 39 78
382 11 8 61 49 125 24 122 23 37 8
382 12 8 99 15 96 79 23 97 78 63
382 13 8 6 15 28 19 118 73 77 101
382 14 8 20 48 90 17 100 6 86 88
382 15 8 85 101 10 70 23 16 103 56
382 16 8 8 124 39 73 78 83 80 45
382 17 8 19 69 21 42 17 99 13 48
382 18 8 105 83 63 8 52 30 78 56
382 19 8 34 49 112 106 82 51 3 73
382 20 8 84 121 65 116 103 3 46 14
382 21 8 125 80 9 110 99 49 117 118
382 22 8 61 105 30 56 53 78 62 112
382 23 8 61 24 49 125 23 92 122 37
382 24 8 99 15 96 56 79 97 116 104
382 25 8 58 6 15 19 28 23 118 73
382 26 8 17 90 20 48 100 86 6 88
382 27 8 101 85 10 70 103 23 91 120
382 28 8 81 124 8 73 80 45 78 39
382 29 8 42 19 21 1 69 48 17 18
382 30 8 105 83 78 63 56 8 30 110
382 31 8 112 49 34 106 82 73 101 51
382 32 8 65 121 84 116 46 67 3 95
382 33 8 125 9 110 80 118 49 117 99
382 34 8 78 105 53 56 61 30 112 39
382 35 8 125 23 61 24 49 37 96 7
382 36 8 99 96 79 15 97 56 116 63
382 37 8 58 15 19 23 28 118 6 10
382 38 8 17 90 100 48 20 86 8 107
382 39 8 101 10 23 85 70 103 120 95
382 40 8 8 81 124 80 73 45 17 65
382 41 8 42 69 48 19 21 83 112 17
382 42 8 32 64 31 7 6 123 36 74
382 43 8 104 77 88 112 43 71 31 87
382 44 8 6 0 53 107 73 90 81 121
382 45 8 101 22 27 2 37 114 94 32
382 46 8 11 52 38 34 98 97 22 60
382 47 8 73 125 2 20 101 105 86 85
22816 0 8 75 21 34 72 60 33 64 50
22816 1 8 6 19 122 28 9 125 99 95
22816 2 8 107 125 45 77 52 46 25 127
22816 3 8 4 123 107 20 23 74 81 124
22816 4 8 11 56 50 53 58 48 29 67
22816 5 8 18 56 110 54 68 13 116 74
22816 6 8 86 63 87 110 52 55 38 75
22816 7 8 73 106 82 3 26 110 45 32
22816 8 8 95 36 116 122 103 46 24 2
22816 9 8 33 65 80 49 62 127 1 114
22816 10 8 30 113 37 112 70 88 94 53
22816 11 8 69 68 78 82 107 65 18 89
22816 12 8 24 104 114 52 95 79 97 80
22816 13 8 82 98 77 61 52 118 127 26
22816 14 8 11 8 22 10 15 78 14 115
22816 15 8 87 38 72 56 23 0 77 91
22816 16 8 65 80 82 114 78 115 101 60
22816 17 8 46 83 99 1 18 68 92 66
22816 18 8 63 110 30 75 52 56 64 118
22816 19 8 3 106 34 82 73 51 60 110
22816 20 8 36 3 116 15 4 35 2 46
22816 21 8 80 117 65 10 47 62 33 49
22816 22 8 30 53 9 113 112 19 37 110
22816 23 8 69 9 89 78 37 50 114 1
22816 24 8 67 104 24 114 116 95 74 30
22816 25 8 98 82 18 26 73 63 16 77
22816 26 8 11 90 47 22 64 8 73 82
22816 27 8 0 87 72 77 10 25 56 16
22816 28 8 82 35 100 65 115 80 60 45
22816 29 8 92 122 83 54 126 18 46 3
22816 30 8 63 110 52 75 56 30 71 86
22816 31 8 82 34 3 106 73 51 110 103
22816 32 8 3 36 116 22 46 67 95 105
22816 33 8 47 80 40 118 62 49 33 65
22816 34 8 9 23 30 113 112 127 88 33
22816 35 8 9 89 37 25 18 68 78 30
22816 36 8 24 25 74 67 42 17 116 97
22816 37 8 61 52 127 82 89 45 18 120
22816 38 8 92 26 22 73 33 6 49 99
22816 39 8 25 0 87 77 120 51 8 89
22816 40 8 80 35 82 101 65 100 78 27
22816 41 8 99 54 18 92 49 112 83 11
22816 42 8 33 4 123 58 50 8 70 66
22816 43 8 69 58 104 98 41 97 72 82
22816 44 8 42 6 62 19 122 72 104 114
22816 45 8 51 48 88 114 121 67 92 20
22816 46 8 94 43 54 33 26 35 18 79
22816 47 8 0 80 23 17 42 39 61 6
380 0 8 111 4 28 118 43 117 86 101
380 1 8 90 78 29 6 122 89 85 67
380 2 8 4 73 52 119 120 127 125 46
380 3 8 51 62 4 24 74 5 40 77
380 4 8 11 116 27 77 114 60 57 37
380 5 8 78 18 110 1 48 68 56 126
380 6 8 63 110 86 75 100 52 30 120
380 7 8 106 82 51 110 73 45 48 32
380 8 8 103 95 122 36 118 24 6 115
380 9 8 35 1 127 49 65 80 99 77
380 10 8 30 95 112 80 37 120 113 52
380 11 8 16 78 107 69 114 82 33 89
380 12 8 103 38 24 80 32 76 42 114
380 13 8 109 123 18 82 41 89 10 68
380 14 8 99 8 22 47 6 34 23 76
380 15 8 77 87 20 91 56 95 17 55
380 16 8 78 77 29 80 83 115 114 102
380 17 8 0 64 84 106 92 65 68 54
380 18 8 63 75 86 110 100 52 65 3
380 19 8 82 45 51 106 48 110 32 73
380 20 8 95 103 122 105 14 15 6 8
380 21 8 1 80 35 62 127 99 22 81
380 22 8 30 95 23 109 25 120 124 37
380 23 8 16 97 68 69 42 9 105 46
380 24 8 38 103 80 25 0 42 32 95
380 25 8 18 109 123 57 49 98 82 127
380 26 8 22 47 71 99 60 76 82 8
380 27 8 77 20 91 55 87 56 95 17
380 28 8 78 80 29 83 77 115 65 44
380 29 8 84 54 92 106 81 0 64 46
380 30 8 118 63 75 110 86 52 10 56
380 31 8 82 51 106 73 45 34 110 103
380 32 8 20 95 103 105 36 67 116 8
380 33 8 35 40 80 62 99 49 127 1
380 34 8 23 124 30 95 109 112 37 113
380 35 8 89 42 9 16 73 37 97 30
380 36 8 103 25 24 0 52 42 97 67
380 37 8 18 41 57 62 127 10 76 49
380 38 8 22 71 73 47 60 8 34 11
380 39 8 77 20 126 56 87 46 106 51
380 40 8 65 13 80 110 60 109 23 44
380 41 8 54 81 36 92 18 64 65 46
380 42 8 8 77 86 18 90 123 126 80
380 43 8 74 121 104 125 80 87 100 16
380 44 8 23 6 72 99 80 94 11 13
380 45 8 76 26 47 123 22 20 114 37
380 46 8 96 45 51 52 68 98 84 10
380 47 8 26 121 21 114 127 15 31 11
13391 0 8 126 28 116 3 122 62 51 120
13391 1 8 122 30 98 76 29 78 66 67
13391 2 8 49 112 125 4 76 119 36 52
13391 3 8 0 93 62 121 113 92 12 5
13391 4 8 11 1 27 101 116 114 77 104
13391 5 8 48 71 30 78 18 16 10 87
13391 6 8 63 86 110 75 118 52 100 109
13391 7 8 106 73 45 51 110 82 48 69
13391 8 8 122 103 95 20 46 111 44 6
13391 9 8 35 62 106 49 80 127 1 99
13391 10 8 30 95 25 80 112 109 88 97
13391 11 8 55 16 69 78 107 89 71 122
13391 12 8 38 103 32 80 42 76 95 17
13391 13 8 109 123 41 18 10 101 106 82
13391 14 8 18 101 23 29 99 34 76 88
13391 15 8 20 91 87 17 77 1 95 72
13391 16 8 77 78 114 80 29 83 115 110
13391 17 8 0 64 65 106 61 46 68 84
13391 18 8 63 86 75 100 52 54 10 110
13391 19 8 106 45 82 48 51 73 110 32
13391 20 8 95 122 105 103 15 116 111 101
13391 21 8 80 62 99 10 81 1 35 49
13391 22 8 30 95 109 23 25 113 112 124
13391 23 8 42 16 55 69 46 97 89 107
13391 24 8 38 80 0 25 103 95 67 30
13391 25 8 109 18 57 123 41 101 73 77
13391 26 8 60 71 18 76 101 64 47 99
13391 27 8 20 91 17 77 55 56 95 126
13391 28 8 78 44 80 83 77 115 110 29
13391 29 8 0 46 65 81 68 106 64 84
13391 30 8 118 63 75 110 56 52 42 86
13391 31 8 106 34 51 82 73 45 50 110
13391 32 8 20 95 116 103 105 46 39 67
13391 33 8 35 80 106 62 127 40 1 49
13391 34 8 30 23 95 124 53 39 112 113
13391 35 8 42 55 89 37 9 16 97 73
13391 36 8 103 0 25 97 63 38 52 12
13391 37 8 41 57 18 123 76 10 62 109
13391 38 8 60 71 47 34 8 22 111 88
13391 39 8 20 56 95 60 126 77 55 120
13391 40 8 44 110 65 60 23 45 6 77
13391 41 8 18 64 65 85 46 36 106 81
13391 42 8 77 90 49 8 126 73 125 75
13391 43 8 121 49 74 104 12 47 125 77
13391 44 8 94 99 13 6 80 88 110 121
13391 45 8 87 47 26 5 17 22 58 83
13391 46 8 45 81 84 1 52 30 97 10
13391 47 8 127 31 15 111 121 11 44 21
25 0 8 8 65 119 98 26 72 45 114
25 1 8 108 70 127 18 94 80 58 26
25 2 8 87 82 84 93 88 125 40 47
25 3 8 47 31 89 124 82 6 2 93
25 4 8 118 124 106 104 48 85 58 77
25 5 8 68 125 66 61 13 82 22 33
25 6 8 105 30 8 35 52 63 110 34
25 7 8 51 106 3 49 34 73 50 60
25 8 8 84 109 116 103 36 46 121 95
25 9 8 45 110 49 80 117 114 9 65
25 10 8 30 113 61 83 112 105 53 39
25 11 8 67 61 69 89 37 49 125 122
25 12 8 97 104 99 9 116 7 80 15
25 13 8 32 15 16 26 77 6 21 28
25 14 8 20 17 48 11 8 90 88 6
25 15 8 23 101 85 103 91 70 95 56
25 16 8 124 65 73 78 8 45 83 80
25 17 8 42 69 53 48 97 72 85 17
25 18 8 8 75 63 35 30 86 110 100
25 19 8 34 82 51 106 50 60 3 45
25 20 8 84 95 116 121 103 39 36 3
25 21 8 45 9 80 110 99 117 49 81
25 22 8 61 30 105 53 113 25 83 57
25 23 8 61 89 49 24 67 69 37 107
25 24 8 99 104 15 97 56 9 116 100
25 25 8 28 16 32 15 58 6 21 26
25 26 8 20 48 17 99 90 11 39 6
25 27 8 91 101 23 85 103 10 55 95
25 28 8 78 124 83 45 65 102 73 55
25 29 8 69 106 42 17 97 48 112 68
25 30 8 86 105 10 75 42 56 63 52
25 31 8 51 45 82 49 1 106 48 73
25 32 8 109 103 95 105 121 84 67 122
25 33 8 45 99 1 110 9 127 80 62
25 34 8 53 105 61 30 25 123 112 64
25 35 8 67 61 49 89 24 37 105 122
25 36 8 99 97 15 63 76 9 30 87
25 37 8 15 58 28 10 6 25 101 23
25 38 8 17 48 20 90 34 8 99 107
25 39 8 23 101 103 85 95 70 56 121
25 40 8 45 124 8 73 65 80 78 83
25 41 8 42 69 48 112 19 106 17 18
25 42 8 32 64 31 74 39 123 36 7
25 43 8 77 88 104 43 112 81 78 97
25 44 8 0 6 53 73 107 81 121 90
25 45 8 101 22 94 27 37 114 2 127
25 46 8 84 11 52 97 38 22 98 80
25 47 8 57 73 105 20 109 86 85 95
10696 0 8 2 75 21 63 77 51 97 126
10696 1 8 6 58 23 28 53 74 122 95
10696 2 8 9 8 54 93 87 127 14 46
10696 3 8 4 47 38 2 64 59 82 39
10696 4 8 124 56 22 25 48 47 118 67
10696 5 8 34 82 13 68 22 126 47 107
10696 6 8 110 42 52 30 63 86 79 75
10696 7 8 34 106 60 95 51 110 45 73
10696 8 8 109 36 103 39 95 46 105 14
10696 9 8 45 80 1 65 127 52 49 8
10696 10 8 83 97 30 113 112 74 39 108
10696 11 8 67 89 98 107 9 37 65 122
10696 12 8 118 104 24 97 52 71 63 116
10696 13 8 21 98 77 16 64 73 102 75
10696 14 8 79 8 34 76 99 6 58 75
10696 15 8 23 87 103 95 91 60 17 55
10696 16 8 15 78 55 7 45 83 102 65
10696 17 8 69 97 15 106 53 17 85 48
10696 18 8 86 75 63 52 42 10 100 8
10696 19 8 45 82 95 51 32 48 106 1
10696 20 8 103 95 39 36 105 122 109 116
10696 21 8 45 81 1 99 80 127 49 103
10696 22 8 25 30 83 53 113 52 123 64
10696 23 8 67 47 89 122 105 107 115 46
10696 24 8 68 104 118 100 87 116 97 63
10696 25 8 21 65 98 107 16 101 75 77
10696 26 8 99 79 39 23 76 34 28 58
10696 27 8 91 23 95 17 1 55 103 8
10696 28 8 78 102 83 45 55 15 73 80
10696 29 8 69 17 112 106 97 48 85 68
10696 30 8 86 10 52 75 100 42 23 63
10696 31 8 45 51 82 1 115 48 95 32
10696 32 8 109 105 103 61 95 36 67 122
10696 33 8 45 99 81 1 127 80 103 37
10696 34 8 25 52 123 85 53 113 30 64
10696 35 8 67 105 89 29 98 122 69 37
10696 36 8 87 97 118 76 63 104 30 24
10696 37 8 98 10 101 21 16 6 75 73
10696 38 8 79 23 99 34 115 28 7 39
10696 39 8 95 103 23 87 121 91 8 1
10696 40 8 7 45 55 78 114 102 80 83
10696 41 8 112 69 48 106 97 17 1 85
10696 42 8 64 31 37 74 101 32 115 123
10696 43 8 77 104 43 88 81 97 36 44
10696 44 8 53 6 107 73 0 27 98 37
10696 45 8 114 127 2 22 27 32 94 37
10696 46 8 97 67 52 22 117 101 60 84
10696 47 8 34 117 32 73 85 86 124 57
279 0 8 106 57 103 71 110 127 92 47
279 1 8 9 48 23 113 123 3 116 95
279 2 8 122 90 125 54 7 10 100 52
279 3 8 112 39 38 29 64 94 9 37
279 4 8 63 56 50 23 118 11 67 40
279 5 8 105 51 107 126 18 22 82 49
279 6 8 86 63 52 42 110 75 127 100
279 7 8 45 95 1 60 48 82 106 51
279 8 8 109 103 61 122 95 39 28 105
279 9 8 45 99 1 81 80 127 103 32
279 10 8 83 25 52 123 23 30 97 85
279 11 8 67 109 47 105 29 107 43 89
279 12 8 68 63 80 87 75 97 104 42
279 13 8 65 66 101 21 99 16 107 2
279 14 8 23 99 105 39 7 16 58 34
279 15 8 91 103 23 17 72 95 1 8
279 16 8 78 102 55 119 83 43 12 15
279 17 8 2 17 112 35 106 103 20 66
279 18 8 86 100 10 52 42 75 23 65
279 19 8 45 115 48 51 32 1 95 82
279 20 8 105 95 103 122 61 39 109 44
279 21 8 81 1 99 127 103 45 52 80
279 22 8 52 25 107 112 85 64 123 18
279 23 8 67 105 47 115 43 98 29 107
279 24 8 87 75 68 46 63 80 42 76
279 25 8 66 101 71 65 73 10 77 98
279 26 8 99 23 34 39 105 76 16 7
279 27 8 95 8 91 55 1 72 103 121
279 28 8 78 102 119 55 45 83 12 84
279 29 8 112 2 17 106 35 66 9 68
279 30 8 86 10 52 127 42 100 23 46
279 31 8 45 48 115 95 82 26 32 1
279 32 8 61 109 103 105 67 80 95 44
279 33 8 99 81 32 1 48 127 45 37
279 34 8 25 85 123 103 52 64 112 18
279 35 8 109 105 29 67 47 69 115 98
279 36 8 114 87 68 120 104 75 46 9
279 37 8 66 113 10 99 55 98 101 73
279 38 8 105 16 99 39 115 23 8 34
279 39 8 72 4 121 3 91 95 1 103
279 40 8 43 119 12 78 55 102 80 84
279 41 8 2 66 112 35 20 9 106 117
279 42 8 27 18 102 93 22 123 36 16
279 43 8 29 6 87 104 36 65 97 81
279 44 8 48 20 6 72 98 27 81 44
279 45 8 70 80 22 114 123 32 37 84
279 46 8 115 60 52 22 117 101 80 98
279 47 8 36 120 66 47 88 123 85 124
19038 0 8 112 77 67 28 83 23 105 64
19038 1 8 122 48 68 45 67 29 90 16
19038 2 8 76 4 23 44 73 36 125 64
19038 3 8 70 3 92 90 78 61 9 127
19038 4 8 11 27 50 37 5 57 67 51
19038 5 8 18 87 74 115 10 48 56 63
19038 6 8 86 118 100 46 64 108 66 65
19038 7 8 45 115 82 73 32 48 93 91
19038 8 8 103 20 6 123 105 94 95 67
19038 9 8 81 35 99 32 25 124 40 37
19038 10 8 25 95 88 85 103 52 18 119
19038 11 8 29 16 101 105 42 68 73 0
19038 12 8 103 26 14 46 87 0 38 114
19038 13 8 109 57 123 40 41 76 71 101
19038 14 8 99 60 23 7 16 39 44 47
19038 15 8 77 72 91 20 6 69 55 8
19038 16 8 78 102 60 77 108 80 84 110
19038 17 8 46 64 68 0 84 102 6 100
19038 18 8 86 103 100 65 3 10 54 52
19038 19 8 115 45 32 82 73 48 100 1
19038 20 8 103 95 94 123 105 20 44 61
19038 21 8 35 81 99 80 40 25 66 1
19038 22 8 25 95 52 88 119 85 103 109
19038 23 8 22 29 105 42 16 18 68 101
19038 24 8 25 0 46 14 26 87 75 103
19038 25 8 18 57 71 73 109 101 76 123
19038 26 8 99 60 23 71 34 7 102 76
19038 27 8 77 6 91 126 20 46 8 55
19038 28 8 78 60 94 23 108 102 80 84
19038 29 8 36 46 15 106 112 64 68 84
19038 30 8 86 118 46 10 100 52 42 3
19038 31 8 45 82 115 48 26 1 44 32
19038 32 8 67 20 103 105 6 122 95 44
19038 33 8 35 81 99 40 127 80 32 62
19038 34 8 25 23 103 119 95 52 124 64
19038 35 8 29 98 18 42 22 69 9 101
19038 36 8 26 0 103 25 87 63 76 46
19038 37 8 41 57 76 18 10 115 77 62
19038 38 8 60 99 7 34 47 102 71 80
19038 39 8 60 20 95 55 126 91 77 46
19038 40 8 23 78 110 108 60 109 55 80
19038 41 8 36 46 15 64 106 112 52 85
19038 42 8 90 125 49 24 73 74 18 123
19038 43 8 74 49 12 121 19 125 104 43
19038 44 8 88 99 13 45 72 6 23 98
19038 45 8 26 17 112 84 76 46 114 22
19038 46 8 81 30 84 29 60 52 105 96
19038 47 8 121 111 127 15 52 21 31 95
374 0 8 120 104 16 107 70 53 111 48
374 1 8 107 34 86 76 14 3 20 39
374 2 8 14 87 116 10 9 125 51 120
374 3 8 76 105 25 13 89 38 112 93
374 4 8 23 0 74 118 25 105 22 67
374 5 8 80 107 126 18 34 22 82 116
374 6 8 86 52 42 14 63 110 100 75
374 7 8 87 45 60 48 1 50 82 95
374 8 8 103 64 39 95 122 105 61 15
374 9 8 45 94 81 127 99 1 103 22
374 10 8 25 83 52 64 14 39 112 103
374 11 8 86 98 29 67 105 9 47 101
374 12 8 53 63 26 87 104 76 9 75
374 13 8 75 44 21 64 77 2 16 107
374 14 8 80 99 39 79 23 34 58 7
374 15 8 60 95 91 55 17 69 8 1
374 16 8 40 78 60 102 7 80 45 83
374 17 8 53 15 106 85 117 52 103 17
374 18 8 86 100 42 10 52 75 3 65
374 19 8 45 115 87 32 1 51 48 82
374 20 8 103 95 64 105 39 122 61 80
374 21 8 81 94 127 1 99 103 45 80
374 22 8 52 25 64 107 39 112 85 14
374 23 8 86 29 98 105 115 47 101 122
374 24 8 53 87 63 68 75 76 42 104
374 25 8 75 44 65 101 64 107 71 77
374 26 8 99 34 39 23 80 79 28 76
374 27 8 91 95 60 8 55 1 23 6
374 28 8 40 78 102 60 45 80 7 114
374 29 8 53 106 112 15 117 102 68 85
374 30 8 86 10 100 52 46 42 110 23
374 31 8 45 82 115 1 26 73 48 32
374 32 8 64 67 103 105 95 122 86 61
374 33 8 81 94 99 80 127 1 45 37
374 34 8 25 64 52 83 2 30 18 112
374 35 8 86 29 105 67 69 98 115 101
374 36 8 53 87 76 9 46 42 30 63
374 37 8 75 44 10 101 21 65 73 115
374 38 8 80 99 39 79 34 23 7 58
374 39 8 95 60 91 1 23 78 6 8
374 40 8 40 7 102 78 15 80 84 60
374 41 8 53 106 117 15 52 85 103 113
374 42 8 73 125 37 22 59 123 24 55
374 43 8 81 43 104 49 8 4 44 112
374 44 8 54 80 37 45 6 27 98 81
374 45 8 46 112 80 114 127 84 22 123
374 46 8 82 124 105 39 84 22 44 80
374 47 8 90 27 34 32 95 35 52 117
264 0 8 106 27 50 48 110 101 0 103
264 1 8 99 86 76 116 3 126 91 95
264 2 8 45 14 122 125 87 52 7 120
264 3 8 76 94 26 9 39 105 3 25
264 4 8 118 0 11 77 74 22 67 47
264 5 8 51 105 80 18 126 102 49 22
264 6 8 86 52 63 110 14 100 75 23
264 7 8 60 45 1 115 82 48 73 26
264 8 8 103 2 64 95 99 39 123 61
264 9 8 45 81 48 22 94 99 127 80
264 10 8 25 14 2 83 80 64 52 30
264 11 8 67 86 29 98 101 47 33 105
264 12 8 53 68 9 63 32 87 69 76
264 13 8 44 66 12 75 64 107 71 65
264 14 8 105 99 39 58 34 23 96 10
264 15 8 3 91 95 55 23 60 61 6
264 16 8 78 51 40 102 4 43 60 121
264 17 8 66 2 53 106 68 35 102 121
264 18 8 86 100 75 52 3 65 10 97
264 19 8 45 32 115 26 82 1 48 60
264 20 8 95 64 103 105 2 44 80 39
264 21 8 81 1 99 127 94 103 48 45
264 22 8 25 52 64 107 85 14 2 112
264 23 8 86 47 105 29 101 98 115 67
264 24 8 68 53 87 46 63 75 76 42
264 25 8 44 71 12 66 65 101 75 107
264 26 8 99 34 23 39 105 57 58 44
264 27 8 91 3 6 1 95 23 8 55
264 28 8 78 102 4 43 84 51 80 83
264 29 8 106 66 2 112 102 68 9 53
264 30 8 86 10 100 46 64 23 97 3
264 31 8 45 115 82 1 73 26 32 106
264 32 8 67 2 105 95 80 86 103 82
264 33 8 81 99 80 1 127 22 97 24
264 34 8 2 25 83 52 64 30 62 14
264 35 8 105 67 86 101 47 29 69 0
264 36 8 32 68 87 76 53 42 9 46
264 37 8 12 66 44 65 99 10 75 101
264 38 8 105 99 39 58 34 96 10 23
264 39 8 91 3 1 95 6 56 23 55
264 40 8 4 51 43 102 78 84 80 40
264 41 8 66 2 106 35 117 112 103 102
264 42 8 18 73 98 123 102 93 22 16
264 43 8 81 87 6 104 36 112 127 44
264 44 8 48 20 72 81 6 98 27 44
264 45 8 70 80 22 123 114 84 20 37
264 46 8 115 52 22 98 61 75 80 44
264 47 8 36 120 66 88 47 123 85 78
1273 0 8 28 62 112 3 125 124 22 51
1273 1 8 45 29 48 122 90 114 67 7
1273 2 8 23 4 76 24 36 73 44 125
1273 3 8 76 62 90 119 77 61 9 120
1273 4 8 116 27 11 77 97 57 37 18
1273 5 8 74 18 48 78 116 56 126 87
1273 6 8 86 64 110 10 100 46 23 74
1273 7 8 45 115 82 1 20 48 93 32
1273 8 8 80 95 82 122 103 2 6 67
1273 9 8 81 35 1 22 99 37 97 103
1273 10 8 2 25 95 52 74 30 20 62
1273 11 8 16 29 105 68 0 101 33 43
1273 12 8 32 124 87 100 46 76 38 103
1273 13 8 123 101 41 109 12 71 40 65
1273 14 8 99 39 18 23 36 47 7 34
1273 15 8 91 77 1 20 8 98 82 86
1273 16 8 78 77 84 102 29 83 18 110
1273 17 8 84 103 106 0 65 64 102 68
1273 18 8 86 100 64 10 3 52 97 110
1273 19 8 45 115 32 82 48 1 93 110
1273 20 8 105 103 80 44 95 122 67 82
1273 21 8 81 1 35 52 99 24 97 37
1273 22 8 25 52 2 95 64 120 112 18
1273 23 8 16 105 97 101 68 29 43 86
1273 24 8 87 32 46 38 75 103 124 42
1273 25 8 123 101 109 71 73 10 40 24
1273 26 8 23 34 99 18 47 6 55 62
1273 27 8 77 91 1 20 98 95 8 17
1273 28 8 78 102 77 23 29 44 14 18
1273 29 8 84 112 0 106 65 36 9 102
1273 30 8 86 10 64 100 118 23 3 110
1273 31 8 45 115 93 82 51 110 125 20
1273 32 8 67 80 103 3 105 6 20 2
1273 33 8 35 81 99 1 24 127 22 40
1273 34 8 2 95 25 124 109 52 64 112
1273 35 8 97 16 105 42 68 37 98 29
1273 36 8 38 103 87 0 32 76 97 46
1273 37 8 41 123 109 12 57 10 73 101
1273 38 8 47 18 60 99 34 111 23 102
1273 39 8 20 77 91 107 90 1 55 86
1273 40 8 29 77 110 44 23 78 102 114
1273 41 8 0 65 64 26 63 85 112 9
1273 42 8 90 126 49 24 75 59 8 55
1273 43 8 121 74 47 125 49 8 104 2
1273 44 8 110 80 23 13 37 6 73 27
1273 45 8 47 76 5 26 83 114 86 22
1273 46 8 96 10 124 82 1 45 84 52
1273 47 8 31 11 127 90 121 114 15 82
11 0 8 65 44 26 59 66 18 73 114
11 1 8 50 94 124 26 2 18 34 56
11 2 8 88 53 84 93 49 18 52 10
11 3 8 76 89 6 31 2 12 46 59
11 4 8 106 76 79 124 77 47 85 11
11 5 8 125 42 126 66 18 22 61 74
11 6 8 86 105 83 10 110 100 52 64
11 7 8 45 49 1 48 93 20 60 125
11 8 8 103 84 95 121 80 122 2 105
11 9 8 1 110 81 9 127 22 103 99
11 10 8 2 52 25 61 64 112 73 39
11 11 8 29 61 98 105 49 101 8 122
11 12 8 87 99 76 63 32 75 15 74
11 13 8 6 64 101 28 12 115 95 10
11 14 8 20 48 39 23 99 34 36 7
11 15 8 85 1 95 91 8 55 17 94
11 16 8 78 124 8 102 108 114 83 40
11 17 8 72 19 17 106 69 85 103 53
11 18 8 86 10 52 105 100 23 42 8
11 19 8 45 48 49 51 1 32 82 20
11 20 8 103 84 105 80 121 122 95 44
11 21 8 1 81 9 127 110 99 52 97
11 22 8 52 61 105 25 64 112 53 30
11 23 8 61 49 24 29 105 122 43 98
11 24 8 99 87 15 46 75 63 80 76
11 25 8 6 101 15 71 28 64 77 115
11 26 8 20 23 48 34 99 76 7 36
11 27 8 85 8 95 91 1 16 17 55
11 28 8 78 124 8 108 102 45 83 65
11 29 8 19 17 72 69 106 112 9 53
11 30 8 105 86 10 52 56 8 42 23
11 31 8 45 49 51 48 82 112 1 60
11 32 8 121 103 105 80 67 84 95 122
11 33 8 125 99 110 9 1 127 81 80
11 34 8 73 105 61 25 52 56 53 112
11 35 8 24 26 61 49 23 29 105 37
11 36 8 99 15 107 97 63 87 52 9
11 37 8 6 15 80 10 28 101 79 21
11 38 8 20 48 23 34 99 10 86 111
11 39 8 85 101 23 95 1 8 103 121
11 40 8 108 8 124 78 45 102 65 83
11 41 8 72 53 19 69 112 106 15 85
11 42 8 39 31 126 24 74 73 123 64
11 43 8 77 49 104 43 88 97 8 19
11 44 8 53 0 6 73 37 27 107 45
11 45 8 114 2 22 119 27 127 94 112
11 46 8 123 97 82 124 84 52 22 102
11 47 8 109 90 73 32 95 27 85 52
323 0 8 83 120 63 93 31 107 21 97
323 1 8 8 41 26 23 34 42 126 56
323 2 8 88 84 53 67 93 54 62 107
323 3 8 64 2 76 89 6 38 59 93
323 4 8 76 79 106 124 25 48 67 47
323 5 8 47 125 42 22 61 126 18 82
323 6 8 86 105 52 10 83 42 75 110
323 7 8 49 45 48 95 60 1 82 34
323 8 8 103 84 109 66 121 95 122 44
323 9 8 9 110 1 99 81 127 103 98
323 10 8 61 25 73 23 52 64 2 83
323 11 8 9 26 61 98 49 29 105 43
323 12 8 107 104 97 63 87 75 15 74
323 13 8 6 21 64 98 28 101 80 77
323 14 8 79 10 48 23 99 39 34 7
323 15 8 85 103 91 1 17 55 95 94
323 16 8 124 78 8 102 15 55 83 45
323 17 8 69 19 17 97 106 15 72 48
323 18 8 86 10 100 52 42 75 23 105
323 19 8 45 48 1 32 51 49 82 20
323 20 8 105 122 84 103 95 80 67 39
323 21 8 1 9 81 99 110 127 103 52
323 22 8 61 52 25 105 73 30 64 107
323 23 8 61 49 105 24 26 47 43 98
323 24 8 99 104 15 80 87 75 63 46
323 25 8 6 21 101 28 16 71 65 64
323 26 8 79 23 99 48 34 39 76 58
323 27 8 95 85 91 1 8 103 55 17
323 28 8 78 102 124 83 8 55 45 15
323 29 8 17 112 106 69 19 97 9 48
323 30 8 86 10 52 105 23 100 42 127
323 31 8 45 48 51 49 115 1 26 82
323 32 8 105 61 67 103 122 80 109 95
323 33 8 99 1 81 9 127 24 110 103
323 34 8 52 25 85 73 61 123 105 64
323 35 8 105 26 61 24 67 49 29 98
323 36 8 99 87 15 75 63 107 80 97
323 37 8 6 98 101 10 28 80 21 16
323 38 8 79 48 23 115 10 99 34 28
323 39 8 103 85 95 23 121 1 8 17
323 40 8 124 8 55 78 45 102 73 83
323 41 8 112 69 48 19 97 1 106 9
323 42 8 64 31 74 21 36 123 101 32
323 43 8 77 43 104 88 97 44 36 112
323 44 8 53 107 0 73 6 27 98 72
323 45 8 114 127 22 2 27 32 94 4
323 46 8 97 67 82 52 22 60 117 61
323 47 8 117 32 34 73 85 86 124 95
468 0 8 49 72 6 78 75 50 27 32
468 1 8 28 122 8 9 19 71 36 62
468 2 8 46 2 127 36 97 107 111 31
468 3 8 103 29 112 124 108 74 2 9
468 4 8 50 11 53 30 82 57 37 70
468 5 8 75 18 22 96 49 63 110 74
468 6 8 86 127 87 52 63 23 65 118
468 7 8 2 45 48 32 1 82 115 73
468 8 8 61 103 105 95 80 44 123 98
468 9 8 81 7 35 1 99 37 80 25
468 10 8 103 85 25 18 35 82 52 94
468 11 8 105 29 43 107 46 101 40 100
468 12 8 26 46 87 75 14 114 34 2
468 13 8 101 2 40 127 18 65 71 89
468 14 8 99 23 115 7 44 39 36 76
468 15 8 91 121 1 8 55 69 17 6
468 16 8 102 78 11 84 14 55 115 83
468 17 8 102 112 17 9 106 92 103 82
468 18 8 86 100 10 52 32 23 65 64
468 19 8 115 45 32 1 48 82 29 2
468 20 8 44 95 61 108 105 103 67 33
468 21 8 81 1 99 52 127 103 37 97
468 22 8 25 52 85 18 103 35 64 83
468 23 8 105 29 101 22 67 43 37 115
468 24 8 87 46 26 14 75 42 124 34
468 25 8 2 71 101 99 73 40 112 125
468 26 8 99 34 23 115 7 76 6 44
468 27 8 91 8 1 121 55 17 6 3
468 28 8 78 11 102 84 83 75 18 4
468 29 8 72 112 17 106 102 46 68 39
468 30 8 86 10 127 75 52 100 38 79
468 31 8 115 45 93 48 82 32 2 20
468 32 8 67 9 61 95 105 103 80 123
468 33 8 81 1 99 52 49 127 113 112
468 34 8 103 35 25 9 52 112 88 18
468 35 8 4 101 107 37 99 33 29 8
468 36 8 75 92 87 42 14 26 114 46
468 37 8 20 61 73 2 112 52 92 101
468 38 8 99 15 125 92 33 115 73 7
468 39 8 91 0 80 32 89 8 25 55
468 40 8 100 82 78 65 11 93 35 26
468 41 8 39 99 18 34 82 68 92 49
468 42 8 17 71 58 115 4 116 66 111
468 43 8 98 41 5 69 83 82 104 46
468 44 8 62 96 11 42 107 9 6 60
468 45 8 114 107 48 92 88 16 1 51
468 46 8 43 3 54 79 46 26 102 62
468 47 8 42 80 39 17 53 124 23 119
30498 0 8 22 40 4 47 33 66 28 6
30498 1 8 122 44 28 36 45 33 39 109
30498 2 8 46 12 4 56 60 127 125 36
30498 3 8 24 3 74 20 78 124 70 103
30498 4 8 11 57 37 60 50 127 82 67
30498 5 8 18 75 110 0 93 35 12 87
30498 6 8 111 86 91 87 65 118 127 64
30498 7 8 45 82 32 115 2 19 69 48
30498 8 8 61 123 82 105 80 103 113 108
30498 9 8 35 81 8 7 99 1 80 37
30498 10 8 85 103 25 94 82 35 52 71
30498 11 8 105 99 107 29 25 43 73 101
30498 12 8 26 46 87 0 75 127 2 9
30498 13 8 2 57 62 92 71 101 109 73
30498 14 8 61 23 60 99 115 76 73 7
30498 15 8 91 60 121 8 126 16 55 17
30498 16 8 108 11 78 102 83 55 84 60
30498 17 8 46 15 112 17 106 82 102 0
30498 18 8 86 100 10 52 127 75 23 118
30498 19 8 115 45 2 32 48 1 82 20
30498 20 8 105 61 95 103 44 80 122 108
30498 21 8 81 1 99 35 52 103 37 71
30498 22 8 25 103 85 52 35 88 64 18
30498 23 8 105 43 22 42 107 101 29 46
30498 24 8 87 26 75 46 0 14 80 42
30498 25 8 2 18 101 57 71 73 76 77
30498 26 8 99 23 34 115 76 61 60 80
30498 27 8 1 91 8 60 95 17 121 55
30498 28 8 78 11 108 102 83 45 60 75
30498 29 8 17 46 15 106 112 52 68 103
30498 30 8 10 86 52 127 38 23 100 42
30498 31 8 45 2 48 115 1 51 20 32
30498 32 8 67 61 105 103 80 95 122 44
30498 33 8 1 99 81 52 127 71 37 35
30498 34 8 103 25 52 35 85 23 107 64
30498 35 8 105 98 107 29 115 69 99 46
30498 36 8 87 26 80 75 63 42 25 97
30498 37 8 2 18 101 76 16 73 10 57
30498 38 8 80 23 99 60 34 115 15 39
30498 39 8 1 60 95 8 121 78 55 32
30498 40 8 78 108 11 15 102 83 55 45
30498 41 8 106 17 15 46 52 36 112 18
30498 42 8 49 125 74 22 2 123 16 73
30498 43 8 56 43 19 12 97 44 8 104
30498 44 8 88 45 11 99 27 6 72 122
30498 45 8 46 112 17 114 119 5 22 92
30498 46 8 39 84 30 105 81 29 22 80
30498 47 8 52 95 35 111 127 108 31 6
594 0 8 120 76 17 118 47 16 111 117
594 1 8 34 122 12 2 37 44 39 77
594 2 8 51 77 90 115 125 100 41 36
594 3 8 73 34 13 99 112 29 123 36
594 4 8 50 63 11 40 23 25 67 47
594 5 8 105 107 75 96 18 22 49 116
594 6 8 86 127 52 42 79 10 100 75
594 7 8 2 45 48 50 82 20 73 115
594 8 8 61 103 122 95 44 109 105 67
594 9 8 1 81 99 103 48 111 65 127
594 10 8 35 103 52 25 107 85 64 88
594 11 8 109 105 9 29 98 69 115 47
594 12 8 125 87 114 63 104 75 12 26
594 13 8 2 66 98 64 76 16 65 101
594 14 8 105 99 23 39 34 79 58 10
594 15 8 72 95 91 1 55 60 69 17
594 16 8 11 78 102 55 119 43 60 83
594 17 8 20 2 106 66 35 112 113 17
594 18 8 86 100 10 75 52 42 110 79
594 19 8 45 115 2 48 32 93 1 26
594 20 8 95 105 122 103 39 33 80 61
594 21 8 1 81 99 103 52 22 48 127
594 22 8 25 52 35 107 64 123 88 85
594 23 8 109 98 105 47 115 107 101 29
594 24 8 87 114 42 68 75 46 26 76
594 25 8 2 66 101 71 65 73 10 98
594 26 8 99 105 34 23 39 115 76 6
594 27 8 72 91 95 1 8 17 55 121
594 28 8 11 78 102 43 119 83 45 75
594 29 8 106 2 112 17 20 66 35 68
594 30 8 86 10 110 100 75 127 23 38
594 31 8 45 115 2 48 26 93 20 1
594 32 8 67 80 105 103 61 122 95 44
594 33 8 1 81 99 127 103 37 48 52
594 34 8 52 25 35 103 88 64 18 85
594 35 8 109 105 47 98 29 107 115 101
594 36 8 114 87 26 125 68 42 76 104
594 37 8 2 66 65 101 99 10 113 73
594 38 8 105 39 99 58 23 115 34 7
594 39 8 1 72 91 121 95 8 55 4
594 40 8 119 43 11 78 83 102 75 18
594 41 8 2 66 35 106 20 112 117 9
594 42 8 18 27 102 123 22 98 16 93
594 43 8 91 6 87 29 104 97 42 112
594 44 8 48 81 20 72 27 6 44 122
594 45 8 80 70 114 37 22 123 84 12
594 46 8 115 80 22 98 52 60 61 55
594 47 8 36 120 66 47 123 88 59 85
48703 0 8 77 29 62 67 112 12 28 51
48703 1 8 77 29 114 67 122 11 45 74
48703 2 8 73 125 76 24 4 9 121 120
48703 3 8 62 90 40 13 34 11 92 76
48703 4 8 47 77 27 116 11 50 67 10
48703 5 8 117 78 48 116 18 126 30 96
48703 6 8 86 75 52 10 79 65 100 38
48703 7 8 48 45 20 51 110 115 93 32
48703 8 8 44 95 122 105 103 15 80 6
48703 9 8 1 35 81 99 22 103 127 96
48703 10 8 35 120 95 88 52 107 64 18
48703 11 8 16 105 8 107 29 101 68 43
48703 12 8 87 114 80 75 42 38 76 26
48703 13 8 123 41 109 2 76 101 71 10
48703 14 8 99 62 7 23 34 39 47 76
48703 15 8 72 95 91 20 55 1 98 17
48703 16 8 78 77 83 60 29 102 79 18
48703 17 8 106 46 65 0 64 84 17 68
48703 18 8 86 10 75 100 52 79 3 65
48703 19 8 45 115 48 51 93 20 110 32
48703 20 8 105 122 15 103 95 80 44 33
48703 21 8 1 81 99 103 52 35 127 37
48703 22 8 88 25 52 95 35 120 64 18
48703 23 8 105 16 29 68 101 8 46 43
48703 24 8 87 26 38 80 0 75 114 42
48703 25 8 109 123 57 101 71 76 18 73
48703 26 8 99 34 23 60 47 62 7 76
48703 27 8 91 95 77 1 20 8 72 55
48703 28 8 78 60 83 102 44 45 29 114
48703 29 8 84 106 46 17 36 15 68 117
48703 30 8 10 86 118 75 42 52 100 110
48703 31 8 45 48 115 50 51 93 1 20
48703 32 8 103 105 122 95 20 67 80 15
48703 33 8 35 1 99 127 103 81 22 62
48703 34 8 52 25 95 64 120 107 53 124
48703 35 8 105 98 29 42 16 68 97 55
48703 36 8 0 87 12 80 103 25 63 26
48703 37 8 41 57 10 76 16 101 49 18
48703 38 8 47 99 60 34 23 80 39 62
48703 39 8 95 1 60 20 55 91 8 78
48703 40 8 102 78 60 44 15 55 23 83
48703 41 8 106 36 15 46 52 64 117 85
48703 42 8 49 73 125 22 90 7 123 126
48703 43 8 49 19 12 43 74 121 125 44
48703 44 8 13 45 88 99 72 80 122 27
48703 45 8 112 46 17 5 58 22 26 16
48703 46 8 105 30 81 39 29 84 80 22
48703 47 8 52 95 111 35 127 108 31 15
374 0 8 104 120 16 107 53 81 111 118
374 1 8 107 86 34 77 58 39 42 91
374 2 8 14 116 87 9 125 120 62 100
374 3 8 76 89 25 38 13 29 105 59
374 4 8 47 77 23 74 0 25 118 67
374 5 8 80 107 126 125 96 116 82 34
374 6 8 75 86 10 52 42 63 110 100
374 7 8 87 48 45 50 60 51 20 93
374 8 8 64 103 95 122 15 39 105 44
374 9 8 45 94 22 1 127 62 103 81
374 10 8 107 35 30 108 64 23 83 52
374 11 8 86 9 69 98 105 122 67 115
374 12 8 53 63 104 87 80 76 12 9
374 13 8 44 75 21 64 16 76 98 10
374 14 8 80 79 34 99 58 39 8 6
374 15 8 95 60 91 55 1 17 23 56
374 16 8 40 60 78 83 102 7 45 114
374 17 8 53 106 17 85 15 117 103 97
374 18 8 75 86 10 42 63 110 52 100
374 19 8 45 60 48 51 87 82 50 115
374 20 8 95 64 105 103 39 15 122 80
374 21 8 1 94 81 127 22 99 103 80
374 22 8 30 107 25 35 64 52 113 39
374 23 8 86 98 105 107 101 8 37 33
374 24 8 53 104 87 42 76 63 75 12
374 25 8 75 21 44 64 71 76 101 65
374 26 8 99 34 39 80 79 23 76 58
374 27 8 95 91 1 60 55 8 17 18
374 28 8 78 40 102 60 83 45 114 80
374 29 8 106 53 117 15 17 85 103 68
374 30 8 86 10 75 100 52 42 110 63
374 31 8 45 115 60 48 51 26 20 73
374 32 8 64 105 103 67 80 95 122 39
374 33 8 1 94 99 127 22 81 103 62
374 34 8 25 52 107 64 2 112 108 39
374 35 8 86 105 98 29 107 69 67 101
374 36 8 53 87 32 76 42 63 80 97
374 37 8 75 44 10 65 21 101 76 73
374 38 8 80 39 79 99 34 58 23 8
374 39 8 95 1 55 60 91 56 8 78
374 40 8 40 7 78 102 83 45 15 60
374 41 8 53 106 117 52 85 15 103 112
374 42 8 73 22 123 37 125 59 31 74
374 43 8 43 81 49 112 44 104 4 42
374 44 8 54 37 80 45 81 6 72 27
374 45 8 112 46 80 22 37 114 127 84
374 46 8 82 124 105 84 39 80 22 44
374 47 8 90 34 32 27 95 35 52 85
949 0 8 30 62 41 87 51 7 0 28
949 1 8 122 86 76 45 95 42 67 88
949 2 8 67 125 112 68 69 119 8 126
949 3 8 76 1 5 9 77 93 34 123
949 4 8 40 102 11 77 87 0 22 74
949 5 8 126 54 18 116 49 102 71 56
949 6 8 86 75 63 52 10 38 110 55
949 7 8 60 26 48 45 82 95 73 32
949 8 8 95 64 103 2 122 24 80 105
949 9 8 22 33 105 81 1 127 80 94
949 10 8 2 30 64 108 25 52 18 80
949 11 8 86 98 105 101 8 29 68 107
949 12 8 32 118 42 63 87 76 12 53
949 13 8 10 65 101 66 102 44 95 64
949 14 8 99 39 34 23 58 84 101 36
949 15 8 1 91 95 87 55 34 17 8
949 16 8 78 102 83 6 40 114 14 18
949 17 8 106 17 112 53 103 68 85 102
949 18 8 86 10 52 75 100 38 23 61
949 19 8 115 45 32 48 93 26 51 82
949 20 8 122 95 105 80 33 44 103 61
949 21 8 81 1 52 99 37 62 127 80
949 22 8 25 52 64 30 35 112 18 2
949 23 8 105 101 107 67 37 43 98 29
949 24 8 87 42 75 26 124 46 63 32
949 25 8 101 71 99 73 10 66 2 65
949 26 8 99 34 23 6 101 39 7 76
949 27 8 1 95 8 91 35 55 98 17
949 28 8 78 6 83 102 18 84 4 45
949 29 8 72 106 17 103 112 68 102 117
949 30 8 86 10 110 100 64 25 85 42
949 31 8 115 45 93 82 32 28 26 63
949 32 8 67 3 103 122 105 9 80 24
949 33 8 1 62 52 99 81 127 22 37
949 34 8 2 52 25 64 112 107 39 108
949 35 8 4 101 86 37 98 29 107 8
949 36 8 32 118 80 87 42 97 12 58
949 37 8 12 44 20 66 61 102 10 73
949 38 8 101 99 84 47 62 34 64 23
949 39 8 87 55 95 77 8 91 34 1
949 40 8 6 4 40 78 102 111 35 83
949 41 8 11 85 53 106 103 18 13 115
949 42 8 73 114 123 2 70 22 80 32
949 43 8 2 52 16 44 85 94 69 99
949 44 8 113 23 42 72 27 6 3 60
949 45 8 86 76 51 114 53 127 107 48
949 46 8 96 74 33 51 97 21 49 109
949 47 8 94 114 67 54 23 79 22 14
315 0 8 68 107 81 31 93 18 69 53
315 1 8 75 83 86 76 85 46 113 74
315 2 8 69 117 67 8 125 9 14 68
315 3 8 26 76 1 10 25 105 38 62
315 4 8 0 111 77 102 22 91 74 105
315 5 8 80 126 102 111 116 78 54 18
315 6 8 86 75 52 10 63 42 100 38
315 7 8 45 48 60 73 72 20 93 95
315 8 8 103 39 95 64 28 27 99 122
315 9 8 22 48 105 81 1 103 94 127
315 10 8 108 64 107 30 14 52 2 80
315 11 8 86 102 98 13 58 47 115 69
315 12 8 53 32 63 118 87 76 42 69
315 13 8 44 75 24 10 121 64 55 95
315 14 8 84 99 28 34 39 58 8 23
315 15 8 95 91 34 1 55 98 17 8
315 16 8 43 78 102 83 40 60 121 20
315 17 8 106 85 97 53 14 17 45 103
315 18 8 86 10 75 52 42 100 64 63
315 19 8 45 115 48 93 26 51 60 73
315 20 8 95 105 80 39 122 64 103 15
315 21 8 1 81 94 99 52 22 62 103
315 22 8 107 52 64 25 35 30 2 14
315 23 8 86 105 98 47 101 8 115 58
315 24 8 53 87 76 118 32 42 68 69
315 25 8 44 75 101 71 24 10 65 73
315 26 8 99 34 84 39 28 23 101 6
315 27 8 95 91 34 1 55 4 8 17
315 28 8 43 78 102 83 18 45 20 80
315 29 8 106 85 97 14 102 68 45 103
315 30 8 86 10 110 100 52 75 64 42
315 31 8 45 115 93 20 60 82 26 63
315 32 8 67 103 39 105 80 95 3 122
315 33 8 99 22 1 48 127 81 62 103
315 34 8 107 25 64 2 112 52 108 14
315 35 8 105 86 47 102 98 13 29 58
315 36 8 68 76 32 87 120 69 53 124
315 37 8 121 65 55 44 10 24 75 99
315 38 8 84 39 28 99 58 34 101 62
315 39 8 34 1 4 91 95 86 55 3
315 40 8 43 121 20 18 78 102 84 4
315 41 8 14 97 106 45 85 20 102 117
315 42 8 41 123 101 65 22 36 74 5
315 43 8 4 104 87 43 81 112 6 127
315 44 8 72 54 71 81 27 6 98 113
315 45 8 127 114 84 22 80 37 123 12
315 46 8 67 75 80 98 22 52 82 102
315 47 8 34 117 32 27 85 99 86 55
279 0 8 106 57 103 127 14 101 24 51
279 1 8 48 75 85 20 91 39 62 9
279 2 8 90 67 122 92 68 72 69 36
279 3 8 76 10 9 12 26 127 5 39
279 4 8 63 77 111 102 11 0 67 113
279 5 8 51 105 126 18 30 102 116 49
279 6 8 86 100 52 110 63 75 65 10
279 7 8 73 45 82 106 48 32 115 1
279 8 8 95 28 103 122 105 80 67 99
279 9 8 22 48 81 32 80 99 1 103
279 10 8 25 2 23 80 52 123 30 64
279 11 8 109 47 29 102 101 86 13 105
279 12 8 32 68 87 76 42 74 125 63
279 13 8 66 65 55 99 10 113 107 101
279 14 8 99 39 16 84 105 34 36 58
279 15 8 91 95 1 34 55 17 4 8
279 16 8 43 78 119 83 102 12 18 114
279 17 8 66 2 35 106 20 68 103 85
279 18 8 86 10 100 52 75 63 3 64
279 19 8 45 115 82 48 32 26 93 73
279 20 8 105 95 103 80 122 61 67 39
279 21 8 81 1 99 80 62 37 52 127
279 22 8 25 52 64 107 2 103 35 112
279 23 8 105 47 109 94 43 101 86 115
279 24 8 32 87 68 75 46 80 76 26
279 25 8 66 101 71 65 73 113 10 2
279 26 8 99 34 23 105 39 16 76 58
279 27 8 91 95 55 1 8 34 94 17
279 28 8 43 78 119 102 114 83 84 18
279 29 8 66 2 35 106 112 102 68 9
279 30 8 86 10 64 100 110 46 74 52
279 31 8 115 45 82 63 93 20 26 73
279 32 8 67 82 103 105 61 3 80 43
279 33 8 32 99 81 1 48 22 37 62
279 34 8 103 25 2 52 107 64 83 112
279 35 8 109 47 105 29 101 13 102 8
279 36 8 32 68 87 76 104 124 26 120
279 37 8 66 65 99 113 10 73 101 55
279 38 8 105 39 58 16 84 99 101 96
279 39 8 34 4 98 91 1 3 55 95
279 40 8 43 119 12 84 78 102 18 80
279 41 8 66 2 35 112 106 9 20 117
279 42 8 27 18 102 123 93 22 55 5
279 43 8 87 29 6 104 112 127 52 42
279 44 8 48 20 72 81 98 27 6 38
279 45 8 70 80 114 84 22 123 37 111
279 46 8 115 75 98 60 52 8 80 22
279 47 8 36 120 66 47 88 123 59 85
1273 0 8 28 112 3 125 51 124 36 79
1273 1 8 45 48 122 29 16 68 90 67
1273 2 8 23 76 4 36 24 125 73 64
1273 3 8 119 90 62 70 76 61 9 92
1273 4 8 27 116 77 11 97 57 67 37
1273 5 8 48 18 87 74 126 116 78 117
1273 6 8 86 64 118 100 10 110 52 23
1273 7 8 45 82 115 48 125 20 93 110
1273 8 8 18 80 3 20 122 95 67 15
1273 9 8 81 35 99 1 22 97 80 32
1273 10 8 95 25 2 52 109 30 18 80
1273 11 8 16 29 94 105 101 0 111 8
1273 12 8 32 87 26 103 38 46 76 124
1273 13 8 109 123 101 41 40 10 57 71
1273 14 8 18 36 99 16 6 39 47 23
1273 15 8 91 1 20 77 17 55 86 94
1273 16 8 78 77 83 102 18 84 80 14
1273 17 8 0 65 106 64 17 103 84 68
1273 18 8 86 10 100 52 3 75 65 23
1273 19 8 45 115 48 32 82 110 20 93
1273 20 8 105 80 122 67 95 3 103 18
1273 21 8 1 35 81 99 52 62 37 97
1273 22 8 52 25 95 2 64 112 109 30
1273 23 8 16 105 42 94 43 46 22 97
1273 24 8 38 87 75 0 32 80 46 25
1273 25 8 109 123 18 101 57 71 115 41
1273 26 8 18 23 60 36 47 99 34 76
1273 27 8 77 20 8 91 17 1 126 55
1273 28 8 44 78 77 23 14 83 108 102
1273 29 8 0 65 106 112 9 84 17 64
1273 30 8 118 10 86 64 52 100 25 23
1273 31 8 45 51 48 115 93 110 125 20
1273 32 8 20 67 18 103 80 3 105 6
1273 33 8 35 99 1 41 127 32 81 22
1273 34 8 95 2 25 124 52 23 109 103
1273 35 8 16 97 42 105 37 29 92 68
1273 36 8 38 0 103 25 32 87 26 97
1273 37 8 123 109 41 57 18 10 73 95
1273 38 8 47 60 18 111 102 34 99 7
1273 39 8 20 90 77 107 55 1 8 35
1273 40 8 23 77 29 44 110 78 108 80
1273 41 8 65 0 26 64 85 63 112 9
1273 42 8 90 126 49 75 8 59 24 55
1273 43 8 121 74 47 49 125 52 104 85
1273 44 8 110 23 80 13 72 6 11 27
1273 45 8 76 47 26 5 87 83 114 53
1273 46 8 1 96 10 124 45 52 82 19
1273 47 8 11 31 127 121 114 15 82 21
13 0 8 65 98 43 73 45 72 66 114
13 1 8 18 94 38 127 26 42 95 43
13 2 8 88 84 38 93 57 40 18 82
13 3 8 6 89 31 124 2 41 76 93
13 4 8 106 76 124 115 85 47 11 40
13 5 8 125 61 66 8 22 126 13 18
13 6 8 105 83 8 56 63 10 86 52
13 7 8 49 112 45 34 106 73 60 51
13 8 8 84 103 121 95 105 80 67 2
13 9 8 9 110 1 99 103 127 104 81
13 10 8 61 105 25 2 30 112 39 52
13 11 8 61 49 24 105 122 98 29 125
13 12 8 99 15 76 87 63 97 96 75
13 13 8 6 28 15 101 64 73 77 10
13 14 8 20 48 99 90 6 17 36 23
13 15 8 85 101 91 55 10 16 94 95
13 16 8 124 8 78 102 83 80 39 45
13 17 8 19 69 17 42 106 105 21 13
13 18 8 105 86 75 8 83 10 63 56
13 19 8 49 45 51 82 112 48 106 32
13 20 8 121 84 103 95 105 116 80 122
13 21 8 110 9 125 80 127 81 99 1
13 22 8 61 105 30 25 56 53 39 52
13 23 8 61 24 49 122 23 37 105 46
13 24 8 99 15 96 56 97 75 116 63
13 25 8 6 58 15 28 23 115 64 73
13 26 8 20 17 48 90 99 6 23 76
13 27 8 85 101 10 91 70 23 55 17
13 28 8 124 8 78 81 80 83 45 102
13 29 8 19 42 69 21 1 17 48 68
13 30 8 105 83 56 63 8 86 30 110
13 31 8 112 49 51 45 82 73 106 34
13 32 8 65 121 84 103 95 105 116 67
13 33 8 125 110 9 80 99 127 49 1
13 34 8 105 61 56 53 30 78 25 112
13 35 8 24 23 61 49 125 37 122 26
13 36 8 99 15 97 96 79 107 63 116
13 37 8 15 58 6 28 23 10 118 101
13 38 8 20 17 48 86 90 107 34 99
13 39 8 101 85 23 103 10 70 95 8
13 40 8 8 124 73 45 81 78 65 80
13 41 8 42 69 48 19 21 112 18 17
13 42 8 64 31 32 123 114 74 36 68
13 43 8 77 104 88 43 112 31 78 97
13 44 8 53 6 0 73 107 90 81 27
13 45 8 101 2 22 27 114 94 37 127
13 46 8 11 97 38 52 84 34 98 22
13 47 8 105 73 57 20 109 86 85 9
2521 0 8 21 63 50 75 110 32 72 103
2521 1 8 6 23 34 41 58 8 95 42
2521 2 8 53 8 93 88 54 84 67 56
2521 3 8 64 2 124 4 38 6 16 39
2521 4 8 76 56 79 106 25 124 83 48
2521 5 8 47 82 42 125 61 22 13 96
2521 6 8 105 83 42 52 86 8 30 63
2521 7 8 95 49 34 51 106 60 45 73
2521 8 8 84 103 36 66 95 109 67 105
2521 9 8 98 9 110 80 127 117 1 49
2521 10 8 73 113 90 83 97 30 61 112
2521 11 8 26 61 9 69 98 122 49 37
2521 12 8 79 107 97 104 118 15 63 23
2521 13 8 6 98 118 28 21 73 77 80
2521 14 8 79 10 48 125 34 58 88 75
2521 15 8 23 85 103 95 87 91 18 55
2521 16 8 8 124 78 65 80 45 102 15
2521 17 8 69 19 97 53 15 106 17 85
2521 18 8 86 63 30 83 75 52 56 42
2521 19 8 95 51 82 49 34 106 32 45
2521 20 8 66 84 103 36 95 121 39 116
2521 21 8 98 9 117 127 110 80 45 99
2521 22 8 73 90 30 61 83 53 105 113
2521 23 8 26 61 49 122 37 24 47 29
2521 24 8 79 107 97 104 99 23 15 116
2521 25 8 6 118 21 28 80 64 65 83
2521 26 8 10 79 48 39 99 23 34 58
2521 27 8 23 91 85 95 10 55 56 17
2521 28 8 78 8 124 102 80 45 15 83
2521 29 8 69 19 106 97 17 68 112 85
2521 30 8 86 63 75 105 56 100 10 52
2521 31 8 45 82 95 51 1 32 73 106
2521 32 8 105 103 95 36 66 109 67 39
2521 33 8 45 98 99 81 80 1 127 103
2521 34 8 53 73 25 30 83 90 52 113
2521 35 8 67 26 105 69 49 61 37 122
2521 36 8 107 79 99 97 30 87 63 76
2521 37 8 6 10 98 21 101 80 118 83
2521 38 8 79 10 48 23 99 34 39 115
2521 39 8 23 103 95 85 121 1 8 91
2521 40 8 8 124 78 45 102 65 80 83
2521 41 8 69 112 19 48 106 17 1 53
2521 42 8 31 64 21 32 74 123 68 16
2521 43 8 77 104 88 43 97 81 19 112
2521 44 8 0 53 73 6 107 27 45 81
2521 45 8 114 22 94 127 2 27 37 32
2521 46 8 97 84 52 22 67 80 38 81
2521 47 8 32 117 73 85 34 111 95 86
7196 0 8 2 63 97 77 21 51 101 111
7196 1 8 23 58 8 34 116 41 106 113
7196 2 8 9 8 54 53 93 72 56 14
7196 3 8 29 38 64 112 2 39 59 117
7196 4 8 83 25 22 56 124 76 48 79
7196 5 8 96 47 82 34 22 13 42 106
7196 6 8 42 52 30 75 86 63 110 79
7196 7 8 95 60 51 34 106 45 82 110
7196 8 8 103 109 36 39 95 18 105 122
7196 9 8 45 1 127 98 80 99 65 81
7196 10 8 107 113 97 23 39 83 30 90
7196 11 8 69 67 9 122 98 26 65 107
7196 12 8 79 107 118 97 104 63 23 68
7196 13 8 21 98 118 83 73 102 16 75
7196 14 8 79 10 34 99 39 58 28 76
7196 15 8 23 103 91 95 87 60 55 17
7196 16 8 78 55 15 102 7 45 8 80
7196 17 8 69 97 106 90 85 15 17 53
7196 18 8 86 75 100 42 63 52 10 30
7196 19 8 95 45 82 51 32 48 1 115
7196 20 8 103 39 95 105 122 36 109 67
7196 21 8 45 81 1 127 99 103 80 65
7196 22 8 25 30 107 83 73 52 64 39
7196 23 8 67 47 69 26 122 105 98 107
7196 24 8 104 107 79 68 63 87 118 100
7196 25 8 65 21 83 118 75 64 98 101
7196 26 8 99 79 39 10 23 34 76 28
7196 27 8 91 23 95 55 1 103 8 17
7196 28 8 78 102 55 45 83 15 80 8
7196 29 8 69 106 112 17 97 68 48 90
7196 30 8 86 10 52 100 75 42 63 23
7196 31 8 45 82 51 1 115 26 48 32
7196 32 8 109 103 105 95 61 67 122 80
7196 33 8 81 45 99 1 127 103 80 24
7196 34 8 25 52 123 64 85 53 107 30
7196 35 8 67 105 69 29 98 26 101 122
7196 36 8 87 30 97 76 63 107 104 118
7196 37 8 98 10 6 101 21 16 73 75
7196 38 8 79 99 23 34 10 28 115 39
7196 39 8 95 103 23 121 87 91 1 8
7196 40 8 55 78 102 45 7 8 80 114
7196 41 8 112 69 48 106 97 85 1 19
7196 42 8 64 31 37 74 101 32 123 115
7196 43 8 104 77 97 88 43 81 44 36
7196 44 8 53 107 6 73 0 27 72 98
7196 45 8 114 127 2 32 22 27 94 16
7196 46 8 97 67 52 22 101 117 60 84
7196 47 8 34 117 32 73 85 86 124 57
279 0 8 106 57 103 71 14 38 47 110
279 1 8 9 48 23 34 116 8 113 95
279 2 8 122 90 54 125 53 107 67 100
279 3 8 29 112 39 94 9 64 38 37
279 4 8 63 23 83 50 56 121 40 67
279 5 8 105 51 96 47 22 18 107 126
279 6 8 86 42 52 63 75 127 100 23
279 7 8 95 45 60 48 1 82 106 73
279 8 8 109 103 61 95 122 105 28 99
279 9 8 45 81 99 32 1 103 127 80
279 10 8 25 23 123 52 107 83 85 30
279 11 8 67 109 69 47 29 98 105 107
279 12 8 68 63 87 79 74 76 107 97
279 13 8 66 65 99 83 101 2 21 107
279 14 8 105 10 99 16 23 39 7 58
279 15 8 103 72 23 91 4 17 95 55
279 16 8 55 78 102 119 43 12 15 83
279 17 8 2 35 90 106 66 20 112 17
279 18 8 86 100 10 52 75 42 65 54
279 19 8 45 115 95 32 48 1 82 51
279 20 8 122 105 95 103 39 61 109 80
279 21 8 81 1 99 127 103 48 37 45
279 22 8 25 52 107 123 85 64 112 35
279 23 8 105 47 67 69 115 43 29 109
279 24 8 87 68 75 46 76 63 42 104
279 25 8 66 101 71 65 73 77 98 2
279 26 8 99 105 23 16 39 76 34 7
279 27 8 72 91 8 95 55 17 103 4
279 28 8 78 119 102 55 43 12 83 45
279 29 8 112 2 35 106 66 17 68 121
279 30 8 86 10 127 52 100 23 75 46
279 31 8 45 115 82 26 48 32 1 95
279 32 8 61 103 109 105 67 95 80 122
279 33 8 81 99 32 48 1 37 127 103
279 34 8 85 25 123 103 52 64 88 119
279 35 8 109 69 105 47 29 67 101 115
279 36 8 114 68 87 104 120 46 76 75
279 37 8 66 99 113 10 55 98 101 73
279 38 8 105 16 99 39 23 115 34 8
279 39 8 72 4 121 91 3 95 1 8
279 40 8 43 119 12 78 102 55 84 80
279 41 8 2 66 112 35 20 9 106 113
279 42 8 27 18 102 93 123 22 16 36
279 43 8 29 6 104 87 36 65 97 45
279 44 8 48 20 72 98 27 6 81 44
279 45 8 70 80 22 114 84 123 32 37
279 46 8 115 60 22 52 117 98 80 101
279 47 8 36 120 47 66 88 123 85 124
12677 0 8 91 51 28 87 68 17 105 64
12677 1 8 2 48 9 16 122 68 67 77
12677 2 8 115 41 4 51 36 76 74 64
12677 3 8 70 123 73 50 112 24 78 92
12677 4 8 57 27 11 50 51 5 37 67
12677 5 8 75 18 122 115 116 87 74 22
12677 6 8 86 118 127 23 100 65 85 52
12677 7 8 2 82 115 45 32 1 63 48
12677 8 8 61 95 103 20 105 44 108 80
12677 9 8 24 81 35 25 32 99 103 1
12677 10 8 85 70 95 25 52 103 13 35
12677 11 8 16 29 105 101 122 42 43 0
12677 12 8 87 46 14 103 76 0 75 114
12677 13 8 2 36 123 40 101 57 109 71
12677 14 8 99 60 23 16 39 57 44 34
12677 15 8 91 121 20 1 55 6 72 8
12677 16 8 78 102 11 108 55 14 77 75
12677 17 8 112 106 46 64 102 9 0 15
12677 18 8 86 10 100 127 23 65 97 54
12677 19 8 45 2 32 115 1 82 48 26
12677 20 8 61 95 105 103 44 74 122 80
12677 21 8 81 1 35 99 103 24 97 52
12677 22 8 85 52 25 70 103 95 64 112
12677 23 8 105 29 43 42 18 16 107 101
12677 24 8 87 75 46 0 25 103 14 42
12677 25 8 2 57 101 71 73 18 77 36
12677 26 8 60 34 23 99 76 57 115 16
12677 27 8 8 1 91 95 121 17 55 60
12677 28 8 78 11 102 108 110 83 45 75
12677 29 8 112 46 17 106 36 15 9 64
12677 30 8 86 10 127 52 100 23 118 64
12677 31 8 45 2 82 115 73 1 51 48
12677 32 8 61 103 105 67 95 20 80 44
12677 33 8 35 81 1 99 127 32 97 52
12677 34 8 85 70 25 103 52 124 35 64
12677 35 8 42 29 105 98 69 97 79 115
12677 36 8 87 0 103 26 25 63 75 14
12677 37 8 36 2 41 57 76 101 10 73
12677 38 8 60 39 23 34 99 102 7 71
12677 39 8 60 95 1 121 8 20 90 78
12677 40 8 110 78 108 55 15 11 102 45
12677 41 8 17 15 36 46 106 64 52 85
12677 42 8 25 49 125 74 22 2 16 123
12677 43 8 56 43 19 8 12 97 104 121
12677 44 8 88 45 99 80 98 11 27 6
12677 45 8 46 112 17 5 114 84 22 92
12677 46 8 105 84 39 30 29 22 45 82
12677 47 8 52 31 95 127 35 111 90 85
525 0 8 120 104 16 0 111 53 51 70
525 1 8 107 34 77 76 2 86 40 116
525 2 8 14 51 116 10 41 52 87 9
525 3 8 123 76 89 13 105 25 50 38
525 4 8 23 74 0 22 25 67 105 11
525 5 8 80 107 18 75 116 34 126 96
525 6 8 86 42 52 23 127 100 10 75
525 7 8 87 45 60 48 1 95 82 50
525 8 8 103 61 95 64 39 105 122 80
525 9 8 94 45 81 1 127 103 99 24
525 10 8 25 35 52 85 64 107 70 83
525 11 8 69 105 86 29 98 122 101 47
525 12 8 53 87 63 76 74 46 30 118
525 13 8 75 2 44 65 36 64 107 71
525 14 8 39 80 99 79 34 23 58 16
525 15 8 60 95 91 55 1 8 121 69
525 16 8 102 40 78 11 7 60 15 45
525 17 8 106 15 112 17 53 85 52 9
525 18 8 86 10 100 42 52 75 127 65
525 19 8 45 115 1 32 51 26 82 87
525 20 8 61 95 103 105 39 64 44 122
525 21 8 81 1 94 127 99 103 24 52
525 22 8 35 25 85 107 52 64 112 103
525 23 8 105 29 86 98 69 47 115 101
525 24 8 53 87 68 63 76 46 75 42
525 25 8 75 2 65 44 101 71 10 107
525 26 8 99 34 23 80 39 76 57 79
525 27 8 91 60 8 95 121 1 23 17
525 28 8 78 102 40 11 83 45 15 75
525 29 8 106 112 17 15 53 9 68 52
525 30 8 86 10 100 127 23 52 64 46
525 31 8 45 115 82 73 1 26 20 32
525 32 8 61 67 105 95 103 80 86 82
525 33 8 81 94 1 99 24 127 97 80
525 34 8 25 35 85 52 64 2 83 107
525 35 8 105 86 29 69 98 107 115 67
525 36 8 53 87 46 76 30 42 9 100
525 37 8 75 44 2 101 10 65 73 71
525 38 8 80 39 99 79 34 23 44 58
525 39 8 1 121 95 60 8 91 78 23
525 40 8 40 102 7 78 15 45 80 83
525 41 8 53 106 112 15 52 17 9 85
525 42 8 73 125 37 74 16 123 22 71
525 43 8 43 56 81 104 19 8 36 44
525 44 8 54 80 45 37 27 6 98 81
525 45 8 46 112 92 80 114 22 84 12
525 46 8 82 105 39 84 124 22 61 80
525 47 8 90 27 95 35 32 52 34 85
1083 0 8 63 51 97 73 111 2 66 118
1083 1 8 107 76 32 116 86 53 126 77
1083 2 8 8 54 14 51 100 9 69 68
1083 3 8 25 38 105 76 123 1 29 112
1083 4 8 22 74 25 0 105 23 48 67
1083 5 8 122 34 82 80 126 22 75 96
1083 6 8 86 42 52 127 100 23 85 10
1083 7 8 95 87 48 45 60 1 50 26
1083 8 8 103 64 39 61 95 105 44 122
1083 9 8 94 24 127 1 81 103 99 104
1083 10 8 64 107 35 52 25 39 85 113
1083 11 8 86 122 105 98 69 29 101 107
1083 12 8 118 53 87 63 76 30 74 42
1083 13 8 75 2 44 102 65 101 71 107
1083 14 8 39 79 80 99 23 34 111 7
1083 15 8 60 121 55 95 91 8 1 69
1083 16 8 102 40 11 78 7 45 4 60
1083 17 8 112 106 15 85 17 53 52 68
1083 18 8 86 10 127 42 100 85 52 75
1083 19 8 45 115 95 48 26 1 32 51
1083 20 8 61 103 39 95 105 44 64 67
1083 21 8 81 24 1 94 99 127 103 52
1083 22 8 85 35 25 107 64 52 112 39
1083 23 8 105 86 98 101 122 69 47 29
1083 24 8 53 118 87 30 76 68 75 63
1083 25 8 2 75 101 44 71 77 102 10
1083 26 8 99 34 39 23 80 111 57 76
1083 27 8 121 60 91 8 95 1 6 55
1083 28 8 78 102 11 40 7 45 83 75
1083 29 8 112 15 106 53 17 85 68 52
1083 30 8 86 127 10 42 52 100 75 23
1083 31 8 45 115 82 73 26 20 1 48
1083 32 8 61 103 67 105 64 39 95 44
1083 33 8 81 94 99 1 127 80 24 52
1083 34 8 85 25 35 107 2 64 52 112
1083 35 8 86 105 101 98 29 115 122 37
1083 36 8 53 87 118 30 76 46 104 63
1083 37 8 75 44 2 102 71 65 10 73
1083 38 8 99 80 79 39 34 115 58 23
1083 39 8 91 121 4 60 3 87 1 95
1083 40 8 40 7 78 102 4 80 15 84
1083 41 8 53 112 106 52 15 17 85 117
1083 42 8 37 73 16 125 74 123 22 5
1083 43 8 81 56 104 43 36 8 42 4
1083 44 8 54 80 72 37 45 27 6 81
1083 45 8 103 114 84 92 112 46 37 80
1083 46 8 82 124 105 52 22 39 84 61
1083 47 8 90 27 35 95 34 32 52 85
304 0 8 93 107 69 31 111 51 80 53
304 1 8 60 83 76 113 86 123 77 122
304 2 8 68 51 117 116 14 123 120 69
304 3 8 76 105 1 123 25 78 9 106
304 4 8 102 74 105 0 91 111 22 11
304 5 8 80 116 122 18 5 126 111 75
304 6 8 86 23 100 52 14 75 79 127
304 7 8 72 48 45 26 73 1 115 82
304 8 8 27 103 39 95 61 64 105 47
304 9 8 105 24 81 94 97 1 99 127
304 10 8 35 64 120 14 25 107 52 2
304 11 8 105 86 58 29 101 98 122 47
304 12 8 87 53 69 76 46 63 118 30
304 13 8 75 44 2 71 101 95 24 121
304 14 8 99 101 39 44 23 34 28 111
304 15 8 34 91 121 100 1 8 55 69
304 16 8 78 40 102 43 121 20 11 80
304 17 8 106 30 17 85 112 14 68 97
304 18 8 86 10 127 52 75 79 42 3
304 19 8 115 45 26 32 73 48 72 1
304 20 8 61 103 39 105 95 27 86 44
304 21 8 81 24 1 94 105 99 127 97
304 22 8 35 25 85 107 2 120 64 14
304 23 8 105 86 101 98 29 58 122 47
304 24 8 53 87 76 69 46 68 30 75
304 25 8 77 71 2 101 75 73 10 55
304 26 8 99 101 23 34 28 39 44 111
304 27 8 34 100 98 121 91 8 1 17
304 28 8 78 102 20 40 43 121 79 11
304 29 8 30 97 106 68 14 112 121 85
304 30 8 86 14 10 52 3 100 42 97
304 31 8 45 115 82 26 1 32 48 93
304 32 8 103 67 61 105 39 27 95 99
304 33 8 105 81 48 99 94 1 52 127
304 34 8 25 120 14 35 107 101 64 119
304 35 8 105 86 58 47 101 29 13 71
304 36 8 69 30 120 87 68 46 53 76
304 37 8 121 55 99 24 75 107 71 44
304 38 8 101 99 28 39 84 118 44 57
304 39 8 100 34 4 91 3 8 1 115
304 40 8 121 20 102 43 80 78 40 84
304 41 8 14 30 97 106 45 117 68 20
304 42 8 55 119 101 65 22 123 80 71
304 43 8 4 104 81 6 42 36 65 44
304 44 8 54 72 6 71 27 98 81 20
304 45 8 114 127 93 123 80 45 21 22
304 46 8 67 102 52 61 22 44 80 117
304 47 8 34 55 117 32 27 85 66 78
264 0 8 106 27 101 50 110 48 103 49
264 1 8 99 60 113 46 75 77 39 62
264 2 8 45 68 122 51 52 125 36 120
264 3 8 94 76 105 106 78 21 61 123
264 4 8 102 22 111 67 105 11 51 63
264 5 8 105 51 18 116 80 111 5 126
264 6 8 86 23 52 100 14 85 109 10
264 7 8 45 48 72 20 73 115 93 26
264 8 8 2 95 103 122 105 39 67 27
264 9 8 81 105 48 97 99 103 24 104
264 10 8 35 25 107 14 52 2 23 64
264 11 8 105 86 47 58 101 29 98 94
264 12 8 68 87 69 76 53 32 46 118
264 13 8 12 75 66 44 107 65 71 101
264 14 8 99 39 105 23 101 34 111 7
264 15 8 100 91 3 34 69 4 121 8
264 16 8 78 43 102 51 40 121 11 80
264 17 8 106 30 2 66 35 17 112 102
264 18 8 86 10 100 52 65 75 97 14
264 19 8 32 45 115 82 73 48 26 93
264 20 8 103 95 123 61 44 39 105 86
264 21 8 81 1 99 24 76 127 80 105
264 22 8 35 25 107 52 2 64 83 85
264 23 8 105 101 86 47 29 115 78 58
264 24 8 68 87 76 53 46 69 34 30
264 25 8 71 12 66 101 2 73 65 107
264 26 8 99 57 23 34 101 39 105 7
264 27 8 91 6 3 34 100 8 98 121
264 28 8 78 51 102 43 80 26 121 75
264 29 8 2 35 30 66 121 68 112 106
264 30 8 86 14 100 10 54 3 46 97
264 31 8 45 115 82 26 73 106 32 1
264 32 8 2 103 67 105 123 95 61 86
264 33 8 81 105 48 99 80 25 127 1
264 34 8 25 14 83 35 107 119 64 30
264 35 8 101 105 86 94 29 47 13 58
264 36 8 30 69 68 46 87 76 120 32
264 37 8 12 66 99 113 10 65 107 73
264 38 8 99 105 39 101 96 58 57 84
264 39 8 100 91 4 3 34 98 55 6
264 40 8 51 43 121 80 102 78 84 40
264 41 8 2 35 66 30 126 106 6 117
264 42 8 55 93 102 123 98 18 22 16
264 43 8 6 81 104 87 36 65 44 45
264 44 8 72 48 6 20 27 98 81 22
264 45 8 20 114 70 80 123 45 22 84
264 46 8 115 44 52 117 61 22 102 80
264 47 8 36 120 66 88 47 123 59 78
19038 0 8 112 77 67 83 28 23 105 64
19038 1 8 122 60 67 48 45 68 29 90
19038 2 8 76 4 23 73 44 36 125 64
19038 3 8 106 70 78 21 76 3 61 92
19038 4 8 102 51 11 116 27 5 37 57
19038 5 8 18 48 116 87 74 56 16 5
19038 6 8 86 97 100 118 23 3 64 75
19038 7 8 115 45 73 82 93 67 20 91
19038 8 8 103 2 94 95 20 86 6 123
19038 9 8 81 35 25 99 41 24 40 37
19038 10 8 25 95 2 52 35 119 107 18
19038 11 8 105 29 16 94 101 78 42 0
19038 12 8 38 103 87 32 46 14 76 100
19038 13 8 109 12 40 123 101 71 41 57
19038 14 8 99 18 23 39 60 44 111 7
19038 15 8 91 20 55 77 8 121 6 1
19038 16 8 78 102 77 108 80 29 84 110
19038 17 8 65 0 68 106 102 64 17 112
19038 18 8 86 10 100 3 65 103 75 54
19038 19 8 115 45 32 73 82 48 1 93
19038 20 8 103 94 27 95 105 123 86 44
19038 21 8 81 35 99 24 1 40 52 127
19038 22 8 95 25 2 52 35 119 120 85
19038 23 8 42 105 16 22 29 101 94 68
19038 24 8 38 0 76 14 87 103 25 46
19038 25 8 109 123 57 71 18 73 115 101
19038 26 8 18 99 60 71 23 34 111 7
19038 27 8 20 77 126 91 8 6 55 46
19038 28 8 78 44 77 108 102 29 65 94
19038 29 8 65 0 17 68 106 112 85 36
19038 30 8 86 118 10 42 52 14 75 23
19038 31 8 45 82 51 48 100 26 115 1
19038 32 8 27 103 20 67 105 2 61 18
19038 33 8 35 81 99 1 41 127 40 52
19038 34 8 95 25 124 39 52 112 64 23
19038 35 8 42 97 16 105 29 94 86 101
19038 36 8 38 87 0 103 30 25 97 63
19038 37 8 41 109 95 123 12 57 18 10
19038 38 8 18 111 99 47 60 34 102 23
19038 39 8 20 107 8 77 55 90 91 121
19038 40 8 77 29 108 110 44 78 23 80
19038 41 8 65 0 63 85 122 64 106 121
19038 42 8 75 55 126 24 49 90 20 2
19038 43 8 121 8 47 56 74 104 49 125
19038 44 8 110 80 13 6 11 27 23 72
19038 45 8 47 83 5 87 26 76 114 119
19038 46 8 1 10 45 96 124 97 123 82
19038 47 8 11 31 127 82 90 121 27 15
11 0 8 65 44 26 70 59 73 18 114
11 1 8 50 94 124 26 18 2 34 60
11 2 8 88 84 53 93 49 18 108 41
11 3 8 89 6 2 76 21 31 123 41
11 4 8 76 106 79 102 124 40 48 67
11 5 8 125 42 61 22 66 122 126 18
11 6 8 86 105 83 52 42 10 23 14
11 7 8 49 45 1 48 20 82 115 67
11 8 8 103 84 95 121 61 105 44 2
11 9 8 110 81 9 103 24 1 127 99
11 10 8 61 25 64 105 52 35 2 39
11 11 8 61 105 29 49 122 101 98 69
11 12 8 87 99 76 30 63 74 46 15
11 13 8 6 101 28 95 2 77 40 64
11 14 8 48 20 39 99 23 111 34 7
11 15 8 85 91 55 69 8 17 121 6
11 16 8 124 102 78 8 108 45 11 80
11 17 8 72 19 17 112 106 85 69 68
11 18 8 86 105 10 42 52 127 100 14
11 19 8 45 49 32 48 51 115 1 82
11 20 8 84 103 61 121 95 105 122 44
11 21 8 81 110 9 1 99 127 103 24
11 22 8 61 105 25 64 52 85 39 119
11 23 8 61 24 49 105 122 1 101 29
11 24 8 99 15 87 76 75 30 80 97
11 25 8 6 15 28 77 71 115 101 64
11 26 8 99 20 48 23 34 76 7 111
11 27 8 85 91 8 101 95 55 60 16
11 28 8 124 78 108 8 102 65 45 83
11 29 8 19 17 72 69 15 106 68 42
11 30 8 86 105 10 63 42 75 52 100
11 31 8 45 49 82 51 106 112 73 103
11 32 8 121 103 84 95 105 67 39 64
11 33 8 110 9 125 80 81 99 1 103
11 34 8 73 61 30 105 56 25 53 64
11 35 8 26 24 61 49 23 122 105 107
11 36 8 99 15 58 30 107 97 9 63
11 37 8 6 15 10 79 28 21 80 115
11 38 8 20 48 99 80 34 111 10 17
11 39 8 85 101 95 1 23 55 60 56
11 40 8 108 8 124 15 80 102 78 45
11 41 8 15 72 106 53 19 69 17 117
11 42 8 39 126 123 74 24 31 73 7
11 43 8 77 104 43 49 19 88 56 8
11 44 8 53 6 45 0 73 122 80 88
11 45 8 46 112 22 17 123 114 119 37
11 46 8 105 82 39 80 22 84 123 124
11 47 8 52 90 73 95 35 32 27 85
6825 0 8 126 3 51 29 71 116 21 62
6825 1 8 78 6 107 83 122 76 8 91
6825 2 8 119 73 125 116 36 51 23 10
6825 3 8 7 64 26 120 11 25 76 2
6825 4 8 91 39 18 22 11 79 0 74
6825 5 8 47 18 116 102 74 78 111 56
6825 6 8 86 100 79 64 10 75 23 52
6825 7 8 87 115 45 93 48 73 82 106
6825 8 8 51 24 103 95 39 82 44 61
6825 9 8 81 22 103 52 99 1 24 94
6825 10 8 120 25 35 74 40 52 107 64
6825 11 8 71 105 87 29 47 79 8 98
6825 12 8 124 52 87 100 53 46 12 76
6825 13 8 79 24 98 75 2 64 101 71
6825 14 8 99 62 28 39 23 34 44 58
6825 15 8 98 87 91 1 121 55 6 95
6825 16 8 123 102 78 43 20 80 18 11
6825 17 8 20 84 106 72 14 112 97 17
6825 18 8 86 10 79 3 75 52 42 64
6825 19 8 115 45 26 87 73 106 93 32
6825 20 8 61 24 39 95 51 103 44 105
6825 21 8 81 1 52 99 24 37 103 94
6825 22 8 107 35 25 120 85 52 64 40
6825 23 8 105 71 79 98 29 47 101 115
6825 24 8 53 87 124 76 52 68 46 12
6825 25 8 79 24 75 71 2 98 10 77
6825 26 8 99 28 34 62 39 23 111 57
6825 27 8 98 91 1 55 95 4 8 6
6825 28 8 123 78 102 43 20 80 83 45
6825 29 8 84 106 112 20 17 97 68 14
6825 30 8 86 10 75 3 64 100 27 52
6825 31 8 45 115 82 26 106 93 73 1
6825 32 8 67 24 61 95 51 103 105 39
6825 33 8 81 48 80 22 1 99 52 24
6825 34 8 120 30 74 64 107 25 69 101
6825 35 8 59 71 87 105 98 47 79 29
6825 36 8 124 58 76 12 42 9 87 100
6825 37 8 24 10 49 75 98 121 65 79
6825 38 8 62 99 28 39 34 58 8 101
6825 39 8 98 1 95 91 56 4 6 23
6825 40 8 80 43 123 20 102 121 78 83
6825 41 8 14 20 106 97 84 117 102 85
6825 42 8 123 22 65 101 28 5 16 71
6825 43 8 104 6 87 81 4 112 42 36
6825 44 8 6 72 54 81 13 71 20 27
6825 45 8 114 80 127 22 20 37 123 21
6825 46 8 67 80 22 52 102 115 61 98
6825 47 8 34 117 32 27 54 66 85 9
264 0 8 106 27 61 110 50 48 118 66
264 1 8 99 91 39 46 62 116 75 44
264 2 8 45 122 7 125 36 52 10 120
264 3 8 7 94 26 120 123 39 9 59
264 4 8 39 0 11 18 77 22 67 40
264 5 8 105 51 47 102 18 49 74 16
264 6 8 86 100 110 75 52 64 10 65
264 7 8 73 45 115 93 106 1 82 48
264 8 8 95 2 103 39 122 51 24 67
264 9 8 22 81 80 99 37 48 104 103
264 10 8 25 23 30 74 110 107 83 126
264 11 8 71 47 87 29 8 105 9 98
264 12 8 124 12 58 68 52 100 87 46
264 13 8 98 12 66 79 75 65 64 71
264 14 8 99 105 39 34 23 58 8 96
264 15 8 91 98 1 95 56 17 69 55
264 16 8 43 102 78 123 51 121 80 83
264 17 8 20 66 2 106 103 72 117 102
264 18 8 86 75 100 110 10 52 42 63
264 19 8 45 82 115 60 106 32 51 26
264 20 8 95 36 39 103 105 67 2 15
264 21 8 81 22 80 1 99 104 127 94
264 22 8 25 30 107 64 120 35 108 101
264 23 8 8 47 71 105 87 86 98 107
264 24 8 104 124 53 12 52 68 42 76
264 25 8 21 79 98 75 66 12 65 71
264 26 8 99 105 58 34 39 101 23 76
264 27 8 91 95 98 56 55 4 18 1
264 28 8 43 78 102 51 123 80 83 121
264 29 8 66 20 2 6 35 106 117 68
264 30 8 86 75 63 110 27 100 30 3
264 31 8 115 82 45 106 73 103 93 39
264 32 8 2 95 103 67 105 39 8 64
264 33 8 81 80 22 49 99 45 37 127
264 34 8 83 30 110 45 80 25 3 107
264 35 8 78 67 47 101 8 71 86 87
264 36 8 9 68 42 30 124 32 104 76
264 37 8 12 65 66 10 99 113 107 115
264 38 8 99 105 58 39 96 10 22 34
264 39 8 91 98 3 56 4 55 23 1
264 40 8 51 43 80 121 78 123 4 102
264 41 8 2 66 35 20 106 6 117 126
264 42 8 123 98 18 102 93 22 55 71
264 43 8 104 6 81 87 112 36 42 3
264 44 8 6 72 48 20 81 121 122 27
264 45 8 20 114 80 123 22 70 21 37
264 46 8 115 52 80 22 44 61 102 117
264 47 8 36 120 66 88 47 123 85 9
8823 0 8 28 64 91 34 68 51 36 22
8823 1 8 99 122 48 7 90 45 67 24
8823 2 8 36 4 125 73 74 81 70 5
8823 3 8 62 77 71 90 78 9 73 117
8823 4 8 11 116 87 34 77 37 93 18
8823 5 8 18 56 122 116 78 16 74 83
8823 6 8 86 75 110 100 64 55 65 32
8823 7 8 115 82 73 67 93 45 39 44
8823 8 8 95 4 103 67 2 33 107 86
8823 9 8 81 35 8 80 22 33 1 127
8823 10 8 41 25 110 30 95 64 40 2
8823 11 8 16 101 78 0 50 29 105 33
8823 12 8 76 32 103 124 58 87 46 42
8823 13 8 102 12 10 127 71 123 120 65
8823 14 8 49 99 39 64 58 23 6 26
8823 15 8 77 91 18 55 89 87 6 76
8823 16 8 13 78 80 51 102 43 83 18
8823 17 8 66 92 6 102 106 2 103 112
8823 18 8 86 75 63 3 55 100 54 64
8823 19 8 115 82 45 106 73 32 39 26
8823 20 8 4 95 103 67 105 80 86 61
8823 21 8 81 80 22 8 1 33 99 35
8823 22 8 30 25 95 41 64 2 110 9
8823 23 8 16 101 50 97 105 8 33 86
8823 24 8 32 76 38 103 42 12 52 87
8823 25 8 102 123 109 127 10 71 12 73
8823 26 8 49 99 64 34 92 18 58 111
8823 27 8 77 91 55 25 46 95 0 31
8823 28 8 13 35 43 78 80 109 83 102
8823 29 8 66 92 6 2 102 49 36 106
8823 30 8 86 75 63 27 110 30 100 3
8823 31 8 82 106 115 73 45 93 103 39
8823 32 8 95 4 22 103 67 2 105 86
8823 33 8 8 80 33 35 22 81 40 49
8823 34 8 95 110 41 9 30 33 124 25
8823 35 8 16 18 97 50 78 25 33 101
8823 36 8 103 32 42 76 124 29 25 16
8823 37 8 127 120 12 102 10 45 65 62
8823 38 8 49 64 99 58 22 96 26 39
8823 39 8 77 91 25 98 46 1 3 126
8823 40 8 13 80 51 43 35 83 102 123
8823 41 8 6 49 66 92 2 106 35 102
8823 42 8 18 86 70 123 98 22 55 8
8823 43 8 104 16 87 111 6 112 80 65
8823 44 8 6 72 20 81 23 121 48 27
8823 45 8 22 123 20 101 26 114 37 80
8823 46 8 52 11 51 22 80 61 44 98
8823 47 8 26 98 21 120 15 121 114 23
26646 0 8 124 28 122 112 64 44 33 62
26646 1 8 29 67 109 122 45 126 97 7
26646 2 8 4 73 76 125 36 52 120 62
26646 3 8 118 62 51 77 121 5 40 92
26646 4 8 11 116 27 77 51 114 82 57
26646 5 8 18 78 48 126 56 16 116 122
26646 6 8 86 63 110 75 100 52 65 10
26646 7 8 82 106 73 45 51 110 48 32
26646 8 8 103 95 122 2 44 6 8 118
26646 9 8 22 127 1 35 39 81 106 103
26646 10 8 30 95 25 110 107 64 52 40
26646 11 8 16 78 29 55 8 101 98 105
26646 12 8 32 42 12 58 124 38 76 103
26646 13 8 10 41 123 109 12 71 65 49
26646 14 8 99 18 39 47 34 22 23 8
26646 15 8 91 77 20 95 55 98 56 87
26646 16 8 77 29 78 102 80 83 110 65
26646 17 8 0 65 106 84 64 68 85 6
26646 18 8 75 86 63 110 100 3 52 30
26646 19 8 82 45 106 51 48 73 115 110
26646 20 8 95 103 105 15 124 80 44 122
26646 21 8 81 80 33 1 99 39 22 127
26646 22 8 30 95 25 110 109 64 112 120
26646 23 8 16 55 8 105 68 122 97 101
26646 24 8 38 0 30 80 12 25 76 42
26646 25 8 109 123 18 57 41 71 49 73
26646 26 8 18 22 99 47 60 111 82 88
26646 27 8 77 20 91 55 106 56 8 95
26646 28 8 44 78 77 29 80 83 110 65
26646 29 8 0 65 84 54 68 64 13 27
26646 30 8 118 63 75 56 30 86 52 110
26646 31 8 51 82 106 45 73 103 110 34
26646 32 8 20 95 116 103 105 27 67 2
26646 33 8 35 106 80 39 127 99 49 22
26646 34 8 95 30 110 124 109 39 112 53
26646 35 8 97 55 16 42 37 78 8 92
26646 36 8 38 103 0 58 97 25 52 42
26646 37 8 123 109 41 57 12 49 10 18
26646 38 8 22 18 47 60 111 99 34 52
26646 39 8 77 20 107 55 106 91 8 69
26646 40 8 77 29 44 110 80 109 65 23
26646 41 8 65 54 0 63 64 85 18 49
26646 42 8 8 126 90 75 49 55 24 123
26646 43 8 74 121 47 104 125 8 80 94
26646 44 8 110 80 13 23 6 72 11 107
26646 45 8 47 76 5 83 114 119 26 87
26646 46 8 1 45 96 17 97 10 123 109
26646 47 8 11 31 127 82 114 121 90 44
13 0 8 65 98 43 73 45 72 44 18
13 1 8 18 94 38 127 26 43 95 56
13 2 8 84 88 38 93 57 40 18 20
13 3 8 6 89 31 124 2 41 117 39
13 4 8 106 76 124 115 85 11 121 48
13 5 8 61 125 66 8 22 126 49 64
13 6 8 105 83 8 56 86 10 52 63
13 7 8 49 112 106 45 73 51 82 1
13 8 8 103 84 121 95 122 65 2 105
13 9 8 9 110 127 80 103 117 104 1
13 10 8 61 105 25 30 39 53 64 56
13 11 8 61 49 24 122 105 71 125 92
13 12 8 99 15 97 79 96 63 104 30
13 13 8 6 28 15 10 77 64 101 73
13 14 8 20 48 90 17 99 111 39 34
13 15 8 85 101 91 10 95 56 55 16
13 16 8 124 8 78 39 102 83 80 45
13 17 8 19 69 42 17 106 99 21 105
13 18 8 105 83 63 30 86 75 56 8
13 19 8 49 112 51 82 106 34 45 48
13 20 8 121 84 103 95 116 65 105 46
13 21 8 110 125 9 80 81 99 117 127
13 22 8 61 105 30 53 56 25 39 112
13 23 8 61 24 49 92 122 23 125 37
13 24 8 99 15 96 56 97 75 116 79
13 25 8 58 6 15 28 23 64 73 115
13 26 8 17 20 48 90 100 86 88 6
13 27 8 101 85 10 70 23 103 91 16
13 28 8 124 8 81 73 80 45 78 65
13 29 8 42 19 1 21 69 48 18 17
13 30 8 105 83 56 63 110 8 30 52
13 31 8 112 49 34 51 106 82 73 110
13 32 8 65 121 84 116 46 95 67 105
13 33 8 125 9 110 80 118 49 127 117
13 34 8 105 61 53 56 78 30 112 39
13 35 8 23 125 61 24 49 37 122 92
13 36 8 99 15 96 97 79 116 63 107
13 37 8 58 15 28 23 6 118 10 25
13 38 8 17 20 86 48 90 34 75 107
13 39 8 101 85 103 70 23 10 95 120
13 40 8 124 8 45 73 65 81 17 80
13 41 8 42 69 48 19 21 18 1 17
13 42 8 31 64 32 123 114 36 74 7
13 43 8 77 104 88 43 112 31 78 97
13 44 8 107 53 6 0 73 90 121 81
13 45 8 2 27 101 22 114 94 37 21
13 46 8 97 38 11 84 52 34 98 103
13 47 8 105 73 57 20 86 109 85 9
2521 0 8 21 63 75 50 110 32 72 103
2521 1 8 6 23 34 41 58 8 95 116
2521 2 8 53 8 88 93 54 84 67 56
2521 3 8 64 2 4 124 38 6 39 82
2521 4 8 76 56 79 83 106 25 124 48
2521 5 8 82 47 42 61 22 125 13 96
2521 6 8 105 83 126 42 52 8 86 56
2521 7 8 95 49 51 34 60 106 45 3
2521 8 8 84 103 66 36 18 95 109 67
2521 9 8 98 9 110 80 117 49 127 1
2521 10 8 90 73 113 30 83 112 97 39
2521 11 8 26 9 69 61 122 37 98 67
2521 12 8 79 107 97 104 23 118 15 63
2521 13 8 6 118 83 98 28 21 64 80
2521 14 8 79 10 48 125 34 88 8 75
2521 15 8 23 85 103 95 87 91 18 16
2521 16 8 8 124 78 45 65 80 73 15
2521 17 8 69 19 97 90 15 53 85 106
2521 18 8 30 8 83 63 126 86 75 52
2521 19 8 95 34 82 51 106 49 32 73
2521 20 8 66 84 36 103 116 95 121 39
2521 21 8 98 9 80 117 110 45 127 99
2521 22 8 73 90 30 53 61 83 113 105
2521 23 8 26 61 37 122 49 24 47 92
2521 24 8 79 107 97 104 23 116 99 118
2521 25 8 6 118 83 98 21 28 80 73
2521 26 8 10 79 48 39 58 99 34 88
2521 27 8 23 85 91 10 56 95 55 103
2521 28 8 8 78 124 80 45 102 15 83
2521 29 8 19 69 97 106 17 68 90 85
2521 30 8 86 63 75 105 110 52 30 56
2521 31 8 45 82 95 73 106 51 1 32
2521 32 8 105 36 103 95 66 67 109 39
2521 33 8 45 98 99 80 81 127 1 103
2521 34 8 30 73 53 25 83 113 90 112
2521 35 8 26 67 69 122 49 37 105 61
2521 36 8 79 107 99 97 30 87 63 76
2521 37 8 6 98 10 21 80 83 101 118
2521 38 8 79 10 48 23 34 99 115 39
2521 39 8 23 103 85 95 121 1 8 91
2521 40 8 8 124 45 78 65 80 102 83
2521 41 8 69 19 48 112 17 106 1 53
2521 42 8 31 64 21 32 74 123 68 7
2521 43 8 77 104 88 43 97 19 81 112
2521 44 8 107 53 0 73 6 45 27 81
2521 45 8 114 22 2 94 27 127 32 37
2521 46 8 97 84 52 38 22 67 80 117
2521 47 8 117 32 73 111 85 34 86 95
8365 0 8 2 63 51 77 21 97 62 39
8365 1 8 23 58 34 116 8 53 69 41
8365 2 8 9 8 54 93 53 14 72 56
8365 3 8 29 38 64 112 59 16 2 105
8365 4 8 22 25 56 124 83 48 76 79
8365 5 8 96 47 82 34 22 13 126 107
8365 6 8 42 52 30 75 86 79 110 63
8365 7 8 95 60 106 51 34 45 110 87
8365 8 8 109 103 36 95 39 105 123 14
8365 9 8 45 98 127 80 1 107 65 99
8365 10 8 107 113 97 30 39 83 90 23
8365 11 8 67 69 9 107 98 122 37 26
8365 12 8 79 107 118 104 97 63 23 68
8365 13 8 21 83 98 118 102 75 64 16
8365 14 8 79 10 34 58 99 28 8 39
8365 15 8 23 103 95 91 87 60 55 18
8365 16 8 78 55 7 45 15 102 8 80
8365 17 8 69 97 90 106 85 15 17 53
8365 18 8 86 75 52 63 30 100 42 10
8365 19 8 45 82 95 51 32 48 60 106
8365 20 8 103 95 39 36 105 122 109 67
8365 21 8 45 81 127 1 99 80 103 65
8365 22 8 30 25 83 107 53 39 64 113
8365 23 8 67 47 69 26 122 98 107 101
8365 24 8 104 107 68 79 97 63 118 100
8365 25 8 65 83 21 75 98 118 64 101
8365 26 8 99 79 39 10 34 23 76 28
8365 27 8 23 91 95 55 1 103 8 17
8365 28 8 78 102 55 45 83 15 73 80
8365 29 8 69 106 17 112 97 68 90 48
8365 30 8 86 10 52 100 75 42 3 63
8365 31 8 45 51 1 82 48 115 26 32
8365 32 8 103 109 105 95 61 67 122 80
8365 33 8 45 81 99 1 127 103 80 24
8365 34 8 25 52 123 64 53 85 112 30
8365 35 8 67 69 105 29 98 122 26 101
8365 36 8 87 97 63 30 76 104 107 118
8365 37 8 98 10 6 21 101 16 121 73
8365 38 8 79 23 99 34 28 10 115 39
8365 39 8 95 23 103 87 1 121 8 91
8365 40 8 78 55 102 45 7 8 80 114
8365 41 8 112 69 48 1 106 97 19 85
8365 42 8 64 31 37 74 101 115 32 123
8365 43 8 77 104 43 88 97 44 36 81
8365 44 8 53 107 73 6 0 27 98 72
8365 45 8 114 32 127 2 22 27 94 45
8365 46 8 97 52 67 117 101 22 60 19
8365 47 8 117 34 32 73 85 86 124 57
468 0 8 49 72 6 75 50 78 27 0
468 1 8 28 9 122 113 37 19 8 71
468 2 8 46 2 127 104 97 36 107 56
468 3 8 112 103 29 2 124 74 9 108
468 4 8 50 11 53 70 46 30 23 48
468 5 8 75 18 22 103 74 110 96 49
468 6 8 127 86 63 87 52 23 14 54
468 7 8 2 45 32 82 48 1 115 106
468 8 8 61 109 103 105 95 80 98 47
468 9 8 81 99 7 1 96 80 65 92
468 10 8 25 103 85 35 18 52 16 30
468 11 8 67 29 69 28 3 105 101 43
468 12 8 87 65 46 79 14 97 34 73
468 13 8 101 65 40 83 2 10 58 28
468 14 8 99 23 39 76 34 58 115 7
468 15 8 91 17 23 1 8 16 69 55
468 16 8 78 102 83 115 55 79 75 50
468 17 8 17 112 106 35 68 18 39 103
468 18 8 10 86 52 100 75 38 63 3
468 19 8 45 48 32 82 115 51 1 20
468 20 8 105 122 95 80 103 8 61 44
468 21 8 81 1 99 52 127 103 37 80
468 22 8 25 52 3 112 83 30 78 35
468 23 8 67 105 43 46 107 21 125 101
468 24 8 46 80 75 87 104 97 42 96
468 25 8 99 71 101 73 58 2 23 106
468 26 8 99 76 23 34 115 10 110 90
468 27 8 8 91 16 17 1 7 95 55
468 28 8 78 79 102 83 65 11 75 45
468 29 8 72 17 112 106 18 121 68 39
468 30 8 86 52 10 38 100 109 46 127
468 31 8 45 48 69 51 1 115 20 73
468 32 8 105 9 8 80 103 67 61 122
468 33 8 99 1 81 52 65 37 96 49
468 34 8 3 25 112 52 35 7 16 18
468 35 8 4 107 43 46 33 21 78 96
468 36 8 75 87 80 108 46 2 92 42
468 37 8 20 61 101 73 52 71 92 2
468 38 8 115 92 125 76 23 33 15 99
468 39 8 80 16 0 89 32 8 25 110
468 40 8 100 78 82 65 105 35 11 39
468 41 8 39 18 99 34 82 1 49 68
468 42 8 58 116 71 115 4 43 17 30
468 43 8 98 41 5 69 46 82 68 83
468 44 8 62 96 42 9 11 107 34 6
468 45 8 114 48 92 107 88 16 58 51
468 46 8 43 3 54 79 46 26 17 62
468 47 8 42 80 39 17 53 124 119 23
30498 0 8 22 40 4 47 66 33 28 6
30498 1 8 44 122 28 36 33 45 90 39
30498 2 8 56 46 12 4 60 36 127 125
30498 3 8 74 24 20 3 78 124 112 70
30498 4 8 11 57 60 50 37 26 127 82
30498 5 8 18 75 110 93 0 12 35 63
30498 6 8 111 86 127 87 65 91 118 63
30498 7 8 45 32 82 2 115 19 48 69
30498 8 8 61 123 105 103 82 80 95 17
30498 9 8 81 35 8 7 1 99 37 80
30498 10 8 103 85 25 94 35 82 52 71
30498 11 8 105 29 107 99 101 43 25 40
30498 12 8 26 87 46 0 75 119 22 14
30498 13 8 2 57 76 71 101 99 62 92
30498 14 8 61 99 23 60 115 76 111 39
30498 15 8 91 60 55 121 17 8 72 16
30498 16 8 108 11 78 102 60 55 83 84
30498 17 8 46 15 112 102 17 106 0 26
30498 18 8 86 100 10 52 75 127 23 54
30498 19 8 115 45 2 32 48 1 82 51
30498 20 8 95 61 105 103 44 122 80 67
30498 21 8 81 1 99 35 103 127 80 52
30498 22 8 103 25 85 35 52 88 64 112
30498 23 8 105 22 101 42 29 107 69 43
30498 24 8 87 26 75 46 14 0 63 76
30498 25 8 2 18 71 101 76 77 57 83
30498 26 8 99 23 34 76 80 60 61 115
30498 27 8 60 91 8 95 1 55 17 121
30498 28 8 78 11 102 108 83 15 45 79
30498 29 8 17 15 106 46 112 52 68 85
30498 30 8 86 10 52 100 75 127 42 23
30498 31 8 45 2 115 1 48 32 20 82
30498 32 8 103 105 61 67 95 80 122 44
30498 33 8 81 1 99 52 127 37 35 103
30498 34 8 25 103 52 35 64 85 23 53
30498 35 8 105 69 29 98 107 115 99 22
30498 36 8 87 26 80 63 75 53 46 76
30498 37 8 2 18 101 76 10 16 73 57
30498 38 8 80 23 99 39 34 61 60 115
30498 39 8 60 1 95 8 78 55 121 91
30498 40 8 78 108 15 11 102 45 55 83
30498 41 8 106 15 17 52 46 36 85 112
30498 42 8 125 49 74 22 123 2 16 7
30498 43 8 43 56 19 12 97 8 104 44
30498 44 8 45 88 11 99 27 72 6 122
30498 45 8 46 17 112 114 22 119 84 16
30498 46 8 105 39 30 81 84 29 22 80
30498 47 8 52 95 35 111 108 127 85 6
27627 0 8 120 29 126 12 77 62 3 74
27627 1 8 107 78 76 86 58 122 123 69
27627 2 8 51 119 15 9 14 24 115 73
27627 3 8 7 25 105 59 34 13 99 26
27627 4 8 74 39 47 22 91 105 25 11
27627 5 8 80 34 78 116 75 126 18 22
27627 6 8 86 10 79 52 100 23 127 42
27627 7 8 87 45 48 20 1 93 51 34
27627 8 8 122 51 61 95 103 24 105 80
27627 9 8 1 94 103 81 52 99 127 65
27627 10 8 52 74 35 107 25 120 83 64
27627 11 8 69 105 87 107 29 98 86 43
27627 12 8 53 87 76 100 63 75 104 42
27627 13 8 24 75 2 44 64 77 101 65
27627 14 8 62 99 23 39 28 7 34 58
27627 15 8 98 1 95 91 55 17 8 94
27627 16 8 123 78 102 83 11 15 45 18
27627 17 8 106 17 85 84 112 15 14 103
27627 18 8 10 86 75 100 79 42 52 63
27627 19 8 45 115 93 51 48 32 20 87
27627 20 8 95 105 122 39 103 80 61 24
27627 21 8 81 52 1 103 94 99 127 37
27627 22 8 52 35 25 74 120 107 64 30
27627 23 8 105 107 69 98 87 101 71 115
27627 24 8 87 53 104 100 68 75 63 80
27627 25 8 24 75 64 101 71 77 65 2
27627 26 8 99 39 62 23 34 28 76 6
27627 27 8 1 98 91 95 8 55 94 17
27627 28 8 102 78 123 15 83 45 75 79
27627 29 8 17 106 85 84 15 112 68 97
27627 30 8 10 86 100 79 42 75 52 23
27627 31 8 45 1 115 51 48 93 20 32
27627 32 8 105 67 122 103 95 80 24 39
27627 33 8 52 81 1 99 103 94 127 37
27627 34 8 52 25 74 35 120 107 64 62
27627 35 8 105 87 71 98 29 107 69 101
27627 36 8 87 100 53 80 63 75 76 97
27627 37 8 24 75 101 44 73 121 10 77
27627 38 8 62 23 99 39 34 28 101 80
27627 39 8 1 98 95 8 78 91 55 94
27627 40 8 123 78 102 45 83 20 15 18
27627 41 8 106 85 17 69 84 14 112 97
27627 42 8 75 28 32 2 65 101 31 74
27627 43 8 2 44 97 4 77 104 81 43
27627 44 8 13 54 27 73 80 6 72 113
27627 45 8 127 114 119 47 92 16 94 37
27627 46 8 17 97 84 67 74 82 45 22
27627 47 8 54 79 90 27 32 34 52 108
311 0 8 11 81 61 93 84 0 24 31
311 1 8 123 19 83 115 86 76 116 41
311 2 8 117 51 9 14 15 116 50 10
311 3 8 59 105 25 7 91 38 39 34
311 4 8 22 91 39 74 67 105 47 4
311 5 8 34 80 111 116 126 18 107 49
311 6 8 10 86 79 52 23 100 110 42
311 7 8 45 48 34 20 1 87 82 110
311 8 8 122 39 105 95 80 61 103 51
311 9 8 1 52 81 99 103 94 48 45
311 10 8 74 52 25 35 83 107 18 62
311 11 8 47 105 107 69 58 67 28 43
311 12 8 68 87 100 63 75 53 12 80
311 13 8 75 65 121 101 44 2 99 64
311 14 8 23 99 80 39 28 34 58 7
311 15 8 1 60 91 98 8 95 17 78
311 16 8 78 15 102 11 75 83 121 7
311 17 8 15 17 106 52 112 85 68 45
311 18 8 10 86 79 100 65 52 23 63
311 19 8 45 115 32 48 1 82 93 20
311 20 8 95 105 122 61 39 80 33 67
311 21 8 81 52 1 99 37 103 71 97
311 22 8 25 52 35 74 107 120 85 64
311 23 8 105 47 107 43 98 101 115 46
311 24 8 87 100 68 75 80 46 63 42
311 25 8 75 71 101 65 2 73 64 121
311 26 8 99 23 39 80 34 76 28 58
311 27 8 1 8 91 60 95 17 121 55
311 28 8 78 15 102 11 83 79 84 75
311 29 8 17 15 106 52 68 112 6 121
311 30 8 86 10 100 46 23 79 75 38
311 31 8 45 115 82 1 32 26 20 73
311 32 8 67 105 122 80 95 61 47 39
311 33 8 52 81 1 99 37 103 71 97
311 34 8 25 52 74 35 62 107 83 64
311 35 8 105 67 46 47 71 69 107 101
311 36 8 100 87 80 46 75 76 68 53
311 37 8 75 101 65 2 44 73 21 10
311 38 8 80 99 39 23 58 79 34 10
311 39 8 1 60 78 8 91 95 121 23
311 40 8 15 78 7 102 11 84 83 80
311 41 8 106 52 15 17 85 113 117 45
311 42 8 37 74 65 2 7 123 16 22
311 43 8 43 19 97 44 104 12 8 56
311 44 8 45 88 113 0 27 98 6 122
311 45 8 46 112 17 84 114 123 92 22
311 46 8 105 39 29 30 84 22 80 52
311 47 8 52 108 35 95 111 6 85 59
12449 0 8 62 126 3 28 124 29 51 64
12449 1 8 78 123 114 107 116 76 74 122
12449 2 8 120 119 68 51 73 36 4 69
12449 3 8 120 7 105 78 61 59 62 11
12449 4 8 39 116 40 105 91 22 67 11
12449 5 8 18 48 116 16 78 30 49 5
12449 6 8 86 10 23 100 79 109 52 110
12449 7 8 1 45 48 20 82 115 34 87
12449 8 8 122 95 47 24 51 105 27 6
12449 9 8 52 1 81 99 103 97 37 35
12449 10 8 25 62 52 120 95 35 107 18
12449 11 8 105 16 71 29 46 107 101 97
12449 12 8 87 100 38 46 76 80 75 58
12449 13 8 101 123 109 24 75 71 40 49
12449 14 8 23 99 39 44 62 18 34 101
12449 15 8 1 91 98 8 78 20 17 77
12449 16 8 78 102 29 84 77 75 123 52
12449 17 8 84 0 106 17 65 121 113 112
12449 18 8 86 10 100 3 23 54 109 65
12449 19 8 115 45 32 1 82 48 20 26
12449 20 8 105 122 95 47 108 24 67 27
12449 21 8 52 81 1 99 103 37 97 35
12449 22 8 25 120 52 95 35 62 97 64
12449 23 8 71 105 16 97 46 101 68 43
12449 24 8 87 100 38 46 80 75 43 123
12449 25 8 71 123 101 109 24 77 49 73
12449 26 8 23 99 44 34 18 76 101 62
12449 27 8 98 1 91 8 17 20 77 121
12449 28 8 78 102 29 84 123 44 75 79
12449 29 8 84 106 17 0 121 65 68 85
12449 30 8 86 10 100 14 118 23 46 109
12449 31 8 45 1 82 34 115 48 26 20
12449 32 8 105 67 122 47 24 95 27 103
12449 33 8 52 105 81 99 1 35 37 103
12449 34 8 120 95 25 52 107 124 62 64
12449 35 8 71 97 16 105 29 87 46 98
12449 36 8 87 38 100 76 80 123 46 53
12449 37 8 24 49 123 95 109 101 10 73
12449 38 8 62 18 101 99 23 22 111 34
12449 39 8 98 91 1 34 20 8 107 78
12449 40 8 123 29 78 77 102 44 20 84
12449 41 8 84 0 97 14 65 85 63 106
12449 42 8 55 75 28 126 101 65 8 71
12449 43 8 121 47 4 104 8 2 97 65
12449 44 8 110 54 80 13 6 98 27 72
12449 45 8 47 127 83 114 84 26 45 123
12449 46 8 45 67 10 1 97 52 74 82
12449 47 8 11 90 127 31 117 32 54 27
279 0 8 106 61 57 66 110 103 92 71
279 1 8 48 91 105 9 17 26 66 39
279 2 8 90 122 120 68 69 62 52 36
279 3 8 7 21 120 11 26 59 78 105
279 4 8 40 63 39 102 111 105 67 77
279 5 8 51 105 18 16 116 78 49 111
279 6 8 86 10 100 23 110 14 52 109
279 7 8 45 1 48 43 20 82 93 110
279 8 8 122 28 95 47 24 51 39 105
279 9 8 48 105 99 52 81 1 103 32
279 10 8 23 25 52 119 123 120 110 62
279 11 8 47 71 29 13 109 58 105 107
279 12 8 123 69 68 25 87 100 120 43
279 13 8 55 66 79 65 71 101 49 124
279 14 8 105 99 23 39 16 101 84 34
279 15 8 34 98 91 1 4 8 69 100
279 16 8 43 78 102 119 12 52 79 75
279 17 8 2 35 121 106 45 66 75 113
279 18 8 86 10 100 14 65 52 75 54
279 19 8 45 32 115 1 20 48 82 26
279 20 8 95 105 47 122 28 39 61 67
279 21 8 81 48 99 1 105 52 103 97
279 22 8 25 52 103 120 64 112 35 76
279 23 8 47 105 29 13 101 107 71 58
279 24 8 123 87 68 43 75 100 76 46
279 25 8 55 71 65 79 101 66 73 107
279 26 8 99 39 23 101 34 105 76 44
279 27 8 34 4 98 8 69 1 91 17
279 28 8 78 43 102 119 84 79 33 75
279 29 8 2 35 121 106 61 68 45 113
279 30 8 86 14 100 10 46 23 75 27
279 31 8 45 115 82 63 44 1 26 73
279 32 8 67 105 95 43 86 28 122 82
279 33 8 105 81 48 99 37 32 59 1
279 34 8 103 25 119 52 120 76 110 14
279 35 8 13 47 109 29 101 58 105 94
279 36 8 69 68 120 123 43 87 46 76
279 37 8 66 99 55 49 113 79 101 73
279 38 8 105 99 101 39 16 84 22 23
279 39 8 4 34 98 91 3 100 1 8
279 40 8 43 119 84 12 102 78 80 114
279 41 8 2 66 35 61 113 20 106 6
279 42 8 27 18 55 102 93 123 71 5
279 43 8 29 6 65 87 104 36 20 127
279 44 8 72 48 20 98 6 81 92 27
279 45 8 114 70 45 84 123 22 80 12
279 46 8 115 52 117 8 19 75 60 22
279 47 8 36 120 66 88 47 123 26 63
19038 0 8 112 77 67 28 83 23 105 36
19038 1 8 122 48 68 67 29 7 45 16
19038 2 8 76 4 23 36 44 73 125 64
19038 3 8 21 70 78 92 9 3 61 127
19038 4 8 57 11 27 37 51 40 67 102
19038 5 8 18 87 48 16 58 116 5 74
19038 6 8 86 100 97 65 23 3 108 118
19038 7 8 45 115 82 93 73 32 20 48
19038 8 8 95 103 20 122 86 123 6 124
19038 9 8 81 35 41 99 37 32 52 1
19038 10 8 25 95 119 52 103 18 110 109
19038 11 8 29 94 16 46 116 105 101 33
19038 12 8 43 38 103 87 46 14 26 123
19038 13 8 109 101 123 71 57 40 41 115
19038 14 8 99 23 60 44 18 16 59 39
19038 15 8 91 77 20 69 17 8 1 121
19038 16 8 78 102 108 77 33 44 110 80
19038 17 8 0 65 64 68 121 106 102 6
19038 18 8 86 10 65 103 14 100 54 46
19038 19 8 32 45 115 82 43 48 1 93
19038 20 8 105 95 94 86 122 67 47 20
19038 21 8 81 35 99 37 25 71 1 97
19038 22 8 25 119 52 95 103 82 110 23
19038 23 8 22 94 29 16 42 105 116 46
19038 24 8 38 123 87 0 46 14 25 43
19038 25 8 18 71 57 109 123 101 73 41
19038 26 8 99 60 18 23 71 102 44 59
19038 27 8 77 126 20 8 91 17 69 55
19038 28 8 44 108 78 77 102 33 29 84
19038 29 8 0 65 63 68 64 6 121 30
19038 30 8 86 118 10 14 3 52 42 100
19038 31 8 45 82 48 115 43 1 32 26
19038 32 8 20 27 67 122 105 95 103 47
19038 33 8 35 81 41 99 52 1 127 103
19038 34 8 95 23 25 103 124 52 119 110
19038 35 8 42 97 16 46 29 94 22 105
19038 36 8 38 0 87 25 103 26 14 58
19038 37 8 109 41 123 57 18 73 101 10
19038 38 8 18 60 23 99 111 34 102 47
19038 39 8 20 107 8 1 17 91 55 77
19038 40 8 77 29 108 78 44 109 102 110
19038 41 8 65 0 63 85 122 106 64 84
19038 42 8 75 126 49 55 90 24 2 71
19038 43 8 121 8 47 104 74 56 49 97
19038 44 8 110 80 13 11 6 23 27 94
19038 45 8 47 83 5 87 114 26 76 119
19038 46 8 1 10 45 97 123 52 96 82
19038 47 8 11 31 127 90 82 121 15 44
11 0 8 65 44 26 59 70 114 73 48
11 1 8 50 94 26 18 124 34 2 37
11 2 8 88 84 53 49 93 18 10 120
11 3 8 89 21 6 59 2 31 124 39
11 4 8 40 76 106 79 124 102 11 67
11 5 8 125 42 49 16 61 30 18 66
11 6 8 10 105 86 23 83 100 109 14
11 7 8 45 1 49 48 34 20 43 82
11 8 8 122 95 84 121 47 105 103 44
11 9 8 110 52 9 1 103 99 81 97
11 10 8 52 25 61 62 105 73 30 35
11 11 8 71 61 105 29 49 69 24 98
11 12 8 87 100 99 63 15 76 80 46
11 13 8 6 28 64 101 15 95 77 71
11 14 8 20 48 23 99 39 58 34 7
11 15 8 85 1 17 91 98 55 78 16
11 16 8 78 102 124 8 108 75 83 80
11 17 8 72 17 19 106 69 112 15 68
11 18 8 10 86 105 63 100 23 54 75
11 19 8 45 49 32 82 48 1 115 20
11 20 8 84 122 105 95 121 103 80 47
11 21 8 81 110 9 52 1 99 103 127
11 22 8 25 105 61 52 53 30 120 64
11 23 8 61 24 49 105 69 71 46 101
11 24 8 99 87 15 76 46 63 104 80
11 25 8 6 15 28 64 71 101 115 77
11 26 8 99 20 48 23 34 76 17 6
11 27 8 85 91 95 1 17 55 101 60
11 28 8 78 124 102 8 108 45 80 75
11 29 8 19 17 72 106 15 69 42 68
11 30 8 86 105 10 100 56 63 42 23
11 31 8 45 49 51 82 1 48 20 32
11 32 8 121 105 103 95 122 84 47 67
11 33 8 9 110 99 1 127 125 103 81
11 34 8 105 61 73 53 25 52 30 56
11 35 8 24 26 61 49 23 105 29 107
11 36 8 99 15 87 63 107 97 58 9
11 37 8 6 15 10 28 79 80 101 21
11 38 8 20 48 23 99 34 80 111 10
11 39 8 85 1 101 95 23 91 69 8
11 40 8 108 8 124 102 78 45 15 83
11 41 8 72 69 19 17 53 106 15 85
11 42 8 39 74 126 31 123 7 32 24
11 43 8 49 77 43 19 88 104 8 97
11 44 8 53 45 0 6 88 73 27 37
11 45 8 46 112 114 17 22 123 119 37
11 46 8 123 105 82 39 84 22 97 80
11 47 8 73 90 95 52 35 32 109 85
714 0 8 63 2 120 103 21 51 97 74
714 1 8 23 8 41 58 26 42 53 6
714 2 8 88 84 53 8 54 93 120 61
714 3 8 64 89 2 38 6 124 39 59
714 4 8 76 79 25 106 40 124 67 11
714 5 8 47 125 82 42 61 22 126 16
714 6 8 10 42 105 83 52 86 110 23
714 7 8 95 49 48 45 34 1 20 51
714 8 8 122 103 84 106 121 44 95 47
714 9 8 9 110 127 1 103 99 52 81
714 10 8 61 73 52 25 30 64 39 105
714 11 8 26 61 105 69 107 98 29 49
714 12 8 63 107 15 104 97 87 99 75
714 13 8 6 76 21 98 64 77 28 101
714 14 8 79 48 10 23 99 34 39 7
714 15 8 85 95 1 103 17 55 87 91
714 16 8 124 78 102 8 45 55 15 7
714 17 8 69 17 19 15 106 85 72 97
714 18 8 86 10 42 100 52 8 63 105
714 19 8 45 95 48 51 82 32 1 49
714 20 8 122 105 84 103 95 39 47 36
714 21 8 1 127 9 81 99 110 103 52
714 22 8 52 25 61 105 53 64 30 73
714 23 8 61 26 49 24 105 98 29 69
714 24 8 87 99 63 104 15 76 97 75
714 25 8 6 76 21 101 28 64 71 77
714 26 8 79 99 23 39 34 48 76 10
714 27 8 95 1 91 85 17 55 8 69
714 28 8 78 102 124 45 8 55 79 83
714 29 8 106 17 69 19 117 112 15 121
714 30 8 86 10 42 100 52 105 63 110
714 31 8 45 95 51 48 1 26 49 82
714 32 8 105 103 122 109 95 47 67 121
714 33 8 127 1 99 81 103 9 45 37
714 34 8 52 25 64 61 73 105 107 39
714 35 8 105 67 26 61 98 29 24 49
714 36 8 87 99 63 97 15 76 75 107
714 37 8 6 98 76 10 21 101 28 73
714 38 8 79 34 23 48 99 39 76 7
714 39 8 95 103 85 1 23 8 69 55
714 40 8 45 78 55 124 8 102 73 83
714 41 8 69 106 48 17 19 112 15 85
714 42 8 64 74 31 37 32 123 21 2
714 43 8 77 43 104 88 97 19 8 44
714 44 8 73 53 6 45 88 0 107 27
714 45 8 114 46 17 94 22 127 112 27
714 46 8 97 81 84 52 22 30 105 39
714 47 8 32 73 111 117 95 85 52 35
279 0 8 106 57 103 18 51 110 14 127
279 1 8 9 23 48 3 95 8 42 72
279 2 8 122 90 7 10 92 11 53 52
279 3 8 29 39 64 112 2 38 94 123
279 4 8 50 63 40 56 23 25 79 67
279 5 8 47 51 105 107 96 22 82 18
279 6 8 42 86 52 100 10 110 123 63
279 7 8 95 45 48 1 60 82 2 32
279 8 8 103 109 61 122 95 36 47 105
279 9 8 65 1 127 99 103 32 45 81
279 10 8 107 25 52 123 23 39 85 64
279 11 8 109 98 67 29 107 46 43 105
279 12 8 63 87 68 75 107 104 114 97
279 13 8 76 66 98 21 65 101 2 71
279 14 8 105 23 99 16 39 10 34 58
279 15 8 72 103 95 17 1 91 55 69
279 16 8 102 78 55 119 43 12 45 83
279 17 8 2 35 106 20 66 45 17 112
279 18 8 86 100 42 10 52 63 110 54
279 19 8 45 95 1 48 115 26 32 82
279 20 8 105 122 95 39 103 61 36 47
279 21 8 81 1 99 127 103 52 37 65
279 22 8 25 52 107 123 64 85 112 39
279 23 8 98 43 105 47 109 29 107 101
279 24 8 87 75 63 68 80 46 104 76
279 25 8 66 76 101 71 98 65 21 73
279 26 8 23 99 105 76 34 39 16 7
279 27 8 95 72 8 1 55 17 91 16
279 28 8 119 78 102 55 43 45 79 83
279 29 8 2 112 106 35 66 17 45 121
279 30 8 86 10 100 42 52 63 46 75
279 31 8 45 51 26 48 115 82 63 1
279 32 8 105 103 61 109 67 95 122 8
279 33 8 32 99 81 1 127 37 48 103
279 34 8 123 25 52 85 107 103 64 119
279 35 8 109 105 29 47 98 107 46 69
279 36 8 114 87 68 104 80 76 63 42
279 37 8 66 98 10 113 76 99 55 101
279 38 8 105 16 99 39 23 8 34 58
279 39 8 72 4 95 91 103 1 3 120
279 40 8 119 12 43 78 80 55 102 83
279 41 8 2 66 112 35 20 106 9 117
279 42 8 27 18 102 123 93 22 16 71
279 43 8 29 87 6 104 65 36 97 81
279 44 8 48 20 6 81 72 27 98 44
279 45 8 22 70 123 80 114 37 32 45
279 46 8 115 52 60 117 22 61 101 80
279 47 8 36 120 66 47 88 123 85 124
26646 0 8 28 64 124 44 112 33 79 82
26646 1 8 48 29 122 90 68 74 16 114
26646 2 8 4 76 52 125 73 36 120 119
26646 3 8 62 51 40 112 70 77 9 5
26646 4 8 11 27 116 50 77 57 67 37
26646 5 8 18 78 48 116 16 126 87 56
26646 6 8 63 86 100 110 118 75 109 52
26646 7 8 45 82 106 48 51 73 110 32
26646 8 8 103 95 122 15 105 44 8 36
26646 9 8 32 35 127 1 99 81 80 22
26646 10 8 107 95 30 88 25 52 112 64
26646 11 8 16 8 98 29 107 101 33 69
26646 12 8 114 63 42 87 75 38 76 32
26646 13 8 76 41 109 123 10 98 71 18
26646 14 8 99 34 16 47 22 8 23 39
26646 15 8 72 20 77 91 95 56 17 55
26646 16 8 78 80 77 29 102 83 60 114
26646 17 8 46 106 64 0 65 68 85 54
26646 18 8 63 110 75 86 52 42 30 100
26646 19 8 106 82 45 51 48 110 93 73
26646 20 8 95 36 105 122 103 116 18 15
26646 21 8 1 80 22 62 127 99 33 65
26646 22 8 30 95 107 109 113 23 25 53
26646 23 8 16 68 42 107 22 8 55 86
26646 24 8 80 38 0 63 52 42 26 116
26646 25 8 18 98 76 109 123 57 41 77
26646 26 8 22 47 99 34 60 8 16 6
26646 27 8 77 72 91 20 55 95 56 17
26646 28 8 78 60 80 83 29 45 102 110
26646 29 8 46 85 106 84 64 68 54 15
26646 30 8 118 63 75 86 110 42 10 30
26646 31 8 51 106 73 82 45 34 50 110
26646 32 8 103 95 20 105 122 39 36 116
26646 33 8 35 80 127 99 62 1 32 22
26646 34 8 107 23 30 113 95 53 25 109
26646 35 8 42 98 16 122 22 8 9 37
26646 36 8 0 63 103 30 97 25 12 26
26646 37 8 18 41 76 57 16 10 77 95
26646 38 8 47 22 60 34 71 80 8 99
26646 39 8 20 60 95 77 56 55 1 91
26646 40 8 83 60 110 55 15 44 45 80
26646 41 8 46 15 36 85 106 64 52 54
26646 42 8 8 49 90 125 77 73 123 24
26646 43 8 49 74 12 125 121 19 104 43
26646 44 8 13 45 88 6 99 23 80 72
26646 45 8 58 17 112 76 46 5 22 26
26646 46 8 81 30 84 29 105 39 45 97
26646 47 8 52 111 127 95 114 121 35 31
374 0 8 104 16 120 107 18 111 53 101
374 1 8 107 86 34 66 98 3 56 42
374 2 8 14 87 9 116 52 100 120 125
374 3 8 38 76 89 25 29 59 105 13
374 4 8 77 23 25 0 22 47 118 11
374 5 8 80 82 126 107 16 78 47 34
374 6 8 110 42 86 100 75 52 30 10
374 7 8 87 60 95 51 45 48 106 50
374 8 8 103 64 95 39 122 36 15 106
374 9 8 45 94 22 127 1 32 99 103
374 10 8 107 113 30 39 108 64 80 112
374 11 8 67 98 8 9 86 69 107 115
374 12 8 53 63 104 97 42 87 75 116
374 13 8 44 76 75 21 98 10 64 77
374 14 8 79 34 8 80 28 99 39 10
374 15 8 95 23 91 56 55 17 60 1
374 16 8 40 78 7 80 102 83 45 114
374 17 8 53 106 69 85 97 68 103 17
374 18 8 110 75 63 30 86 42 52 100
374 19 8 51 106 60 82 45 95 48 87
374 20 8 39 95 36 105 103 116 122 44
374 21 8 45 80 1 127 22 99 94 81
374 22 8 107 30 113 53 25 83 39 108
374 23 8 86 67 47 122 98 107 69 89
374 24 8 104 97 63 68 53 116 100 80
374 25 8 21 65 75 64 98 44 16 79
374 26 8 99 11 39 28 34 23 79 76
374 27 8 23 91 95 17 55 1 56 8
374 28 8 78 102 83 45 40 80 79 114
374 29 8 69 106 53 85 97 17 112 68
374 30 8 86 10 63 52 100 75 110 42
374 31 8 45 51 1 48 82 95 106 93
374 32 8 103 105 95 122 67 39 80 47
374 33 8 45 99 127 1 103 81 94 80
374 34 8 107 25 52 83 30 64 53 113
374 35 8 67 105 29 98 122 107 69 8
374 36 8 76 53 97 87 63 30 9 42
374 37 8 75 44 10 21 42 98 101 24
374 38 8 79 34 99 23 39 28 80 8
374 39 8 23 95 1 56 91 55 103 8
374 40 8 40 102 83 78 45 7 80 20
374 41 8 53 106 69 117 85 112 48 15
374 42 8 73 37 123 59 31 32 22 74
374 43 8 104 81 43 77 49 97 4 44
374 44 8 6 80 37 54 81 27 73 45
374 45 8 94 127 22 114 80 46 123 112
374 46 8 82 97 84 22 80 52 124 44
374 47 8 34 90 32 117 27 85 95 35
429 0 8 84 103 2 80 0 51 101 14
429 1 8 3 58 83 86 23 66 116 76
429 2 8 122 9 87 84 117 100 24 54
429 3 8 26 38 76 64 112 105 59 82
429 4 8 77 25 91 0 47 22 124 76
429 5 8 126 107 82 111 78 80 22 16
429 6 8 86 110 42 30 75 52 10 63
429 7 8 95 51 60 45 106 48 73 82
429 8 8 109 103 95 39 122 44 15 80
429 9 8 45 1 127 99 103 81 65 22
429 10 8 107 83 64 23 25 52 39 30
429 11 8 67 47 98 107 8 115 58 29
429 12 8 68 63 87 75 97 104 42 9
429 13 8 65 121 21 76 64 101 98 10
429 14 8 79 39 34 99 28 23 10 76
429 15 8 95 103 91 23 55 1 17 56
429 16 8 78 55 102 45 83 15 20 80
429 17 8 69 106 17 85 97 45 48 15
429 18 8 86 42 10 52 75 63 100 110
429 19 8 45 51 48 95 115 82 1 32
429 20 8 103 105 95 109 39 122 44 80
429 21 8 81 1 127 45 99 103 80 52
429 22 8 25 107 52 64 39 112 123 113
429 23 8 67 105 47 98 115 107 101 43
429 24 8 87 63 68 75 104 80 97 46
429 25 8 101 65 71 21 76 64 98 121
429 26 8 23 99 39 34 79 76 28 10
429 27 8 95 8 91 1 55 103 17 23
429 28 8 78 102 55 45 79 83 75 84
429 29 8 17 106 69 112 85 97 48 68
429 30 8 86 10 52 42 100 23 75 14
429 31 8 45 115 48 51 26 20 1 93
429 32 8 109 103 105 67 61 122 95 44
429 33 8 127 99 81 1 45 103 37 52
429 34 8 52 25 64 123 107 112 39 119
429 35 8 67 105 98 29 101 107 47 122
429 36 8 87 63 97 75 76 104 80 30
429 37 8 98 101 73 76 121 21 10 6
429 38 8 79 99 34 28 23 39 48 7
429 39 8 95 103 1 23 8 55 91 85
429 40 8 45 55 78 124 102 20 73 65
429 41 8 69 112 48 106 97 85 1 20
429 42 8 64 37 31 101 74 123 36 16
429 43 8 77 43 104 97 88 81 44 112
429 44 8 53 73 107 6 27 72 81 98
429 45 8 127 114 22 27 123 32 2 46
429 46 8 97 67 52 22 82 84 117 61
429 47 8 117 34 32 85 73 95 86 111
279 0 8 106 57 103 71 110 127 51 16
279 1 8 9 48 116 3 95 56 126 42
279 2 8 122 90 7 100 52 36 92 125
279 3 8 39 112 123 9 29 127 114 76
279 4 8 63 50 23 40 11 67 113 56
279 5 8 105 51 107 18 75 22 49 47
279 6 8 86 100 42 52 10 23 123 127
279 7 8 45 95 48 1 2 60 82 32
279 8 8 103 109 61 95 105 122 39 47
279 9 8 81 99 45 1 32 127 48 103
279 10 8 25 123 23 52 85 107 64 103
279 11 8 47 109 29 67 105 98 101 43
279 12 8 68 63 87 75 76 114 46 80
279 13 8 66 65 76 99 101 71 55 2
279 14 8 105 39 99 23 16 34 58 76
279 15 8 72 103 95 91 55 1 8 17
279 16 8 78 55 102 119 43 12 83 45
279 17 8 2 35 112 106 66 20 17 121
279 18 8 86 100 42 52 10 75 63 65
279 19 8 45 115 26 32 95 48 82 1
279 20 8 103 105 95 39 122 61 44 80
279 21 8 81 1 99 127 103 37 52 80
279 22 8 25 52 123 107 85 64 112 103
279 23 8 105 47 101 98 109 43 29 115
279 24 8 87 75 68 46 63 76 114 42
279 25 8 66 71 101 65 76 73 2 113
279 26 8 99 23 105 16 34 39 76 7
279 27 8 95 72 8 91 55 1 17 4
279 28 8 119 78 102 43 55 12 84 45
279 29 8 2 112 35 66 106 121 17 9
279 30 8 86 10 46 52 100 42 14 23
279 31 8 45 115 63 26 48 82 73 1
279 32 8 61 103 67 105 109 122 95 8
279 33 8 81 48 32 99 1 37 127 103
279 34 8 103 85 123 25 52 64 88 119
279 35 8 109 105 47 29 101 98 69 115
279 36 8 114 68 87 76 120 46 104 75
279 37 8 66 99 113 55 10 101 73 98
279 38 8 105 39 16 99 23 34 58 7
279 39 8 72 4 91 3 1 95 121 8
279 40 8 43 119 12 78 102 55 84 80
279 41 8 2 66 112 20 35 9 106 113
279 42 8 27 18 102 93 123 22 55 71
279 43 8 29 87 6 104 36 97 65 42
279 44 8 48 20 98 72 6 27 81 92
279 45 8 70 80 22 123 114 32 84 37
279 46 8 115 60 117 52 22 19 98 80
279 47 8 36 120 66 47 88 123 85 86
19038 0 8 112 77 67 28 83 23 12 64
19038 1 8 68 48 122 90 67 45 29 16
19038 2 8 76 36 23 4 44 73 125 56
19038 3 8 70 92 78 90 3 9 61 127
19038 4 8 50 11 27 37 51 57 67 5
19038 5 8 18 87 74 116 10 56 75 48
19038 6 8 86 100 118 97 65 23 109 64
19038 7 8 115 45 82 73 93 2 32 48
19038 8 8 103 20 18 6 95 105 67 61
19038 9 8 81 35 99 32 37 25 124 80
19038 10 8 25 103 95 52 85 88 109 119
19038 11 8 29 101 105 16 33 42 0 22
19038 12 8 26 14 87 103 46 0 76 75
19038 13 8 76 57 109 71 41 123 99 2
19038 14 8 99 60 23 47 39 7 44 102
19038 15 8 91 77 20 72 55 69 8 6
19038 16 8 78 60 102 77 108 110 80 84
19038 17 8 46 64 68 0 15 102 6 84
19038 18 8 86 100 103 65 3 10 52 61
19038 19 8 115 45 32 82 48 73 2 26
19038 20 8 103 95 105 18 67 20 122 86
19038 21 8 35 81 99 1 80 127 37 66
19038 22 8 25 52 95 103 88 85 112 119
19038 23 8 42 22 18 29 105 101 16 33
19038 24 8 26 87 0 75 25 46 14 63
19038 25 8 76 18 71 57 73 101 2 77
19038 26 8 99 60 23 34 76 102 71 7
19038 27 8 77 126 8 55 60 95 91 1
19038 28 8 60 78 102 94 108 23 84 110
19038 29 8 15 46 106 36 117 17 112 113
19038 30 8 86 10 100 46 42 118 52 85
19038 31 8 45 115 82 26 63 48 1 73
19038 32 8 67 122 103 20 105 95 6 44
19038 33 8 35 81 99 37 127 1 62 103
19038 34 8 103 25 23 52 119 64 112 107
19038 35 8 98 29 42 18 105 22 101 115
19038 36 8 26 87 63 0 25 103 80 76
19038 37 8 76 41 18 57 73 115 10 77
19038 38 8 60 99 34 80 102 47 7 39
19038 39 8 60 95 78 1 8 55 126 77
19038 40 8 78 15 23 55 108 60 110 109
19038 41 8 15 46 106 36 52 17 64 112
19038 42 8 90 125 49 74 73 24 22 123
19038 43 8 74 49 12 19 43 121 125 8
19038 44 8 88 45 99 13 98 23 72 11
19038 45 8 26 46 17 112 84 76 22 114
19038 46 8 30 105 81 39 84 29 22 60
19038 47 8 52 121 111 95 35 127 15 85
374 0 8 120 104 16 107 70 53 111 48
374 1 8 107 34 86 76 42 20 14 39
374 2 8 14 116 10 87 120 100 62 52
374 3 8 76 105 25 13 89 38 39 9
374 4 8 23 0 74 105 11 118 22 25
374 5 8 107 80 126 18 34 22 116 75
374 6 8 86 42 14 52 10 100 110 63
374 7 8 87 60 45 48 95 1 50 26
374 8 8 103 64 39 95 61 122 105 123
374 9 8 94 45 127 81 1 99 103 22
374 10 8 25 107 52 64 39 14 103 83
374 11 8 86 29 98 47 33 101 105 8
374 12 8 63 53 26 87 75 76 74 97
374 13 8 75 44 76 65 2 64 107 71
374 14 8 80 99 79 39 34 23 58 7
374 15 8 60 95 91 55 8 69 17 1
374 16 8 40 102 60 78 7 45 83 11
374 17 8 53 15 106 85 117 52 17 97
374 18 8 86 42 100 10 52 75 110 3
374 19 8 45 115 87 51 32 26 48 1
374 20 8 103 95 64 39 105 122 15 61
374 21 8 81 127 1 94 103 99 45 22
374 22 8 52 107 25 64 112 103 39 85
374 23 8 98 105 86 29 101 115 47 122
374 24 8 53 63 87 75 104 68 76 42
374 25 8 75 76 65 44 71 101 2 73
374 26 8 99 34 39 23 80 79 76 11
374 27 8 95 60 91 8 1 55 6 23
374 28 8 40 102 78 60 45 84 7 80
374 29 8 106 53 117 15 102 85 68 112
374 30 8 86 10 100 110 42 52 46 75
374 31 8 45 115 26 82 20 1 93 73
374 32 8 64 103 67 105 122 95 86 39
374 33 8 81 94 127 1 99 22 37 103
374 34 8 25 52 64 107 2 112 39 108
374 35 8 86 98 105 101 69 29 115 67
374 36 8 53 87 76 9 63 32 42 46
374 37 8 75 44 10 101 65 76 73 21
374 38 8 99 80 39 79 34 23 58 10
374 39 8 95 1 60 91 55 8 23 78
374 40 8 40 7 102 78 15 60 80 84
374 41 8 53 106 117 15 52 85 113 103
374 42 8 73 125 37 22 123 24 59 74
374 43 8 81 43 49 104 8 112 56 44
374 44 8 54 37 80 45 81 72 27 6
374 45 8 112 46 80 127 114 84 123 22
374 46 8 82 124 105 39 84 22 80 44
374 47 8 90 27 34 32 95 35 52 85
3520 0 8 63 51 17 97 77 21 34 2
3520 1 8 116 107 53 86 76 123 3 23
3520 2 8 8 54 14 9 51 70 125 67
3520 3 8 38 105 1 76 25 16 112 73
3520 4 8 22 0 74 87 25 105 67 11
3520 5 8 34 80 126 82 122 22 116 47
3520 6 8 86 42 52 110 10 100 75 23
3520 7 8 60 87 45 95 48 1 51 82
3520 8 8 103 64 39 95 44 105 61 122
3520 9 8 94 127 45 81 1 99 33 103
3520 10 8 25 64 107 52 23 39 35 108
3520 11 8 86 29 98 105 122 47 8 101
3520 12 8 118 53 63 87 76 42 75 68
3520 13 8 75 102 44 64 65 76 71 107
3520 14 8 39 79 34 99 80 23 64 58
3520 15 8 60 95 91 55 8 87 1 69
3520 16 8 40 7 60 78 102 45 15 65
3520 17 8 53 106 85 15 117 17 68 112
3520 18 8 86 42 52 75 100 110 10 14
3520 19 8 45 51 32 115 60 95 48 82
3520 20 8 64 103 95 39 105 61 44 122
3520 21 8 81 127 1 94 99 33 103 45
3520 22 8 25 107 52 64 112 39 108 85
3520 23 8 86 105 98 47 122 115 101 29
3520 24 8 53 68 87 63 75 118 104 76
3520 25 8 75 65 44 71 101 76 102 107
3520 26 8 99 39 34 79 23 80 76 10
3520 27 8 91 95 60 23 8 1 55 6
3520 28 8 78 102 40 60 7 84 45 80
3520 29 8 53 106 112 15 117 68 85 121
3520 30 8 86 10 110 42 14 52 100 46
3520 31 8 45 115 26 82 60 73 1 63
3520 32 8 64 103 67 105 95 86 61 44
3520 33 8 81 127 94 99 33 1 80 45
3520 34 8 25 64 2 107 52 83 112 39
3520 35 8 86 105 67 98 101 122 29 69
3520 36 8 53 87 118 76 9 30 46 63
3520 37 8 75 44 102 10 73 65 101 71
3520 38 8 99 79 39 80 10 34 23 58
3520 39 8 91 1 23 87 95 8 60 55
3520 40 8 40 7 78 102 4 80 45 84
3520 41 8 53 117 106 15 112 85 52 113
3520 42 8 73 37 125 22 123 55 59 24
3520 43 8 81 43 49 4 104 8 112 127
3520 44 8 54 37 80 45 81 6 72 98
3520 45 8 127 112 46 114 80 22 84 123
3520 46 8 82 124 44 105 22 39 84 80
3520 47 8 34 27 90 32 95 35 117 85
264 0 8 106 27 50 48 111 110 103 49
264 1 8 113 99 116 76 123 126 3 91
264 2 8 45 14 122 87 125 7 36 52
264 3 8 76 94 26 9 105 38 1 123
264 4 8 118 0 11 77 22 67 105 74
264 5 8 51 105 80 126 18 34 122 49
264 6 8 86 52 42 110 100 63 10 75
264 7 8 60 45 95 115 48 26 1 82
264 8 8 103 2 64 39 95 99 123 61
264 9 8 45 48 81 22 127 94 99 1
264 10 8 25 2 14 107 83 64 80 23
264 11 8 86 67 29 47 101 105 33 98
264 12 8 68 53 63 87 9 32 76 46
264 13 8 44 66 12 75 107 65 71 101
264 14 8 105 99 39 10 23 58 34 96
264 15 8 3 91 23 55 6 17 8 60
264 16 8 51 78 4 40 43 102 121 60
264 17 8 66 2 53 68 35 106 121 102
264 18 8 86 100 52 75 65 3 10 42
264 19 8 45 32 115 82 73 26 1 60
264 20 8 64 95 103 105 39 2 44 80
264 21 8 81 1 48 99 45 127 80 37
264 22 8 25 52 107 64 2 14 112 85
264 23 8 86 47 105 101 29 115 98 67
264 24 8 68 53 87 46 63 75 104 34
264 25 8 44 71 65 66 12 101 75 73
264 26 8 99 39 23 34 105 44 58 57
264 27 8 91 23 3 1 6 95 8 55
264 28 8 78 102 4 43 84 51 80 14
264 29 8 66 2 106 102 112 121 68 35
264 30 8 86 10 46 100 23 64 14 32
264 31 8 45 115 82 63 1 44 26 73
264 32 8 2 67 105 95 103 86 80 82
264 33 8 81 99 80 127 1 22 97 48
264 34 8 25 2 83 52 64 107 30 14
264 35 8 105 67 101 86 69 47 29 0
264 36 8 32 87 68 46 76 42 9 53
264 37 8 12 66 65 44 99 10 71 101
264 38 8 105 99 39 58 10 34 23 96
264 39 8 91 1 3 23 95 6 55 35
264 40 8 4 51 43 102 78 84 80 18
264 41 8 66 2 106 117 35 112 102 6
264 42 8 98 18 73 123 102 93 22 16
264 43 8 81 6 87 104 36 112 127 44
264 44 8 48 20 81 72 27 6 98 22
264 45 8 70 80 123 22 114 12 84 37
264 46 8 115 22 117 52 80 44 61 98
264 47 8 36 120 66 47 88 123 85 59
1616 0 8 12 87 41 2 51 118 73 22
1616 1 8 48 29 116 95 113 67 126 122
1616 2 8 86 59 9 68 8 73 36 24
1616 3 8 76 59 26 62 77 38 21 9
1616 4 8 22 77 0 105 11 116 40 124
1616 5 8 102 126 18 116 34 78 80 56
1616 6 8 86 10 110 42 52 75 100 64
1616 7 8 60 45 26 93 48 20 115 34
1616 8 8 103 2 95 39 47 106 122 64
1616 9 8 22 103 81 33 1 127 117 99
1616 10 8 2 64 25 74 107 108 52 80
1616 11 8 86 29 98 101 9 16 47 105
1616 12 8 124 87 32 63 118 76 53 104
1616 13 8 12 44 64 65 71 79 75 10
1616 14 8 47 39 99 34 23 8 101 28
1616 15 8 55 1 91 90 35 95 98 77
1616 16 8 102 78 15 40 4 18 29 60
1616 17 8 106 53 85 15 121 45 103 102
1616 18 8 86 10 110 100 42 52 75 3
1616 19 8 45 32 26 93 115 1 48 34
1616 20 8 95 103 64 105 2 44 39 106
1616 21 8 81 127 1 103 22 99 52 94
1616 22 8 52 25 64 107 2 112 108 74
1616 23 8 86 105 98 101 29 8 115 16
1616 24 8 87 53 63 124 42 32 58 75
1616 25 8 101 44 12 71 64 75 10 73
1616 26 8 99 34 47 23 39 58 44 6
1616 27 8 1 35 95 91 55 98 77 90
1616 28 8 102 78 15 6 18 84 45 4
1616 29 8 106 85 102 17 68 112 115 15
1616 30 8 86 10 100 97 110 3 42 23
1616 31 8 45 26 115 93 20 60 1 34
1616 32 8 2 103 95 67 105 122 106 47
1616 33 8 81 22 127 33 1 99 24 103
1616 34 8 2 25 109 64 52 107 74 62
1616 35 8 105 16 98 101 8 86 69 79
1616 36 8 124 87 32 76 97 58 53 100
1616 37 8 12 41 95 10 24 123 73 64
1616 38 8 47 99 34 39 101 23 82 111
1616 39 8 77 90 1 35 91 20 55 95
1616 40 8 102 78 6 18 4 110 29 45
1616 41 8 115 85 112 106 102 65 49 64
1616 42 8 66 8 31 75 73 36 59 16
1616 43 8 121 74 125 80 112 104 2 8
1616 44 8 113 72 80 23 27 13 73 110
1616 45 8 76 86 47 127 26 114 5 83
1616 46 8 96 45 74 84 82 10 97 33
1616 47 8 114 11 54 31 90 127 94 121
369 0 8 31 93 69 81 53 70 51 61
369 1 8 124 83 19 62 116 25 46 76
369 2 8 7 117 9 116 10 67 52 86
369 3 8 76 26 10 59 60 12 105 112
369 4 8 91 0 77 22 111 105 11 34
369 5 8 102 126 111 116 34 80 78 18
369 6 8 86 10 100 64 110 75 85 79
369 7 8 45 20 72 26 48 34 93 1
369 8 8 28 39 95 103 106 51 61 80
369 9 8 48 22 43 103 81 1 112 99
369 10 8 74 25 64 2 52 123 62 107
369 11 8 47 58 29 13 105 86 0 101
369 12 8 124 68 87 58 32 120 63 76
369 13 8 65 121 55 64 44 12 79 75
369 14 8 28 121 39 99 34 23 58 101
369 15 8 1 91 35 55 98 103 6 3
369 16 8 15 102 78 20 121 43 55 52
369 17 8 106 45 97 20 17 112 85 102
369 18 8 86 10 100 75 52 3 97 64
369 19 8 45 115 32 1 93 82 20 48
369 20 8 95 105 61 44 103 80 39 86
369 21 8 81 48 1 24 99 103 97 52
369 22 8 25 52 85 107 64 112 35 120
369 23 8 105 47 58 101 13 98 115 43
369 24 8 68 87 46 124 75 34 120 69
369 25 8 55 71 101 65 79 121 10 73
369 26 8 99 28 23 34 39 57 44 121
369 27 8 1 91 8 6 3 121 55 98
369 28 8 78 102 84 15 20 43 121 45
369 29 8 112 106 45 102 97 17 9 85
369 30 8 86 10 85 100 23 127 97 64
369 31 8 45 115 82 26 32 1 93 20
369 32 8 61 67 95 105 103 122 44 28
369 33 8 81 48 99 24 1 103 22 80
369 34 8 85 25 123 64 52 83 74 107
369 35 8 47 105 58 13 101 0 69 67
369 36 8 68 120 87 124 69 76 104 46
369 37 8 55 121 99 79 10 73 101 65
369 38 8 28 121 99 39 58 84 57 23
369 39 8 3 4 91 6 121 1 8 23
369 40 8 20 121 43 102 78 84 18 55
369 41 8 112 97 14 45 20 102 9 106
369 42 8 101 65 93 5 36 16 71 31
369 43 8 4 104 6 81 36 87 38 127
369 44 8 72 54 71 81 27 98 6 20
369 45 8 127 114 80 84 103 22 27 12
369 46 8 60 22 52 98 67 75 115 117
369 47 8 117 34 32 85 47 124 66 86
279 0 8 106 57 101 127 51 103 71 110
279 1 8 48 62 25 9 75 46 56 116
279 2 8 7 90 122 68 52 36 92 67
279 3 8 10 60 59 12 39 9 123 87
279 4 8 63 40 111 77 11 105 82 23
279 5 8 51 105 18 102 75 49 116 114
279 6 8 86 100 10 127 110 3 75 109
279 7 8 45 26 115 1 82 48 2 32
279 8 8 61 28 103 95 122 105 80 47
279 9 8 48 81 32 99 103 22 1 24
279 10 8 25 103 85 123 52 35 23 2
279 11 8 29 109 47 105 13 101 102 58
279 12 8 68 87 124 76 58 120 46 47
279 13 8 66 55 65 99 2 113 40 101
279 14 8 99 16 105 23 39 121 58 101
279 15 8 91 1 3 55 121 6 8 103
279 16 8 102 78 119 55 43 52 84 12
279 17 8 112 35 2 102 106 75 68 9
279 18 8 86 10 100 52 3 127 97 75
279 19 8 115 45 32 82 1 93 48 26
279 20 8 61 95 105 44 74 122 28 123
279 21 8 81 99 48 24 1 103 37 102
279 22 8 25 85 52 103 123 112 18 64
279 23 8 105 101 47 43 109 29 37 115
279 24 8 46 87 68 75 34 120 76 69
279 25 8 66 55 71 101 2 73 107 65
279 26 8 99 23 16 57 105 44 34 39
279 27 8 6 3 91 121 34 8 17 1
279 28 8 119 78 43 102 84 52 12 14
279 29 8 112 2 35 102 66 121 9 45
279 30 8 86 127 85 10 64 23 14 100
279 31 8 115 45 44 63 82 32 1 100
279 32 8 61 67 82 43 105 95 28 103
279 33 8 81 48 32 99 24 66 102 1
279 34 8 103 85 123 25 13 64 14 83
279 35 8 109 47 101 105 13 79 0 122
279 36 8 68 120 87 69 104 46 114 76
279 37 8 66 55 99 113 10 73 107 65
279 38 8 105 16 99 39 58 84 23 57
279 39 8 4 3 91 34 121 6 115 98
279 40 8 119 43 12 84 78 102 80 114
279 41 8 2 112 66 35 9 20 102 113
279 42 8 27 18 102 93 71 16 5 123
279 43 8 29 6 104 87 36 127 65 45
279 44 8 72 48 20 98 27 81 6 92
279 45 8 114 70 80 84 22 45 123 32
279 46 8 115 60 22 52 117 75 98 101
279 47 8 36 120 47 123 88 66 85 124
15235 0 8 91 75 64 95 6 78 37 86
15235 1 8 48 122 68 16 9 67 90 28
15235 2 8 36 23 4 64 76 46 5 60
15235 3 8 70 73 3 123 24 18 92 78
15235 4 8 5 11 37 27 57 51 67 113
15235 5 8 75 87 115 18 63 10 122 35
15235 6 8 86 118 100 103 64 111 46 23
15235 7 8 115 45 82 2 32 1 63 93
15235 8 8 61 50 20 82 43 74 67 95
15235 9 8 35 81 25 32 99 112 103 66
15235 10 8 25 85 95 103 35 82 10 52
15235 11 8 29 16 105 42 116 0 101 8
15235 12 8 103 0 14 87 46 26 38 58
15235 13 8 109 2 40 123 57 41 73 101
15235 14 8 60 99 16 23 61 102 36 39
15235 15 8 91 20 6 125 121 77 55 69
15235 16 8 11 102 108 78 84 94 52 77
15235 17 8 26 102 112 0 64 116 36 46
15235 18 8 86 100 65 103 10 118 90 75
15235 19 8 115 45 32 2 82 1 93 28
15235 20 8 61 95 108 50 74 105 82 44
15235 21 8 81 35 25 99 103 1 66 80
15235 22 8 25 85 103 52 95 35 82 18
15235 23 8 42 105 18 16 22 101 116 29
15235 24 8 87 25 14 46 0 75 103 26
15235 25 8 2 57 18 40 71 123 109 101
15235 26 8 60 23 99 102 16 34 115 7
15235 27 8 121 125 91 126 1 8 6 77
15235 28 8 11 78 84 108 94 102 110 93
15235 29 8 26 112 36 64 0 17 15 102
15235 30 8 86 10 118 100 127 85 64 52
15235 31 8 45 115 2 1 82 44 93 63
15235 32 8 61 20 67 50 95 105 122 44
15235 33 8 35 81 99 32 1 25 52 24
15235 34 8 103 25 85 95 52 35 124 23
15235 35 8 42 105 97 18 16 98 29 22
15235 36 8 87 26 103 0 14 25 76 58
15235 37 8 2 18 57 41 73 10 127 101
15235 38 8 60 99 102 16 61 34 39 115
15235 39 8 1 90 20 35 125 8 91 55
15235 40 8 108 102 110 78 11 44 18 29
15235 41 8 26 36 17 106 85 64 122 49
15235 42 8 49 90 16 50 74 75 18 71
15235 43 8 56 121 82 104 8 44 112 19
15235 44 8 72 11 27 80 110 6 98 44
15235 45 8 47 26 5 114 119 12 22 16
15235 46 8 45 61 84 51 96 60 22 52
15235 47 8 121 31 82 127 11 21 15 26
311 0 8 11 120 93 47 111 84 81 4
311 1 8 123 19 83 126 116 41 77 2
311 2 8 117 51 116 9 14 10 68 100
311 3 8 105 91 13 59 89 26 10 123
311 4 8 91 105 77 0 22 23 74 82
311 5 8 34 126 102 75 107 111 80 116
311 6 8 86 10 79 100 110 75 52 127
311 7 8 45 34 115 2 50 26 20 1
311 8 8 61 103 39 95 80 122 2 106
311 9 8 103 22 48 1 81 43 99 112
311 10 8 35 25 2 74 52 64 103 85
311 11 8 47 105 29 86 58 101 98 71
311 12 8 87 124 68 63 76 53 32 100
311 13 8 2 75 65 44 121 64 12 71
311 14 8 99 39 80 28 58 34 23 6
311 15 8 1 91 60 35 55 98 8 90
311 16 8 11 15 102 78 52 84 121 83
311 17 8 15 106 17 85 52 112 45 97
311 18 8 86 10 75 100 79 52 61 3
311 19 8 45 115 32 93 20 48 1 26
311 20 8 95 105 61 39 122 33 44 103
311 21 8 81 1 103 99 52 22 127 24
311 22 8 25 35 52 64 85 107 103 2
311 23 8 105 47 98 101 86 107 29 115
311 24 8 87 124 68 53 75 58 46 32
311 25 8 2 65 101 71 75 64 73 44
311 26 8 99 23 39 34 80 58 44 6
311 27 8 1 91 35 60 121 8 55 95
311 28 8 11 78 15 102 84 18 75 83
311 29 8 106 15 17 68 52 102 6 85
311 30 8 86 10 100 75 23 85 38 3
311 31 8 115 45 93 20 26 1 82 32
311 32 8 67 95 122 105 103 80 33 61
311 33 8 81 52 1 99 22 103 127 71
311 34 8 35 74 25 62 52 64 107 83
311 35 8 105 101 98 69 86 47 58 71
311 36 8 124 87 100 76 58 53 80 68
311 37 8 2 65 75 101 44 73 71 10
311 38 8 99 80 58 39 23 79 34 44
311 39 8 1 91 60 35 78 8 55 90
311 40 8 15 78 102 18 11 7 83 84
311 41 8 106 52 15 17 117 45 46 85
311 42 8 37 74 7 123 65 16 125 22
311 43 8 43 19 12 112 104 56 42 127
311 44 8 45 72 88 113 27 0 6 98
311 45 8 46 112 17 84 119 16 22 114
311 46 8 105 39 29 30 22 80 84 75
311 47 8 52 108 95 35 111 59 6 85
8722 0 8 126 62 51 29 124 28 112 3
8722 1 8 123 78 116 76 107 67 122 114
8722 2 8 7 119 73 51 50 36 9 24
8722 3 8 7 105 120 97 25 91 78 9
8722 4 8 105 91 22 39 74 116 82 37
8722 5 8 116 78 80 18 126 117 102 30
8722 6 8 86 10 79 100 110 123 109 61
8722 7 8 87 1 45 115 20 93 26 34
8722 8 8 51 39 24 95 106 122 33 67
8722 9 8 103 22 81 1 52 94 99 112
8722 10 8 25 35 120 64 74 62 52 101
8722 11 8 105 71 47 29 87 86 101 0
8722 12 8 124 58 87 76 68 100 53 119
8722 13 8 65 24 75 2 121 64 71 44
8722 14 8 99 39 62 28 58 23 6 36
8722 15 8 98 1 35 91 55 121 8 90
8722 16 8 102 18 123 78 43 84 75 11
8722 17 8 20 106 14 97 17 102 84 113
8722 18 8 86 10 110 75 3 79 61 100
8722 19 8 115 45 93 32 1 26 82 20
8722 20 8 95 33 105 122 67 39 106 24
8722 21 8 81 52 22 1 99 103 71 24
8722 22 8 25 120 35 52 64 107 74 62
8722 23 8 105 86 47 71 98 101 87 107
8722 24 8 124 58 68 87 53 100 32 76
8722 25 8 75 65 24 71 101 2 44 73
8722 26 8 99 39 23 62 28 58 34 6
8722 27 8 98 1 91 35 121 8 86 94
8722 28 8 102 123 18 78 43 84 83 14
8722 29 8 20 106 102 68 6 14 97 84
8722 30 8 86 10 100 85 75 110 64 23
8722 31 8 115 93 45 1 20 26 28 63
8722 32 8 67 33 95 24 122 105 106 80
8722 33 8 81 1 113 22 52 99 48 94
8722 34 8 120 25 62 107 83 52 64 35
8722 35 8 71 105 47 87 101 86 0 33
8722 36 8 100 68 124 76 58 87 80 53
8722 37 8 24 65 99 75 121 49 101 73
8722 38 8 99 62 58 39 28 23 44 101
8722 39 8 98 91 1 3 35 121 8 55
8722 40 8 123 43 102 18 78 121 20 83
8722 41 8 106 14 20 97 117 6 84 102
8722 42 8 65 123 101 5 22 16 93 28
8722 43 8 6 4 87 81 104 112 42 44
8722 44 8 72 81 54 20 71 13 27 98
8722 45 8 80 70 127 114 84 37 123 119
8722 46 8 115 22 80 67 98 102 44 61
8722 47 8 117 34 32 47 59 66 88 123
24875 0 8 51 67 112 77 64 28 82 62
24875 1 8 7 114 67 98 68 122 29 60
24875 2 8 73 4 76 121 36 59 120 70
24875 3 8 62 78 40 123 59 9 41 121
24875 4 8 116 47 82 27 105 5 11 67
24875 5 8 48 116 18 78 24 87 16 49
24875 6 8 86 10 75 61 3 97 23 100
24875 7 8 115 45 20 82 93 48 32 1
24875 8 8 95 103 33 122 105 70 44 67
24875 9 8 35 81 1 103 99 25 52 113
24875 10 8 95 25 110 52 35 120 64 119
24875 11 8 105 16 71 29 101 114 33 46
24875 12 8 38 87 58 103 80 76 46 75
24875 13 8 109 123 1 40 71 101 41 65
24875 14 8 99 39 18 23 7 34 6 55
24875 15 8 91 77 1 20 55 98 121 6
24875 16 8 77 102 29 78 18 52 79 108
24875 17 8 65 0 6 106 112 102 68 84
24875 18 8 86 10 75 61 3 85 54 65
24875 19 8 115 45 32 93 20 48 82 1
24875 20 8 95 105 122 44 103 33 27 108
24875 21 8 81 35 1 103 99 52 127 71
24875 22 8 52 25 95 120 64 35 110 2
24875 23 8 16 105 101 97 116 71 29 98
24875 24 8 38 87 58 103 32 0 25 75
24875 25 8 123 109 57 71 40 101 73 1
24875 26 8 99 60 18 23 34 6 7 71
24875 27 8 77 20 1 91 31 55 6 121
24875 28 8 44 77 78 29 102 108 75 18
24875 29 8 0 65 36 68 106 6 84 63
24875 30 8 10 86 118 85 75 61 3 52
24875 31 8 115 45 20 93 48 100 34 1
24875 32 8 27 44 122 95 103 20 105 67
24875 33 8 35 81 1 99 127 22 52 103
24875 34 8 95 124 110 25 64 52 62 18
24875 35 8 16 97 71 105 42 101 98 92
24875 36 8 38 103 58 0 87 32 14 80
24875 37 8 109 123 41 57 1 95 10 73
24875 38 8 111 18 99 47 60 34 22 102
24875 39 8 20 77 107 1 55 91 35 90
24875 40 8 29 77 44 108 109 78 102 114
24875 41 8 65 0 63 85 64 122 106 84
24875 42 8 75 126 49 90 55 16 24 20
24875 43 8 121 74 47 8 104 42 112 56
24875 44 8 110 80 13 72 6 27 11 23
24875 45 8 47 5 83 87 26 119 16 76
24875 46 8 1 10 96 45 97 124 123 22
24875 47 8 11 31 127 90 82 15 121 27
11 0 8 65 44 26 59 114 73 24 118
11 1 8 50 94 18 124 26 34 2 37
11 2 8 88 84 53 49 93 18 36 10
11 3 8 89 6 59 2 31 78 123 124
11 4 8 76 106 79 124 40 85 11 29
11 5 8 125 42 61 66 22 49 18 116
11 6 8 105 10 83 86 8 123 52 42
11 7 8 49 45 20 34 48 115 1 82
11 8 8 103 95 84 121 122 44 105 80
11 9 8 103 110 81 9 1 99 62 127
11 10 8 25 61 2 52 105 64 73 35
11 11 8 105 61 71 29 49 101 98 107
11 12 8 87 99 63 76 15 58 75 124
11 13 8 6 28 64 101 95 115 2 10
11 14 8 20 48 99 39 23 111 34 7
11 15 8 85 55 91 1 95 17 10 6
11 16 8 124 108 102 8 78 45 18 114
11 17 8 72 19 17 106 69 85 6 68
11 18 8 86 105 10 75 52 63 8 42
11 19 8 49 45 51 48 115 82 32 93
11 20 8 84 95 121 103 105 122 44 106
11 21 8 81 110 9 1 127 103 99 80
11 22 8 105 61 25 52 64 53 2 30
11 23 8 61 24 49 105 101 122 98 69
11 24 8 99 15 87 63 75 97 46 42
11 25 8 6 15 28 64 101 71 58 73
11 26 8 20 48 99 17 23 34 90 6
11 27 8 85 101 91 10 1 95 55 8
11 28 8 124 108 8 78 102 45 15 65
11 29 8 19 72 42 17 69 106 118 53
11 30 8 105 86 10 8 83 56 42 63
11 31 8 45 49 51 112 48 82 115 93
11 32 8 103 121 95 84 122 105 67 44
11 33 8 125 9 110 127 99 103 81 1
11 34 8 105 73 61 52 53 25 56 112
11 35 8 24 26 61 49 23 105 29 37
11 36 8 99 15 63 97 107 87 58 9
11 37 8 6 15 10 28 79 80 21 101
11 38 8 20 48 99 34 23 111 80 86
11 39 8 85 101 1 23 95 55 8 78
11 40 8 108 8 124 102 78 15 45 83
11 41 8 72 53 19 69 15 106 17 85
11 42 8 39 126 24 74 73 31 7 123
11 43 8 49 43 77 19 104 88 112 8
11 44 8 53 45 0 6 37 88 27 73
11 45 8 46 112 22 17 114 119 37 16
11 46 8 123 82 105 39 124 80 22 97
11 47 8 90 73 52 95 35 109 32 27
323 0 8 83 120 63 93 31 51 21 97
323 1 8 8 41 26 34 23 42 126 69
323 2 8 88 53 84 67 93 62 54 36
323 3 8 64 89 2 6 29 59 39 37
323 4 8 76 79 106 124 85 40 25 48
323 5 8 47 125 42 61 22 82 49 96
323 6 8 105 83 10 86 52 42 8 56
323 7 8 49 95 45 48 34 82 60 1
323 8 8 103 84 121 109 95 66 122 44
323 9 8 9 110 1 103 99 81 98 127
323 10 8 73 61 23 25 64 52 2 105
323 11 8 26 9 61 49 105 98 29 71
323 12 8 107 63 104 97 15 87 75 99
323 13 8 6 21 64 98 28 77 80 65
323 14 8 79 48 10 99 39 23 34 58
323 15 8 85 103 55 91 95 1 17 23
323 16 8 124 78 8 102 15 55 45 80
323 17 8 69 19 17 15 106 85 72 97
323 18 8 86 10 42 105 52 63 75 83
323 19 8 45 49 48 51 82 32 1 95
323 20 8 84 95 105 121 122 103 67 39
323 21 8 81 9 110 99 1 103 127 80
323 22 8 25 61 105 52 30 73 64 53
323 23 8 61 49 26 24 105 43 98 101
323 24 8 99 15 104 87 75 97 63 80
323 25 8 6 28 21 101 64 71 80 15
323 26 8 79 99 48 23 34 39 76 10
323 27 8 85 95 1 91 55 8 17 103
323 28 8 78 124 102 8 45 55 15 83
323 29 8 17 19 69 106 97 112 48 68
323 30 8 86 10 105 42 52 100 23 38
323 31 8 45 49 48 51 26 1 115 82
323 32 8 105 122 103 95 109 121 61 67
323 33 8 99 81 1 9 127 103 110 24
323 34 8 52 25 73 61 105 64 123 53
323 35 8 105 26 61 24 49 98 67 29
323 36 8 99 87 15 80 107 63 97 75
323 37 8 6 98 10 101 28 21 73 80
323 38 8 79 23 48 99 34 10 39 115
323 39 8 103 85 95 1 23 8 121 55
323 40 8 124 8 78 45 55 102 73 83
323 41 8 69 48 19 112 106 17 9 1
323 42 8 64 31 21 74 123 36 2 16
323 43 8 77 43 104 88 97 19 44 112
323 44 8 53 73 0 107 6 27 45 122
323 45 8 114 127 22 27 46 2 94 32
323 46 8 97 67 52 22 82 61 84 105
323 47 8 117 32 73 34 85 95 86 111
279 0 8 106 57 103 51 71 127 110 48
279 1 8 8 48 9 95 42 126 3 69
279 2 8 122 90 53 10 7 52 36 41
279 3 8 29 64 39 94 112 9 123 99
279 4 8 79 63 50 40 56 83 23 67
279 5 8 47 51 105 96 22 107 42 18
279 6 8 86 42 52 100 10 110 63 127
279 7 8 95 45 48 60 82 1 73 2
279 8 8 109 103 61 95 122 36 105 47
279 9 8 32 81 1 103 99 65 45 80
279 10 8 107 23 25 123 52 85 103 73
279 11 8 109 69 9 67 98 29 105 101
279 12 8 107 114 87 68 63 80 75 11
279 13 8 66 98 99 21 65 2 101 71
279 14 8 105 99 23 10 16 39 34 79
279 15 8 72 95 91 103 17 55 1 4
279 16 8 78 102 55 119 43 12 83 45
279 17 8 2 35 106 112 66 20 17 68
279 18 8 86 10 42 75 52 63 100 127
279 19 8 45 115 95 48 32 26 82 1
279 20 8 95 105 103 122 61 39 15 44
279 21 8 81 1 99 103 127 80 37 24
279 22 8 25 107 52 123 85 64 103 112
279 23 8 109 105 98 101 29 47 43 115
279 24 8 87 114 75 46 68 97 42 104
279 25 8 66 71 98 101 65 73 76 2
279 26 8 99 23 105 34 16 39 76 10
279 27 8 95 72 91 55 1 17 8 4
279 28 8 78 119 102 45 43 83 12 114
279 29 8 2 112 35 106 66 17 20 68
279 30 8 86 10 23 42 100 127 52 63
279 31 8 45 26 48 1 51 115 82 73
279 32 8 61 105 103 95 109 67 122 80
279 33 8 32 99 81 1 48 127 103 37
279 34 8 123 85 52 25 103 88 64 107
279 35 8 109 105 47 69 29 98 115 122
279 36 8 114 68 87 104 80 42 9 120
279 37 8 66 10 113 99 98 55 101 73
279 38 8 105 16 39 23 99 34 8 115
279 39 8 72 4 121 91 1 3 95 8
279 40 8 119 43 12 78 102 80 55 83
279 41 8 2 66 112 35 9 20 106 117
279 42 8 27 18 102 93 123 22 16 36
279 43 8 29 104 6 87 36 97 65 44
279 44 8 48 20 6 72 81 27 98 122
279 45 8 70 22 80 123 114 32 37 12
279 46 8 115 60 52 22 117 101 80 98
279 47 8 36 120 85 47 66 88 123 86
12677 0 8 91 51 28 87 68 17 105 64
12677 1 8 2 9 48 16 68 122 67 74
12677 2 8 115 41 4 36 51 76 74 64
12677 3 8 70 123 50 73 112 29 78 92
12677 4 8 50 51 11 5 57 27 67 82
12677 5 8 75 18 122 96 116 115 87 22
12677 6 8 86 118 127 23 65 100 97 85
12677 7 8 2 45 115 82 32 48 1 20
12677 8 8 61 95 103 44 105 20 108 70
12677 9 8 24 81 35 25 103 99 32 80
12677 10 8 85 70 95 25 103 52 13 35
12677 11 8 29 16 105 122 101 42 69 33
12677 12 8 87 14 46 76 0 75 26 103
12677 13 8 2 36 57 101 123 40 71 109
12677 14 8 99 60 23 57 39 16 111 34
12677 15 8 91 121 55 1 20 8 6 72
12677 16 8 78 102 11 108 55 75 80 14
12677 17 8 112 106 46 15 68 17 36 0
12677 18 8 86 10 127 100 23 85 54 75
12677 19 8 2 32 115 45 48 82 1 93
12677 20 8 61 95 105 103 44 122 67 74
12677 21 8 81 35 1 99 24 103 127 97
12677 22 8 85 25 52 103 70 95 64 35
12677 23 8 105 29 42 43 18 101 107 16
12677 24 8 87 75 46 0 43 25 34 26
12677 25 8 2 18 57 76 101 71 73 40
12677 26 8 23 99 34 60 76 115 57 102
12677 27 8 8 91 95 1 17 55 60 121
12677 28 8 11 78 102 108 45 60 83 110
12677 29 8 112 17 106 46 15 36 9 68
12677 30 8 86 10 127 100 23 52 118 42
12677 31 8 45 2 51 115 1 48 26 82
12677 32 8 61 103 105 95 67 20 80 44
12677 33 8 35 1 81 99 127 103 32 97
12677 34 8 85 52 70 103 25 124 64 35
12677 35 8 42 98 29 105 69 9 97 107
12677 36 8 87 0 63 25 75 26 103 14
12677 37 8 36 2 76 41 57 18 73 10
12677 38 8 60 34 80 23 39 99 102 71
12677 39 8 95 1 60 8 121 20 90 55
12677 40 8 78 108 102 110 15 55 11 45
12677 41 8 106 17 15 46 36 52 64 9
12677 42 8 49 125 25 74 22 2 123 16
12677 43 8 56 43 19 12 97 8 104 44
12677 44 8 88 45 99 11 27 6 80 98
12677 45 8 46 112 17 5 22 114 92 123
12677 46 8 39 105 84 30 29 22 80 97
12677 47 8 52 95 35 111 127 31 108 85
525 0 8 120 104 16 0 53 111 51 70
525 1 8 107 86 77 34 2 76 40 42
525 2 8 14 51 116 10 41 52 36 87
525 3 8 76 13 29 89 105 123 25 38
525 4 8 23 0 25 74 40 11 22 67
525 5 8 80 107 96 75 47 18 116 34
525 6 8 86 42 10 127 52 23 100 63
525 7 8 87 60 45 1 48 95 50 82
525 8 8 103 61 95 39 64 105 47 122
525 9 8 94 45 81 127 99 1 103 24
525 10 8 107 25 35 52 64 85 70 39
525 11 8 69 105 86 9 29 98 122 101
525 12 8 53 87 63 76 30 80 97 9
525 13 8 75 2 44 98 21 64 71 101
525 14 8 79 80 99 39 34 23 10 58
525 15 8 60 95 55 91 121 1 8 23
525 16 8 102 40 78 11 60 7 45 80
525 17 8 106 15 112 53 17 85 52 68
525 18 8 86 10 42 52 127 75 100 85
525 19 8 45 115 48 1 32 87 82 26
525 20 8 95 103 61 39 105 64 44 122
525 21 8 81 1 94 127 99 103 24 45
525 22 8 107 85 35 25 52 64 112 103
525 23 8 105 98 86 29 115 101 122 69
525 24 8 53 87 63 75 97 46 76 104
525 25 8 2 75 44 101 71 76 65 64
525 26 8 99 34 39 23 80 79 76 57
525 27 8 91 60 95 121 1 8 55 6
525 28 8 78 102 40 11 60 83 45 75
525 29 8 106 112 17 53 15 68 9 121
525 30 8 86 10 127 100 23 85 75 52
525 31 8 45 115 26 73 82 1 20 93
525 32 8 61 103 95 105 67 64 80 122
525 33 8 81 94 1 99 127 24 103 80
525 34 8 25 85 52 107 64 35 2 119
525 35 8 105 86 98 29 69 67 115 101
525 36 8 53 87 63 30 9 76 46 32
525 37 8 75 44 2 10 101 73 76 65
525 38 8 80 39 79 34 99 23 115 10
525 39 8 1 95 121 60 8 91 23 55
525 40 8 40 102 78 7 15 45 4 80
525 41 8 53 106 112 17 15 52 9 117
525 42 8 73 37 123 125 22 74 16 71
525 43 8 43 56 81 104 36 97 19 44
525 44 8 54 45 80 37 27 6 81 72
525 45 8 112 46 80 114 92 84 22 12
525 46 8 82 22 124 105 39 84 80 52
525 47 8 90 32 95 35 27 34 85 52
1101 0 8 17 63 51 97 34 2 21 111
1101 1 8 86 107 53 76 99 116 113 34
1101 2 8 8 54 14 9 51 70 87 68
1101 3 8 76 38 105 25 1 29 123 9
1101 4 8 22 0 74 87 25 67 118 105
1101 5 8 34 80 126 82 96 47 116 22
1101 6 8 86 42 110 10 52 75 85 100
1101 7 8 95 60 45 87 48 1 26 73
1101 8 8 103 39 61 95 105 64 122 47
1101 9 8 127 94 33 45 81 1 103 99
1101 10 8 64 107 52 25 35 39 108 119
1101 11 8 105 86 29 98 122 69 67 101
1101 12 8 118 63 53 87 76 80 30 42
1101 13 8 75 44 102 71 2 76 65 64
1101 14 8 79 34 99 39 80 23 10 58
1101 15 8 95 55 60 1 91 23 8 87
1101 16 8 102 40 7 78 45 11 60 4
1101 17 8 106 53 15 85 112 17 52 117
1101 18 8 86 42 10 75 52 85 127 100
1101 19 8 115 95 45 26 60 93 48 73
1101 20 8 95 103 39 64 61 105 67 15
1101 21 8 81 127 1 94 99 24 33 45
1101 22 8 107 64 85 25 35 52 39 112
1101 23 8 98 86 105 29 101 122 47 115
1101 24 8 53 87 118 76 63 68 75 46
1101 25 8 71 44 2 75 76 101 65 73
1101 26 8 99 34 39 23 79 76 80 111
1101 27 8 91 95 55 1 121 60 8 23
1101 28 8 78 4 102 7 40 11 83 80
1101 29 8 106 112 53 15 17 85 68 121
1101 30 8 86 10 127 75 46 42 23 100
1101 31 8 115 45 73 26 82 93 63 106
1101 32 8 61 67 103 105 64 95 86 39
1101 33 8 81 1 33 99 127 94 22 37
1101 34 8 2 85 107 25 64 52 112 35
1101 35 8 105 86 98 29 67 107 101 115
1101 36 8 118 87 32 76 53 63 46 9
1101 37 8 44 75 65 102 73 10 71 101
1101 38 8 99 39 79 34 80 58 10 115
1101 39 8 1 87 95 121 91 3 23 8
1101 40 8 4 7 40 102 78 84 80 45
1101 41 8 106 112 53 85 117 9 15 17
1101 42 8 37 73 123 22 74 125 16 5
1101 43 8 81 43 56 104 87 4 36 6
1101 44 8 72 54 81 98 80 20 27 6
1101 45 8 84 80 103 114 46 123 112 127
1101 46 8 82 22 52 80 60 124 61 115
1101 47 8 34 117 32 85 90 66 95 47
7798 0 8 23 125 112 62 28 124 30 51
7798 1 8 90 113 29 67 114 68 74 122
7798 2 8 36 4 44 115 76 67 126 52
7798 3 8 76 62 70 92 9 3 77 121
7798 4 8 27 116 11 38 37 82 77 67
7798 5 8 18 48 56 87 54 85 10 5
7798 6 8 86 111 46 100 61 64 90 14
7798 7 8 115 82 63 67 45 44 73 28
7798 8 8 43 20 82 107 61 123 67 60
7798 9 8 35 81 24 72 99 46 37 40
7798 10 8 2 25 95 85 70 45 109 80
7798 11 8 16 105 29 101 0 122 64 33
7798 12 8 32 46 103 76 87 121 38 119
7798 13 8 71 123 109 41 36 73 45 101
7798 14 8 22 99 39 23 44 18 76 95
7798 15 8 77 121 91 57 20 51 86 106
7798 16 8 84 110 77 78 102 41 29 52
7798 17 8 64 0 54 65 102 112 113 106
7798 18 8 86 32 61 90 14 46 3 102
7798 19 8 115 63 67 45 32 44 93 73
7798 20 8 61 82 67 105 43 95 86 107
7798 21 8 81 35 24 99 37 66 72 71
7798 22 8 2 95 25 85 45 70 109 64
7798 23 8 16 105 97 101 29 42 37 64
7798 24 8 32 38 87 46 76 0 103 75
7798 25 8 123 109 71 45 73 57 36 10
7798 26 8 22 99 18 34 60 23 44 111
7798 27 8 20 77 46 91 51 121 37 55
7798 28 8 84 78 110 44 102 77 29 79
7798 29 8 36 0 65 64 113 106 121 112
7798 30 8 86 46 32 14 118 10 100 74
7798 31 8 63 115 45 103 67 44 26 73
7798 32 8 61 20 67 43 103 82 105 22
7798 33 8 35 81 99 40 1 22 127 24
7798 34 8 2 95 70 107 25 124 45 109
7798 35 8 97 16 105 42 98 86 29 33
7798 36 8 32 103 38 0 46 87 76 121
7798 37 8 123 36 109 41 57 73 45 95
7798 38 8 18 22 60 99 34 111 47 102
7798 39 8 20 77 51 90 107 1 46 91
7798 40 8 84 77 110 29 44 78 102 80
7798 41 8 65 0 85 64 54 122 63 113
7798 42 8 25 126 55 49 75 90 59 8
7798 43 8 121 8 125 47 56 49 80 127
7798 44 8 80 110 98 92 72 11 23 13
7798 45 8 47 76 5 119 83 84 87 46
7798 46 8 45 82 1 10 124 96 84 19
7798 47 8 11 31 127 90 121 27 15 82
304 0 8 69 107 120 31 93 61 0 51
304 1 8 60 83 37 103 2 66 113 59
304 2 8 68 116 117 123 67 36 52 62
304 3 8 10 76 12 106 122 5 121 89
304 4 8 111 102 91 38 77 0 116 82
304 5 8 18 111 56 126 54 78 49 5
304 6 8 86 75 14 10 100 64 85 110
304 7 8 72 45 115 73 26 103 67 82
304 8 8 28 95 107 27 43 39 82 103
304 9 8 105 22 48 43 81 24 127 99
304 10 8 2 64 25 80 107 14 45 70
304 11 8 105 13 58 29 47 86 101 98
304 12 8 87 32 69 63 76 46 68 121
304 13 8 55 79 71 121 44 95 36 2
304 14 8 28 39 22 99 101 34 84 111
304 15 8 34 51 55 1 91 121 100 98
304 16 8 43 102 121 20 78 84 52 18
304 17 8 30 97 45 54 14 106 102 85
304 18 8 86 52 85 10 14 127 75 42
304 19 8 115 45 67 93 26 72 63 32
304 20 8 61 95 39 103 105 28 82 44
304 21 8 81 48 105 99 127 24 1 43
304 22 8 107 2 25 64 35 85 14 120
304 23 8 105 86 47 98 13 29 58 101
304 24 8 68 69 87 32 53 46 76 63
304 25 8 55 71 65 79 10 101 44 73
304 26 8 28 99 22 39 101 34 23 84
304 27 8 34 91 4 6 121 100 3 55
304 28 8 43 84 78 121 20 102 26 52
304 29 8 30 45 97 102 116 68 79 14
304 30 8 86 32 46 14 85 52 100 97
304 31 8 45 115 63 44 82 26 72 93
304 32 8 67 105 61 28 103 82 95 43
304 33 8 105 81 48 99 43 1 22 127
304 34 8 25 107 14 64 2 112 123 120
304 35 8 105 13 47 58 29 86 79 37
304 36 8 69 68 87 46 76 120 32 30
304 37 8 79 55 121 99 65 73 10 71
304 38 8 28 84 39 101 99 58 22 34
304 39 8 34 3 100 4 91 1 8 6
304 40 8 20 43 121 84 78 102 80 18
304 41 8 30 14 97 45 102 106 117 85
304 42 8 55 101 119 65 71 5 123 93
304 43 8 4 81 65 104 127 6 36 20
304 44 8 98 54 72 71 92 27 81 6
304 45 8 127 84 114 4 12 80 21 32
304 46 8 67 75 117 19 22 52 102 61
304 47 8 34 117 32 55 27 85 86 78
264 0 8 27 106 110 101 50 48 49 103
264 1 8 99 60 113 75 46 37 77 62
264 2 8 45 68 122 36 52 92 126 41
264 3 8 10 94 106 12 122 76 109 5
264 4 8 102 111 95 67 38 63 79 82
264 5 8 105 51 18 111 7 5 49 85
264 6 8 86 14 32 46 90 74 109 121
264 7 8 72 115 67 73 82 45 63 103
264 8 8 2 107 123 28 95 82 67 43
264 9 8 105 48 81 43 99 92 22 37
264 10 8 25 23 2 80 64 14 40 3
264 11 8 13 47 105 29 101 58 79 4
264 12 8 68 32 69 46 87 76 120 47
264 13 8 12 55 66 113 79 107 71 73
264 14 8 99 22 39 105 58 84 96 34
264 15 8 3 34 91 100 4 57 55 6
264 16 8 43 51 84 121 102 78 41 52
264 17 8 66 2 35 102 116 75 54 30
264 18 8 86 32 52 100 90 61 75 85
264 19 8 115 45 63 44 67 32 93 82
264 20 8 82 95 61 105 74 44 103 67
264 21 8 81 99 24 48 102 66 37 1
264 22 8 25 64 85 45 112 2 107 52
264 23 8 105 101 47 37 33 98 29 115
264 24 8 68 46 87 32 75 76 42 58
264 25 8 12 71 66 65 73 101 2 79
264 26 8 39 99 34 23 58 105 22 95
264 27 8 91 3 6 1 35 55 121 34
264 28 8 84 43 51 78 102 127 4 121
264 29 8 66 2 35 116 102 30 79 68
264 30 8 86 32 46 14 100 64 85 10
264 31 8 115 45 63 44 82 67 1 26
264 32 8 2 67 82 105 95 86 103 43
264 33 8 81 99 105 48 66 22 127 76
264 34 8 25 45 83 80 2 64 40 107
264 35 8 94 47 101 105 13 0 29 79
264 36 8 68 32 76 69 87 46 30 42
264 37 8 12 66 65 99 73 113 10 79
264 38 8 105 39 58 84 99 96 22 101
264 39 8 3 100 34 4 91 6 1 56
264 40 8 51 43 84 121 78 102 80 4
264 41 8 66 2 30 35 102 117 126 106
264 42 8 18 98 102 55 93 71 123 5
264 43 8 6 81 87 104 36 65 127 20
264 44 8 72 48 98 20 27 92 81 6
264 45 8 70 80 84 20 114 123 12 4
264 46 8 115 44 117 22 52 75 61 19
264 47 8 36 120 47 88 66 123 59 78
8131 0 8 34 51 67 63 17 22 125 77
8131 1 8 99 75 48 60 114 116 113 122
8131 2 8 90 8 70 36 68 126 6 73
8131 3 8 77 62 106 94 21 10 121 9
8131 4 8 102 10 87 22 116 67 77 11
8131 5 8 105 122 90 54 18 126 78 116
8131 6 8 86 85 64 75 100 14 32 52
8131 7 8 93 115 67 73 45 82 103 106
8131 8 8 95 4 39 2 107 103 67 105
8131 9 8 22 81 33 127 103 99 24 102
8131 10 8 64 25 40 45 80 107 13 23
8131 11 8 50 94 101 29 105 122 0 16
8131 12 8 76 118 68 63 87 25 32 80
8131 13 8 102 12 113 107 71 65 73 64
8131 14 8 99 39 64 58 82 34 111 23
8131 15 8 38 3 33 91 100 57 6 98
8131 16 8 43 51 84 78 102 13 52 41
8131 17 8 35 66 2 102 121 116 106 20
8131 18 8 86 85 32 14 52 100 75 64
8131 19 8 115 45 67 32 93 26 82 63
8131 20 8 4 61 95 105 39 44 82 103
8131 21 8 81 33 99 22 24 66 103 48
8131 22 8 107 25 64 85 95 45 112 52
8131 23 8 50 16 105 101 47 98 86 122
8131 24 8 68 76 87 32 118 58 42 63
8131 25 8 102 71 65 113 73 101 12 10
8131 26 8 99 64 58 39 23 34 82 95
8131 27 8 91 33 3 6 121 1 55 31
8131 28 8 43 51 78 102 84 13 52 80
8131 29 8 66 2 35 102 116 112 68 6
8131 30 8 86 14 46 32 64 85 100 3
8131 31 8 115 45 63 82 44 67 93 26
8131 32 8 4 67 61 103 82 105 86 2
8131 33 8 81 33 99 66 22 105 127 80
8131 34 8 25 40 95 33 64 107 80 45
8131 35 8 94 50 16 105 47 101 33 97
8131 36 8 68 30 76 32 87 46 103 118
8131 37 8 102 65 113 12 99 10 73 66
8131 38 8 64 58 82 39 99 96 34 22
8131 39 8 100 3 33 4 77 91 98 1
8131 40 8 51 43 84 13 78 102 80 18
8131 41 8 66 2 35 30 102 126 6 61
8131 42 8 18 98 102 5 71 55 123 93
8131 43 8 16 6 87 104 36 127 65 20
8131 44 8 72 20 48 98 27 81 92 13
8131 45 8 70 80 114 84 12 123 4 111
8131 46 8 115 22 75 52 117 61 80 8
8131 47 8 26 120 66 88 47 123 36 59
3922 0 8 112 105 23 95 125 28 91 51
3922 1 8 29 46 114 85 122 113 68 60
3922 2 8 76 126 44 36 4 5 0 73
3922 3 8 70 32 121 3 92 106 62 21
3922 4 8 27 37 116 10 102 82 5 11
3922 5 8 48 18 87 54 10 56 115 122
3922 6 8 86 100 64 46 14 32 90 65
3922 7 8 115 67 82 45 44 63 32 93
3922 8 8 43 82 20 86 95 2 67 107
3922 9 8 35 81 24 99 41 72 102 25
3922 10 8 25 95 45 109 85 2 41 80
3922 11 8 16 0 94 101 105 29 46 42
3922 12 8 38 46 87 103 76 32 74 34
3922 13 8 109 40 123 41 12 101 71 73
3922 14 8 99 18 23 102 57 39 95 44
3922 15 8 20 91 77 121 6 86 55 1
3922 16 8 102 84 78 77 52 110 18 41
3922 17 8 0 102 65 64 106 112 9 6
3922 18 8 86 10 52 32 61 3 65 85
3922 19 8 115 45 32 82 1 63 93 48
3922 20 8 95 105 61 82 123 44 103 86
3922 21 8 81 99 35 103 24 1 37 97
3922 22 8 25 52 85 95 64 112 2 45
3922 23 8 105 16 97 29 42 101 37 94
3922 24 8 87 38 75 46 0 14 58 103
3922 25 8 123 109 57 71 101 73 40 2
3922 26 8 18 99 23 60 102 34 76 95
3922 27 8 20 77 55 6 91 16 8 121
3922 28 8 44 77 78 102 108 110 84 29
3922 29 8 0 65 64 102 68 63 121 17
3922 30 8 86 118 52 10 56 14 42 85
3922 31 8 45 82 51 48 1 63 115 100
3922 32 8 20 103 105 95 27 61 44 116
3922 33 8 35 81 41 99 127 1 103 80
3922 34 8 95 25 124 109 112 2 39 85
3922 35 8 97 16 42 55 37 92 29 105
3922 36 8 38 0 97 103 63 87 46 14
3922 37 8 41 109 123 57 95 12 73 10
3922 38 8 18 102 60 111 47 99 34 22
3922 39 8 20 107 90 77 55 8 6 69
3922 40 8 77 29 110 108 44 78 102 65
3922 41 8 65 122 0 63 85 64 18 106
3922 42 8 126 24 49 90 75 59 71 8
3922 43 8 121 47 8 80 56 125 104 75
3922 44 8 80 110 13 23 6 11 72 73
3922 45 8 5 47 83 87 76 26 119 114
3922 46 8 1 124 96 123 10 45 97 82
3922 47 8 11 31 127 82 90 121 44 15
382 0 8 65 53 1 100 73 98 51 69
382 1 8 18 94 127 119 5 15 82 21
382 2 8 80 84 38 88 57 93 40 39
382 3 8 6 124 31 89 41 75 2 16
382 4 8 124 106 76 115 85 111 48 11
382 5 8 61 125 66 8 37 22 13 9
382 6 8 105 83 8 78 56 63 52 86
382 7 8 49 112 106 45 75 101 82 34
382 8 8 84 121 65 116 103 9 95 105
382 9 8 9 110 80 49 125 117 99 127
382 10 8 105 61 56 30 112 53 25 98
382 11 8 61 49 125 24 122 37 23 96
382 12 8 99 96 15 79 23 97 56 116
382 13 8 6 28 15 19 77 118 73 23
382 14 8 20 48 90 17 100 86 75 88
382 15 8 85 101 10 70 16 91 120 8
382 16 8 39 8 124 73 78 65 80 83
382 17 8 19 42 21 69 99 17 1 18
382 18 8 105 83 63 8 75 78 30 56
382 19 8 49 112 51 106 34 82 39 45
382 20 8 84 121 65 116 103 95 35 46
382 21 8 125 110 9 80 49 117 99 81
382 22 8 61 105 53 30 56 78 112 39
382 23 8 61 24 49 125 23 92 37 122
382 24 8 99 96 15 56 97 116 79 75
382 25 8 58 15 6 19 28 23 73 118
382 26 8 17 90 20 100 48 86 88 6
382 27 8 101 85 10 70 23 103 56 120
382 28 8 81 124 8 73 80 39 45 65
382 29 8 42 21 1 19 69 48 83 18
382 30 8 105 78 83 63 56 8 110 52
382 31 8 112 49 34 106 51 82 101 75
382 32 8 65 121 84 116 46 3 95 67
382 33 8 125 9 110 80 118 49 122 99
382 34 8 78 105 53 56 61 112 30 39
382 35 8 125 23 24 61 49 37 7 96
382 36 8 99 96 15 79 97 116 56 65
382 37 8 58 15 19 28 23 118 6 10
382 38 8 17 100 20 48 90 86 107 75
382 39 8 101 23 70 10 85 103 120 95
382 40 8 8 81 124 45 73 80 17 65
382 41 8 42 21 69 19 48 18 17 83
382 42 8 32 31 64 7 6 74 36 123
382 43 8 77 104 88 43 71 112 31 78
382 44 8 6 0 53 90 107 121 73 81
382 45 8 22 101 27 2 94 37 114 32
382 46 8 11 38 34 98 52 97 84 60
382 47 8 73 125 105 2 20 101 86 85
14190 0 8 21 75 126 124 62 60 3 87
14190 1 8 58 23 6 127 125 45 78 122
14190 2 8 93 127 9 54 47 8 51 119
14190 3 8 16 4 59 38 107 82 124 64
14190 4 8 56 124 25 22 58 48 67 47
14190 5 8 13 82 68 22 47 30 78 126
14190 6 8 52 8 42 110 30 63 56 79
14190 7 8 110 51 31 45 75 106 60 34
14190 8 8 36 118 46 116 105 103 24 80
14190 9 8 1 65 52 84 80 99 118 96
14190 10 8 113 112 26 3 67 39 53 74
14190 11 8 107 125 63 31 87 69 54 52
14190 12 8 24 97 116 63 75 104 15 96
14190 13 8 84 98 73 23 21 64 76 26
14190 14 8 76 34 62 6 79 88 22 75
14190 15 8 95 103 8 51 10 56 16 70
14190 16 8 65 45 73 124 17 83 58 80
14190 17 8 69 48 99 58 17 54 18 106
14190 18 8 83 52 42 8 30 79 110 63
14190 19 8 51 110 34 60 106 31 95 49
14190 20 8 118 36 46 103 116 3 84 121
14190 21 8 65 80 9 127 110 96 118 45
14190 22 8 112 113 30 53 39 105 61 78
14190 23 8 107 37 8 61 49 122 65 87
14190 24 8 116 97 75 104 63 99 15 96
14190 25 8 84 98 73 21 76 23 6 24
14190 26 8 90 79 88 62 6 34 8 48
14190 27 8 51 95 87 56 10 103 8 85
14190 28 8 65 45 73 83 124 80 17 55
14190 29 8 69 17 54 18 1 58 48 106
14190 30 8 110 52 63 42 30 75 105 64
14190 31 8 34 110 51 106 82 49 31 60
14190 32 8 36 84 106 46 103 116 109 3
14190 33 8 65 45 127 118 80 52 9 49
14190 34 8 53 112 113 30 39 62 61 64
14190 35 8 107 37 8 67 61 89 122 98
14190 36 8 97 116 24 63 74 52 99 15
14190 37 8 84 98 10 76 23 21 73 24
14190 38 8 34 62 88 75 107 22 101 90
14190 39 8 51 87 95 120 56 8 103 98
14190 40 8 65 45 17 73 123 80 83 7
14190 41 8 58 18 48 69 17 49 85 106
14190 42 8 2 8 31 32 28 64 36 74
14190 43 8 2 77 94 30 112 104 121 78
14190 44 8 94 113 107 6 73 53 19 11
14190 45 8 86 94 114 22 87 2 92 107
14190 46 8 122 74 97 103 84 38 17 37
14190 47 8 79 114 44 54 6 82 65 55
11 0 8 44 26 65 59 18 114 45 73
11 1 8 23 50 127 58 62 94 124 26
11 2 8 84 93 88 127 54 47 18 87
11 3 8 2 38 82 124 39 16 64 112
11 4 8 56 25 48 106 124 58 22 76
11 5 8 82 13 22 68 107 47 126 61
11 6 8 30 42 52 8 83 105 110 56
11 7 8 51 60 110 95 31 49 45 75
11 8 8 109 103 36 46 84 116 105 15
11 9 8 65 45 9 127 49 117 1 80
11 10 8 113 39 112 30 123 53 64 26
11 11 8 67 107 37 98 69 8 125 63
11 12 8 63 97 104 116 9 15 75 79
11 13 8 98 21 76 23 73 77 10 42
11 14 8 20 79 88 34 48 90 61 8
11 15 8 95 103 56 85 91 23 55 8
11 16 8 45 124 65 73 78 55 80 83
11 17 8 69 17 85 106 72 48 97 68
11 18 8 63 86 52 8 75 42 30 83
11 19 8 82 60 106 51 45 39 95 115
11 20 8 103 36 95 105 109 3 15 46
11 21 8 80 117 81 49 127 111 45 99
11 22 8 30 113 112 123 39 13 53 25
11 23 8 67 37 122 8 96 29 69 101
11 24 8 116 104 97 9 74 43 75 60
11 25 8 76 98 23 21 73 77 99 58
11 26 8 90 88 20 111 99 8 79 48
11 27 8 95 85 10 56 91 103 16 23
11 28 8 124 80 45 73 78 83 65 8
11 29 8 1 69 42 17 18 103 48 117
11 30 8 63 30 110 56 105 86 75 52
11 31 8 82 34 106 51 49 73 45 60
11 32 8 36 84 109 95 121 103 101 67
11 33 8 45 80 9 117 127 49 110 65
11 34 8 30 13 113 61 105 123 112 53
11 35 8 61 122 37 67 49 24 89 98
11 36 8 99 97 9 104 74 15 116 63
11 37 8 15 58 28 23 10 76 6 98
11 38 8 20 48 90 17 88 107 34 86
11 39 8 23 85 101 120 103 95 10 56
11 40 8 8 124 73 45 80 17 65 83
11 41 8 69 48 19 42 18 1 72 17
11 42 8 39 31 32 64 74 36 7 123
11 43 8 104 43 88 77 78 112 87 81
11 44 8 6 53 0 107 73 121 81 45
11 45 8 22 27 114 2 94 80 32 37
11 46 8 52 98 84 97 38 101 60 80
11 47 8 73 32 117 111 86 85 95 34
279 0 8 106 57 103 14 127 74 71 110
279 1 8 9 23 6 48 3 62 50 30
279 2 8 122 90 93 127 125 10 107 41
279 3 8 2 112 38 39 29 124 64 37
279 4 8 56 48 50 63 23 25 67 118
279 5 8 51 105 22 126 13 82 107 68
279 6 8 52 42 86 30 63 110 75 56
279 7 8 60 51 45 106 95 73 48 31
279 8 8 103 109 36 95 105 61 46 67
279 9 8 65 45 49 32 80 96 99 1
279 10 8 123 112 113 39 23 30 88 13
279 11 8 37 109 98 67 107 115 29 89
279 12 8 97 63 74 104 114 116 52 75
279 13 8 66 76 98 77 21 73 10 16
279 14 8 105 88 16 79 8 34 90 76
279 15 8 95 103 72 4 16 8 56 91
279 16 8 119 45 55 65 12 83 78 91
279 17 8 2 66 35 18 20 85 106 68
279 18 8 52 8 42 63 30 75 86 44
279 19 8 60 95 51 106 34 31 82 73
279 20 8 36 15 3 109 103 46 101 95
279 21 8 45 65 49 80 32 117 127 96
279 22 8 123 113 112 30 39 103 101 53
279 23 8 37 67 122 109 98 111 8 107
279 24 8 104 97 116 74 9 63 114 68
279 25 8 66 98 76 21 73 82 77 2
279 26 8 105 88 16 90 111 39 8 11
279 27 8 4 95 72 56 103 91 120 16
279 28 8 119 45 55 12 83 80 78 114
279 29 8 2 66 35 17 45 117 18 120
279 30 8 63 75 42 110 30 52 86 8
279 31 8 95 60 34 106 82 51 73 103
279 32 8 109 36 15 103 95 39 101 67
279 33 8 45 32 65 49 80 96 127 117
279 34 8 123 113 13 30 112 39 103 88
279 35 8 109 122 37 67 89 98 69 107
279 36 8 104 74 114 9 116 97 63 42
279 37 8 66 10 98 113 82 76 55 23
279 38 8 105 16 88 8 90 118 107 34
279 39 8 4 120 72 103 56 95 3 121
279 40 8 119 12 43 80 55 83 114 17
279 41 8 2 66 35 20 112 18 117 9
279 42 8 27 18 93 102 123 36 115 80
279 43 8 29 87 104 6 78 112 65 36
279 44 8 48 20 6 121 81 98 72 44
279 45 8 22 70 80 123 37 32 114 45
279 46 8 115 52 101 98 60 80 22 117
279 47 8 36 47 66 123 88 120 85 86
26646 0 8 28 64 124 44 112 33 82 79
26646 1 8 48 29 122 90 68 74 88 16
26646 2 8 4 76 52 73 125 36 120 119
26646 3 8 62 51 40 112 77 24 70 5
26646 4 8 11 27 77 116 50 57 67 37
26646 5 8 78 18 126 48 56 16 116 117
26646 6 8 63 86 110 118 52 75 30 100
26646 7 8 106 51 82 73 45 110 60 32
26646 8 8 103 95 122 15 44 118 36 46
26646 9 8 32 35 1 80 127 99 81 49
26646 10 8 95 112 30 88 113 80 25 109
26646 11 8 16 37 101 29 98 107 33 8
26646 12 8 114 38 42 63 32 75 9 76
26646 13 8 76 109 18 41 10 123 77 73
26646 14 8 16 34 99 8 39 47 22 6
26646 15 8 20 72 77 91 95 55 17 56
26646 16 8 77 78 29 83 80 60 115 114
26646 17 8 46 64 0 106 65 68 122 6
26646 18 8 75 63 118 110 86 52 30 42
26646 19 8 82 51 106 45 110 34 60 93
26646 20 8 103 95 15 46 105 116 6 36
26646 21 8 80 62 35 40 1 47 99 22
26646 22 8 30 95 23 109 88 37 112 25
26646 23 8 16 42 68 37 22 114 9 18
26646 24 8 0 38 114 9 25 103 97 116
26646 25 8 18 109 57 98 77 123 76 41
26646 26 8 60 71 47 22 16 8 99 6
26646 27 8 20 77 91 55 56 72 126 95
26646 28 8 60 80 45 78 83 44 77 110
26646 29 8 46 84 64 122 85 18 106 68
26646 30 8 118 110 63 75 42 56 30 52
26646 31 8 34 51 82 106 73 50 60 103
26646 32 8 20 103 95 36 15 46 116 106
26646 33 8 35 40 127 80 32 62 49 22
26646 34 8 23 30 113 39 112 95 53 88
26646 35 8 37 42 98 9 22 89 122 69
26646 36 8 0 25 103 97 63 74 9 52
26646 37 8 76 18 57 41 16 10 82 77
26646 38 8 60 22 47 71 73 8 34 88
26646 39 8 20 56 60 77 95 126 35 120
26646 40 8 60 44 110 45 55 108 83 80
26646 41 8 36 64 46 54 15 106 18 85
26646 42 8 8 90 125 49 73 77 24 18
26646 43 8 74 121 49 12 125 104 19 100
26646 44 8 99 6 88 23 45 13 80 72
26646 45 8 76 17 58 26 22 5 123 112
26646 46 8 30 84 81 96 52 45 29 103
26646 47 8 127 15 111 121 21 31 26 114
1265 0 8 120 104 97 2 83 51 63 81
1265 1 8 107 86 123 53 30 76 3 66
1265 2 8 9 14 24 116 47 51 100 125
1265 3 8 38 105 89 13 39 59 25 32
1265 4 8 0 23 25 22 48 74 124 11
1265 5 8 34 80 126 82 13 107 22 102
1265 6 8 110 42 52 30 75 63 86 10
1265 7 8 34 87 60 50 106 73 51 45
1265 8 8 64 39 103 36 46 106 15 109
1265 9 8 94 45 49 22 127 118 1 32
1265 10 8 113 112 39 74 62 108 97 64
1265 11 8 86 98 37 67 9 107 8 87
1265 12 8 53 104 97 63 116 26 118 9
1265 13 8 75 44 21 76 77 64 16 73
1265 14 8 80 79 34 8 6 88 39 75
1265 15 8 60 95 56 55 91 23 35 8
1265 16 8 60 15 45 7 83 80 18 65
1265 17 8 15 85 52 53 106 17 117 72
1265 18 8 110 75 42 63 30 64 8 52
1265 19 8 34 106 87 60 73 50 51 82
1265 20 8 64 39 36 106 3 103 95 46
1265 21 8 45 94 118 80 22 127 117 49
1265 22 8 113 30 112 62 107 39 101 74
1265 23 8 86 37 98 8 122 89 47 69
1265 24 8 104 53 97 100 74 116 76 9
1265 25 8 21 44 75 98 76 65 24 107
1265 26 8 80 39 79 6 11 28 58 99
1265 27 8 56 4 60 91 23 95 35 55
1265 28 8 60 15 80 83 45 7 78 114
1265 29 8 15 117 85 106 53 52 97 17
1265 30 8 110 75 63 86 8 42 10 30
1265 31 8 73 106 34 110 82 103 51 60
1265 32 8 64 95 46 39 103 106 80 105
1265 33 8 22 62 94 45 49 80 1 127
1265 34 8 30 53 101 62 107 108 64 113
1265 35 8 86 67 98 122 37 107 69 89
1265 36 8 53 76 104 58 42 9 97 118
1265 37 8 75 44 21 10 65 115 76 98
1265 38 8 80 79 58 34 39 6 99 75
1265 39 8 60 56 91 1 95 35 120 55
1265 40 8 15 60 7 83 80 45 18 102
1265 41 8 15 106 52 117 85 46 103 17
1265 42 8 125 37 123 73 7 22 24 59
1265 43 8 49 19 12 43 104 112 97 8
1265 44 8 45 6 88 122 72 113 37 19
1265 45 8 58 112 17 46 22 123 119 114
1265 46 8 84 29 105 30 39 80 22 52
1265 47 8 52 35 108 111 95 6 59 85
387 0 8 16 97 126 118 111 51 53 92
387 1 8 107 123 34 116 86 76 3 98
387 2 8 87 14 9 7 125 100 36 10
387 3 8 76 105 59 1 38 39 66 97
387 4 8 77 0 118 23 22 11 74 48
387 5 8 80 126 34 82 107 22 18 122
387 6 8 110 30 42 75 86 63 52 100
387 7 8 87 60 106 73 51 34 45 82
387 8 8 64 103 39 95 36 46 15 3
387 9 8 45 94 22 49 80 127 10 1
387 10 8 23 30 112 113 39 97 80 14
387 11 8 67 98 86 9 37 8 107 47
387 12 8 53 63 95 104 25 76 97 9
387 13 8 75 44 21 107 76 77 65 98
387 14 8 79 80 39 6 28 73 99 61
387 15 8 23 91 56 95 60 98 55 4
387 16 8 40 83 60 7 78 80 102 45
387 17 8 53 106 85 117 97 68 15 17
387 18 8 110 75 100 42 30 63 86 10
387 19 8 106 82 51 45 110 60 87 93
387 20 8 39 95 103 64 46 105 36 15
387 21 8 45 22 80 1 94 81 62 127
387 22 8 30 107 25 101 14 113 112 83
387 23 8 86 47 67 98 122 37 101 8
387 24 8 104 53 68 76 100 9 97 115
387 25 8 44 75 21 65 98 107 76 79
387 26 8 99 28 39 6 80 58 11 79
387 27 8 91 56 4 23 95 55 60 61
387 28 8 40 80 83 78 45 60 114 7
387 29 8 53 117 106 97 85 68 83 6
387 30 8 110 75 63 86 100 10 30 42
387 31 8 106 73 110 82 51 26 45 93
387 32 8 64 95 46 39 103 105 14 8
387 33 8 80 22 62 49 1 94 45 127
387 34 8 30 83 2 14 64 107 108 101
387 35 8 86 67 122 98 107 37 64 0
387 36 8 53 76 104 42 9 32 30 58
387 37 8 44 75 65 10 21 76 115 98
387 38 8 58 80 39 79 99 34 6 111
387 39 8 56 23 91 60 95 1 120 55
387 40 8 40 7 80 83 15 60 45 78
387 41 8 53 117 106 85 52 15 103 112
387 42 8 73 123 37 22 59 125 55 74
387 43 8 81 104 49 112 43 4 97 78
387 44 8 80 37 54 6 81 45 72 121
387 45 8 20 22 80 112 123 46 37 127
387 46 8 82 80 124 84 44 22 105 52
387 47 8 90 27 34 32 35 95 52 85
16500 0 8 62 77 67 51 12 28 68 116
16500 1 8 99 114 123 76 7 67 74 11
16500 2 8 9 73 121 70 24 8 90 125
16500 3 8 62 1 76 77 59 121 38 105
16500 4 8 116 22 0 87 47 11 105 77
16500 5 8 78 58 126 48 16 116 18 80
16500 6 8 110 75 86 55 63 52 100 10
16500 7 8 110 45 106 51 43 82 73 48
16500 8 8 103 122 95 4 64 44 27 105
16500 9 8 1 127 22 33 99 80 103 94
16500 10 8 30 64 95 2 119 52 112 108
16500 11 8 16 86 107 98 8 79 101 33
16500 12 8 76 53 38 123 42 63 87 43
16500 13 8 102 95 123 65 109 64 10 44
16500 14 8 39 6 99 18 34 82 58 36
16500 15 8 91 55 56 95 87 1 18 20
16500 16 8 77 83 78 80 33 114 29 111
16500 17 8 117 106 65 0 85 6 17 53
16500 18 8 75 110 86 63 55 100 42 52
16500 19 8 106 51 82 110 115 73 45 48
16500 20 8 103 4 95 14 39 122 105 46
16500 21 8 1 33 127 80 22 62 99 49
16500 22 8 30 95 64 108 25 101 107 119
16500 23 8 16 86 107 97 79 101 8 37
16500 24 8 38 76 123 42 115 53 32 103
16500 25 8 102 123 109 77 95 24 101 71
16500 26 8 18 6 99 82 34 76 62 111
16500 27 8 56 55 91 20 77 87 95 31
16500 28 8 80 77 44 78 29 83 45 115
16500 29 8 65 0 106 85 117 84 63 112
16500 30 8 55 63 75 110 118 86 10 42
16500 31 8 110 106 51 73 82 45 43 34
16500 32 8 4 27 64 95 103 105 46 8
16500 33 8 1 62 127 80 22 33 35 49
16500 34 8 30 95 64 33 2 108 124 40
16500 35 8 97 16 86 107 68 98 114 37
16500 36 8 38 103 76 42 123 58 25 97
16500 37 8 102 123 109 10 95 24 49 108
16500 38 8 111 82 18 34 99 6 62 64
16500 39 8 77 20 87 91 120 107 55 46
16500 40 8 77 29 111 80 44 83 13 114
16500 41 8 65 85 0 63 106 112 61 18
16500 42 8 75 20 126 36 55 123 73 2
16500 43 8 16 121 104 47 112 8 74 97
16500 44 8 110 6 13 80 72 121 81 122
16500 45 8 47 5 83 22 114 20 87 26
16500 46 8 1 96 10 52 45 123 109 97
16500 47 8 11 31 127 82 114 90 26 15
13 0 8 65 98 43 73 72 45 44 114
13 1 8 18 38 127 94 26 30 46 43
13 2 8 84 88 93 38 82 18 57 40
13 3 8 2 6 31 124 89 121 76 38
13 4 8 76 106 124 48 115 85 47 29
13 5 8 125 126 66 61 22 58 13 8
13 6 8 110 105 83 42 52 30 8 75
13 7 8 49 34 43 51 112 106 110 45
13 8 8 84 121 103 95 46 3 106 116
13 9 8 9 110 127 1 49 80 113 118
13 10 8 61 105 30 113 39 112 64 62
13 11 8 61 98 49 24 37 122 125 107
13 12 8 99 63 15 97 104 116 96 76
13 13 8 6 28 15 64 73 77 23 95
13 14 8 20 48 6 82 34 88 17 75
13 15 8 85 101 91 55 23 103 56 95
13 16 8 124 8 45 83 73 80 39 78
13 17 8 69 117 19 85 17 42 106 105
13 18 8 110 105 75 42 30 8 83 52
13 19 8 49 34 106 110 51 73 112 82
13 20 8 84 121 106 116 46 3 103 95
13 21 8 110 9 127 80 118 117 125 1
13 22 8 105 61 30 113 53 112 62 39
13 23 8 61 24 49 37 122 98 107 125
13 24 8 99 15 104 97 116 96 63 56
13 25 8 15 6 58 28 73 23 64 16
13 26 8 20 17 48 90 6 11 88 111
13 27 8 101 85 10 23 70 103 91 56
13 28 8 124 73 45 8 83 80 81 78
13 29 8 42 69 19 1 48 21 17 18
13 30 8 105 56 110 63 83 30 52 8
13 31 8 49 34 112 51 106 110 82 73
13 32 8 121 65 84 116 103 46 95 105
13 33 8 125 9 110 45 80 49 127 118
13 34 8 105 53 61 56 30 78 112 39
13 35 8 24 125 61 49 23 37 122 89
13 36 8 99 97 15 96 116 63 9 56
13 37 8 58 15 6 28 23 10 25 73
13 38 8 17 20 48 90 86 34 75 8
13 39 8 101 23 85 103 70 10 95 120
13 40 8 45 8 124 73 80 81 65 17
13 41 8 42 69 19 48 1 18 17 21
13 42 8 31 64 32 74 123 36 115 7
13 43 8 77 104 88 43 112 78 31 97
13 44 8 53 6 107 0 73 90 121 81
13 45 8 22 101 114 27 2 94 37 32
13 46 8 97 11 38 52 84 34 98 22
13 47 8 73 105 57 20 86 85 109 9
10696 0 8 2 21 63 75 77 51 97 126
10696 1 8 58 6 23 53 95 74 116 3
10696 2 8 9 8 54 93 14 87 127 72
10696 3 8 2 38 64 4 59 39 112 71
10696 4 8 124 56 25 48 22 47 67 118
10696 5 8 47 82 34 13 22 126 68 107
10696 6 8 42 52 30 110 63 75 86 111
10696 7 8 34 95 60 51 106 110 45 73
10696 8 8 36 103 109 39 95 46 105 124
10696 9 8 45 1 65 127 80 99 52 49
10696 10 8 83 97 113 39 112 30 74 64
10696 11 8 67 98 9 37 107 65 122 69
10696 12 8 63 104 97 118 71 52 107 116
10696 13 8 21 98 73 77 16 102 23 75
10696 14 8 79 34 8 88 76 6 75 99
10696 15 8 23 87 95 103 91 60 8 55
10696 16 8 45 15 55 7 78 65 80 83
10696 17 8 69 85 53 97 17 15 106 48
10696 18 8 86 75 110 52 30 63 42 8
10696 19 8 51 82 106 34 95 45 73 110
10696 20 8 36 39 103 95 105 46 67 116
10696 21 8 45 80 99 1 49 127 65 81
10696 22 8 30 83 113 112 25 53 123 97
10696 23 8 67 122 89 47 37 107 69 98
10696 24 8 104 97 68 100 116 118 63 9
10696 25 8 98 21 65 107 16 75 73 44
10696 26 8 79 39 99 28 76 11 34 58
10696 27 8 23 91 95 17 103 55 4 10
10696 28 8 78 45 83 102 73 55 15 80
10696 29 8 69 17 97 106 112 85 48 103
10696 30 8 86 52 10 75 63 23 56 100
10696 31 8 45 51 82 95 48 1 106 73
10696 32 8 109 105 103 36 95 61 80 67
10696 33 8 45 99 1 127 81 80 49 65
10696 34 8 123 25 30 53 52 113 112 83
10696 35 8 67 89 105 122 29 98 37 69
10696 36 8 97 87 118 63 9 104 76 30
10696 37 8 98 10 21 6 101 16 73 76
10696 38 8 79 34 23 7 115 99 8 88
10696 39 8 23 103 95 87 121 8 17 120
10696 40 8 78 45 7 114 55 73 80 65
10696 41 8 69 112 48 1 106 53 17 85
10696 42 8 64 31 37 74 115 123 32 36
10696 43 8 77 104 88 43 81 97 8 78
10696 44 8 53 6 107 73 0 27 80 44
10696 45 8 114 2 22 27 32 127 94 37
10696 46 8 97 52 67 117 38 22 60 84
10696 47 8 117 34 32 73 86 85 90 124
979 0 8 93 13 2 69 21 61 51 63
979 1 8 58 23 83 113 76 123 116 53
979 2 8 122 117 65 116 9 51 54 68
979 3 8 112 64 38 106 93 12 29 2
979 4 8 56 102 91 25 22 67 50 48
979 5 8 108 2 126 82 47 111 30 22
979 6 8 86 52 42 75 10 123 110 63
979 7 8 95 45 48 72 110 51 69 20
979 8 8 109 103 44 122 95 39 36 105
979 9 8 1 45 62 99 65 81 37 103
979 10 8 123 83 30 64 25 88 52 18
979 11 8 67 58 98 107 115 89 29 111
979 12 8 104 68 97 63 87 114 75 52
979 13 8 21 121 77 98 101 64 10 65
979 14 8 79 7 28 101 39 99 34 23
979 15 8 34 95 103 17 87 91 55 4
979 16 8 55 78 114 20 45 83 15 102
979 17 8 45 69 17 85 106 97 48 15
979 18 8 86 52 75 42 10 100 79 63
979 19 8 95 45 48 51 115 32 110 82
979 20 8 105 39 109 103 122 95 36 8
979 21 8 1 81 99 45 37 65 127 52
979 22 8 123 25 30 52 107 18 64 112
979 23 8 58 47 89 105 115 43 111 98
979 24 8 68 104 114 87 69 75 76 46
979 25 8 77 121 55 101 98 64 65 71
979 26 8 101 7 99 28 34 76 23 79
979 27 8 34 95 8 91 17 4 1 55
979 28 8 78 83 45 55 114 79 102 15
979 29 8 45 17 106 112 69 85 97 48
979 30 8 10 86 52 23 42 63 75 127
979 31 8 45 48 95 51 69 1 20 73
979 32 8 109 105 80 103 122 44 61 8
979 33 8 1 99 65 81 52 37 45 96
979 34 8 123 88 25 52 18 64 112 85
979 35 8 111 105 58 29 67 46 47 115
979 36 8 36 87 104 114 75 80 97 120
979 37 8 121 98 101 10 77 55 79 73
979 38 8 7 79 28 101 23 115 39 76
979 39 8 34 103 95 8 1 4 17 121
979 40 8 55 78 83 20 45 114 102 80
979 41 8 45 69 112 48 1 97 17 106
979 42 8 37 101 115 31 74 32 64 71
979 43 8 104 4 43 36 77 97 81 46
979 44 8 107 73 6 27 71 113 98 72
979 45 8 114 127 32 2 27 12 45 22
979 46 8 97 67 52 117 60 102 101 22
979 47 8 117 34 32 86 85 124 73 6
468 0 8 49 72 75 6 78 50 27 110
468 1 8 9 28 122 76 36 19 62 71
468 2 8 46 2 127 36 97 107 104 56
468 3 8 112 103 124 93 123 74 127 108
468 4 8 50 11 53 82 46 57 67 70
468 5 8 75 108 18 110 22 103 49 74
468 6 8 86 127 87 65 52 63 23 14
468 7 8 2 45 32 48 82 115 1 91
468 8 8 61 105 98 47 123 44 67 8
468 9 8 81 99 7 37 1 35 92 124
468 10 8 103 85 25 18 88 13 35 112
468 11 8 29 105 111 43 101 46 89 107
468 12 8 46 26 87 114 2 14 75 34
468 13 8 101 2 40 65 18 127 10 71
468 14 8 7 99 23 115 76 39 44 34
468 15 8 91 69 17 8 121 55 7 82
468 16 8 78 83 115 79 84 11 102 55
468 17 8 17 112 35 106 102 121 113 79
468 18 8 86 52 46 75 100 10 32 79
468 19 8 115 45 48 110 73 51 32 69
468 20 8 105 80 103 95 108 44 61 8
468 21 8 81 1 99 49 96 80 52 127
468 22 8 25 83 52 112 18 35 103 85
468 23 8 29 105 67 43 115 107 37 101
468 24 8 46 87 75 26 104 2 97 43
468 25 8 101 73 2 99 71 112 92 104
468 26 8 99 76 23 34 115 44 53 7
468 27 8 8 91 16 7 3 82 17 1
468 28 8 84 78 83 79 11 80 65 102
468 29 8 72 112 113 121 17 18 62 106
468 30 8 86 46 52 27 75 32 38 100
468 31 8 45 115 63 44 48 69 82 73
468 32 8 9 105 80 67 82 43 61 44
468 33 8 81 99 96 1 59 52 56 49
468 34 8 3 112 25 35 94 126 103 52
468 35 8 4 43 107 33 96 99 37 29
468 36 8 75 46 92 14 2 87 108 127
468 37 8 20 61 73 112 101 92 104 71
468 38 8 125 92 15 115 76 33 99 38
468 39 8 0 80 32 25 16 8 125 89
468 40 8 100 82 78 65 93 84 35 11
468 41 8 18 39 99 82 34 1 68 92
468 42 8 115 58 71 4 17 116 30 66
468 43 8 41 98 46 5 83 82 69 20
468 44 8 62 96 42 107 9 11 60 6
468 45 8 114 88 48 92 107 16 4 58
468 46 8 43 54 3 79 26 46 103 14
468 47 8 42 80 39 17 53 124 96 61
30498 0 8 22 40 4 66 47 33 28 6
30498 1 8 122 28 44 36 33 90 101 39
30498 2 8 56 46 4 12 60 36 127 125
30498 3 8 74 3 124 24 20 70 78 112
30498 4 8 57 60 11 37 50 26 67 46
30498 5 8 75 18 110 93 12 35 46 0
30498 6 8 111 86 127 87 118 65 91 52
30498 7 8 45 2 82 32 115 19 69 48
30498 8 8 61 123 82 105 113 108 80 44
30498 9 8 8 81 35 7 1 99 37 80
30498 10 8 103 85 25 35 88 94 82 18
30498 11 8 111 105 99 25 107 29 43 73
30498 12 8 26 46 87 0 75 2 22 36
30498 13 8 2 57 92 101 62 73 71 77
30498 14 8 7 61 60 99 115 23 76 80
30498 15 8 91 17 60 16 90 8 121 34
30498 16 8 11 108 78 55 83 79 84 15
30498 17 8 15 46 112 17 106 82 52 68
30498 18 8 86 52 118 75 127 10 23 100
30498 19 8 115 45 2 48 32 82 51 1
30498 20 8 105 61 95 80 44 8 103 17
30498 21 8 81 1 99 35 52 47 65 80
30498 22 8 103 25 85 35 88 52 18 112
30498 23 8 43 111 22 105 107 29 42 99
30498 24 8 75 46 87 114 26 0 25 34
30498 25 8 2 101 18 77 71 73 57 10
30498 26 8 76 23 7 34 99 80 115 60
30498 27 8 8 91 17 60 95 1 16 34
30498 28 8 78 83 11 108 79 15 102 45
30498 29 8 15 17 106 46 52 112 121 68
30498 30 8 10 86 52 79 46 75 38 127
30498 31 8 45 48 51 2 115 1 63 20
30498 32 8 105 80 103 67 61 122 44 8
30498 33 8 1 99 52 81 37 65 49 96
30498 34 8 103 25 88 52 35 112 18 23
30498 35 8 111 105 43 46 29 115 107 22
30498 36 8 87 75 26 80 25 46 100 97
30498 37 8 2 101 18 77 73 10 21 75
30498 38 8 7 80 39 34 76 23 61 115
30498 39 8 60 8 1 95 78 32 90 121
30498 40 8 78 83 15 11 108 45 55 79
30498 41 8 106 52 15 17 46 36 85 18
30498 42 8 125 2 74 49 123 22 7 37
30498 43 8 43 12 19 97 56 44 112 8
30498 44 8 45 88 99 27 122 11 6 98
30498 45 8 46 112 17 92 22 84 123 119
30498 46 8 105 39 30 81 29 84 80 22
30498 47 8 52 95 35 111 108 6 59 127
51594 0 8 29 126 77 120 67 62 12 3
51594 1 8 78 107 58 76 86 91 114 123
51594 2 8 73 24 51 119 9 120 36 125
51594 3 8 7 25 105 13 34 99 90 11
51594 4 8 47 39 91 74 105 22 67 116
51594 5 8 108 80 78 116 22 75 49 18
51594 6 8 79 86 10 52 75 42 127 109
51594 7 8 48 87 45 51 110 20 115 93
51594 8 8 51 122 105 24 103 44 95 39
51594 9 8 1 94 99 81 52 65 62 103
51594 10 8 88 35 120 52 64 18 25 83
51594 11 8 111 105 87 29 47 107 16 71
51594 12 8 87 80 114 76 53 75 42 26
51594 13 8 24 75 2 101 77 10 71 73
51594 14 8 7 62 39 99 28 34 23 76
51594 15 8 98 95 91 55 17 8 1 90
51594 16 8 78 83 123 20 79 45 114 102
51594 17 8 17 106 85 97 84 14 68 45
51594 18 8 86 10 75 52 79 42 100 3
51594 19 8 45 115 51 48 110 32 20 82
51594 20 8 105 103 122 51 44 80 95 39
51594 21 8 1 81 99 52 103 127 94 62
51594 22 8 88 35 25 52 120 18 64 112
51594 23 8 111 105 29 87 43 16 9 79
51594 24 8 114 87 104 76 26 75 53 42
51594 25 8 24 18 77 75 101 71 73 121
51594 26 8 7 62 28 34 39 99 11 23
51594 27 8 98 4 91 8 95 55 17 1
51594 28 8 78 83 123 20 102 45 79 115
51594 29 8 17 106 84 97 85 69 68 112
51594 30 8 86 10 79 52 42 75 100 38
51594 31 8 45 51 48 115 1 20 93 26
51594 32 8 103 105 51 24 95 122 67 80
51594 33 8 1 99 81 127 52 94 48 103
51594 34 8 88 52 120 25 35 112 64 18
51594 35 8 105 111 87 71 29 47 46 115
51594 36 8 87 100 75 80 104 97 76 68
51594 37 8 24 42 121 101 75 73 55 77
51594 38 8 62 28 39 34 7 99 23 76
51594 39 8 98 8 95 4 1 91 121 55
51594 40 8 123 78 20 83 45 102 114 80
51594 41 8 84 85 106 69 97 14 48 20
51594 42 8 75 101 2 31 32 65 74 16
51594 43 8 4 104 2 97 8 81 47 77
51594 44 8 13 73 54 80 6 72 27 81
51594 45 8 127 114 47 94 21 22 16 123
51594 46 8 67 17 97 82 52 84 22 45
51594 47 8 34 117 32 90 85 27 79 54
432 0 8 61 103 104 71 0 118 14 74
432 1 8 3 9 58 91 26 62 116 69
432 2 8 100 122 9 51 24 54 120 15
432 3 8 7 105 59 38 25 112 93 11
432 4 8 47 105 23 22 67 39 25 89
432 5 8 107 108 116 82 34 126 22 111
432 6 8 86 79 10 52 42 75 100 38
432 7 8 2 45 48 20 110 51 115 93
432 8 8 109 61 103 105 122 15 123 44
432 9 8 1 81 99 52 127 65 48 103
432 10 8 35 52 103 64 25 88 18 112
432 11 8 105 107 47 111 29 101 8 43
432 12 8 87 26 68 75 22 25 100 63
432 13 8 2 101 42 99 75 71 95 73
432 14 8 99 39 7 80 79 23 34 76
432 15 8 91 8 60 1 95 55 69 90
432 16 8 11 55 78 102 79 83 45 108
432 17 8 15 46 106 17 13 112 89 85
432 18 8 86 79 10 75 52 42 127 61
432 19 8 115 2 45 32 48 93 20 1
432 20 8 105 61 103 95 108 8 48 109
432 21 8 1 81 99 127 52 71 37 103
432 22 8 25 35 103 52 64 85 112 18
432 23 8 101 105 29 107 33 22 111 47
432 24 8 76 87 26 75 42 46 68 43
432 25 8 2 71 65 101 73 42 76 99
432 26 8 99 39 34 80 23 76 79 105
432 27 8 8 91 60 55 95 1 17 6
432 28 8 11 78 102 55 80 84 79 45
432 29 8 15 106 17 46 68 112 85 117
432 30 8 86 10 79 52 42 46 75 100
432 31 8 45 115 2 26 82 44 32 48
432 32 8 103 67 105 109 61 95 44 8
432 33 8 81 1 99 52 127 37 80 71
432 34 8 35 103 52 25 64 119 3 112
432 35 8 101 29 105 107 8 33 98 111
432 36 8 87 26 76 63 53 75 97 9
432 37 8 2 71 101 77 76 95 73 75
432 38 8 99 80 39 79 34 7 23 115
432 39 8 60 8 91 1 90 95 121 55
432 40 8 11 78 55 45 7 80 15 102
432 41 8 46 15 106 52 17 85 68 18
432 42 8 125 37 74 2 73 22 16 59
432 43 8 56 12 19 49 8 43 104 97
432 44 8 88 99 19 45 6 11 27 122
432 45 8 58 17 46 112 114 92 119 22
432 46 8 84 81 30 29 105 39 22 97
432 47 8 6 52 35 111 108 95 23 71
594 0 8 76 17 16 111 18 101 51 118
594 1 8 34 3 107 20 86 76 116 58
594 2 8 14 100 77 51 87 36 9 115
594 3 8 105 76 112 38 25 73 59 2
594 4 8 47 105 23 22 67 118 102 74
594 5 8 107 80 116 34 108 126 18 22
594 6 8 86 79 52 10 75 42 38 100
594 7 8 87 60 45 2 48 20 115 110
594 8 8 103 39 105 64 61 95 122 44
594 9 8 1 94 45 81 48 99 127 52
594 10 8 35 52 25 23 64 103 112 14
594 11 8 47 105 111 107 29 52 8 101
594 12 8 87 25 68 53 26 80 75 76
594 13 8 75 2 42 101 18 77 99 79
594 14 8 80 99 7 79 39 23 34 76
594 15 8 60 8 91 95 55 4 90 1
594 16 8 40 78 7 11 102 45 79 65
594 17 8 15 106 53 122 17 52 85 68
594 18 8 86 75 42 79 52 3 10 61
594 19 8 115 45 51 48 20 32 87 1
594 20 8 103 105 122 39 95 48 15 8
594 21 8 1 81 99 127 94 52 103 37
594 22 8 25 88 35 52 112 64 3 18
594 23 8 47 105 111 101 29 107 115 86
594 24 8 68 75 87 76 114 53 104 42
594 25 8 75 71 65 101 73 42 107 77
594 26 8 99 39 80 34 11 23 76 79
594 27 8 4 8 60 91 95 55 3 69
594 28 8 40 78 102 84 7 11 60 45
594 29 8 53 106 15 68 85 17 52 112
594 30 8 86 14 10 52 100 27 42 46
594 31 8 45 115 82 44 26 32 63 1
594 32 8 103 67 64 105 86 95 61 82
594 33 8 81 99 94 1 80 127 37 105
594 34 8 25 35 2 107 83 119 52 3
594 35 8 105 101 29 86 111 47 8 33
594 36 8 53 87 76 104 46 68 32 63
594 37 8 75 2 44 101 65 71 77 73
594 38 8 80 99 79 39 11 34 23 7
594 39 8 91 60 8 1 95 121 4 3
594 40 8 40 7 78 15 102 84 4 80
594 41 8 53 106 52 85 15 17 113 117
594 42 8 73 37 125 74 22 16 123 2
594 43 8 8 43 81 56 104 49 97 44
594 44 8 54 80 37 45 98 6 27 92
594 45 8 92 46 112 114 84 127 119 22
594 46 8 82 84 124 105 39 22 80 44
594 47 8 90 27 35 95 52 32 34 85
304 0 8 93 107 69 31 0 61 111 68
304 1 8 60 83 76 86 3 77 19 74
304 2 8 68 117 116 14 120 123 51 125
304 3 8 76 105 1 106 25 123 38 7
304 4 8 102 105 91 67 111 74 39 22
304 5 8 116 80 111 18 126 16 49 30
304 6 8 86 14 52 79 10 100 109 75
304 7 8 72 45 48 115 20 26 110 82
304 8 8 103 27 39 105 28 99 95 86
304 9 8 105 1 81 52 48 94 99 127
304 10 8 35 25 52 120 14 64 18 72
304 11 8 105 29 47 58 107 111 8 13
304 12 8 87 53 69 68 76 25 75 80
304 13 8 75 42 18 24 101 121 71 2
304 14 8 99 28 7 39 101 23 34 84
304 15 8 34 8 100 91 69 95 55 4
304 16 8 78 40 121 20 102 43 45 79
304 17 8 30 106 14 17 97 85 68 121
304 18 8 86 14 118 52 10 79 42 65
304 19 8 45 115 32 48 1 26 20 72
304 20 8 103 105 61 44 95 47 122 27
304 21 8 105 1 81 127 99 71 94 52
304 22 8 35 25 112 23 120 14 64 52
304 23 8 105 101 29 22 37 111 46 9
304 24 8 76 75 87 46 53 49 69 34
304 25 8 101 71 73 18 75 42 24 91
304 26 8 99 101 28 34 23 76 39 44
304 27 8 100 34 8 98 4 91 17 95
304 28 8 20 121 78 84 40 102 43 80
304 29 8 30 14 97 124 121 68 99 106
304 30 8 86 14 52 32 27 46 100 10
304 31 8 45 115 82 44 63 72 48 73
304 32 8 67 103 105 99 27 82 56 28
304 33 8 105 81 99 48 80 37 59 66
304 34 8 14 120 25 2 3 76 83 112
304 35 8 58 101 47 13 29 105 33 71
304 36 8 69 68 120 46 87 32 76 104
304 37 8 121 55 77 99 71 24 107 75
304 38 8 101 99 28 84 118 39 34 23
304 39 8 100 34 4 91 3 8 115 7
304 40 8 121 20 78 84 43 102 40 80
304 41 8 30 14 97 45 106 113 68 102
304 42 8 55 119 101 65 71 123 5 22
304 43 8 4 6 104 81 45 36 65 2
304 44 8 54 98 6 71 72 92 27 81
304 45 8 127 93 114 45 84 4 123 42
304 46 8 67 52 102 75 61 80 22 8
304 47 8 34 55 117 32 27 66 63 59
264 0 8 106 27 101 50 110 48 103 70
264 1 8 99 60 75 39 46 62 77 91
264 2 8 45 68 122 36 52 92 72 125
264 3 8 94 76 106 21 105 61 127 98
264 4 8 102 67 105 111 11 95 38 63
264 5 8 51 105 18 49 116 111 74 5
264 6 8 86 14 52 23 109 100 87 65
264 7 8 45 48 72 115 82 1 20 73
264 8 8 2 103 105 123 67 95 86 28
264 9 8 81 99 105 48 1 39 37 97
264 10 8 25 18 98 54 78 112 23 35
264 11 8 29 105 101 47 3 67 107 58
264 12 8 68 46 87 69 74 65 14 4
264 13 8 66 101 65 12 40 127 18 99
264 14 8 99 39 23 7 44 105 76 34
264 15 8 91 3 69 8 7 17 4 1
264 16 8 78 80 51 79 84 102 83 126
264 17 8 35 66 68 2 121 106 112 103
264 18 8 86 52 54 46 3 63 65 75
264 19 8 115 45 73 82 32 106 91 69
264 20 8 105 95 8 86 67 44 103 123
264 21 8 81 99 1 96 80 37 52 49
264 22 8 25 112 103 85 83 3 30 94
264 23 8 105 67 43 29 107 37 101 115
264 24 8 46 75 87 2 97 26 42 14
264 25 8 73 101 99 71 2 112 12 66
264 26 8 76 99 23 115 44 53 34 7
264 27 8 8 7 82 3 91 16 17 121
264 28 8 78 79 84 83 80 114 65 51
264 29 8 72 62 121 112 113 18 106 66
264 30 8 46 86 52 23 127 7 10 109
264 31 8 69 63 45 48 73 44 78 115
264 32 8 9 105 80 8 61 82 2 86
264 33 8 99 57 37 81 111 105 97 96
264 34 8 3 85 25 112 7 94 126 103
264 35 8 4 43 107 78 94 46 33 29
264 36 8 46 75 2 108 87 92 69 42
264 37 8 20 73 101 12 112 104 66 10
264 38 8 125 115 105 76 23 53 44 7
264 39 8 100 7 8 75 34 91 11 16
264 40 8 78 51 84 80 79 65 101 42
264 41 8 126 30 66 2 35 62 113 121
264 42 8 123 55 98 102 71 18 16 80
264 43 8 6 20 87 36 104 41 45 65
264 44 8 98 6 92 48 72 20 116 27
264 45 8 114 20 84 45 4 35 53 70
264 46 8 44 115 52 117 75 19 119 60
264 47 8 36 120 66 88 47 123 72 26
19038 0 8 112 77 67 83 28 23 105 12
19038 1 8 122 48 45 60 68 90 29 67
19038 2 8 76 4 23 36 44 73 125 64
19038 3 8 106 70 3 21 78 76 92 9
19038 4 8 27 102 116 5 37 51 11 67
19038 5 8 18 48 87 116 16 74 56 115
19038 6 8 86 108 118 100 52 97 46 65
19038 7 8 45 115 82 73 93 67 48 20
19038 8 8 103 2 20 94 86 105 6 123
19038 9 8 81 35 41 25 99 40 1 37
19038 10 8 25 95 2 52 119 72 18 112
19038 11 8 105 29 16 94 101 111 42 46
19038 12 8 38 87 103 14 75 76 46 26
19038 13 8 109 101 12 57 123 40 71 41
19038 14 8 99 23 60 7 18 39 44 34
19038 15 8 91 8 55 20 69 77 1 17
19038 16 8 78 108 77 102 44 29 80 84
19038 17 8 65 0 68 106 6 121 64 30
19038 18 8 86 10 103 52 100 14 65 75
19038 19 8 45 115 32 43 51 48 73 82
19038 20 8 103 105 95 94 80 61 86 122
19038 21 8 35 81 1 99 127 25 37 40
19038 22 8 25 95 23 52 112 119 82 85
19038 23 8 22 42 16 105 29 101 46 94
19038 24 8 75 38 25 87 0 46 76 14
19038 25 8 18 109 123 57 71 101 73 12
19038 26 8 99 60 71 18 76 23 102 34
19038 27 8 8 126 20 77 91 55 18 46
19038 28 8 44 78 108 102 77 29 84 80
19038 29 8 65 68 63 17 0 69 30 112
19038 30 8 118 52 86 10 42 100 14 46
19038 31 8 45 50 48 51 82 1 32 115
19038 32 8 105 67 20 103 80 27 61 2
19038 33 8 35 99 41 1 81 127 52 40
19038 34 8 23 95 52 25 88 112 124 18
19038 35 8 42 22 29 94 16 46 111 97
19038 36 8 75 0 87 25 38 63 97 80
19038 37 8 41 16 57 18 77 73 123 109
19038 38 8 60 7 34 23 102 18 99 47
19038 39 8 20 8 95 17 103 107 55 77
19038 40 8 78 23 108 44 109 55 29 110
19038 41 8 65 36 48 85 17 122 112 64
19038 42 8 49 75 90 24 126 64 74 71
19038 43 8 121 30 74 8 97 104 56 44
19038 44 8 13 6 80 110 27 11 73 107
19038 45 8 114 5 26 16 47 92 119 76
19038 46 8 122 97 96 109 81 20 113 33
19038 47 8 82 11 14 12 79 31 114 6
11 0 8 65 44 26 59 70 114 73 18
11 1 8 50 94 26 124 18 2 34 60
11 2 8 88 84 54 49 93 53 65 52
11 3 8 89 2 6 93 38 31 39 123
11 4 8 25 76 106 67 102 47 40 124
11 5 8 108 125 82 42 61 22 66 126
11 6 8 105 10 52 86 42 83 75 8
11 7 8 50 45 49 48 20 51 110 1
11 8 8 103 84 121 122 105 44 95 109
11 9 8 1 110 9 62 81 99 52 103
11 10 8 88 61 52 64 35 25 18 105
11 11 8 111 61 98 105 49 29 122 101
11 12 8 7 26 80 104 87 99 63 97
11 13 8 16 6 101 77 21 10 76 64
11 14 8 7 20 39 48 34 23 79 99
11 15 8 60 103 17 85 95 55 69 91
11 16 8 78 108 55 83 114 8 102 124
11 17 8 69 17 72 85 122 15 106 19
11 18 8 86 10 75 42 105 52 100 63
11 19 8 45 50 48 49 51 115 1 82
11 20 8 122 105 103 84 95 15 39 80
11 21 8 1 81 9 110 99 127 103 37
11 22 8 25 88 61 105 52 30 103 64
11 23 8 61 49 24 29 105 98 46 101
11 24 8 7 99 26 104 76 87 15 97
11 25 8 16 6 77 28 101 76 21 64
11 26 8 20 99 48 76 23 34 79 11
11 27 8 95 91 60 8 55 85 1 17
11 28 8 78 102 83 45 15 8 55 124
11 29 8 17 69 19 106 68 112 48 117
11 30 8 86 10 105 52 100 42 75 23
11 31 8 45 48 50 51 49 1 20 115
11 32 8 105 103 122 121 67 95 80 109
11 33 8 1 99 81 110 9 127 103 45
11 34 8 25 52 105 61 64 53 112 18
11 35 8 105 24 61 49 98 29 46 67
11 36 8 99 87 80 75 7 63 97 15
11 37 8 16 6 101 15 28 21 10 73
11 38 8 20 23 48 34 76 99 39 115
11 39 8 103 95 85 1 8 23 17 78
11 40 8 78 124 102 55 8 45 83 73
11 41 8 69 112 48 19 72 17 106 9
11 42 8 39 64 31 74 123 32 36 16
11 43 8 97 77 104 30 88 43 44 19
11 44 8 107 53 73 27 6 0 122 98
11 45 8 114 127 22 94 2 27 119 12
11 46 8 97 67 52 84 22 60 61 81
11 47 8 117 32 73 34 85 79 86 109
432 0 8 103 104 71 21 61 14 74 32
432 1 8 9 3 6 95 50 58 42 26
432 2 8 100 122 14 10 84 88 51 92
432 3 8 39 2 29 38 123 112 127 64
432 4 8 23 25 67 76 40 105 11 102
432 5 8 107 47 75 82 22 34 49 18
432 6 8 86 79 52 10 42 127 23 9
432 7 8 2 50 45 48 82 32 20 1
432 8 8 109 61 105 103 95 44 122 64
432 9 8 1 81 99 45 52 65 37 103
432 10 8 35 103 52 107 25 64 23 85
432 11 8 98 105 107 9 29 8 67 43
432 12 8 12 26 87 80 63 75 58 97
432 13 8 2 16 21 101 77 65 75 71
432 14 8 80 99 79 39 23 76 34 6
432 15 8 60 91 1 95 55 17 8 69
432 16 8 78 11 102 55 15 79 60 83
432 17 8 15 17 106 46 112 52 13 85
432 18 8 10 86 100 75 79 52 42 127
432 19 8 115 45 2 48 32 20 93 1
432 20 8 105 95 122 61 39 103 8 80
432 21 8 81 1 52 99 103 37 127 80
432 22 8 25 52 35 107 64 85 112 103
432 23 8 107 105 43 47 46 115 29 98
432 24 8 87 80 104 75 46 68 100 12
432 25 8 2 71 101 65 16 75 77 73
432 26 8 99 23 34 76 80 39 115 79
432 27 8 8 1 95 91 60 17 55 94
432 28 8 78 102 15 11 83 79 45 84
432 29 8 17 15 106 52 46 112 68 121
432 30 8 10 86 100 52 46 38 79 23
432 31 8 45 1 48 115 51 20 2 26
432 32 8 105 67 80 122 61 103 109 95
432 33 8 1 81 99 52 37 127 103 97
432 34 8 25 52 35 103 64 112 107 3
432 35 8 105 46 107 98 43 67 29 8
432 36 8 87 80 75 26 53 63 100 12
432 37 8 2 101 98 16 73 21 75 76
432 38 8 80 23 34 79 39 76 99 115
432 39 8 95 1 60 8 78 55 121 91
432 40 8 78 83 15 7 45 11 102 55
432 41 8 106 17 15 52 46 85 69 117
432 42 8 125 37 74 123 22 2 73 7
432 43 8 43 19 12 97 56 49 44 104
432 44 8 45 88 19 99 27 122 6 0
432 45 8 46 112 17 22 123 84 119 92
432 46 8 105 30 81 39 84 29 22 80
432 47 8 52 95 35 111 108 6 85 59
16297 0 8 62 126 2 97 111 124 51 29
16297 1 8 78 107 86 3 76 58 114 91
16297 2 8 9 119 51 14 36 73 52 120
16297 3 8 7 105 25 59 38 26 29 112
16297 4 8 22 74 39 91 67 0 25 105
16297 5 8 80 34 116 78 126 49 47 30
16297 6 8 10 79 86 52 42 23 109 100
16297 7 8 87 45 48 1 34 20 50 82
16297 8 8 122 39 24 51 105 95 44 80
16297 9 8 1 94 52 99 37 103 81 22
16297 10 8 74 35 52 25 64 120 107 18
16297 11 8 105 87 98 43 29 107 115 86
16297 12 8 87 53 12 100 80 75 63 104
16297 13 8 75 24 44 2 101 64 77 16
16297 14 8 62 28 23 99 39 34 7 76
16297 15 8 1 98 95 91 60 17 55 8
16297 16 8 78 102 123 15 45 11 83 79
16297 17 8 17 106 15 14 85 97 20 112
16297 18 8 10 86 100 79 52 42 75 63
16297 19 8 45 48 87 1 51 32 82 20
16297 20 8 105 122 95 39 80 24 47 8
16297 21 8 52 1 81 99 94 103 37 127
16297 22 8 35 52 74 25 120 107 64 30
16297 23 8 105 29 71 86 107 98 87 46
16297 24 8 87 53 104 75 100 76 80 63
16297 25 8 24 75 101 77 64 71 44 73
16297 26 8 34 62 39 23 99 76 7 28
16297 27 8 98 95 1 8 91 17 55 78
16297 28 8 78 102 83 123 45 15 79 75
16297 29 8 17 106 85 97 14 112 15 121
16297 30 8 10 86 52 100 23 79 42 38
16297 31 8 45 51 48 1 20 26 82 93
16297 32 8 105 80 122 24 103 47 67 95
16297 33 8 52 1 99 81 94 37 127 103
16297 34 8 74 52 25 120 107 35 112 83
16297 35 8 105 71 87 46 29 43 115 107
16297 36 8 87 100 75 80 53 46 97 104
16297 37 8 24 101 75 73 121 44 77 98
16297 38 8 62 23 39 34 101 76 28 99
16297 39 8 98 1 78 8 95 91 121 17
16297 40 8 123 78 83 102 15 45 79 20
16297 41 8 58 106 14 85 17 97 84 15
16297 42 8 28 75 123 2 65 74 101 22
16297 43 8 97 4 2 43 81 44 112 104
16297 44 8 54 113 27 13 72 6 80 98
16297 45 8 114 127 86 92 47 119 4 19
16297 46 8 74 84 97 82 45 29 67 19
16297 47 8 54 52 108 79 27 32 90 114
311 0 8 11 61 93 81 84 0 31 103
311 1 8 123 19 83 86 76 3 107 62
311 2 8 9 117 14 51 36 120 10 52
311 3 8 7 105 59 25 91 120 38 127
311 4 8 22 91 74 39 67 105 0 23
311 5 8 34 80 49 116 111 16 126 107
311 6 8 10 86 79 52 100 42 109 23
311 7 8 45 48 34 1 20 69 87 110
311 8 8 39 122 105 95 80 8 47 51
311 9 8 1 52 99 37 81 94 103 34
311 10 8 74 25 52 35 107 64 18 83
311 11 8 47 105 29 107 71 115 43 46
311 12 8 100 68 87 75 53 12 63 80
311 13 8 75 101 65 121 71 44 2 99
311 14 8 23 80 39 99 28 76 34 58
311 15 8 1 8 60 91 98 95 17 78
311 16 8 78 15 102 11 79 83 45 52
311 17 8 15 17 106 52 113 85 112 97
311 18 8 86 10 79 100 52 65 3 54
311 19 8 45 115 32 48 1 82 20 26
311 20 8 105 122 95 39 80 8 47 61
311 21 8 52 81 1 99 37 103 97 127
311 22 8 25 74 52 35 107 112 64 3
311 23 8 47 105 43 107 29 98 115 71
311 24 8 100 87 75 68 80 46 43 63
311 25 8 75 101 71 65 73 2 77 121
311 26 8 99 23 39 76 34 80 28 44
311 27 8 8 1 91 95 60 17 55 98
311 28 8 102 78 15 83 79 84 45 11
311 29 8 15 17 106 52 121 112 68 85
311 30 8 86 10 100 46 23 79 109 52
311 31 8 45 1 115 82 51 32 26 20
311 32 8 105 67 80 122 103 47 8 95
311 33 8 52 81 1 99 37 103 57 97
311 34 8 25 74 52 83 107 35 112 3
311 35 8 105 47 46 71 67 43 58 107
311 36 8 87 100 75 68 46 104 76 124
311 37 8 101 75 65 73 99 2 21 44
311 38 8 80 23 39 58 99 76 79 34
311 39 8 1 60 8 78 91 95 23 7
311 40 8 15 78 7 83 102 84 79 11
311 41 8 106 52 15 17 113 85 45 117
311 42 8 2 37 74 65 123 7 22 21
311 43 8 43 19 97 44 12 104 112 8
311 44 8 45 113 88 0 98 27 122 6
311 45 8 46 112 17 84 22 123 114 35
311 46 8 105 39 29 30 84 22 80 19
311 47 8 52 108 35 95 111 6 59 71
12449 0 8 62 126 28 3 124 29 64 67
12449 1 8 78 123 114 76 7 74 107 116
12449 2 8 120 68 119 36 73 51 69 52
12449 3 8 120 7 105 62 78 59 11 1
12449 4 8 39 116 40 105 74 91 67 102
12449 5 8 48 116 16 18 49 78 30 80
12449 6 8 10 86 100 79 23 109 52 9
12449 7 8 20 1 45 48 115 82 34 69
12449 8 8 122 47 95 27 24 105 51 44
12449 9 8 52 81 1 99 37 103 97 105
12449 10 8 95 25 120 52 62 107 35 18
12449 11 8 105 16 71 29 46 107 101 8
12449 12 8 100 87 38 46 75 76 80 123
12449 13 8 123 101 109 71 24 40 75 95
12449 14 8 23 99 39 18 44 62 76 34
12449 15 8 1 91 8 98 78 20 17 55
12449 16 8 78 102 29 77 84 79 75 123
12449 17 8 0 84 106 17 121 65 113 68
12449 18 8 86 10 100 109 61 52 46 23
12449 19 8 45 115 32 1 48 82 20 43
12449 20 8 105 47 122 95 67 8 108 27
12449 21 8 52 81 99 1 37 35 97 103
12449 22 8 25 120 52 95 35 112 76 3
12449 23 8 71 105 16 97 29 46 9 43
12449 24 8 46 25 87 75 100 38 43 80
12449 25 8 18 71 101 123 109 73 49 24
12449 26 8 99 23 76 44 18 34 101 62
12449 27 8 98 8 1 91 17 77 69 82
12449 28 8 78 102 84 79 44 29 123 80
12449 29 8 84 121 17 0 106 65 68 62
12449 30 8 86 10 118 14 100 46 109 52
12449 31 8 45 48 1 34 63 82 51 20
12449 32 8 105 47 122 67 27 24 103 44
12449 33 8 52 105 81 1 99 35 37 103
12449 34 8 95 120 25 52 124 107 37 112
12449 35 8 71 97 16 29 105 46 87 9
12449 36 8 87 75 38 25 46 100 80 63
12449 37 8 24 49 95 123 101 109 73 10
12449 38 8 18 62 23 101 99 34 111 22
12449 39 8 8 20 98 107 1 69 34 17
12449 40 8 78 29 77 123 44 102 108 23
12449 41 8 65 0 84 63 85 121 106 14
12449 42 8 75 28 55 126 2 8 65 71
12449 43 8 121 8 47 2 104 74 97 44
12449 44 8 110 13 80 54 27 6 98 72
12449 45 8 47 83 5 127 114 92 26 119
12449 46 8 45 1 97 10 123 74 122 52
12449 47 8 11 31 127 82 90 114 54 121
11 0 8 65 44 26 59 66 73 114 92
11 1 8 50 94 26 124 34 60 2 126
11 2 8 88 53 84 93 49 52 62 18
11 3 8 59 6 2 21 89 31 122 124
11 4 8 106 76 40 79 85 124 67 102
11 5 8 125 42 49 61 16 30 116 66
11 6 8 10 105 83 100 86 109 52 23
11 7 8 49 48 45 1 20 34 69 82
11 8 8 122 84 121 47 105 44 103 95
11 9 8 110 9 99 1 52 37 103 81
11 10 8 25 52 61 30 105 35 18 73
11 11 8 61 105 71 49 46 29 24 107
11 12 8 99 87 63 100 15 97 75 104
11 13 8 6 101 28 64 77 73 10 15
11 14 8 20 48 23 7 39 76 34 99
11 15 8 85 17 1 91 16 55 8 60
11 16 8 78 102 124 108 8 80 45 114
11 17 8 72 17 19 69 106 15 68 112
11 18 8 10 86 105 100 63 52 54 23
11 19 8 45 49 48 1 82 32 20 115
11 20 8 105 84 122 121 95 47 44 8
11 21 8 81 9 99 110 1 52 103 37
11 22 8 25 105 61 53 52 30 64 35
11 23 8 61 24 49 105 29 46 107 37
11 24 8 99 15 87 76 46 97 80 104
11 25 8 6 15 28 101 71 77 64 73
11 26 8 20 48 99 23 76 11 34 7
11 27 8 85 17 8 95 91 1 101 55
11 28 8 78 102 124 8 108 45 79 80
11 29 8 19 17 69 72 106 68 15 42
11 30 8 105 86 10 56 100 52 42 109
11 31 8 45 49 48 1 51 82 112 20
11 32 8 121 105 103 84 122 47 95 80
11 33 8 99 1 110 9 125 127 81 37
11 34 8 105 25 61 52 73 56 53 112
11 35 8 24 61 49 29 23 26 46 105
11 36 8 99 63 87 75 15 97 80 107
11 37 8 15 6 101 28 10 80 73 79
11 38 8 20 48 23 76 34 99 86 7
11 39 8 85 101 95 8 1 17 103 69
11 40 8 108 78 8 124 45 83 102 79
11 41 8 72 17 69 19 106 53 15 48
11 42 8 39 74 31 126 123 2 24 7
11 43 8 77 97 43 19 88 49 8 104
11 44 8 53 0 45 73 6 88 27 122
11 45 8 46 112 114 92 22 17 119 2
11 46 8 123 97 105 82 84 39 81 22
11 47 8 73 90 52 95 109 35 32 85
714 0 8 63 2 120 103 21 51 97 14
714 1 8 8 23 41 58 26 53 42 6
714 2 8 88 84 53 8 54 93 120 52
714 3 8 64 2 89 38 124 59 6 39
714 4 8 76 79 25 106 40 124 67 48
714 5 8 47 125 82 42 22 61 126 16
714 6 8 10 42 83 105 52 123 110 86
714 7 8 95 48 49 45 1 34 20 51
714 8 8 84 122 103 47 121 44 105 109
714 9 8 9 110 1 127 99 103 37 52
714 10 8 25 61 52 73 64 39 30 18
714 11 8 26 61 9 46 107 29 98 105
714 12 8 63 107 104 15 97 87 75 99
714 13 8 21 6 76 98 16 64 77 101
714 14 8 79 10 48 23 76 7 39 34
714 15 8 103 85 17 1 95 60 69 55
714 16 8 78 124 102 55 8 45 15 79
714 17 8 69 17 15 97 106 85 19 48
714 18 8 86 100 10 52 42 109 65 54
714 19 8 45 48 95 1 115 82 32 51
714 20 8 105 122 39 95 47 103 8 44
714 21 8 81 1 127 99 103 37 52 9
714 22 8 25 52 107 64 39 30 112 53
714 23 8 47 46 98 29 26 105 61 107
714 24 8 104 87 63 80 75 76 46 68
714 25 8 6 16 101 21 71 65 76 64
714 26 8 79 23 99 76 39 34 48 11
714 27 8 95 8 1 91 85 17 103 69
714 28 8 78 102 124 45 55 8 79 15
714 29 8 17 106 69 19 112 97 121 117
714 30 8 86 10 42 52 100 105 109 75
714 31 8 45 48 95 51 49 1 26 115
714 32 8 105 103 109 122 95 47 67 39
714 33 8 1 99 127 81 9 37 45 103
714 34 8 52 25 64 107 61 112 123 105
714 35 8 67 105 61 98 24 29 107 49
714 36 8 87 99 63 75 97 80 15 104
714 37 8 6 98 101 76 10 21 73 28
714 38 8 79 23 48 34 76 99 39 115
714 39 8 103 95 85 8 23 1 17 55
714 40 8 78 45 124 55 8 102 73 83
714 41 8 69 48 17 19 112 106 15 1
714 42 8 74 64 31 37 2 123 21 7
714 43 8 97 77 43 88 104 19 8 12
714 44 8 53 45 73 0 88 107 6 27
714 45 8 114 46 17 22 127 112 27 94
714 46 8 97 81 84 105 30 22 39 52
714 47 8 32 111 73 95 117 52 35 85
279 0 8 106 57 103 18 14 110 51 74
279 1 8 9 23 48 3 8 95 42 126
279 2 8 122 90 92 7 52 10 120 36
279 3 8 29 39 64 2 112 94 38 123
279 4 8 63 50 56 23 40 67 25 121
279 5 8 47 51 105 107 96 22 82 18
279 6 8 42 86 52 123 100 110 10 75
279 7 8 95 45 48 1 60 82 2 32
279 8 8 109 103 105 47 61 122 36 8
279 9 8 99 1 37 32 81 65 127 103
279 10 8 25 107 52 23 123 85 39 64
279 11 8 109 29 46 107 98 67 9 105
279 12 8 63 68 87 75 104 46 80 114
279 13 8 66 76 98 21 101 2 65 16
279 14 8 105 23 39 16 99 76 34 58
279 15 8 72 103 95 1 17 4 91 69
279 16 8 102 78 55 119 43 12 79 83
279 17 8 2 35 20 66 106 121 112 17
279 18 8 86 100 42 10 52 109 9 46
279 19 8 45 115 48 1 26 95 32 82
279 20 8 105 39 122 103 47 95 61 8
279 21 8 81 1 99 103 127 37 52 48
279 22 8 25 52 107 123 64 85 112 76
279 23 8 47 43 105 29 109 98 101 107
279 24 8 75 87 68 63 46 104 76 80
279 25 8 66 71 101 65 73 76 2 113
279 26 8 23 99 76 105 39 34 16 7
279 27 8 95 8 72 1 4 91 17 55
279 28 8 119 78 102 84 43 79 55 83
279 29 8 2 35 112 106 66 62 17 121
279 30 8 86 10 46 100 52 42 14 109
279 31 8 45 63 115 26 48 69 73 82
279 32 8 61 67 105 109 103 43 8 122
279 33 8 81 99 32 48 37 1 127 103
279 34 8 123 85 25 103 52 112 88 76
279 35 8 109 105 47 29 46 107 115 43
279 36 8 114 75 68 87 104 80 46 120
279 37 8 66 98 113 10 99 73 55 101
279 38 8 105 16 99 39 23 34 8 115
279 39 8 72 4 95 3 91 121 8 103
279 40 8 43 119 12 78 80 102 55 84
279 41 8 112 2 66 35 9 20 106 113
279 42 8 27 18 102 93 123 22 55 71
279 43 8 29 6 87 104 65 36 97 81
279 44 8 48 20 6 98 27 81 72 22
279 45 8 70 22 80 123 114 32 37 84
279 46 8 115 60 52 117 22 19 61 80
279 47 8 36 120 66 47 88 85 123 86
26646 0 8 28 64 124 44 112 79 33 82
26646 1 8 48 29 122 90 74 68 16 114
26646 2 8 4 76 52 36 125 73 120 119
26646 3 8 62 51 40 112 70 29 9 92
26646 4 8 50 11 27 77 116 82 67 57
26646 5 8 18 78 48 16 116 126 56 87
26646 6 8 86 100 63 110 118 75 52 10
26646 7 8 82 106 51 45 48 73 110 32
26646 8 8 103 95 122 15 105 8 44 67
26646 9 8 1 32 127 35 99 22 80 81
26646 10 8 107 95 30 25 52 88 64 80
26646 11 8 16 8 98 29 107 69 111 46
26646 12 8 80 63 114 75 87 42 76 97
26646 13 8 76 41 123 10 98 109 71 18
26646 14 8 47 99 22 34 16 8 76 23
26646 15 8 72 91 20 77 95 17 55 1
26646 16 8 78 80 77 29 102 83 110 115
26646 17 8 46 106 64 0 68 65 54 6
26646 18 8 63 86 75 110 100 30 52 3
26646 19 8 82 106 45 51 73 48 93 110
26646 20 8 95 105 18 103 122 116 36 8
26646 21 8 1 80 127 62 22 99 33 103
26646 22 8 30 95 23 109 25 107 37 113
26646 23 8 16 46 68 86 42 8 105 107
26646 24 8 80 38 97 52 0 63 75 100
26646 25 8 18 109 123 98 41 16 77 71
26646 26 8 22 47 99 76 11 34 16 64
26646 27 8 77 20 91 72 95 55 98 17
26646 28 8 78 80 29 83 77 60 110 45
26646 29 8 46 84 106 85 54 68 64 122
26646 30 8 118 86 63 75 10 42 30 56
26646 31 8 51 106 45 73 82 48 50 26
26646 32 8 103 105 20 95 36 18 39 8
26646 33 8 35 99 1 80 62 127 45 49
26646 34 8 107 23 30 95 109 113 25 53
26646 35 8 42 16 8 98 122 22 37 9
26646 36 8 97 0 63 80 30 103 25 12
26646 37 8 18 41 16 10 57 76 49 73
26646 38 8 22 47 60 34 71 7 73 80
26646 39 8 77 20 95 60 51 55 8 72
26646 40 8 83 110 60 78 55 45 80 44
26646 41 8 46 54 36 85 15 64 106 52
26646 42 8 8 49 125 90 77 123 73 75
26646 43 8 74 49 121 12 125 19 104 97
26646 44 8 6 88 23 13 99 45 72 80
26646 45 8 58 76 17 5 112 46 22 26
26646 46 8 81 30 29 84 96 97 45 105
26646 47 8 111 121 52 127 114 31 15 11
374 0 8 104 16 120 107 111 18 53 101
374 1 8 107 86 34 66 98 3 56 42
374 2 8 14 87 116 9 52 100 120 72
374 3 8 38 76 89 25 105 59 29 13
374 4 8 77 25 23 0 47 118 22 74
374 5 8 80 82 126 16 107 47 78 18
374 6 8 110 30 42 75 86 100 52 63
374 7 8 87 60 51 95 48 106 45 73
374 8 8 103 39 64 95 36 122 106 105
374 9 8 45 94 22 1 127 99 49 80
374 10 8 107 30 113 39 64 108 80 23
374 11 8 67 98 8 86 69 107 9 37
374 12 8 53 97 63 104 80 75 42 116
374 13 8 44 21 75 98 76 16 77 10
374 14 8 79 28 34 10 80 99 76 39
374 15 8 23 95 91 17 55 60 103 56
374 16 8 78 40 102 45 83 7 80 114
374 17 8 53 69 106 85 97 17 68 103
374 18 8 86 63 75 110 52 42 100 10
374 19 8 51 82 45 106 48 95 60 87
374 20 8 39 95 105 103 122 36 116 44
374 21 8 45 1 127 99 80 81 103 94
374 22 8 107 30 25 83 53 52 113 39
374 23 8 67 47 86 46 122 105 89 107
374 24 8 104 80 97 68 75 87 63 100
374 25 8 16 101 21 65 75 107 44 64
374 26 8 99 11 23 76 39 28 79 34
374 27 8 23 91 95 17 8 55 1 103
374 28 8 78 45 102 83 80 40 79 65
374 29 8 69 106 85 97 53 17 112 68
374 30 8 86 52 10 75 63 42 100 56
374 31 8 45 51 48 1 82 95 115 106
374 32 8 105 103 95 122 61 80 39 109
374 33 8 45 99 1 127 81 94 103 80
374 34 8 107 52 25 83 112 30 53 64
374 35 8 67 105 107 29 98 122 101 8
374 36 8 97 87 53 80 63 75 30 76
374 37 8 75 44 21 10 101 98 42 73
374 38 8 79 23 34 99 7 76 39 28
374 39 8 95 103 23 8 55 1 91 121
374 40 8 40 45 78 83 7 102 65 80
374 41 8 69 53 106 85 112 48 17 117
374 42 8 37 73 31 59 74 123 64 32
374 43 8 104 77 81 97 49 43 2 8
374 44 8 37 6 107 73 80 27 54 122
374 45 8 94 114 127 22 2 12 119 92
374 46 8 97 84 82 67 52 22 17 124
374 47 8 34 90 32 117 27 85 79 19
429 0 8 84 103 2 80 0 51 14 101
429 1 8 3 58 83 86 23 66 76 116
429 2 8 122 87 9 100 117 84 24 54
429 3 8 26 38 76 105 64 59 112 82
429 4 8 77 25 91 47 0 22 118 76
429 5 8 126 82 107 111 78 16 80 22
429 6 8 30 42 110 75 86 52 10 63
429 7 8 51 60 95 45 48 106 73 82
429 8 8 109 103 39 95 122 105 44 36
429 9 8 45 1 127 99 103 80 81 65
429 10 8 83 107 23 25 52 64 30 39
429 11 8 67 47 98 107 46 29 115 58
429 12 8 63 68 97 87 75 104 80 42
429 13 8 65 21 121 101 76 16 107 98
429 14 8 79 39 28 34 99 23 10 76
429 15 8 103 95 23 91 17 55 1 60
429 16 8 78 102 55 45 83 15 79 20
429 17 8 69 17 97 106 85 45 15 48
429 18 8 86 10 42 52 100 75 63 65
429 19 8 45 51 48 115 95 82 1 32
429 20 8 103 105 95 39 122 109 61 47
429 21 8 81 1 127 45 99 103 52 37
429 22 8 107 25 52 64 112 39 123 35
429 23 8 67 47 105 98 46 115 101 107
429 24 8 63 87 75 104 68 80 97 46
429 25 8 65 101 71 21 76 16 73 121
429 26 8 99 23 39 34 79 76 28 11
429 27 8 95 8 91 55 1 103 23 17
429 28 8 78 102 55 45 79 83 15 80
429 29 8 17 106 69 112 85 97 48 68
429 30 8 86 10 52 42 100 14 75 23
429 31 8 45 48 115 26 51 95 20 1
429 32 8 109 103 105 61 67 122 95 44
429 33 8 81 99 1 127 45 103 37 52
429 34 8 52 25 64 123 112 107 39 85
429 35 8 67 105 98 101 29 107 115 46
429 36 8 87 97 63 75 76 104 80 30
429 37 8 98 101 73 76 21 10 16 121
429 38 8 79 99 34 23 39 28 48 115
429 39 8 95 103 23 8 1 55 91 85
429 40 8 45 78 124 55 102 73 20 65
429 41 8 112 69 48 106 97 1 19 85
429 42 8 64 37 31 74 101 123 36 2
429 43 8 77 43 104 97 88 8 81 44
429 44 8 53 107 73 27 6 98 72 0
429 45 8 127 114 22 27 46 32 123 2
429 46 8 97 67 82 22 52 84 61 117
429 47 8 117 34 32 85 73 95 86 111
279 0 8 106 57 103 71 110 127 16 51
279 1 8 9 48 116 3 95 56 126 42
279 2 8 122 90 7 100 52 92 36 108
279 3 8 39 112 123 9 114 29 127 94
279 4 8 63 23 50 40 67 11 113 47
279 5 8 51 105 107 18 75 22 49 110
279 6 8 86 100 52 42 10 65 123 127
279 7 8 45 95 48 60 1 2 115 82
279 8 8 109 103 61 105 95 47 28 122
279 9 8 99 81 1 45 32 127 103 37
279 10 8 25 23 52 123 107 85 103 64
279 11 8 29 109 67 47 105 98 101 46
279 12 8 63 68 87 75 114 46 76 74
279 13 8 66 65 99 101 76 2 71 107
279 14 8 105 39 99 23 16 34 76 7
279 15 8 72 103 95 55 91 4 8 1
279 16 8 78 55 102 119 43 12 52 79
279 17 8 2 35 112 106 66 121 20 17
279 18 8 86 100 52 10 42 75 14 85
279 19 8 45 115 32 48 26 1 95 51
279 20 8 103 105 95 39 61 122 44 67
279 21 8 81 1 99 127 103 37 52 48
279 22 8 25 52 107 123 64 85 112 103
279 23 8 105 101 109 98 43 47 29 115
279 24 8 87 75 63 68 46 76 104 74
279 25 8 66 101 71 65 73 76 2 40
279 26 8 99 105 16 34 23 39 76 44
279 27 8 72 95 8 55 91 1 4 103
279 28 8 78 119 102 55 43 12 84 79
279 29 8 2 112 35 66 106 121 68 17
279 30 8 86 10 52 46 14 42 100 127
279 31 8 45 115 63 48 82 73 26 32
279 32 8 61 67 105 103 109 122 8 43
279 33 8 81 32 99 48 1 37 127 97
279 34 8 103 123 85 25 52 88 64 112
279 35 8 109 105 47 29 101 115 98 69
279 36 8 114 87 68 75 120 104 46 76
279 37 8 66 99 113 55 73 101 10 98
279 38 8 105 16 39 99 23 34 115 58
279 39 8 72 4 3 91 121 1 8 95
279 40 8 43 119 12 78 84 102 55 80
279 41 8 2 112 66 35 20 9 113 106
279 42 8 27 18 102 93 123 22 55 71
279 43 8 29 6 87 104 36 97 65 44
279 44 8 48 20 98 72 27 81 6 22
279 45 8 70 80 123 22 84 114 37 32
279 46 8 115 60 117 52 22 98 75 19
279 47 8 36 120 47 66 88 123 85 86
19038 0 8 112 77 67 28 83 23 64 12
19038 1 8 48 68 122 67 90 29 16 45
19038 2 8 76 36 23 4 44 73 56 125
19038 3 8 70 92 3 78 90 9 127 112
19038 4 8 50 11 27 37 82 67 51 5
19038 5 8 18 87 74 10 116 16 56 4
19038 6 8 86 100 118 97 65 46 32 74
19038 7 8 115 45 82 73 93 2 32 48
19038 8 8 103 20 6 105 95 67 82 61
19038 9 8 81 35 99 37 25 32 103 97
19038 10 8 25 103 95 52 85 88 109 119
19038 11 8 29 101 16 105 42 33 46 22
19038 12 8 26 103 75 87 46 0 14 76
19038 13 8 76 57 109 71 41 123 99 73
19038 14 8 60 99 23 47 7 39 16 44
19038 15 8 91 77 72 20 55 69 6 8
19038 16 8 78 60 77 102 84 108 110 109
19038 17 8 46 64 0 68 84 6 116 100
19038 18 8 86 100 103 61 65 32 90 3
19038 19 8 115 45 32 73 82 48 44 26
19038 20 8 67 105 103 20 95 82 86 6
19038 21 8 35 81 99 37 1 80 112 97
19038 22 8 25 95 52 103 88 85 112 119
19038 23 8 22 42 29 105 16 101 18 46
19038 24 8 0 26 87 25 75 46 14 74
19038 25 8 18 57 76 71 73 109 101 2
19038 26 8 99 60 23 34 76 71 102 7
19038 27 8 77 126 91 8 20 60 55 46
19038 28 8 60 78 94 108 23 102 84 110
19038 29 8 46 15 36 106 117 64 84 68
19038 30 8 86 10 46 118 52 42 100 75
19038 31 8 45 115 82 63 73 26 48 44
19038 32 8 67 20 105 103 122 6 44 43
19038 33 8 35 81 99 127 37 62 1 40
19038 34 8 103 25 23 52 119 64 95 112
19038 35 8 98 42 22 29 18 69 105 101
19038 36 8 26 0 87 103 63 25 76 80
19038 37 8 76 41 57 18 115 73 10 77
19038 38 8 60 99 102 34 80 47 7 71
19038 39 8 60 78 95 8 20 1 126 55
19038 40 8 23 78 108 55 60 15 110 109
19038 41 8 15 46 36 106 64 52 112 17
19038 42 8 90 125 49 74 24 73 7 123
19038 43 8 74 12 49 121 19 43 125 104
19038 44 8 88 45 99 98 13 23 11 72
19038 45 8 26 17 46 112 84 76 22 114
19038 46 8 30 81 105 39 84 29 60 52
19038 47 8 121 111 52 127 95 15 35 21
374 0 8 120 104 16 107 70 53 111 48
374 1 8 107 34 86 76 42 14 20 39
374 2 8 14 116 10 72 36 87 120 52
374 3 8 76 105 13 25 38 89 39 9
374 4 8 23 0 74 105 40 118 22 67
374 5 8 107 80 126 34 18 22 116 75
374 6 8 86 14 42 52 100 10 75 110
374 7 8 60 87 45 48 95 1 50 26
374 8 8 103 64 39 95 105 61 123 15
374 9 8 94 45 99 127 81 1 103 22
374 10 8 25 107 52 64 39 103 14 83
374 11 8 86 29 98 105 33 9 101 8
374 12 8 63 53 75 87 26 76 97 104
374 13 8 75 44 76 2 21 107 73 65
374 14 8 80 79 39 99 34 23 11 76
374 15 8 60 95 55 91 8 17 23 69
374 16 8 40 60 78 102 7 45 83 11
374 17 8 53 15 106 85 52 117 17 97
374 18 8 86 42 100 52 10 75 14 110
374 19 8 45 87 115 51 48 32 60 1
374 20 8 103 64 95 105 39 122 106 61
374 21 8 81 94 127 1 99 103 45 80
374 22 8 25 52 107 64 112 103 39 35
374 23 8 86 98 105 29 101 122 47 115
374 24 8 53 87 63 75 104 76 68 74
374 25 8 75 44 65 76 101 71 73 2
374 26 8 99 34 39 80 23 79 76 11
374 27 8 60 95 91 8 55 1 23 6
374 28 8 40 78 102 60 45 7 84 80
374 29 8 53 106 117 15 68 85 112 121
374 30 8 86 10 100 52 42 110 75 14
374 31 8 45 115 26 82 73 20 60 1
374 32 8 64 103 67 105 95 122 86 80
374 33 8 81 94 127 1 99 22 37 80
374 34 8 25 64 52 107 2 112 83 39
374 35 8 86 98 105 101 69 67 29 115
374 36 8 53 87 76 9 32 63 30 46
374 37 8 75 44 10 101 21 73 76 65
374 38 8 99 80 39 79 34 23 10 58
374 39 8 60 95 1 91 8 23 55 56
374 40 8 40 7 78 102 15 84 60 80
374 41 8 53 106 117 15 52 85 113 103
374 42 8 73 125 37 22 123 24 59 74
374 43 8 81 43 49 104 8 112 127 56
374 44 8 54 37 80 45 98 72 81 6
374 45 8 112 46 80 84 127 114 22 123
374 46 8 82 124 105 39 84 22 80 44
374 47 8 90 34 27 32 95 35 52 85
264 0 8 106 27 50 48 110 101 0 103
264 1 8 99 86 76 116 3 91 126 62
264 2 8 45 14 122 52 87 125 36 7
264 3 8 76 94 26 9 105 100 99 39
264 4 8 118 0 11 77 67 74 40 22
264 5 8 51 105 80 126 18 49 102 22
264 6 8 86 52 100 110 42 14 75 10
264 7 8 60 45 26 115 48 82 95 50
264 8 8 103 2 64 39 95 123 99 105
264 9 8 45 22 81 94 48 127 99 1
264 10 8 25 14 2 64 80 83 108 52
264 11 8 86 67 29 98 47 101 33 9
264 12 8 53 63 68 9 32 87 76 75
264 13 8 44 12 66 75 107 71 64 65
264 14 8 105 99 39 34 58 23 96 10
264 15 8 3 91 95 55 23 60 6 1
264 16 8 40 51 78 102 43 4 60 121
264 17 8 66 2 53 106 35 68 121 102
264 18 8 86 100 10 52 75 42 3 46
264 19 8 45 115 32 26 48 1 82 93
264 20 8 64 95 103 105 2 80 44 39
264 21 8 81 1 99 127 94 103 45 80
264 22 8 25 52 107 64 112 14 35 85
264 23 8 86 105 47 98 101 29 115 37
264 24 8 53 68 87 75 104 46 63 76
264 25 8 44 71 12 75 66 101 65 73
264 26 8 99 39 34 105 23 58 76 44
264 27 8 91 95 1 55 6 8 3 23
264 28 8 78 102 43 4 51 84 80 40
264 29 8 2 66 106 53 68 102 35 121
264 30 8 86 10 100 46 23 64 14 3
264 31 8 45 115 82 73 26 63 20 1
264 32 8 2 67 105 103 95 80 86 64
264 33 8 81 99 1 127 22 80 103 37
264 34 8 25 2 83 52 64 107 14 30
264 35 8 86 105 101 67 29 69 47 98
264 36 8 32 87 76 68 53 9 46 42
264 37 8 12 66 44 65 99 10 75 73
264 38 8 105 99 39 58 34 10 96 23
264 39 8 91 1 3 95 55 6 23 8
264 40 8 4 51 43 102 78 84 40 80
264 41 8 66 106 2 117 35 112 102 6
264 42 8 73 98 18 123 102 22 93 16
264 43 8 6 81 87 104 36 112 127 65
264 44 8 48 20 81 72 27 98 6 44
264 45 8 70 80 123 22 114 84 20 12
264 46 8 115 22 52 80 44 117 61 98
264 47 8 36 120 66 47 88 123 85 59
6337 0 8 73 28 124 112 62 22 36 87
6337 1 8 29 90 48 122 7 68 67 114
6337 2 8 86 76 4 36 126 52 23 73
6337 3 8 76 62 3 12 92 122 21 77
6337 4 8 116 11 27 37 82 77 101 51
6337 5 8 48 18 30 56 16 126 116 54
6337 6 8 86 64 100 46 27 90 32 123
6337 7 8 82 45 115 93 103 73 69 48
6337 8 8 103 2 95 107 122 20 67 117
6337 9 8 81 35 37 88 40 62 103 99
6337 10 8 95 25 2 45 119 80 109 52
6337 11 8 16 101 29 33 0 105 68 107
6337 12 8 103 32 38 76 74 87 46 110
6337 13 8 115 123 109 41 12 71 40 101
6337 14 8 99 39 18 23 36 22 44 34
6337 15 8 77 91 20 55 1 69 57 6
6337 16 8 78 77 29 80 102 110 114 41
6337 17 8 65 64 0 106 121 113 84 102
6337 18 8 86 3 65 100 75 27 10 32
6337 19 8 115 45 82 32 73 93 69 103
6337 20 8 105 67 95 122 103 47 8 86
6337 21 8 81 62 35 99 1 80 37 52
6337 22 8 25 95 2 52 45 64 120 124
6337 23 8 16 97 29 101 105 68 98 33
6337 24 8 38 103 87 32 76 46 75 74
6337 25 8 109 115 123 71 101 73 10 57
6337 26 8 99 22 18 23 34 76 60 71
6337 27 8 77 20 91 55 1 8 46 98
6337 28 8 78 44 29 102 77 114 80 110
6337 29 8 36 0 65 106 84 64 68 85
6337 30 8 86 118 10 46 100 52 115 63
6337 31 8 45 82 115 26 73 103 63 51
6337 32 8 67 103 105 20 95 122 44 2
6337 33 8 35 81 40 99 62 1 127 80
6337 34 8 95 2 124 25 109 52 64 39
6337 35 8 16 97 29 68 42 86 105 98
6337 36 8 103 38 0 32 87 76 63 97
6337 37 8 41 123 109 12 57 115 95 10
6337 38 8 18 22 47 60 111 99 34 7
6337 39 8 77 20 107 90 1 8 46 91
6337 40 8 77 29 110 44 78 108 23 80
6337 41 8 65 0 64 63 85 54 106 122
6337 42 8 8 126 49 90 24 75 59 73
6337 43 8 121 125 49 47 8 80 104 74
6337 44 8 110 23 80 73 37 13 6 98
6337 45 8 76 47 5 83 114 26 46 87
6337 46 8 124 1 82 45 10 96 123 84
6337 47 8 31 11 127 90 121 114 82 15
11 0 8 65 44 26 59 92 73 101 114
11 1 8 50 94 26 124 18 34 66 2
11 2 8 88 84 53 93 49 52 18 67
11 3 8 76 89 6 2 31 12 122 21
11 4 8 76 106 79 124 29 85 48 11
11 5 8 125 42 61 66 126 18 22 16
11 6 8 86 105 83 42 52 14 100 109
11 7 8 49 45 103 60 73 48 106 115
11 8 8 103 84 95 121 2 122 107 105
11 9 8 110 9 81 117 127 99 1 103
11 10 8 61 25 64 39 2 52 73 105
11 11 8 61 29 98 49 101 105 86 122
11 12 8 63 76 99 75 87 74 104 97
11 13 8 6 28 115 95 64 12 101 71
11 14 8 20 39 48 99 23 34 52 76
11 15 8 85 55 91 8 69 95 1 57
11 16 8 108 78 8 124 102 80 114 40
11 17 8 72 19 17 117 69 106 85 121
11 18 8 86 105 42 52 100 10 75 123
11 19 8 45 49 115 82 48 51 32 93
11 20 8 105 84 103 122 95 121 47 39
11 21 8 81 1 127 9 99 110 62 103
11 22 8 25 52 105 61 64 30 39 107
11 23 8 61 49 24 98 29 46 105 101
11 24 8 99 15 87 63 75 46 80 76
11 25 8 6 15 71 64 115 101 28 73
11 26 8 99 20 48 23 34 76 58 6
11 27 8 85 91 55 1 95 8 69 60
11 28 8 78 124 8 108 102 45 65 80
11 29 8 19 17 106 69 72 15 117 68
11 30 8 86 105 10 42 100 56 52 63
11 31 8 45 49 51 82 93 48 20 26
11 32 8 103 121 105 122 84 95 67 39
11 33 8 1 81 99 9 110 62 127 125
11 34 8 105 61 73 52 25 53 64 39
11 35 8 24 26 61 49 105 23 29 98
11 36 8 99 15 63 97 87 58 107 76
11 37 8 6 15 80 10 115 28 21 79
11 38 8 20 48 99 34 23 111 80 10
11 39 8 85 101 95 1 23 55 78 8
11 40 8 108 8 124 78 45 102 83 15
11 41 8 72 19 69 53 106 15 85 112
11 42 8 39 31 73 126 24 123 74 64
11 43 8 49 77 104 88 43 8 19 97
11 44 8 53 6 0 37 73 45 80 27
11 45 8 114 46 112 22 119 2 127 94
11 46 8 123 82 97 124 84 105 22 39
11 47 8 90 73 95 109 52 32 35 27
323 0 8 83 120 63 93 31 107 21 97
323 1 8 8 41 26 23 34 42 126 95
323 2 8 88 84 53 67 93 62 54 52
323 3 8 64 2 89 76 6 29 38 39
323 4 8 76 79 106 124 25 48 67 29
323 5 8 47 125 42 61 22 82 126 18
323 6 8 86 105 83 52 42 10 14 109
323 7 8 49 95 60 45 48 51 103 82
323 8 8 103 84 109 66 121 95 105 2
323 9 8 9 110 98 99 1 81 127 103
323 10 8 61 73 23 25 64 52 39 107
323 11 8 26 9 61 98 49 29 122 101
323 12 8 107 63 104 97 75 87 15 79
323 13 8 6 21 64 28 80 98 65 77
323 14 8 79 10 48 39 99 23 76 34
323 15 8 85 103 55 95 69 91 23 1
323 16 8 124 78 8 102 15 55 45 80
323 17 8 69 19 17 15 97 106 85 72
323 18 8 86 10 42 100 52 75 105 63
323 19 8 45 48 82 32 115 69 49 1
323 20 8 105 39 122 95 84 103 47 67
323 21 8 81 1 99 9 52 127 103 110
323 22 8 25 52 107 61 64 105 73 30
323 23 8 61 49 105 98 46 26 29 43
323 24 8 87 80 75 99 15 63 104 46
323 25 8 6 71 101 115 21 28 65 73
323 26 8 79 99 23 48 76 39 34 58
323 27 8 85 91 1 95 103 8 55 69
323 28 8 78 102 55 124 8 45 114 15
323 29 8 17 106 69 19 97 112 68 117
323 30 8 86 10 52 42 100 105 75 23
323 31 8 45 48 26 49 69 82 93 20
323 32 8 105 122 103 109 67 61 39 95
323 33 8 81 1 62 99 24 127 9 37
323 34 8 52 25 73 123 61 64 101 105
323 35 8 105 26 98 29 61 46 67 24
323 36 8 99 87 80 63 15 76 75 107
323 37 8 6 98 101 115 21 10 80 16
323 38 8 79 48 99 34 23 10 39 28
323 39 8 103 95 85 1 23 8 78 91
323 40 8 55 124 8 45 78 114 102 83
323 41 8 112 69 48 19 106 97 1 17
323 42 8 31 64 21 74 123 101 36 16
323 43 8 77 104 88 43 97 81 8 44
323 44 8 53 107 73 0 6 27 72 81
323 45 8 127 114 22 32 27 2 94 123
323 46 8 97 67 52 84 22 117 68 82
323 47 8 117 32 34 73 85 86 124 111
468 0 8 49 72 6 78 75 50 27 19
468 1 8 28 8 9 122 36 66 19 71
468 2 8 46 2 56 36 127 97 107 31
468 3 8 29 103 124 112 2 108 127 123
468 4 8 50 11 48 82 53 46 30 70
468 5 8 75 22 103 74 18 96 17 8
468 6 8 63 127 86 44 87 56 52 107
468 7 8 2 45 82 32 106 115 59 1
468 8 8 116 61 90 17 65 67 26 109
468 9 8 80 81 64 96 10 49 92 7
468 10 8 53 112 26 25 98 78 56 3
468 11 8 125 37 7 3 43 96 24 90
468 12 8 56 15 65 2 97 96 21 116
468 13 8 58 15 28 23 0 101 19 103
468 14 8 90 17 100 115 48 75 76 80
468 15 8 70 10 101 16 49 91 120 40
468 16 8 39 78 65 103 80 17 73 81
468 17 8 21 18 55 42 78 83 39 19
468 18 8 8 63 83 44 105 127 56 52
468 19 8 106 82 75 45 73 59 32 112
468 20 8 9 65 116 57 3 17 105 61
468 21 8 80 49 125 111 122 92 38 96
468 22 8 78 98 53 30 56 126 66 26
468 23 8 125 7 96 23 3 99 37 67
468 24 8 65 56 96 75 8 50 79 2
468 25 8 58 112 20 23 93 99 19 106
468 26 8 17 100 90 115 61 86 76 20
468 27 8 101 70 120 32 49 10 40 17
468 28 8 80 81 78 39 17 105 103 11
468 29 8 72 21 1 93 18 42 39 83
468 30 8 63 83 52 127 56 78 75 8
468 31 8 45 82 106 73 75 32 56 48
468 32 8 9 105 61 67 101 116 3 17
468 33 8 80 49 99 114 10 65 96 104
468 34 8 7 30 112 126 85 65 110 113
468 35 8 4 78 37 64 96 43 39 87
468 36 8 108 75 92 14 114 95 24 111
468 37 8 20 61 112 73 23 2 101 12
468 38 8 125 115 92 76 15 99 33 83
468 39 8 75 11 0 25 91 80 32 87
468 40 8 42 107 82 80 78 65 30 48
468 41 8 34 39 88 59 99 1 18 105
468 42 8 17 111 56 71 4 14 115 114
468 43 8 83 41 5 72 98 30 96 46
468 44 8 5 62 107 96 9 6 29 19
468 45 8 114 88 48 77 29 16 107 58
468 46 8 43 3 46 54 79 26 18 17
468 47 8 42 80 39 17 106 23 0 53
30498 0 8 22 40 4 33 47 66 28 6
30498 1 8 44 122 28 36 101 33 109 39
30498 2 8 56 46 36 4 12 60 127 125
30498 3 8 70 3 124 42 74 20 112 78
30498 4 8 50 26 11 82 37 60 67 57
30498 5 8 75 18 4 96 110 22 35 87
30498 6 8 86 127 118 111 52 91 79 87
30498 7 8 2 45 115 82 32 48 69 19
30498 8 8 61 103 105 123 47 95 5 44
30498 9 8 81 35 8 1 7 37 99 103
30498 10 8 103 35 85 25 52 107 82 94
30498 11 8 105 107 29 101 42 9 25 99
30498 12 8 26 87 75 46 0 80 25 22
30498 13 8 2 57 76 99 101 71 92 98
30498 14 8 99 60 61 23 115 80 15 10
30498 15 8 60 91 55 121 126 1 69 17
30498 16 8 108 11 78 55 102 52 79 84
30498 17 8 46 15 112 17 113 106 82 26
30498 18 8 86 10 100 61 52 79 127 75
30498 19 8 115 2 45 32 48 1 82 20
30498 20 8 105 61 95 67 122 103 47 8
30498 21 8 81 1 99 52 37 103 35 80
30498 22 8 103 25 85 52 35 88 112 64
30498 23 8 29 105 101 43 22 107 42 46
30498 24 8 87 75 26 46 80 63 0 12
30498 25 8 2 71 101 76 73 18 57 98
30498 26 8 99 23 34 76 115 80 60 39
30498 27 8 60 91 8 1 95 55 121 17
30498 28 8 78 11 102 108 83 79 45 15
30498 29 8 17 15 46 106 112 68 52 85
30498 30 8 86 10 52 127 42 75 79 100
30498 31 8 45 2 115 48 20 1 93 26
30498 32 8 61 105 67 103 122 95 44 80
30498 33 8 1 81 99 52 127 37 62 35
30498 34 8 103 35 52 25 107 85 64 23
30498 35 8 105 98 29 46 107 115 69 101
30498 36 8 26 87 80 63 75 12 76 53
30498 37 8 2 18 101 76 16 115 73 10
30498 38 8 99 80 34 39 23 60 115 7
30498 39 8 1 60 95 8 55 78 121 91
30498 40 8 78 108 11 15 45 55 102 83
30498 41 8 106 15 17 52 46 36 85 112
30498 42 8 49 125 22 74 2 123 73 16
30498 43 8 56 19 43 12 97 8 104 121
30498 44 8 45 88 99 11 122 27 6 37
30498 45 8 46 112 17 119 92 22 16 114
30498 46 8 84 105 39 30 81 29 22 80
30498 47 8 52 95 35 111 108 127 6 31
374 0 8 120 104 16 107 111 47 53 66
374 1 8 107 86 34 37 42 40 53 39
374 2 8 14 51 116 87 36 52 10 92
374 3 8 29 34 13 76 38 99 105 123
374 4 8 23 25 0 74 11 67 40 118
374 5 8 107 80 96 75 47 34 116 18
374 6 8 86 52 42 79 127 10 75 109
374 7 8 87 45 48 60 82 95 20 1
374 8 8 103 61 39 95 105 47 122 64
374 9 8 81 94 1 99 127 45 103 37
374 10 8 35 64 107 52 25 103 85 39
374 11 8 9 105 69 98 67 101 29 107
374 12 8 53 87 63 80 76 12 75 104
374 13 8 75 2 44 98 73 101 71 76
374 14 8 79 80 99 39 10 23 34 76
374 15 8 60 95 91 1 55 8 121 17
374 16 8 40 78 11 102 7 45 15 60
374 17 8 15 106 53 52 17 85 112 113
374 18 8 86 79 42 10 52 75 127 100
374 19 8 45 115 48 87 26 32 82 1
374 20 8 103 39 105 95 64 122 61 47
374 21 8 81 1 94 99 127 52 103 71
374 22 8 35 107 25 52 64 103 112 85
374 23 8 105 98 86 29 101 47 115 107
374 24 8 53 87 76 63 75 46 68 104
374 25 8 75 2 71 44 101 76 65 73
374 26 8 99 39 34 23 80 79 76 115
374 27 8 60 91 95 1 121 8 55 17
374 28 8 40 78 102 11 60 75 7 114
374 29 8 106 17 15 53 112 85 68 52
374 30 8 86 10 127 52 100 42 75 23
374 31 8 45 115 26 82 1 73 20 32
374 32 8 61 67 105 103 64 95 122 44
374 33 8 81 94 1 99 127 37 52 62
374 34 8 35 107 25 52 64 2 85 112
374 35 8 105 86 98 69 29 115 101 67
374 36 8 53 87 76 32 80 63 9 42
374 37 8 75 2 44 101 73 10 21 65
374 38 8 80 99 39 79 34 23 115 58
374 39 8 1 95 60 91 8 121 55 78
374 40 8 40 7 78 15 102 45 83 4
374 41 8 106 53 17 52 15 117 85 112
374 42 8 73 125 37 74 123 22 16 2
374 43 8 56 43 81 104 8 19 97 44
374 44 8 54 80 37 45 27 6 72 81
374 45 8 46 112 92 80 84 22 123 16
374 46 8 82 84 105 124 39 22 80 52
374 47 8 90 52 27 95 35 32 34 85
15700 0 8 62 126 124 28 51 29 64 79
15700 1 8 99 78 86 11 76 107 114 74
15700 2 8 121 120 119 9 51 68 52 36
15700 3 8 76 1 62 105 59 38 25 21
15700 4 8 116 22 74 39 67 105 40 102
15700 5 8 16 78 80 116 48 49 126 30
15700 6 8 86 79 10 109 123 100 52 27
15700 7 8 48 87 45 20 43 110 82 26
15700 8 8 122 47 95 27 103 39 105 24
15700 9 8 1 94 81 37 127 99 52 103
15700 10 8 52 35 64 120 107 25 95 119
15700 11 8 16 29 98 105 107 101 86 115
15700 12 8 87 53 63 76 12 75 80 42
15700 13 8 24 75 101 95 123 71 115 44
15700 14 8 39 99 23 62 34 101 44 18
15700 15 8 1 69 98 8 95 91 55 51
15700 16 8 78 29 102 40 77 123 45 114
15700 17 8 106 65 17 0 121 85 84 112
15700 18 8 86 10 79 42 100 52 65 123
15700 19 8 45 32 48 115 20 82 43 26
15700 20 8 122 105 95 47 39 103 27 67
15700 21 8 1 81 99 52 127 94 103 37
15700 22 8 52 35 25 107 64 120 95 112
15700 23 8 105 16 29 98 86 46 107 101
15700 24 8 87 53 63 75 80 76 12 38
15700 25 8 101 24 75 71 123 109 73 115
15700 26 8 99 101 34 23 39 76 44 18
15700 27 8 98 51 91 1 95 8 69 20
15700 28 8 78 29 102 114 40 79 77 45
15700 29 8 106 84 65 85 17 0 121 54
15700 30 8 86 10 42 52 14 100 55 79
15700 31 8 45 26 20 93 82 48 115 1
15700 32 8 27 122 105 39 103 95 67 24
15700 33 8 94 81 1 105 99 52 127 62
15700 34 8 107 95 120 52 64 35 25 39
15700 35 8 16 105 98 71 86 97 29 8
15700 36 8 53 76 87 63 38 80 58 42
15700 37 8 24 95 123 75 109 115 101 73
15700 38 8 22 62 101 18 34 99 39 111
15700 39 8 51 1 20 98 91 95 87 8
15700 40 8 29 111 78 77 123 44 102 114
15700 41 8 85 0 106 65 84 63 17 54
15700 42 8 75 8 126 55 28 74 2 123
15700 43 8 121 47 8 56 43 97 16 19
15700 44 8 110 80 13 54 3 6 45 122
15700 45 8 47 83 46 5 119 22 112 123
15700 46 8 82 45 1 10 105 39 84 22
15700 47 8 90 11 31 127 27 95 52 35
11 0 8 65 44 26 59 114 101 73 38
11 1 8 50 94 26 124 18 34 2 46
11 2 8 88 84 53 93 49 120 52 18
11 3 8 6 2 59 0 21 76 123 121
11 4 8 76 106 40 79 67 29 25 85
11 5 8 16 42 125 61 49 116 30 66
11 6 8 105 83 86 10 52 42 123 109
11 7 8 49 20 48 45 43 1 93 26
11 8 8 122 95 84 47 103 121 105 8
11 9 8 1 81 110 127 9 99 37 103
11 10 8 52 64 25 61 35 39 105 73
11 11 8 61 105 98 107 29 49 71 9
11 12 8 63 87 99 15 75 80 97 76
11 13 8 6 28 101 95 71 64 115 73
11 14 8 20 48 23 99 39 34 101 76
11 15 8 85 1 91 69 17 8 95 55
11 16 8 78 124 8 108 102 80 40 79
11 17 8 72 19 17 106 15 69 121 112
11 18 8 86 10 105 52 100 63 42 54
11 19 8 45 49 48 32 20 82 1 43
11 20 8 105 84 122 95 121 44 103 8
11 21 8 81 1 9 110 99 127 80 103
11 22 8 52 105 61 25 30 64 112 39
11 23 8 61 49 24 107 105 46 122 29
11 24 8 99 87 15 46 80 63 97 75
11 25 8 6 15 71 28 64 101 77 73
11 26 8 99 20 48 23 34 76 6 90
11 27 8 85 91 95 1 8 101 55 17
11 28 8 124 78 108 102 8 45 65 83
11 29 8 19 17 106 72 15 69 112 68
11 30 8 86 105 10 42 52 83 63 100
11 31 8 45 49 51 48 82 20 112 115
11 32 8 121 105 103 95 84 122 67 8
11 33 8 1 9 110 125 127 99 81 103
11 34 8 105 61 73 52 25 53 56 39
11 35 8 26 24 61 49 23 107 105 29
11 36 8 99 15 63 87 107 97 80 58
11 37 8 6 15 10 28 80 79 101 73
11 38 8 20 48 99 34 111 23 80 10
11 39 8 85 95 1 101 23 55 8 91
11 40 8 108 8 124 78 65 45 102 83
11 41 8 72 19 106 17 69 53 15 85
11 42 8 39 74 126 123 31 73 24 2
11 43 8 43 77 49 19 88 97 104 8
11 44 8 53 45 0 6 37 73 88 122
11 45 8 46 112 22 17 2 119 92 114
11 46 8 123 82 105 39 84 22 97 124
11 47 8 73 90 95 52 35 109 32 27
476 0 8 63 83 110 21 120 107 93 31
476 1 8 34 8 41 23 6 26 42 95
476 2 8 53 88 67 93 54 8 62 84
476 3 8 64 2 38 6 89 124 76 59
476 4 8 76 79 106 85 40 48 25 124
476 5 8 42 47 125 96 82 16 22 13
476 6 8 105 42 86 52 10 83 110 123
476 7 8 95 49 45 48 60 51 73 20
476 8 8 84 103 66 122 95 14 105 36
476 9 8 98 110 9 127 1 103 81 99
476 10 8 73 83 61 90 25 52 64 107
476 11 8 26 9 61 49 98 29 107 69
476 12 8 79 107 63 97 104 118 15 52
476 13 8 6 80 28 118 98 77 73 64
476 14 8 10 79 48 34 99 39 23 58
476 15 8 85 23 69 95 103 87 91 55
476 16 8 8 124 78 102 40 45 55 65
476 17 8 19 69 106 15 72 85 17 53
476 18 8 86 100 42 110 52 8 75 63
476 19 8 95 51 49 45 82 48 43 1
476 20 8 84 66 103 39 122 95 105 121
476 21 8 98 127 9 110 81 103 1 99
476 22 8 73 90 30 61 105 39 53 25
476 23 8 26 61 49 122 24 37 29 47
476 24 8 79 107 99 104 97 63 15 118
476 25 8 6 80 118 28 65 64 15 73
476 26 8 10 79 99 48 39 23 34 76
476 27 8 23 85 91 95 55 1 17 8
476 28 8 8 78 124 102 45 80 15 83
476 29 8 19 69 106 17 97 68 85 117
476 30 8 86 105 10 75 63 100 42 110
476 31 8 45 95 82 51 1 73 49 93
476 32 8 105 66 103 122 95 67 39 36
476 33 8 98 81 99 45 127 1 103 37
476 34 8 73 25 90 52 53 83 30 105
476 35 8 26 105 67 69 49 122 61 29
476 36 8 79 107 99 97 87 63 30 76
476 37 8 6 80 98 118 101 21 10 83
476 38 8 79 10 48 23 99 34 39 76
476 39 8 23 103 85 95 1 8 121 55
476 40 8 8 124 78 45 102 55 65 83
476 41 8 69 19 112 48 106 17 53 1
476 42 8 21 31 64 74 68 123 16 32
476 43 8 77 88 104 43 97 19 81 8
476 44 8 53 0 73 107 6 27 45 81
476 45 8 114 22 127 94 2 27 46 32
476 46 8 97 84 22 52 67 82 80 81
476 47 8 32 117 73 34 85 95 111 90
7196 0 8 2 63 97 51 21 77 101 87
7196 1 8 23 8 34 58 116 41 53 75
7196 2 8 8 9 54 53 93 72 14 56
7196 3 8 29 38 64 112 2 59 39 71
7196 4 8 76 22 25 79 56 124 48 83
7196 5 8 47 96 82 34 22 13 42 126
7196 6 8 42 52 30 86 110 10 75 79
7196 7 8 95 60 51 34 45 110 106 48
7196 8 8 103 36 109 39 95 105 14 44
7196 9 8 45 1 98 127 99 80 65 117
7196 10 8 107 73 39 97 113 30 112 90
7196 11 8 69 26 67 9 98 107 65 37
7196 12 8 79 107 118 97 63 104 9 52
7196 13 8 6 98 21 118 73 102 77 83
7196 14 8 79 10 34 76 39 99 80 58
7196 15 8 23 87 103 95 69 60 91 55
7196 16 8 8 78 124 55 7 45 15 102
7196 17 8 69 85 15 106 53 17 97 90
7196 18 8 86 42 52 63 100 30 75 8
7196 19 8 95 82 45 51 32 60 1 106
7196 20 8 39 36 103 95 105 122 67 66
7196 21 8 45 127 81 99 1 98 80 103
7196 22 8 73 25 30 107 39 113 83 52
7196 23 8 26 47 67 122 69 107 29 98
7196 24 8 107 104 79 63 118 97 68 75
7196 25 8 6 65 21 118 98 75 83 64
7196 26 8 99 79 39 10 23 76 34 58
7196 27 8 23 91 95 1 55 8 17 103
7196 28 8 78 102 55 45 8 15 83 80
7196 29 8 69 106 17 97 112 90 68 85
7196 30 8 86 10 52 100 75 42 23 63
7196 31 8 45 51 1 95 26 82 48 115
7196 32 8 105 103 109 95 122 67 36 80
7196 33 8 45 99 127 1 81 103 37 24
7196 34 8 25 52 123 73 107 64 112 113
7196 35 8 67 105 69 26 98 29 107 122
7196 36 8 87 107 97 30 63 118 104 76
7196 37 8 98 6 101 10 21 16 73 75
7196 38 8 79 34 23 10 99 39 28 76
7196 39 8 95 103 23 87 1 8 121 91
7196 40 8 78 55 45 7 8 102 65 83
7196 41 8 69 112 48 106 19 85 17 1
7196 42 8 64 31 37 74 123 16 21 2
7196 43 8 77 104 88 97 43 81 44 56
7196 44 8 107 53 73 0 6 27 122 98
7196 45 8 114 127 2 27 32 94 22 12
7196 46 8 97 67 52 22 84 117 60 101
7196 47 8 117 34 32 73 85 86 111 57
279 0 8 106 57 103 71 14 110 127 47
279 1 8 9 48 23 8 34 116 113 95
279 2 8 122 90 120 54 92 52 53 7
279 3 8 29 112 39 38 64 94 2 9
279 4 8 63 23 50 40 56 67 121 79
279 5 8 105 96 51 47 22 16 107 126
279 6 8 86 42 52 123 100 75 63 127
279 7 8 95 60 45 48 82 106 2 73
279 8 8 109 103 95 61 122 105 36 39
279 9 8 45 99 81 1 32 127 103 65
279 10 8 107 25 123 23 52 64 39 85
279 11 8 69 67 109 29 98 107 105 47
279 12 8 68 63 107 79 87 75 97 76
279 13 8 66 65 99 83 98 73 2 107
279 14 8 10 105 99 23 39 16 76 79
279 15 8 23 103 72 95 69 91 17 55
279 16 8 102 78 119 55 12 43 45 83
279 17 8 2 90 35 106 112 20 66 17
279 18 8 86 100 10 52 42 75 54 63
279 19 8 45 95 32 115 48 82 1 26
279 20 8 105 39 122 95 103 61 109 67
279 21 8 81 1 99 127 103 45 37 48
279 22 8 25 52 107 123 85 112 64 76
279 23 8 47 69 105 67 109 29 98 107
279 24 8 87 104 75 68 63 79 107 97
279 25 8 66 71 65 101 83 73 98 113
279 26 8 99 105 23 39 34 76 16 10
279 27 8 72 95 91 8 55 1 103 17
279 28 8 119 78 102 55 43 83 12 45
279 29 8 2 112 35 106 66 17 68 20
279 30 8 86 10 52 100 75 42 127 23
279 31 8 45 26 115 48 51 82 95 73
279 32 8 61 105 109 103 67 95 80 122
279 33 8 81 99 32 1 48 37 127 103
279 34 8 25 123 85 52 103 64 112 76
279 35 8 109 105 69 47 29 67 107 101
279 36 8 114 87 68 104 75 80 46 120
279 37 8 66 10 113 99 98 55 101 73
279 38 8 105 16 99 23 39 115 34 8
279 39 8 72 4 95 121 91 3 8 1
279 40 8 119 43 12 78 102 55 80 84
279 41 8 2 112 66 35 9 20 106 113
279 42 8 27 18 102 93 123 22 16 71
279 43 8 29 6 87 104 36 97 65 45
279 44 8 48 20 98 72 27 6 81 44
279 45 8 70 22 80 114 123 32 84 37
279 46 8 115 60 52 22 117 98 80 101
279 47 8 36 47 66 120 123 88 85 86
12677 0 8 91 87 68 28 17 105 51 64
12677 1 8 2 48 9 16 68 122 67 77
12677 2 8 115 41 4 36 51 76 56 74
12677 3 8 70 123 50 73 112 29 78 92
12677 4 8 50 51 5 57 11 82 27 37
12677 5 8 75 18 122 116 115 87 96 4
12677 6 8 86 118 127 23 100 65 97 52
12677 7 8 2 115 82 45 32 1 48 63
12677 8 8 61 95 103 105 20 47 44 67
12677 9 8 81 24 35 25 32 99 103 80
12677 10 8 85 70 95 25 103 52 13 35
12677 11 8 29 16 122 101 105 42 69 43
12677 12 8 87 14 46 76 0 103 75 74
12677 13 8 2 36 101 123 57 109 40 71
12677 14 8 99 23 60 39 16 44 57 111
12677 15 8 91 121 20 1 55 72 6 8
12677 16 8 78 11 102 108 55 80 79 14
12677 17 8 112 46 106 15 9 0 68 64
12677 18 8 86 10 127 100 23 52 54 85
12677 19 8 2 45 32 115 82 48 1 26
12677 20 8 61 95 105 103 44 122 67 80
12677 21 8 81 35 1 99 24 103 97 127
12677 22 8 85 25 52 103 70 95 112 64
12677 23 8 105 29 18 42 43 16 101 9
12677 24 8 87 75 46 0 25 76 34 43
12677 25 8 2 18 71 57 101 73 76 77
12677 26 8 99 23 60 34 76 57 115 102
12677 27 8 8 91 1 17 121 95 60 55
12677 28 8 11 78 102 108 83 110 45 79
12677 29 8 17 112 46 15 106 36 68 9
12677 30 8 86 10 127 52 100 23 118 42
12677 31 8 45 2 48 51 1 115 73 82
12677 32 8 61 105 103 67 20 95 80 44
12677 33 8 35 81 1 99 127 52 97 37
12677 34 8 85 25 52 70 103 124 35 64
12677 35 8 42 105 29 98 69 9 107 97
12677 36 8 87 0 75 25 63 103 26 46
12677 37 8 2 36 41 57 76 18 101 73
12677 38 8 60 23 34 39 80 99 7 102
12677 39 8 60 95 8 1 121 20 90 78
12677 40 8 78 108 110 11 55 102 15 45
12677 41 8 106 17 15 46 36 64 52 85
12677 42 8 49 25 125 74 2 22 123 16
12677 43 8 56 43 19 12 97 8 104 121
12677 44 8 88 45 99 80 11 98 27 6
12677 45 8 46 112 17 5 114 22 84 92
12677 46 8 105 39 84 30 29 22 80 97
12677 47 8 52 95 127 35 111 31 85 108
525 0 8 120 104 16 0 53 111 51 70
525 1 8 107 34 77 76 2 86 40 62
525 2 8 14 51 116 72 52 10 41 36
525 3 8 105 76 13 25 38 123 89 29
525 4 8 23 74 0 22 105 67 25 118
525 5 8 80 107 18 96 75 116 34 126
525 6 8 86 42 52 10 23 127 100 79
525 7 8 87 45 48 60 95 1 50 82
525 8 8 103 61 64 95 39 105 122 47
525 9 8 94 45 127 81 99 1 103 24
525 10 8 107 25 35 64 39 52 85 83
525 11 8 69 86 122 29 105 98 101 9
525 12 8 53 87 63 30 76 118 97 46
525 13 8 75 2 44 107 73 77 71 101
525 14 8 80 79 39 99 10 23 34 11
525 15 8 60 95 55 91 69 23 8 1
525 16 8 40 102 78 11 7 60 45 15
525 17 8 106 15 53 112 17 85 52 122
525 18 8 86 10 42 100 127 52 75 85
525 19 8 45 1 87 115 48 51 82 32
525 20 8 95 103 61 39 105 64 122 44
525 21 8 81 127 94 1 99 103 24 45
525 22 8 85 35 107 25 52 64 39 112
525 23 8 105 69 98 86 101 29 122 47
525 24 8 53 87 104 76 63 68 75 30
525 25 8 75 2 44 65 71 101 77 73
525 26 8 99 39 34 23 80 76 79 57
525 27 8 60 91 8 95 121 1 55 23
525 28 8 78 40 102 11 83 45 79 7
525 29 8 106 112 17 15 53 68 121 85
525 30 8 86 10 100 127 52 23 75 42
525 31 8 45 115 26 82 73 1 20 48
525 32 8 61 103 67 105 95 64 80 86
525 33 8 81 94 1 99 127 24 80 37
525 34 8 25 35 85 52 64 107 2 112
525 35 8 105 86 98 69 29 101 107 67
525 36 8 53 87 30 76 46 9 104 63
525 37 8 75 44 2 101 73 71 10 65
525 38 8 80 39 79 99 34 23 115 44
525 39 8 1 121 95 60 8 91 23 55
525 40 8 40 7 102 78 15 45 80 4
525 41 8 53 106 17 112 15 52 85 117
525 42 8 73 37 125 123 74 22 16 71
525 43 8 56 43 81 104 36 8 97 19
525 44 8 54 45 80 37 6 27 98 81
525 45 8 112 46 80 114 84 92 22 103
525 46 8 82 105 39 124 22 84 80 52
525 47 8 90 95 35 32 27 34 52 85
1083 0 8 63 51 97 73 111 2 66 118
1083 1 8 107 76 32 116 53 86 126 77
1083 2 8 8 54 14 51 100 9 72 36
1083 3 8 38 105 25 76 1 29 123 94
1083 4 8 22 74 105 25 0 23 67 102
1083 5 8 122 34 82 80 96 126 22 75
1083 6 8 86 42 52 100 127 10 23 79
1083 7 8 95 87 48 45 60 1 50 26
1083 8 8 103 64 39 61 95 105 122 44
1083 9 8 94 127 24 81 99 1 103 104
1083 10 8 107 64 52 25 39 35 85 108
1083 11 8 122 69 86 105 98 29 101 107
1083 12 8 118 53 87 63 30 76 97 74
1083 13 8 2 75 44 102 101 71 107 73
1083 14 8 39 23 79 99 80 111 34 10
1083 15 8 60 121 69 95 55 8 91 87
1083 16 8 102 11 7 40 78 45 4 60
1083 17 8 112 85 15 106 17 53 68 121
1083 18 8 86 10 42 127 100 52 85 75
1083 19 8 45 95 115 48 1 32 93 51
1083 20 8 61 103 39 95 105 64 122 44
1083 21 8 81 24 1 127 99 94 103 104
1083 22 8 85 107 25 35 64 52 39 112
1083 23 8 105 86 98 122 101 9 69 29
1083 24 8 118 53 87 39 76 30 63 75
1083 25 8 2 75 102 101 65 44 71 77
1083 26 8 99 39 34 23 80 111 79 76
1083 27 8 60 121 91 8 95 55 1 4
1083 28 8 78 11 102 40 7 45 79 83
1083 29 8 112 15 106 17 53 68 85 121
1083 30 8 86 10 127 52 42 75 100 23
1083 31 8 45 115 26 20 48 82 1 93
1083 32 8 61 103 67 105 95 39 64 80
1083 33 8 81 1 99 94 127 24 80 52
1083 34 8 25 85 107 35 64 2 52 112
1083 35 8 86 105 98 101 29 115 122 37
1083 36 8 87 53 118 30 76 104 46 63
1083 37 8 44 75 2 102 71 73 65 10
1083 38 8 99 80 39 79 34 58 23 115
1083 39 8 91 121 1 60 87 95 4 3
1083 40 8 40 7 78 102 4 15 45 80
1083 41 8 53 106 112 17 15 52 85 117
1083 42 8 37 73 16 125 123 74 22 5
1083 43 8 81 104 56 43 36 4 8 42
1083 44 8 54 72 80 45 37 81 98 6
1083 45 8 103 84 80 112 46 114 92 37
1083 46 8 82 124 22 105 52 39 80 61
1083 47 8 90 34 95 32 35 27 117 85
46490 0 8 77 67 83 62 23 112 12 3
46490 1 8 90 68 122 67 114 45 29 113
46490 2 8 115 76 23 4 36 73 44 125
46490 3 8 76 90 70 62 78 92 11 9
46490 4 8 11 116 51 27 37 18 5 82
46490 5 8 18 48 56 116 74 83 87 126
46490 6 8 86 75 3 118 100 104 27 64
46490 7 8 115 45 82 73 32 67 103 93
46490 8 8 103 95 20 6 67 61 105 123
46490 9 8 81 35 25 24 127 99 80 103
46490 10 8 25 2 95 70 85 30 52 107
46490 11 8 105 16 29 101 86 68 33 0
46490 12 8 32 103 87 38 76 46 74 14
46490 13 8 109 123 71 36 41 40 101 73
46490 14 8 99 39 18 23 60 111 36 44
46490 15 8 91 77 121 20 55 6 8 87
46490 16 8 78 77 102 80 84 29 109 41
46490 17 8 65 0 112 64 68 84 106 6
46490 18 8 86 3 75 61 100 10 65 90
46490 19 8 115 45 73 32 26 93 48 82
46490 20 8 103 61 95 105 67 44 82 86
46490 21 8 81 35 24 99 1 37 25 127
46490 22 8 2 95 25 85 70 64 112 35
46490 23 8 105 16 29 42 101 86 68 22
46490 24 8 38 0 103 87 25 32 14 46
46490 25 8 123 109 57 18 71 73 101 36
46490 26 8 99 18 60 71 23 34 102 76
46490 27 8 77 20 121 91 55 126 6 46
46490 28 8 78 44 77 108 102 29 94 110
46490 29 8 65 112 0 36 106 84 85 68
46490 30 8 86 118 52 127 42 10 75 46
46490 31 8 45 115 82 103 1 73 106 48
46490 32 8 61 103 20 67 27 105 44 18
46490 33 8 35 81 99 40 1 127 80 41
46490 34 8 95 2 70 124 85 25 112 23
46490 35 8 97 16 105 42 29 86 37 98
46490 36 8 103 38 87 0 25 46 30 97
46490 37 8 109 123 41 36 57 18 95 73
46490 38 8 18 99 102 47 60 111 34 23
46490 39 8 20 107 77 8 46 91 121 55
46490 40 8 23 77 29 44 78 110 108 109
46490 41 8 65 0 63 85 64 106 112 17
46490 42 8 126 75 25 49 24 90 74 55
46490 43 8 56 121 8 47 74 49 104 125
46490 44 8 80 110 13 11 6 72 37 27
46490 45 8 47 5 83 87 26 119 46 22
46490 46 8 1 82 124 10 96 45 123 97
46490 47 8 11 31 127 90 82 121 15 27
13 0 8 65 43 98 73 72 45 44 1
13 1 8 18 94 38 26 127 95 43 24
13 2 8 88 84 38 93 57 18 40 20
13 3 8 6 89 31 124 2 76 41 39
13 4 8 76 106 124 115 85 48 40 11
13 5 8 125 61 66 22 126 8 13 64
13 6 8 105 83 86 42 8 56 52 10
13 7 8 49 112 45 1 103 51 82 60
13 8 8 103 84 121 95 105 67 123 61
13 9 8 9 110 81 127 104 117 99 103
13 10 8 61 25 105 107 39 64 2 112
13 11 8 61 49 29 122 105 92 24 101
13 12 8 99 15 76 63 87 97 96 74
13 13 8 6 28 15 101 77 73 95 64
13 14 8 20 48 99 39 23 111 34 17
13 15 8 85 101 91 69 55 95 8 17
13 16 8 124 8 102 78 39 45 65 108
13 17 8 19 17 69 106 42 99 105 85
13 18 8 105 86 100 42 75 10 83 52
13 19 8 49 45 51 112 82 1 48 115
13 20 8 84 121 103 95 105 67 122 27
13 21 8 110 9 81 125 99 127 1 103
13 22 8 61 105 25 30 53 56 52 64
13 23 8 61 24 92 49 122 23 105 1
13 24 8 99 15 75 97 96 87 46 76
13 25 8 15 6 58 28 73 101 64 115
13 26 8 20 17 48 90 86 99 11 76
13 27 8 85 101 10 70 95 8 91 18
13 28 8 124 8 81 45 73 80 78 65
13 29 8 42 19 1 21 69 18 48 118
13 30 8 105 83 63 56 30 52 110 42
13 31 8 112 49 51 34 82 106 45 73
13 32 8 65 121 84 103 105 95 46 116
13 33 8 125 110 9 80 127 49 99 117
13 34 8 105 61 56 53 78 30 112 39
13 35 8 24 23 61 125 49 92 37 122
13 36 8 99 97 15 96 79 63 116 58
13 37 8 58 15 6 28 23 10 25 118
13 38 8 17 20 86 48 90 107 34 75
13 39 8 101 85 103 70 10 95 23 120
13 40 8 124 45 8 73 65 81 17 80
13 41 8 42 69 48 18 19 21 1 17
13 42 8 31 64 32 114 123 36 74 68
13 43 8 77 104 88 43 78 31 112 97
13 44 8 107 53 0 73 90 6 121 81
13 45 8 2 101 22 27 94 114 37 21
13 46 8 97 38 11 84 34 52 103 98
13 47 8 105 73 57 20 86 109 85 9
38478 0 8 63 77 12 75 67 21 51 82
38478 1 8 6 23 58 114 3 122 116 34
38478 2 8 8 54 9 69 70 121 56 50
38478 3 8 64 38 59 16 4 2 77 29
38478 4 8 25 56 124 22 76 48 11 87
38478 5 8 82 122 47 34 22 68 126 13
38478 6 8 30 42 83 52 8 75 110 56
38478 7 8 95 34 51 60 106 49 98 3
38478 8 8 36 84 103 46 95 14 106 66
38478 9 8 98 9 45 65 117 127 110 49
38478 10 8 113 39 73 90 112 30 61 64
38478 11 8 69 26 122 61 98 67 37 125
38478 12 8 79 107 118 104 97 63 15 116
38478 13 8 118 98 102 6 21 73 64 28
38478 14 8 10 48 79 8 64 88 90 76
38478 15 8 23 103 87 85 95 18 10 16
38478 16 8 124 8 111 45 80 55 78 73
38478 17 8 69 99 48 19 90 13 17 53
38478 18 8 83 30 63 8 52 56 110 105
38478 19 8 95 34 51 82 106 49 110 60
38478 20 8 84 36 66 35 103 121 39 116
38478 21 8 98 9 127 80 110 117 45 65
38478 22 8 90 73 30 113 61 53 105 112
38478 23 8 26 61 37 122 49 24 4 23
38478 24 8 107 79 97 104 118 116 99 23
38478 25 8 6 118 28 73 21 98 83 15
38478 26 8 10 79 48 90 11 88 39 6
38478 27 8 23 87 10 85 103 91 56 95
38478 28 8 111 8 124 80 78 45 73 109
38478 29 8 69 48 19 97 17 18 85 53
38478 30 8 63 56 105 86 75 30 110 52
38478 31 8 95 82 51 45 106 34 49 73
38478 32 8 36 103 105 95 84 67 121 109
38478 33 8 45 80 99 9 49 98 127 110
38478 34 8 53 30 113 105 25 61 73 112
38478 35 8 67 26 61 122 49 69 37 89
38478 36 8 99 107 97 79 30 118 15 63
38478 37 8 98 21 10 6 16 102 28 23
38478 38 8 79 34 48 88 82 64 10 8
38478 39 8 87 103 23 95 120 55 8 91
38478 40 8 111 109 45 73 7 78 80 65
38478 41 8 69 48 53 17 112 18 85 1
38478 42 8 64 31 37 114 74 32 24 123
38478 43 8 30 104 77 94 16 88 112 74
38478 44 8 94 73 53 6 107 32 113 5
38478 45 8 114 94 2 119 92 127 26 85
38478 46 8 122 97 17 38 21 37 84 74
38478 47 8 79 54 44 82 108 114 65 19
11 0 8 44 26 65 59 92 73 93 118
11 1 8 23 50 94 34 113 58 124 26
11 2 8 84 88 54 87 53 81 92 93
11 3 8 29 39 2 82 38 64 85 109
11 4 8 25 56 124 106 83 48 53 67
11 5 8 82 47 22 96 122 18 42 107
11 6 8 86 42 30 52 63 75 10 100
11 7 8 95 45 106 60 82 51 34 48
11 8 8 109 103 95 36 122 105 67 80
11 9 8 45 1 99 65 103 98 127 81
11 10 8 83 25 23 107 30 39 113 52
11 11 8 67 69 29 122 98 107 105 101
11 12 8 79 107 68 63 23 104 97 30
11 13 8 118 21 83 16 65 107 98 99
11 14 8 10 20 79 99 39 23 76 58
11 15 8 23 103 91 17 95 69 55 18
11 16 8 55 78 102 8 124 83 15 73
11 17 8 90 69 106 97 17 13 48 1
11 18 8 86 63 100 52 75 10 42 30
11 19 8 82 45 51 95 48 32 106 1
11 20 8 95 105 103 109 39 122 116 66
11 21 8 45 81 99 127 1 80 98 103
11 22 8 83 25 30 123 19 53 90 107
11 23 8 67 47 69 4 105 107 26 101
11 24 8 104 107 79 68 97 75 100 87
11 25 8 65 83 118 71 21 101 16 73
11 26 8 99 10 20 39 23 76 34 79
11 27 8 91 23 95 8 1 103 17 55
11 28 8 78 102 83 124 8 45 55 73
11 29 8 69 106 17 42 112 90 97 68
11 30 8 86 10 52 75 100 56 63 42
11 31 8 45 51 48 82 1 115 95 32
11 32 8 109 105 103 61 95 80 67 44
11 33 8 45 99 81 1 127 103 80 24
11 34 8 25 52 123 85 64 112 30 83
11 35 8 67 105 69 29 61 26 107 101
11 36 8 99 87 97 104 63 107 75 30
11 37 8 6 15 10 28 101 58 16 98
11 38 8 20 48 23 99 115 10 34 28
11 39 8 23 103 85 95 101 121 1 8
11 40 8 124 8 78 45 73 114 102 55
11 41 8 69 48 19 112 42 1 106 17
11 42 8 39 31 64 74 32 123 16 115
11 43 8 104 77 88 43 97 112 44 78
11 44 8 53 6 107 73 0 27 121 81
11 45 8 114 22 27 94 2 127 32 37
11 46 8 97 52 67 22 38 60 101 117
11 47 8 73 117 32 34 85 86 111 124
279 0 8 106 57 103 14 74 110 51 71
279 1 8 9 48 23 113 95 3 6 42
279 2 8 90 122 92 61 10 107 108 36
279 3 8 29 39 2 112 94 85 9 114
279 4 8 50 63 56 23 25 83 11 40
279 5 8 51 105 47 82 18 22 107 96
279 6 8 42 86 52 63 75 127 30 100
279 7 8 60 95 106 45 73 82 51 48
279 8 8 109 103 36 95 61 67 105 5
279 9 8 45 65 32 99 81 80 49 1
279 10 8 23 123 25 107 83 30 113 39
279 11 8 109 69 67 9 98 107 75 29
279 12 8 63 79 68 104 97 114 107 25
279 13 8 66 16 98 21 65 83 107 76
279 14 8 105 10 16 99 79 76 8 23
279 15 8 103 23 72 95 91 55 17 4
279 16 8 55 119 78 12 102 43 80 83
279 17 8 90 2 35 66 106 75 112 13
279 18 8 86 75 63 52 100 42 54 10
279 19 8 45 82 32 95 51 106 115 60
279 20 8 103 95 105 109 36 39 61 67
279 21 8 81 45 99 1 80 127 32 65
279 22 8 25 123 30 107 83 85 52 64
279 23 8 69 47 109 67 105 101 98 107
279 24 8 104 68 75 97 87 63 76 79
279 25 8 66 65 98 21 83 71 101 73
279 26 8 105 99 39 16 23 76 34 10
279 27 8 72 91 95 23 55 103 4 17
279 28 8 78 119 55 102 83 12 45 43
279 29 8 2 112 35 66 106 17 68 20
279 30 8 86 10 52 75 127 63 23 100
279 31 8 45 51 48 73 82 60 1 95
279 32 8 109 61 105 103 80 95 67 44
279 33 8 32 99 81 1 45 48 127 80
279 34 8 123 25 85 52 103 64 30 113
279 35 8 109 69 105 67 29 47 115 107
279 36 8 114 87 104 68 9 75 42 76
279 37 8 66 10 98 113 99 55 101 73
279 38 8 105 16 99 8 23 115 39 34
279 39 8 72 4 121 91 95 3 103 120
279 40 8 119 12 43 78 55 80 102 83
279 41 8 2 112 66 35 9 20 106 117
279 42 8 27 18 102 93 123 22 16 71
279 43 8 29 87 104 6 36 97 65 45
279 44 8 48 20 98 6 81 72 27 92
279 45 8 70 22 80 114 32 123 84 37
279 46 8 115 60 52 22 117 101 98 80
279 47 8 36 47 66 123 120 88 85 124
26646 0 8 28 64 124 44 112 79 33 82
26646 1 8 48 29 122 90 68 88 16 114
26646 2 8 4 76 52 36 125 73 120 85
26646 3 8 62 51 40 112 70 9 92 78
26646 4 8 11 50 27 77 116 57 82 37
26646 5 8 18 78 56 48 126 116 16 30
26646 6 8 63 86 118 110 100 75 52 120
26646 7 8 106 51 82 45 73 110 32 48
26646 8 8 103 95 122 15 44 118 105 67
26646 9 8 32 1 35 127 80 81 99 22
26646 10 8 95 30 107 88 112 25 109 80
26646 11 8 16 69 101 22 29 107 8 111
26646 12 8 114 63 38 76 32 42 75 87
26646 13 8 41 109 18 123 76 10 71 84
26646 14 8 99 22 16 47 34 8 39 23
26646 15 8 20 72 91 77 95 17 55 38
26646 16 8 77 78 29 80 83 60 115 102
26646 17 8 46 64 0 106 122 68 65 84
26646 18 8 63 75 86 100 110 3 30 52
26646 19 8 82 45 106 51 110 48 73 93
26646 20 8 95 105 18 122 103 15 8 80
26646 21 8 80 62 1 99 81 22 49 127
26646 22 8 30 23 95 37 109 36 25 120
26646 23 8 16 22 42 68 101 69 114 64
26646 24 8 38 0 26 9 25 75 80 30
26646 25 8 18 109 57 123 41 49 98 16
26646 26 8 22 47 99 60 76 64 71 16
26646 27 8 77 91 20 72 55 17 95 56
26646 28 8 78 80 29 83 60 77 110 115
26646 29 8 46 84 54 68 64 85 106 122
26646 30 8 63 75 118 86 56 30 52 110
26646 31 8 51 106 82 45 73 60 48 50
26646 32 8 20 95 103 105 18 36 67 15
26646 33 8 35 80 99 45 32 49 1 62
26646 34 8 23 30 109 25 95 113 53 39
26646 35 8 42 22 69 89 16 37 122 8
26646 36 8 0 97 26 12 103 25 30 63
26646 37 8 16 41 18 10 57 76 49 21
26646 38 8 22 47 60 71 34 80 99 8
26646 39 8 77 20 60 55 95 72 91 56
26646 40 8 110 60 109 44 80 83 55 45
26646 41 8 64 46 36 54 15 115 85 106
26646 42 8 8 49 90 125 77 24 73 59
26646 43 8 74 121 49 125 12 104 19 80
26646 44 8 23 6 88 13 99 80 45 72
26646 45 8 76 58 17 5 22 26 112 46
26646 46 8 81 30 96 45 84 29 97 52
26646 47 8 127 111 15 31 121 114 52 95
1410 0 8 104 120 97 2 51 63 111 18
1410 1 8 107 123 86 20 122 53 3 76
1410 2 8 9 14 116 51 10 72 8 100
1410 3 8 105 25 38 13 89 39 59 34
1410 4 8 23 25 0 124 22 74 48 110
1410 5 8 80 82 34 107 126 22 96 122
1410 6 8 42 30 110 75 63 86 52 10
1410 7 8 34 87 106 60 50 95 51 73
1410 8 8 64 39 103 95 106 46 109 105
1410 9 8 45 94 80 49 8 22 117 39
1410 10 8 97 113 107 39 108 83 30 35
1410 11 8 69 67 86 122 98 9 37 8
1410 12 8 53 118 104 63 97 79 30 26
1410 13 8 75 44 21 16 73 98 118 107
1410 14 8 80 79 10 8 73 58 34 88
1410 15 8 23 60 95 91 56 55 84 18
1410 16 8 60 15 80 7 45 78 83 114
1410 17 8 15 90 53 52 85 99 106 17
1410 18 8 63 30 75 8 86 110 42 52
1410 19 8 106 34 82 87 95 51 73 110
1410 20 8 39 36 64 95 3 103 67 116
1410 21 8 45 80 94 127 117 49 118 99
1410 22 8 30 113 83 39 53 107 62 97
1410 23 8 122 69 86 37 89 67 98 47
1410 24 8 104 53 97 100 107 30 116 118
1410 25 8 75 44 21 65 73 83 64 16
1410 26 8 10 80 39 28 79 99 58 11
1410 27 8 23 91 10 60 95 55 56 17
1410 28 8 78 80 83 60 15 7 102 45
1410 29 8 53 106 85 15 68 103 52 97
1410 30 8 86 75 63 10 110 100 30 56
1410 31 8 45 51 82 106 73 1 32 60
1410 32 8 105 95 103 64 80 67 39 122
1410 33 8 45 94 80 99 22 1 49 103
1410 34 8 30 25 83 53 113 52 97 64
1410 35 8 67 69 89 86 122 105 98 8
1410 36 8 53 118 30 97 76 9 42 87
1410 37 8 75 44 10 21 98 16 101 76
1410 38 8 79 80 99 34 23 39 8 111
1410 39 8 60 91 95 56 55 23 1 120
1410 40 8 15 7 83 60 80 78 102 45
1410 41 8 15 106 52 85 46 103 112 117
1410 42 8 37 125 7 73 24 123 22 74
1410 43 8 49 12 19 104 43 112 97 56
1410 44 8 45 6 88 113 37 19 122 72
1410 45 8 58 17 112 46 22 114 119 63
1410 46 8 29 84 30 105 39 80 22 97
1410 47 8 52 111 35 108 95 6 71 85
387 0 8 16 97 111 126 118 51 53 92
387 1 8 34 107 123 116 86 3 98 20
387 2 8 87 14 9 7 125 61 54 36
387 3 8 76 105 1 59 38 39 66 46
387 4 8 77 118 0 23 22 47 74 11
387 5 8 80 82 126 34 107 122 18 16
387 6 8 30 75 86 110 63 42 100 52
387 7 8 60 87 51 106 95 73 34 45
387 8 8 103 95 39 64 99 15 46 105
387 9 8 45 94 22 49 1 80 127 99
387 10 8 23 83 107 97 30 113 39 25
387 11 8 67 69 86 9 8 98 37 107
387 12 8 53 63 104 25 68 30 97 23
387 13 8 44 75 107 21 73 24 65 16
387 14 8 10 79 28 80 99 39 73 63
387 15 8 23 91 95 17 55 60 56 98
387 16 8 40 78 102 83 7 80 45 114
387 17 8 53 97 90 106 85 69 68 17
387 18 8 86 75 30 100 63 110 52 10
387 19 8 51 82 45 106 48 95 110 60
387 20 8 39 95 103 105 122 36 80 99
387 21 8 45 1 80 81 127 99 22 94
387 22 8 30 83 19 25 107 113 53 39
387 23 8 47 69 67 107 86 28 122 101
387 24 8 104 68 97 53 100 107 87 75
387 25 8 65 75 44 21 83 16 101 64
387 26 8 28 99 39 10 11 76 34 23
387 27 8 23 91 95 17 55 1 8 56
387 28 8 78 83 102 45 40 80 114 15
387 29 8 69 97 106 53 112 17 85 68
387 30 8 86 10 52 75 56 63 100 23
387 31 8 45 51 82 1 48 73 106 32
387 32 8 105 103 95 80 122 61 67 39
387 33 8 45 99 1 81 127 80 103 94
387 34 8 25 83 52 30 64 107 113 53
387 35 8 67 69 105 89 107 29 101 122
387 36 8 97 87 53 76 9 30 107 63
387 37 8 44 10 75 21 101 24 42 98
387 38 8 34 79 99 23 28 39 10 7
387 39 8 23 95 91 55 1 103 121 8
387 40 8 40 78 83 102 7 45 80 114
387 41 8 53 106 112 69 85 117 1 48
387 42 8 73 123 59 37 16 31 22 74
387 43 8 104 81 49 77 97 43 112 44
387 44 8 6 80 37 54 81 107 27 73
387 45 8 94 114 22 127 37 12 32 2
387 46 8 97 82 22 67 52 124 80 84
387 47 8 90 34 32 117 85 27 86 124
429 0 8 84 103 2 80 66 61 47 14
429 1 8 3 58 83 116 123 23 76 66
429 2 8 122 87 9 100 117 24 120 54
429 3 8 26 76 38 105 64 82 59 112
429 4 8 77 91 25 47 22 0 118 124
429 5 8 107 82 111 126 16 80 34 22
429 6 8 30 75 42 86 110 52 10 123
429 7 8 60 51 95 45 106 73 82 39
429 8 8 109 103 95 39 122 15 59 44
429 9 8 45 1 127 99 103 80 81 22
429 10 8 83 23 107 30 25 39 64 52
429 11 8 67 69 47 58 28 98 107 29
429 12 8 68 63 104 97 79 30 87 9
429 13 8 121 65 107 21 83 44 99 75
429 14 8 79 28 99 10 39 23 34 11
429 15 8 23 103 95 91 17 55 8 1
429 16 8 55 78 102 83 45 20 15 73
429 17 8 69 90 97 106 17 45 85 48
429 18 8 86 75 52 42 10 63 100 9
429 19 8 45 51 95 82 48 32 115 1
429 20 8 103 109 105 95 39 122 44 80
429 21 8 81 1 45 127 99 103 80 22
429 22 8 25 107 52 83 64 30 35 39
429 23 8 47 67 69 105 101 115 43 98
429 24 8 68 104 87 63 75 97 42 46
429 25 8 65 83 121 101 71 21 16 73
429 26 8 99 39 28 34 79 23 10 76
429 27 8 95 91 23 103 55 8 1 17
429 28 8 78 102 55 45 83 73 124 75
429 29 8 17 106 69 112 97 48 68 85
429 30 8 86 10 52 42 75 100 127 23
429 31 8 45 115 51 48 95 1 82 60
429 32 8 109 103 105 61 80 44 67 95
429 33 8 81 1 99 45 127 24 103 52
429 34 8 25 52 123 64 85 112 18 39
429 35 8 67 105 98 69 29 101 115 28
429 36 8 87 63 97 75 104 76 99 30
429 37 8 98 10 101 121 73 21 6 16
429 38 8 79 99 34 28 115 23 48 39
429 39 8 95 23 103 8 121 55 1 4
429 40 8 78 124 55 45 73 102 20 83
429 41 8 112 69 48 97 1 106 9 19
429 42 8 64 31 37 101 74 115 32 123
429 43 8 77 104 43 88 97 44 81 36
429 44 8 107 53 73 6 27 0 98 72
429 45 8 114 127 32 27 22 2 94 16
429 46 8 97 67 52 22 117 82 60 101
429 47 8 117 34 32 73 86 85 124 57
468 0 8 49 72 6 75 50 78 27 92
468 1 8 28 9 122 36 37 19 71 59
468 2 8 46 2 36 127 56 97 104 31
468 3 8 112 103 108 127 124 123 74 9
468 4 8 50 11 53 82 46 23 30 113
468 5 8 75 18 103 74 22 49 110 63
468 6 8 127 86 63 87 56 44 65 14
468 7 8 45 2 115 32 82 88 1 106
468 8 8 61 116 109 90 67 103 47 105
468 9 8 81 80 99 124 96 7 92 37
468 10 8 25 103 85 78 98 18 16 112
468 11 8 67 37 29 3 28 43 101 125
468 12 8 46 87 65 14 114 2 73 56
468 13 8 65 101 40 66 2 127 91 99
468 14 8 99 23 39 76 7 115 34 44
468 15 8 91 69 17 8 55 1 18 6
468 16 8 78 115 83 102 55 79 50 114
468 17 8 17 112 35 106 103 102 9 121
468 18 8 86 10 52 75 100 127 23 63
468 19 8 45 115 48 32 51 82 110 1
468 20 8 105 95 44 103 122 61 80 109
468 21 8 81 1 99 80 52 127 96 37
468 22 8 25 18 52 112 83 30 98 64
468 23 8 67 105 22 29 21 43 107 101
468 24 8 46 87 75 104 43 26 34 42
468 25 8 99 101 71 73 104 42 91 106
468 26 8 7 99 76 34 23 110 115 90
468 27 8 8 16 17 91 95 55 1 82
468 28 8 83 78 114 79 45 80 84 65
468 29 8 17 72 112 106 18 121 68 66
468 30 8 52 10 86 75 23 63 46 100
468 31 8 45 48 51 69 115 110 1 20
468 32 8 9 105 80 44 67 103 61 8
468 33 8 99 96 1 49 81 111 124 52
468 34 8 7 18 52 112 25 85 35 94
468 35 8 4 43 107 78 96 46 37 109
468 36 8 75 108 2 87 46 92 97 111
468 37 8 20 61 101 73 92 52 104 112
468 38 8 125 115 92 99 15 7 69 76
468 39 8 16 80 89 0 91 110 32 11
468 40 8 100 78 82 65 105 69 80 93
468 41 8 39 99 18 1 82 34 100 112
468 42 8 71 115 4 58 17 30 116 43
468 43 8 98 41 5 83 46 104 82 69
468 44 8 62 107 96 42 6 11 9 34
468 45 8 114 92 107 48 88 4 58 16
468 46 8 43 3 54 79 26 46 17 103
468 47 8 42 80 39 17 124 53 119 23
30498 0 8 22 40 4 47 66 33 28 79
30498 1 8 44 28 122 36 101 33 109 39
30498 2 8 56 46 12 36 60 4 127 125
30498 3 8 70 3 112 74 24 20 124 78
30498 4 8 50 11 60 57 37 26 82 127
30498 5 8 75 18 110 93 46 87 0 63
30498 6 8 111 86 127 118 91 87 65 52
30498 7 8 2 45 115 82 32 19 48 63
30498 8 8 61 123 103 105 82 95 20 43
30498 9 8 81 8 35 7 1 99 37 80
30498 10 8 103 85 25 35 94 82 52 88
30498 11 8 105 29 101 107 99 25 40 100
30498 12 8 26 87 46 0 75 25 22 14
30498 13 8 2 57 76 99 101 71 92 119
30498 14 8 61 99 23 60 7 115 49 39
30498 15 8 60 91 121 55 8 17 69 125
30498 16 8 108 11 78 55 102 60 84 52
30498 17 8 46 15 112 102 26 106 17 82
30498 18 8 86 100 52 75 10 3 54 127
30498 19 8 115 45 2 32 48 82 1 93
30498 20 8 61 95 105 103 44 108 123 67
30498 21 8 81 1 99 35 7 103 127 25
30498 22 8 103 25 85 52 35 88 82 64
30498 23 8 22 105 42 29 101 43 107 69
30498 24 8 87 26 46 75 14 34 0 42
30498 25 8 2 18 71 76 101 77 57 73
30498 26 8 99 23 34 76 80 115 60 61
30498 27 8 60 8 91 1 95 55 121 17
30498 28 8 11 78 102 108 83 15 45 75
30498 29 8 17 15 106 46 112 68 52 85
30498 30 8 86 10 52 127 42 75 100 23
30498 31 8 45 2 115 48 1 20 51 32
30498 32 8 61 103 105 67 80 44 95 122
30498 33 8 1 81 99 52 127 35 71 37
30498 34 8 103 52 25 35 23 64 85 112
30498 35 8 105 69 98 29 115 107 99 22
30498 36 8 87 26 63 75 80 53 97 46
30498 37 8 2 18 101 76 73 10 16 57
30498 38 8 99 80 34 23 39 115 60 15
30498 39 8 60 95 1 8 55 121 91 32
30498 40 8 78 11 108 45 15 83 102 55
30498 41 8 106 17 15 46 52 36 112 18
30498 42 8 125 49 74 22 2 123 16 7
30498 43 8 56 43 19 12 97 104 8 44
30498 44 8 45 88 11 99 27 122 6 72
30498 45 8 46 17 112 22 119 114 92 84
30498 46 8 30 105 84 39 81 29 22 80
30498 47 8 52 95 35 111 127 108 6 31
594 0 8 120 76 17 118 47 16 111 117
594 1 8 34 2 122 12 37 44 40 39
594 2 8 51 77 90 100 115 125 36 41
594 3 8 73 112 13 99 34 123 36 39
594 4 8 50 63 23 40 11 47 67 25
594 5 8 105 107 75 116 18 49 22 108
594 6 8 86 127 52 79 10 42 100 23
594 7 8 2 45 48 115 95 50 20 82
594 8 8 103 61 109 95 44 122 105 123
594 9 8 81 1 127 99 103 37 45 48
594 10 8 35 103 25 52 64 85 88 83
594 11 8 109 105 29 98 47 69 9 101
594 12 8 125 26 87 63 68 114 76 104
594 13 8 2 66 65 76 99 113 64 77
594 14 8 105 99 39 23 79 34 58 7
594 15 8 72 91 95 55 69 60 56 4
594 16 8 11 119 78 43 55 102 60 52
594 17 8 2 20 66 35 106 112 113 90
594 18 8 86 75 10 52 100 42 79 61
594 19 8 115 2 45 93 32 48 95 26
594 20 8 103 95 105 39 61 44 67 122
594 21 8 81 1 48 103 99 127 22 37
594 22 8 35 25 52 64 103 107 88 112
594 23 8 109 105 98 29 69 101 47 107
594 24 8 87 68 114 76 75 26 46 42
594 25 8 2 66 65 71 77 101 10 64
594 26 8 99 105 39 34 23 115 76 7
594 27 8 72 91 95 55 1 8 17 121
594 28 8 11 78 43 119 102 83 45 75
594 29 8 2 106 66 112 35 20 17 68
594 30 8 86 10 75 52 127 46 100 42
594 31 8 115 45 2 63 26 48 1 20
594 32 8 103 61 105 67 44 80 95 122
594 33 8 81 1 99 127 48 37 103 49
594 34 8 103 35 52 88 25 64 18 85
594 35 8 109 105 29 47 98 69 115 101
594 36 8 114 87 26 125 68 76 104 75
594 37 8 2 66 113 10 99 101 65 73
594 38 8 105 39 99 58 115 23 34 7
594 39 8 72 1 91 4 3 8 121 95
594 40 8 119 11 43 78 83 102 75 84
594 41 8 112 2 66 35 106 20 9 117
594 42 8 18 27 102 123 98 22 93 16
594 43 8 91 6 87 29 104 97 42 36
594 44 8 48 20 72 81 27 98 44 122
594 45 8 70 80 114 22 123 84 37 12
594 46 8 115 22 80 52 60 98 55 61
594 47 8 36 120 66 47 88 123 85 59
18335 0 8 77 62 67 112 28 29 12 23
18335 1 8 77 122 67 29 114 45 68 109
18335 2 8 73 121 76 36 4 51 24 125
18335 3 8 62 40 13 90 11 93 78 76
18335 4 8 47 27 50 116 67 10 37 77
18335 5 8 117 48 116 78 18 97 100 75
18335 6 8 86 10 118 100 23 79 52 65
18335 7 8 48 45 115 1 110 32 82 20
18335 8 8 44 103 15 95 105 6 122 80
18335 9 8 1 81 35 99 22 37 103 127
18335 10 8 35 88 120 95 52 25 18 64
18335 11 8 105 16 29 68 101 8 111 107
18335 12 8 87 114 26 76 42 25 38 75
18335 13 8 123 41 76 109 101 10 2 71
18335 14 8 7 99 47 23 62 39 34 58
18335 15 8 72 20 91 17 1 95 55 77
18335 16 8 78 77 83 60 29 102 75 18
18335 17 8 106 64 0 84 46 65 103 17
18335 18 8 86 10 100 75 52 79 3 23
18335 19 8 45 115 51 48 110 39 82 1
18335 20 8 15 105 103 95 44 80 122 67
18335 21 8 81 1 99 35 52 127 103 80
18335 22 8 25 88 35 52 120 95 64 18
18335 23 8 105 29 16 68 101 22 42 8
18335 24 8 26 87 38 0 76 75 42 25
18335 25 8 109 76 71 18 123 57 101 41
18335 26 8 99 34 23 47 60 7 62 76
18335 27 8 95 8 77 91 55 20 98 1
18335 28 8 78 60 83 102 45 114 23 44
18335 29 8 84 46 106 17 68 15 85 112
18335 30 8 86 10 118 75 42 52 100 63
18335 31 8 45 115 48 1 51 50 26 93
18335 32 8 103 105 80 20 122 44 95 67
18335 33 8 1 35 81 99 103 127 22 62
18335 34 8 25 52 64 95 120 35 88 119
18335 35 8 105 29 98 68 42 16 69 97
18335 36 8 87 26 0 63 12 80 25 103
18335 37 8 41 76 57 10 18 16 49 101
18335 38 8 47 60 99 34 39 23 80 71
18335 39 8 95 20 60 1 55 8 77 91
18335 40 8 102 23 78 60 44 83 15 55
18335 41 8 106 36 15 46 64 52 117 85
18335 42 8 49 125 73 22 90 123 7 16
18335 43 8 49 12 19 74 43 121 125 104
18335 44 8 13 45 88 99 80 27 72 122
18335 45 8 112 17 46 5 58 26 22 16
18335 46 8 81 105 30 29 39 84 80 22
18335 47 8 52 95 111 35 127 108 15 31
374 0 8 104 16 120 107 53 111 118 81
374 1 8 107 34 86 39 77 53 76 20
374 2 8 14 116 87 10 120 9 36 62
374 3 8 76 89 25 13 105 38 93 59
374 4 8 77 47 74 23 0 118 40 25
374 5 8 80 107 126 125 116 34 18 100
374 6 8 10 75 86 100 52 42 110 23
374 7 8 87 45 50 60 48 1 26 51
374 8 8 64 103 95 122 15 44 39 105
374 9 8 22 94 45 1 127 103 81 99
374 10 8 35 64 108 30 23 39 52 83
374 11 8 86 98 105 9 69 29 122 8
374 12 8 53 63 76 104 87 26 42 97
374 13 8 75 44 65 107 64 21 76 77
374 14 8 80 79 99 39 58 34 7 23
374 15 8 60 95 55 91 1 17 56 23
374 16 8 40 60 78 102 7 83 45 114
374 17 8 53 106 15 117 17 85 52 103
374 18 8 86 75 10 100 42 52 110 63
374 19 8 45 115 51 48 87 82 1 93
374 20 8 64 103 95 105 80 39 122 15
374 21 8 1 81 94 127 99 103 22 80
374 22 8 25 52 107 35 64 39 112 30
374 23 8 86 105 98 69 101 29 107 37
374 24 8 53 87 104 76 63 42 75 97
374 25 8 75 44 71 101 64 65 76 21
374 26 8 99 34 39 23 80 76 79 6
374 27 8 95 91 60 55 1 8 17 94
374 28 8 78 102 40 83 60 45 114 79
374 29 8 106 53 15 17 85 117 112 68
374 30 8 86 10 100 75 42 52 46 110
374 31 8 45 115 60 51 26 1 73 82
374 32 8 64 105 103 67 80 95 122 39
374 33 8 1 81 94 99 127 22 103 37
374 34 8 25 52 107 64 2 112 108 83
374 35 8 86 105 98 69 29 67 101 107
374 36 8 53 87 76 32 63 9 80 30
374 37 8 75 44 10 65 21 73 101 76
374 38 8 80 39 99 34 79 58 23 7
374 39 8 95 60 1 55 91 8 78 56
374 40 8 40 78 7 102 15 83 45 60
374 41 8 53 106 117 52 15 85 113 103
374 42 8 73 22 37 125 123 59 74 31
374 43 8 43 81 49 104 44 112 97 4
374 44 8 54 37 80 45 6 98 81 27
374 45 8 46 112 80 84 22 114 37 127
374 46 8 82 124 105 39 80 22 84 44
374 47 8 90 34 95 35 32 52 27 85
279 0 8 106 57 127 103 0 101 51 71
279 1 8 86 48 9 3 116 77 76 91
279 2 8 122 90 14 87 7 125 121 120
279 3 8 76 26 9 25 39 93 38 112
279 4 8 118 0 63 77 47 40 105 74
279 5 8 51 105 126 80 107 102 116 111
279 6 8 86 52 42 75 10 110 100 30
279 7 8 60 45 95 48 50 26 1 82
279 8 8 103 64 95 39 122 61 44 105
279 9 8 22 45 1 127 48 94 103 81
279 10 8 80 64 108 2 52 30 35 23
279 11 8 86 109 98 47 105 29 101 67
279 12 8 53 76 87 32 63 124 9 42
279 13 8 66 44 75 65 71 107 64 10
279 14 8 99 105 16 39 34 23 58 101
279 15 8 95 55 91 1 60 90 17 8
279 16 8 40 78 119 102 43 60 12 4
279 17 8 53 2 106 66 85 20 103 35
279 18 8 86 10 75 42 100 52 63 9
279 19 8 45 115 26 48 60 51 93 82
279 20 8 95 64 122 39 105 15 103 44
279 21 8 81 1 22 94 127 99 103 62
279 22 8 107 25 52 64 35 80 2 108
279 23 8 86 105 101 98 47 29 8 69
279 24 8 53 87 32 76 68 42 124 63
279 25 8 66 44 71 75 101 65 10 21
279 26 8 99 34 105 39 23 16 8 101
279 27 8 95 1 91 55 8 17 6 90
279 28 8 78 102 119 4 83 114 45 43
279 29 8 106 2 66 68 112 17 85 35
279 30 8 86 10 100 75 52 63 42 110
279 31 8 45 115 26 82 60 63 93 48
279 32 8 67 103 105 122 95 61 80 64
279 33 8 22 81 1 32 99 62 103 127
279 34 8 25 2 64 52 107 80 108 112
279 35 8 109 105 86 98 101 69 8 107
279 36 8 32 87 80 76 53 42 124 9
279 37 8 66 44 65 10 75 73 113 71
279 38 8 105 39 99 16 34 58 8 23
279 39 8 95 1 55 91 56 8 3 4
279 40 8 4 119 12 43 78 102 84 80
279 41 8 66 2 35 106 117 112 103 20
279 42 8 27 102 73 18 123 22 93 16
279 43 8 6 29 87 104 112 81 44 65
279 44 8 48 20 72 6 81 98 27 92
279 45 8 70 80 84 22 58 123 20 114
279 46 8 115 80 22 52 75 8 60 98
279 47 8 36 120 66 47 88 123 85 59
19038 0 8 112 77 67 83 28 23 105 12
19038 1 8 48 68 122 67 29 90 45 16
19038 2 8 76 23 4 36 44 73 125 64
19038 3 8 76 70 92 9 90 78 3 127
19038 4 8 27 11 57 51 5 37 10 82
19038 5 8 18 87 48 56 16 116 83 74
19038 6 8 86 118 100 75 65 3 97 27
19038 7 8 115 45 82 93 32 48 73 2
19038 8 8 103 20 6 95 105 15 94 44
19038 9 8 81 32 35 99 25 103 124 40
19038 10 8 25 2 95 103 52 85 119 80
19038 11 8 29 101 16 33 105 111 116 42
19038 12 8 32 103 87 26 76 14 38 80
19038 13 8 57 109 40 71 123 41 2 76
19038 14 8 99 60 16 23 39 7 34 111
19038 15 8 77 91 69 6 55 8 20 72
19038 16 8 78 108 102 60 77 80 40 110
19038 17 8 64 46 84 92 0 112 68 65
19038 18 8 86 100 103 65 75 52 10 54
19038 19 8 115 45 32 2 26 73 82 48
19038 20 8 103 95 105 61 94 67 20 122
19038 21 8 81 35 99 32 1 80 25 127
19038 22 8 25 95 103 52 2 85 88 109
19038 23 8 18 42 22 105 101 116 29 16
19038 24 8 32 0 26 25 87 14 75 12
19038 25 8 18 71 57 101 73 2 77 40
19038 26 8 99 23 60 34 76 102 16 7
19038 27 8 77 55 8 1 91 6 46 60
19038 28 8 78 108 102 94 60 23 110 114
19038 29 8 15 36 106 46 68 64 117 85
19038 30 8 86 10 100 46 52 118 42 27
19038 31 8 45 115 82 69 63 26 48 73
19038 32 8 67 122 105 103 20 6 61 95
19038 33 8 35 81 99 62 1 127 37 32
19038 34 8 2 103 25 52 119 23 64 41
19038 35 8 98 18 105 29 42 101 33 22
19038 36 8 80 32 87 26 103 14 0 25
19038 37 8 18 41 10 57 73 115 2 101
19038 38 8 60 99 34 102 47 39 23 80
19038 39 8 60 78 95 77 8 1 126 55
19038 40 8 108 23 109 78 4 84 110 15
19038 41 8 36 15 106 64 17 85 113 122
19038 42 8 90 49 125 126 73 74 123 24
19038 43 8 74 121 43 19 49 125 56 104
19038 44 8 45 23 13 11 72 98 88 80
19038 45 8 46 26 112 84 17 76 114 47
19038 46 8 105 82 39 84 124 96 52 75
19038 47 8 121 127 95 52 35 31 15 21
594 0 8 76 120 17 118 16 70 24 0
594 1 8 34 14 39 2 12 13 20 105
594 2 8 90 77 100 51 115 41 125 121
594 3 8 73 13 76 9 123 3 93 91
594 4 8 63 77 38 23 11 105 40 67
594 5 8 105 107 126 18 75 102 116 108
594 6 8 86 75 100 10 52 14 42 123
594 7 8 2 45 26 60 82 1 115 48
594 8 8 103 64 61 95 44 122 105 67
594 9 8 22 81 1 103 99 127 32 66
594 10 8 2 103 85 52 25 35 64 80
594 11 8 109 86 29 105 101 33 98 122
594 12 8 125 32 76 87 26 63 42 12
594 13 8 2 66 71 65 64 10 107 113
594 14 8 99 39 105 34 23 58 76 111
594 15 8 91 95 55 1 60 8 98 17
594 16 8 102 11 78 43 119 40 83 80
594 17 8 35 2 106 66 20 112 53 15
594 18 8 86 100 10 75 42 52 110 54
594 19 8 2 45 115 26 32 82 48 1
594 20 8 61 64 95 103 105 80 67 122
594 21 8 81 1 99 103 127 22 80 37
594 22 8 103 25 52 85 64 2 107 35
594 23 8 105 109 43 101 98 47 29 107
594 24 8 32 87 75 125 76 26 42 53
594 25 8 2 71 66 101 73 10 65 75
594 26 8 34 99 23 39 105 76 6 58
594 27 8 95 1 55 91 8 94 60 98
594 28 8 78 102 11 43 83 119 40 45
594 29 8 106 2 66 17 35 20 68 112
594 30 8 86 10 100 110 75 46 64 52
594 31 8 45 115 26 63 82 73 51 93
594 32 8 67 103 64 105 95 122 80 61
594 33 8 1 81 22 99 127 62 103 37
594 34 8 2 103 25 52 64 35 107 112
594 35 8 109 105 86 98 107 101 115 29
594 36 8 32 125 26 87 76 80 53 42
594 37 8 2 66 65 10 73 44 113 99
594 38 8 39 105 99 58 34 8 23 96
594 39 8 95 1 55 91 8 98 56 86
594 40 8 4 43 119 84 11 78 102 18
594 41 8 35 66 2 106 117 113 112 20
594 42 8 27 18 102 123 73 22 98 93
594 43 8 91 6 87 29 104 112 44 127
594 44 8 48 20 72 81 98 27 6 92
594 45 8 70 80 84 114 20 22 37 123
594 46 8 115 80 52 22 75 98 8 60
594 47 8 36 120 66 47 88 123 85 59
7428 0 8 116 77 62 12 41 23 28 51
7428 1 8 77 29 67 114 16 122 14 39
7428 2 8 73 67 86 76 59 9 36 121
7428 3 8 76 62 59 13 40 77 9 26
7428 4 8 77 116 27 10 105 1 22 11
7428 5 8 126 102 48 78 117 18 116 56
7428 6 8 10 86 110 75 52 38 42 23
7428 7 8 45 1 115 93 82 26 48 60
7428 8 8 103 95 106 122 33 44 64 27
7428 9 8 22 103 81 1 127 99 35 106
7428 10 8 2 25 35 64 95 52 109 80
7428 11 8 86 105 16 29 101 55 8 98
7428 12 8 32 87 76 124 63 38 42 12
7428 13 8 71 123 95 2 41 109 73 65
7428 14 8 99 39 34 47 23 18 8 111
7428 15 8 55 1 90 91 95 20 8 98
7428 16 8 102 78 77 18 29 6 123 83
7428 17 8 65 0 106 17 85 64 68 112
7428 18 8 86 10 42 100 75 110 3 64
7428 19 8 115 45 82 93 32 26 73 1
7428 20 8 95 103 105 64 80 44 61 122
7428 21 8 81 22 1 127 103 52 99 80
7428 22 8 52 25 64 95 35 2 112 109
7428 23 8 105 16 86 101 98 29 43 55
7428 24 8 32 87 38 76 53 42 75 58
7428 25 8 109 123 71 101 73 10 2 95
7428 26 8 47 99 34 18 6 23 62 8
7428 27 8 55 95 1 91 77 20 90 35
7428 28 8 78 102 44 77 6 29 18 45
7428 29 8 0 65 106 85 68 17 112 102
7428 30 8 10 86 42 64 118 75 52 110
7428 31 8 45 51 60 115 34 93 26 82
7428 32 8 103 67 105 95 44 80 122 106
7428 33 8 22 127 1 81 35 99 103 106
7428 34 8 2 95 109 64 52 107 25 112
7428 35 8 16 97 86 105 55 98 101 8
7428 36 8 38 32 87 97 0 76 53 63
7428 37 8 95 123 41 109 10 73 57 24
7428 38 8 47 18 111 34 99 60 62 82
7428 39 8 20 77 90 107 55 8 87 35
7428 40 8 29 6 77 44 110 78 109 108
7428 41 8 65 0 85 115 63 64 106 53
7428 42 8 75 126 49 90 24 20 73 59
7428 43 8 74 121 47 49 125 2 8 16
7428 44 8 80 110 13 23 6 37 113 11
7428 45 8 47 5 83 76 87 26 86 119
7428 46 8 96 1 10 123 45 124 97 84
7428 47 8 11 31 127 90 82 114 121 15
11 0 8 65 44 26 59 114 73 118 70
11 1 8 50 94 18 124 26 34 77 2
11 2 8 88 84 53 49 93 18 61 67
11 3 8 6 89 76 31 59 2 12 124
11 4 8 76 106 79 77 124 40 85 47
11 5 8 125 61 42 126 66 18 116 22
11 6 8 105 83 10 75 42 86 52 8
11 7 8 49 45 1 60 93 34 51 82
11 8 8 103 84 121 95 105 122 80 44
11 9 8 1 103 9 127 110 81 99 22
11 10 8 25 61 52 64 35 2 105 39
11 11 8 61 29 105 49 101 98 122 24
11 12 8 87 63 76 99 15 32 97 74
11 13 8 6 95 28 101 77 71 64 107
11 14 8 20 39 99 48 23 34 111 52
11 15 8 85 55 1 95 91 8 94 98
11 16 8 102 124 78 8 108 83 80 45
11 17 8 72 17 19 106 69 85 53 68
11 18 8 86 10 105 42 75 110 100 63
11 19 8 45 49 51 115 82 93 48 106
11 20 8 84 121 95 103 105 80 44 122
11 21 8 127 81 1 9 110 103 99 22
11 22 8 105 25 52 61 64 2 30 112
11 23 8 61 49 24 105 69 101 98 29
11 24 8 99 15 87 104 76 97 75 63
11 25 8 6 15 28 71 101 64 73 115
11 26 8 20 48 99 34 17 23 11 6
11 27 8 85 91 55 101 1 95 8 23
11 28 8 124 78 8 108 102 15 83 80
11 29 8 19 17 69 72 106 68 53 15
11 30 8 10 86 105 56 42 83 75 8
11 31 8 45 49 51 115 93 82 112 60
11 32 8 121 103 84 105 95 67 122 80
11 33 8 9 1 110 99 127 125 81 103
11 34 8 105 73 61 52 53 25 64 112
11 35 8 24 61 49 26 105 23 98 29
11 36 8 99 15 97 63 87 107 9 58
11 37 8 6 15 28 10 79 21 73 101
11 38 8 20 48 99 34 111 10 80 17
11 39 8 85 23 101 1 95 55 8 91
11 40 8 108 8 124 102 78 15 45 83
11 41 8 72 53 69 19 15 106 85 17
11 42 8 39 126 31 74 73 123 24 7
11 43 8 77 43 49 19 88 104 112 44
11 44 8 53 45 37 0 73 6 80 27
11 45 8 46 112 22 119 17 114 16 37
11 46 8 123 105 82 39 124 97 84 22
11 47 8 90 95 73 52 35 32 109 85
323 0 8 83 63 120 93 31 21 107 97
323 1 8 8 41 26 34 23 42 126 124
323 2 8 88 53 84 67 93 62 54 36
323 3 8 64 2 89 76 6 39 59 29
323 4 8 76 79 106 124 40 25 47 48
323 5 8 47 125 42 61 82 126 22 96
323 6 8 105 83 42 75 10 52 86 108
323 7 8 49 95 45 60 51 82 48 93
323 8 8 103 84 66 109 121 95 105 67
323 9 8 9 110 1 98 127 99 81 103
323 10 8 23 73 61 25 52 64 39 105
323 11 8 26 9 61 49 98 29 122 69
323 12 8 107 63 104 97 76 15 79 99
323 13 8 6 21 98 28 64 77 65 107
323 14 8 79 10 48 99 39 23 58 34
323 15 8 85 103 55 95 23 91 1 94
323 16 8 124 8 102 78 15 55 83 45
323 17 8 69 19 17 106 97 15 85 72
323 18 8 10 86 42 100 75 105 52 63
323 19 8 45 49 51 82 1 48 32 115
323 20 8 84 105 95 103 121 123 122 80
323 21 8 1 81 9 127 103 110 99 22
323 22 8 25 52 61 105 64 73 107 30
323 23 8 61 105 49 26 24 43 98 101
323 24 8 99 104 15 87 75 97 63 76
323 25 8 6 28 101 71 21 65 73 15
323 26 8 79 48 99 23 39 34 76 11
323 27 8 85 95 1 91 55 8 103 23
323 28 8 78 124 102 8 83 55 45 15
323 29 8 17 69 106 19 112 97 68 48
323 30 8 10 86 105 42 100 52 38 75
323 31 8 45 49 51 48 115 26 93 20
323 32 8 122 105 103 109 67 95 121 80
323 33 8 1 99 81 9 127 103 110 24
323 34 8 52 25 61 64 105 73 123 85
323 35 8 105 61 24 26 98 49 29 67
323 36 8 99 87 80 15 63 97 75 107
323 37 8 6 98 28 101 21 10 73 23
323 38 8 79 48 23 34 99 10 39 115
323 39 8 103 85 95 23 1 8 55 78
323 40 8 124 8 78 102 55 45 73 83
323 41 8 69 19 112 48 106 17 9 1
323 42 8 64 31 74 21 123 36 16 2
323 43 8 43 77 88 97 104 44 19 112
323 44 8 53 73 0 27 107 6 98 45
323 45 8 127 22 46 114 27 84 2 94
323 46 8 97 82 22 67 105 52 39 60
323 47 8 117 32 73 95 34 85 86 35
279 0 8 106 57 103 71 127 110 51 48
279 1 8 8 48 9 42 95 77 3 34
279 2 8 122 90 53 92 36 10 7 56
279 3 8 29 64 39 94 112 9 71 127
279 4 8 63 79 40 50 23 56 121 83
279 5 8 51 47 105 96 22 107 18 49
279 6 8 86 42 52 75 100 63 10 127
279 7 8 95 60 45 48 82 1 51 73
279 8 8 109 103 61 95 36 122 105 47
279 9 8 32 81 99 103 80 65 1 45
279 10 8 23 107 25 123 52 80 85 73
279 11 8 109 9 69 67 29 98 101 47
279 12 8 114 107 68 63 25 87 76 80
279 13 8 66 98 99 65 21 2 71 76
279 14 8 105 99 10 39 16 23 34 79
279 15 8 72 91 103 55 95 23 1 17
279 16 8 102 78 55 119 12 43 80 83
279 17 8 2 35 106 112 66 17 20 75
279 18 8 86 10 100 75 42 52 63 65
279 19 8 45 115 32 82 48 26 1 93
279 20 8 95 103 105 122 61 39 44 80
279 21 8 81 1 99 24 127 52 103 80
279 22 8 25 52 107 85 123 64 103 112
279 23 8 105 109 47 101 29 98 115 43
279 24 8 87 68 75 46 42 114 76 58
279 25 8 66 71 101 98 73 65 2 10
279 26 8 99 105 23 34 39 16 76 10
279 27 8 91 72 95 1 8 55 17 121
279 28 8 78 119 102 83 43 114 12 45
279 29 8 2 112 17 106 35 66 68 121
279 30 8 86 10 127 75 52 23 63 100
279 31 8 45 115 26 73 82 48 20 32
279 32 8 61 105 67 109 103 95 80 122
279 33 8 32 81 99 48 1 24 127 37
279 34 8 85 123 25 103 52 64 88 13
279 35 8 109 105 47 69 29 98 115 101
279 36 8 114 68 87 104 120 76 46 80
279 37 8 66 98 55 113 10 99 73 101
279 38 8 105 16 99 39 23 115 8 34
279 39 8 72 4 121 3 91 95 1 103
279 40 8 43 119 12 78 102 55 80 84
279 41 8 2 66 112 20 35 9 106 113
279 42 8 27 18 102 93 123 22 16 5
279 43 8 29 6 104 87 36 97 65 44
279 44 8 48 20 72 98 6 27 81 122
279 45 8 70 22 80 123 84 114 32 37
279 46 8 115 60 22 52 117 98 101 80
279 47 8 36 47 120 123 66 88 85 124
12677 0 8 91 68 87 28 17 51 105 64
12677 1 8 2 9 48 16 68 122 67 77
12677 2 8 115 41 4 36 51 76 56 74
12677 3 8 70 123 50 73 112 29 78 42
12677 4 8 50 51 5 57 11 82 27 37
12677 5 8 75 18 122 116 96 4 115 87
12677 6 8 86 118 127 65 100 23 97 3
12677 7 8 2 45 115 82 32 93 1 100
12677 8 8 61 95 103 105 20 44 70 123
12677 9 8 24 81 35 25 103 32 99 80
12677 10 8 85 70 25 103 95 52 35 13
12677 11 8 29 105 101 16 122 42 33 69
12677 12 8 87 76 14 46 0 26 114 103
12677 13 8 2 36 57 71 101 40 109 123
12677 14 8 99 60 23 57 39 16 111 44
12677 15 8 91 55 121 1 6 8 20 17
12677 16 8 11 102 78 108 80 55 79 14
12677 17 8 112 46 106 15 68 17 0 102
12677 18 8 86 10 127 100 54 75 85 23
12677 19 8 2 115 45 32 82 93 48 73
12677 20 8 61 95 105 103 44 67 122 33
12677 21 8 81 35 1 24 99 103 127 97
12677 22 8 85 25 103 95 70 52 35 64
12677 23 8 42 105 18 29 43 101 16 116
12677 24 8 87 0 46 25 75 26 43 14
12677 25 8 2 18 57 71 76 73 101 77
12677 26 8 99 60 23 34 115 76 57 102
12677 27 8 8 91 1 121 60 55 17 95
12677 28 8 11 78 102 108 83 60 80 110
12677 29 8 112 17 106 46 15 36 68 9
12677 30 8 86 10 127 118 52 23 42 75
12677 31 8 45 2 115 26 48 73 51 82
12677 32 8 61 103 105 67 20 95 44 80
12677 33 8 35 81 1 99 127 32 24 52
12677 34 8 85 70 103 52 25 124 35 64
12677 35 8 42 98 29 105 9 69 97 115
12677 36 8 87 0 63 25 26 75 103 12
12677 37 8 36 2 57 41 76 18 101 73
12677 38 8 60 34 80 99 23 39 71 115
12677 39 8 60 1 95 8 121 20 78 90
12677 40 8 78 108 110 102 15 55 11 45
12677 41 8 106 17 15 36 46 52 64 9
12677 42 8 25 49 125 74 22 123 2 16
12677 43 8 56 43 19 12 97 8 104 121
12677 44 8 88 45 99 11 98 27 80 6
12677 45 8 46 112 17 5 22 84 114 92
12677 46 8 105 39 30 84 29 22 80 97
12677 47 8 52 95 35 127 111 31 85 108
525 0 8 120 104 16 0 53 111 51 22
525 1 8 107 86 77 34 2 76 40 42
525 2 8 14 51 116 72 10 41 52 36
525 3 8 76 13 123 105 29 89 25 50
525 4 8 23 0 74 118 25 40 11 67
525 5 8 80 107 96 47 18 116 75 34
525 6 8 86 42 10 52 75 127 79 100
525 7 8 87 60 45 1 48 95 50 82
525 8 8 103 61 64 95 39 105 122 47
525 9 8 94 81 45 127 103 1 99 24
525 10 8 107 25 35 52 23 64 83 108
525 11 8 69 86 9 105 98 101 29 122
525 12 8 53 63 87 30 76 25 9 97
525 13 8 75 44 2 98 21 71 76 73
525 14 8 80 79 99 39 34 10 23 58
525 15 8 60 55 91 95 23 121 8 1
525 16 8 102 40 78 11 7 60 45 80
525 17 8 15 106 53 112 17 85 52 97
525 18 8 86 10 42 75 100 127 52 54
525 19 8 45 115 87 26 1 32 93 48
525 20 8 103 95 61 39 64 105 122 67
525 21 8 81 127 94 1 99 24 103 45
525 22 8 107 85 35 25 52 64 103 112
525 23 8 105 86 98 29 101 122 47 115
525 24 8 53 87 63 76 52 46 75 68
525 25 8 2 75 44 71 101 76 65 73
525 26 8 99 39 34 23 80 76 79 11
525 27 8 60 91 95 121 8 1 55 23
525 28 8 78 40 102 11 83 60 80 7
525 29 8 112 106 15 17 53 68 97 9
525 30 8 86 10 127 75 100 23 52 42
525 31 8 45 115 73 26 20 1 82 93
525 32 8 61 103 67 105 95 64 80 47
525 33 8 81 1 94 99 127 24 80 103
525 34 8 25 85 52 107 2 35 64 112
525 35 8 105 98 86 69 29 107 67 101
525 36 8 87 53 30 9 63 76 46 32
525 37 8 75 44 2 101 73 10 71 65
525 38 8 80 79 39 99 34 23 115 10
525 39 8 1 95 121 60 8 91 23 78
525 40 8 40 78 102 7 15 45 4 83
525 41 8 53 106 17 15 112 52 85 117
525 42 8 73 123 125 37 74 22 16 2
525 43 8 43 56 81 104 36 19 97 8
525 44 8 54 45 80 37 6 72 81 27
525 45 8 112 46 80 84 114 22 92 103
525 46 8 82 105 22 39 124 84 80 52
525 47 8 90 95 32 35 34 27 85 52
1101 0 8 17 63 97 51 34 2 21 111
1101 1 8 86 107 53 76 99 116 113 34
1101 2 8 8 54 14 9 51 72 70 87
1101 3 8 38 76 105 25 1 29 9 51
1101 4 8 22 0 74 87 118 25 67 105
1101 5 8 34 80 126 82 96 116 47 58
1101 6 8 86 42 10 110 75 52 85 79
1101 7 8 95 60 87 45 48 1 26 93
1101 8 8 103 39 95 61 64 105 122 33
1101 9 8 127 94 81 33 45 103 1 22
1101 10 8 107 64 52 25 35 39 108 23
1101 11 8 86 105 29 98 101 122 9 67
1101 12 8 118 63 53 87 76 30 42 25
1101 13 8 75 44 102 71 2 76 98 65
1101 14 8 39 79 99 34 80 23 10 58
1101 15 8 60 95 55 91 1 23 8 87
1101 16 8 40 102 7 78 11 4 45 60
1101 17 8 106 53 15 85 112 17 52 97
1101 18 8 86 42 10 75 52 127 85 100
1101 19 8 115 45 95 26 93 60 73 48
1101 20 8 39 64 95 103 61 105 67 124
1101 21 8 81 127 1 24 99 94 22 45
1101 22 8 107 64 85 25 35 52 39 112
1101 23 8 86 98 105 101 47 29 122 33
1101 24 8 53 118 87 76 68 63 42 46
1101 25 8 44 71 75 2 65 73 101 76
1101 26 8 99 39 34 23 79 76 80 111
1101 27 8 91 95 1 60 55 121 23 8
1101 28 8 78 4 102 40 7 83 11 80
1101 29 8 112 106 53 15 17 85 68 121
1101 30 8 86 10 127 75 46 23 64 42
1101 31 8 115 45 73 26 82 93 63 106
1101 32 8 61 67 103 105 95 64 39 80
1101 33 8 81 1 33 99 127 94 24 52
1101 34 8 2 85 64 107 25 52 112 35
1101 35 8 105 98 86 29 67 107 101 69
1101 36 8 87 118 76 32 53 46 9 30
1101 37 8 44 75 65 73 10 102 71 101
1101 38 8 99 39 79 34 80 58 10 115
1101 39 8 1 95 121 91 87 3 8 23
1101 40 8 7 4 40 102 78 84 15 80
1101 41 8 106 112 53 17 85 15 117 113
1101 42 8 37 123 73 74 22 125 16 71
1101 43 8 43 56 81 104 4 36 87 19
1101 44 8 72 54 45 81 98 6 80 37
1101 45 8 46 112 80 84 103 114 123 22
1101 46 8 82 22 105 52 39 80 124 60
1101 47 8 34 32 117 95 85 90 35 27
7497 0 8 62 3 77 126 67 28 112 51
7497 1 8 78 113 45 114 76 107 68 86
7497 2 8 23 119 36 51 73 24 15 44
7497 3 8 76 7 105 90 11 25 120 121
7497 4 8 39 116 91 74 97 11 18 47
7497 5 8 18 116 78 74 80 126 48 56
7497 6 8 86 10 79 64 100 110 52 23
7497 7 8 45 115 87 48 82 93 20 110
7497 8 8 24 51 95 80 122 82 103 39
7497 9 8 81 52 1 99 103 97 22 48
7497 10 8 25 35 52 74 95 120 62 107
7497 11 8 105 16 29 71 47 87 101 98
7497 12 8 100 87 124 76 53 32 63 46
7497 13 8 24 101 75 71 2 44 65 123
7497 14 8 39 99 62 28 34 23 36 7
7497 15 8 98 1 91 77 86 8 18 35
7497 16 8 78 123 102 20 18 84 43 45
7497 17 8 84 106 17 112 103 14 85 97
7497 18 8 86 64 10 100 52 110 79 75
7497 19 8 45 115 110 48 82 51 93 32
7497 20 8 105 80 95 44 61 24 103 67
7497 21 8 52 81 1 24 99 97 35 22
7497 22 8 35 95 25 107 120 2 74 52
7497 23 8 105 16 71 98 115 86 29 37
7497 24 8 87 53 100 25 68 124 32 46
7497 25 8 24 101 75 71 18 73 44 10
7497 26 8 28 99 39 34 62 6 58 23
7497 27 8 98 91 1 95 35 55 8 18
7497 28 8 78 43 20 102 123 84 83 80
7497 29 8 84 112 106 17 14 68 97 85
7497 30 8 86 10 64 110 100 75 3 85
7497 31 8 115 45 110 51 93 26 20 82
7497 32 8 24 67 95 61 51 103 105 80
7497 33 8 48 81 52 1 99 24 22 127
7497 34 8 74 120 25 64 62 52 107 95
7497 35 8 105 71 47 87 16 98 97 115
7497 36 8 100 68 87 120 76 124 42 104
7497 37 8 24 55 42 121 99 73 10 49
7497 38 8 28 62 99 39 34 58 18 22
7497 39 8 98 1 91 3 4 121 35 8
7497 40 8 123 20 43 18 102 78 121 84
7497 41 8 84 14 20 97 102 112 106 85
7497 42 8 65 101 32 28 5 123 75 93
7497 43 8 4 104 6 87 81 42 36 112
7497 44 8 72 13 81 54 27 71 20 98
7497 45 8 127 114 80 70 103 84 21 1
7497 46 8 115 102 22 98 80 75 60 61
7497 47 8 117 34 32 47 66 124 123 88
